time_s,acc_x_mps2,acc_y_mps2,acc_z_mps2,gyr_x_degps,gyr_y_degps,gyr_z_degps,acc_norm_mps2,gyr_norm_degps
0.0,4.500746094970186,2.058266640962682,13.9320406109871,31.59383373576702,-127.185318747606,16.601549788844846,14.78495629222092,132.0980207665691
0.0048828125,3.975296829151638,1.7706076282107739,13.394230503414821,30.374598513753487,-133.50133212793344,18.764281355754896,14.08344585076924,138.19305398464294
0.009765625,3.5703973518535967,1.4972022602068717,13.115583073075266,29.583721087590558,-138.82095441410618,20.800629644032323,13.675082127900737,143.45424403418636
0.0146484375,2.9926416561935247,1.2626207093254558,12.977188528562229,28.93470469679696,-142.70138202378487,22.710486391297323,13.377501158431993,147.36576182926052
0.01953125,2.1555368646367836,1.0910704694214584,12.98331972012613,28.58511057922265,-146.20885537486302,24.189928170591628,13.206186614578327,150.9280973237004
0.0244140625,1.2611701521459462,1.0206499066876698,13.162992861849926,27.591355875310942,-149.4541556805272,25.05781870533238,13.262603721207894,154.0315612057692
0.029296875,0.0784736697591594,0.8883133052876238,13.63313377088078,25.813337493987696,-153.87831975957556,26.052835680046147,13.66226903043292,158.18854551319504
0.0341796875,-0.9505411439521546,0.7652682085070004,13.915802227491623,23.733700140995367,-158.60847790736065,26.192303289761217,13.969205973567652,162.499152422698
0.0390625,-2.258196000824762,0.5947223373692507,14.52187054389293,21.38988657960731,-164.9614604447433,25.785057461464127,14.708428465689053,168.3290820632076
0.0439453125,-3.3981540529819805,0.31800412934023664,14.823203942423282,19.3395184289855,-171.19011607764023,24.336169115302408,15.211047061683441,173.98943054952966
0.048828125,-4.547666159064465,0.07015625844911438,15.119729394018687,17.489386767691094,-179.48919980523698,22.95309147143275,15.788996369093649,181.7941030515845
0.0537109375,-5.634917167906637,-0.27879706566379076,15.407341664287875,16.817963634737815,-187.6169663596797,21.32167546951382,16.407809008307378,189.57210715623702
0.05859375,-6.722073265589474,-0.5604374879385093,15.638370245084728,17.2679513973711,-195.5105821292028,19.625635325866682,17.031118080977272,197.25043835668814
0.0634765625,-7.8623467719803335,-0.9285414741255348,15.855247357375827,19.518339454485453,-204.8099879642321,18.23467847102031,17.721951212990458,206.54442680428565
0.068359375,-9.02627853236853,-1.0754167042235538,15.949257319482337,22.165693076399243,-214.92871312384054,16.538650401348296,18.35780581318696,216.70070750167218
0.0732421875,-9.776398288845042,-1.064392672248546,15.95066496922887,25.106577547542333,-225.05157434599604,14.719330987573041,18.738586078556025,226.92556060630073
0.078125,-10.218875552767285,-0.8809167182786799,15.501543045515849,27.30272513656857,-234.0370961399871,13.205675336066266,18.587610621579863,235.99404871861105
0.0830078125,-10.372995115175275,-0.7701125493783781,15.06324390905076,29.746383997824545,-242.40214744066586,12.363320317700804,18.305557026807872,244.53322909999454
0.087890625,-10.392468404393908,-0.4817052337545601,14.263007580054424,30.824525840194962,-248.11775590165223,12.008143440559085,17.654144688917732,250.3133390289734
0.0927734375,-10.277376634625863,-0.24643927163338988,13.505801983652129,31.235918193016076,-251.56914281814707,11.893946058449218,16.97326986841895,253.77979067778304
0.09765625,-10.17658433109698,0.04655835626400801,12.739001483554592,31.443322794931213,-253.32940257410442,12.755823145780692,16.304821223382753,255.59182260210386
0.1025390625,-10.056714620350746,0.2048998434778916,12.113670799441872,30.10739942912945,-252.4352962157966,13.492513120182661,15.745491835388451,254.58217177610928
0.107421875,-10.205817848227278,0.41667575061808254,11.646954071626027,28.680739596603615,-249.97384795684596,14.286693995478357,15.491412969090769,252.01908481597374
0.1123046875,-10.220422035551946,0.5224230877375721,11.275117242888607,26.274145772289092,-246.37110744899238,15.325367840389623,15.22689138689447,248.24165690139455
0.1171875,-10.41274315559813,0.7342905158574181,10.859945476793758,23.75952708282921,-242.1388892039195,15.934229210119566,15.063293741578137,243.82300230418852
0.1220703125,-10.580807776270245,0.9076950472131977,10.708334957020451,21.251198796437695,-237.5947027809467,16.909372239176054,15.081307670386625,239.14176362437226
0.126953125,-10.691158791137765,1.1194482602796574,10.486346278895214,18.866836861085996,-232.67653289983707,17.883333744778508,15.017240058867841,234.12419806858696
0.1318359375,-10.9738308738618,1.5720076729147967,10.451201070131358,15.259241758066066,-226.9870872261678,18.429646241516988,15.235608815539347,228.2446803039196
0.13671875,-11.381347453778424,2.2171080130294794,10.17523381995421,10.710783121145411,-221.09178512186895,17.75349878144411,15.426795555001307,222.061894620454
0.1416015625,-11.634355632557737,3.1937051465303488,9.762825750301385,4.171834494458267,-214.5387337415234,16.468502654126667,15.520011281521356,215.21032516618342
0.146484375,-11.791845894280515,3.9681188386266024,9.200779154021006,-3.714347565488761,-207.65252387489636,15.186350807356733,15.474105265022306,208.24022738245307
0.1513671875,-11.988645140362806,4.401169493852093,8.615793404537573,-11.603007945018327,-200.95490779714373,14.149755235473613,15.405512039683463,201.78632345715232
0.15625,-12.435968326155416,4.685592475627841,7.926573336562888,-18.1104510302495,-192.84212020150315,14.6984582029561,15.473805282370291,194.24756480809253
0.1611328125,-13.052124232830499,4.763542342664511,7.204147748310627,-21.39250445610074,-185.4054307492096,15.853076831578363,15.650847498429211,187.30758939037193
0.166015625,-14.151006997542414,4.130649640816276,6.335378898981706,-22.861217120505174,-179.07078568630453,20.190439543631225,16.045257595106808,181.64976020767634
0.1708984375,-15.433762827879258,0.7955842199609798,5.8855948335015285,-15.20752650344001,-173.7112023062654,32.52874378756243,16.53705583900648,177.38367974940078
0.17578125,-15.762951806267026,-1.9113094260469263,5.4009691503804955,6.16524126804585,-171.70305151638772,49.55459344963787,16.77182819886236,178.81724142792103
0.1806640625,-15.270820879800873,-2.7251513667838956,4.346709598231419,31.116275485913878,-167.12555278736892,68.89158459818428,16.10957183311225,183.42634331809515
0.185546875,-16.501787679433964,-2.2373421830332707,3.3808493167862435,45.87478459419064,-163.71669940255885,89.48220996829082,16.99249360052587,192.13203643755116
0.1904296875,-16.882686157664978,0.1434466145191939,1.7561225989460165,46.86824215848572,-159.7164617455387,106.24881026626542,16.974381738724933,197.47098510550217
0.1953125,-17.442981809259642,1.75520992029746,0.43799639688756814,33.900737498622476,-155.47783742480178,113.62068968193685,17.536539484920045,195.53076243149718
0.2001953125,-18.0861707487103,3.0112171559566314,-1.1383803958609793,6.5401298425353565,-149.50820020059592,116.67808188937383,18.37043578790422,189.76103398475178
0.205078125,-17.827710444981594,3.404684612942528,-2.991119664528548,-27.18090867187408,-143.1763825190951,114.4851834090302,18.3947257079643,185.32440618462073
0.2099609375,-16.514731418100823,2.372743180751472,-4.831435580410552,-58.492410463686966,-132.9847266994344,108.84772174983733,17.369773567363108,181.5327137110711
0.21484375,-15.32434602244971,0.27348446942486276,-6.528857042721672,-83.84092594231768,-117.67307404329328,100.67214636396038,16.65942223053018,176.0997849833731
0.2197265625,-14.292869246489213,-2.1091219711398104,-7.835997200650146,-95.9177708300049,-100.11242738109996,91.8444765069175,16.435855892376846,166.3073201695075
0.224609375,-13.70834081721511,-4.683121367855765,-8.528566796727935,-93.7514169838923,-78.37182337126463,81.3775612414949,16.810314848724378,146.81205113558494
0.2294921875,-13.37680223247275,-6.732367339520516,-8.68724027228894,-79.81897852301243,-56.49126767111294,70.63455759627152,17.312762676979354,120.62990252158644
0.234375,-13.475376662349134,-7.818961376251322,-8.525386625486853,-57.55311593656958,-31.971065755857094,57.84254532484267,17.759621344767567,87.63715107892335
0.2392578125,-13.767548609244237,-7.621128211777499,-7.934508752136431,-33.37111030744485,-8.664410543476759,43.45568613154494,17.62337706190228,55.47161139160201
0.244140625,-14.19717363996216,-6.581481052560669,-7.350776883106589,-15.118872120950668,11.719990711744776,29.94818610691489,17.289000925260712,35.53635219866346
0.2490234375,-14.360492655991688,-4.777715816434106,-6.758150906368327,-4.7507374821554835,32.16155659303171,15.419377188835039,16.574767612809623,35.981834611407805
0.25390625,-14.514005104184822,-3.031618166670415,-5.8831724114745105,-2.7800061510007046,49.65097268787479,3.000830902727684,15.95176386785875,49.81919819867092
0.2587890625,-14.84183029601417,-1.7420595863153163,-5.106718516136495,-9.010327713077405,65.63236626561705,-9.147786492276916,15.792190226216515,66.87656917657665
0.263671875,-14.921255529635022,-1.2031307210439182,-4.209961079880173,-18.599172004157722,80.77582423801901,-18.040453130190354,15.550407146010333,84.82995302199677
0.2685546875,-15.04942613375894,-0.9478327403814734,-3.2986859164449167,-27.580552338662034,93.08040485752483,-23.62106503314704,15.43583307225618,99.91297888185782
0.2734375,-15.019512310246789,-0.9909635031528009,-2.2920066550887315,-35.222046839518725,104.4212826774364,-27.916934538466666,15.225670862369471,113.68268159043119
0.2783203125,-3.5714098753763133,6.576863532724893,1.8094903400635474,-64.30964412209102,117.64399569990162,-33.2754378276608,7.699633609257346,138.14157525513812
0.283203125,5.55120437619258,3.952857275428362,-0.557648235496695,-70.86942682065195,182.15845002079354,-58.76684003012501,6.837537730844281,204.10222453219853
0.2880859375,6.764392492078711,8.145825089080324,8.651750247601875,-104.03905041985293,176.15934985185808,-84.88812468047199,13.673487284363869,221.4999644791425
0.29296875,7.640983092175986,-1.4045779289361247,17.076148882586313,-111.17739511789607,186.51049751922594,-93.84293592973783,18.76039238485239,236.54402443093517
0.2978515625,-2.4187400337354936,-2.0538965702177805,18.369368870746793,-88.39981003637351,192.02234388212227,-80.93121869233369,18.64141913003161,226.35584623216005
0.302734375,0.2033550384648867,-3.3493520863841395,9.767639004895909,-62.672886782222015,188.0781879951659,-46.258352422751166,10.327937083474065,203.57094759820134
0.3076171875,-0.40713395956331627,-0.23811900142091463,3.5407209628916907,-40.802278426171604,203.49781615888364,-15.300458189580134,3.571997152424405,208.11124699788024
0.3125,-4.671274887179847,0.1690388182868916,3.6717312789299714,-17.998408143237015,222.81387227968963,8.781716841637717,5.943988036525448,223.7120536016043
0.3173828125,-11.582112043927498,-0.9036664548183886,9.325236062242483,-3.1892790969050413,225.9202827377284,27.04040068501323,14.89704534718889,227.55511183592242
0.322265625,-16.515556453149802,-2.1096784589775726,16.15401448849901,5.825566604392619,208.03332684923953,35.68867753003685,23.19841658932971,211.15275042032414
0.3271484375,-17.957803487638905,-3.164429692926638,18.623843059210884,5.854491373061019,179.10494270115979,32.08357355216479,26.064225514606207,182.0500240623443
0.33203125,-16.217439482365165,-4.58663220327527,17.082538247596645,5.273897238065255,153.5269851054461,21.556576945584922,23.996992547252677,155.12264553332136
0.3369140625,-13.41256359891025,-4.9770316526762475,14.974546200523896,4.129504056412512,140.30847044245215,7.694079925163019,20.710015458182987,140.57993650427926
0.341796875,-11.271320152549425,-5.6161527504799755,13.343916629515913,6.339730498991983,133.6717974360186,-3.438001311669055,18.34785929511838,133.86620733252613
0.3466796875,-11.264983503258176,-5.255379100196166,13.921630294749939,12.705150017316116,127.88537112041904,-5.951403110513752,18.663618429424577,128.65266488710463
0.3515625,-12.217674590329619,-3.7627154568768004,14.502089002015271,20.10449795927612,116.30134977245545,-2.7586432738835063,19.332361092918212,118.05848088893107
0.3564453125,-12.184651011658152,-1.7767996300221611,14.018172109974277,25.215859829195548,101.55359173236722,1.0608755981484133,18.65829270072719,104.64271134534268
0.361328125,-11.1095727386609,-0.07188556769175185,12.885689960141704,26.781559459245656,89.49264519941065,3.7812004868398925,17.01378205218747,93.49055005174793
0.3662109375,-9.131694668376799,1.2561844720279784,11.471083653877477,25.744068604254075,80.35896963205109,4.29677668668973,14.715692547022057,84.49132120236213
0.37109375,-7.466807903211057,2.166566402323521,10.545145107181023,23.888788917854047,74.99617824545942,4.8660425133072,13.101424181005516,78.85923761442169
0.3759765625,-6.024306869691084,2.3609300632979875,10.066595253210698,20.883567164309152,71.08978386269943,5.985512746519409,11.966729044143834,74.33510012094071
0.380859375,-5.049074729850479,2.387781798795914,9.214832922442127,18.44369041215938,69.24137076057697,7.4053359038864235,10.775333096234151,72.03732463572375
0.3857421875,-3.8582515572355844,2.1064485483671906,8.308248993600483,15.9895162021944,70.15258814587727,7.9000235622845265,9.399480406144399,72.38411859123498
0.390625,-3.106300420222229,1.1142922994000157,7.754037130621366,13.795497182516588,72.69322798590748,7.165354347429495,8.427089737995543,74.33682425587048
0.3955078125,-2.9453120596059574,0.07045562720560364,7.7382128992316215,13.978649131574548,76.70369407305766,6.053160965251729,8.28008248737293,78.20166285743633
0.400390625,-3.7249840539213737,-0.41850417533556944,8.163861797773544,13.372226984929096,79.41440723090332,3.7823717338481315,8.983278432726445,80.62115644361118
0.4052734375,-5.1097441078459225,-0.7139139576110324,8.882740687926677,13.442929282038351,80.42390242004811,1.5138217322735963,10.27240186691925,81.5537128792332
0.41015625,-6.51725081304105,-0.4851024201579231,9.642699891002659,13.820778376587898,78.60665657910356,0.16969839730831615,11.64867132792706,79.81258779807816
0.4150390625,-7.793844565199946,0.3685488508933379,10.049132318624736,12.87563381139225,74.98953903255568,-0.4316475997185004,12.722613792740063,76.08810176374887
0.419921875,-8.512924548832768,1.1730359693148438,10.30760587801017,11.612544111324125,69.93510303823574,-0.722487728002087,13.419859786742029,70.89634550682575
0.4248046875,-8.310202984011857,1.470816610738819,10.350165345505404,9.813506524352292,64.32055133164666,0.21416587898155143,13.354725673603552,65.06522958488824
0.4296875,-7.497008960363585,1.8923928559568033,9.943622432536298,8.327408588856331,59.76455791323334,1.576343047840775,12.596107381008123,60.36251298425585
0.4345703125,-6.901532471276264,1.794999488708786,9.457314581590586,3.70062780252248,57.643279936402514,0.675325401758392,11.844575666173583,57.765893331251505
0.439453125,-6.77913481612493,0.6887242144559207,9.464974081344948,1.1937654599318253,55.680170096784664,-0.5377676186062318,11.662621671790042,55.69556186979193
0.4443359375,-6.973170916664948,-0.13318710479753532,9.696377649550195,2.4305078985715167,52.1511217001894,0.3862861694996453,11.94414463076376,52.20915705350672
0.44921875,-26.028089363833633,0.7225281019523506,21.886386021595783,10.052221195157603,50.294129944472736,-0.06592743156413709,34.0146641299914,51.28889747551723
0.4541015625,-17.967383190401137,-0.010242825190433453,16.317098600154974,-8.009335732620878,-8.963553388467101,3.0081314734129503,24.270860519424453,12.391271249838542
0.458984375,4.4043989093028815,-1.242495503586418,3.9542573253477724,5.3014837535764725,6.109156881730552,4.78184685027844,6.048030739320643,9.39646673460556
0.4638671875,-4.94814038387259,-1.0991004686604837,8.04244163894708,7.10003719883445,21.74774125311763,4.614555638569657,9.506470565598478,23.338142633441127
0.46875,-6.538578293355314,0.024945780855181097,10.939533844722087,6.033733700555532,10.799560700103116,5.253072866252787,12.744686309601338,13.43991176394371
0.4736328125,-3.9233789618207817,1.3850772506743025,7.5335402018221895,4.761441922551629,12.323081682831594,4.275741082770822,8.606135569514608,13.885662863200515
0.478515625,-7.045353617399691,2.3337169379886444,8.726533676547207,2.3053692010066755,13.36816995425172,2.6254984070444727,11.455812164520442,13.817233332476572
0.4833984375,-6.194085722201951,0.17781571669158006,9.130024173672096,1.1013173658892748,8.18522394958115,3.1923120941652807,11.034294620632778,8.854470483984915
0.48828125,-4.8423826224155935,-1.3781034536502885,8.589068541614711,2.755205400912951,8.599221306345948,3.1877798231164,9.955899607940552,9.575996244642226
0.4931640625,-5.681427537051409,-0.5204716232723615,8.955072879418303,4.103500253982737,8.264889781867362,3.55210671846388,10.618043126918021,9.887597260214847
0.498046875,-5.6648930011545255,0.5277694003228289,8.618932311801485,3.912658609681895,7.389255204496713,3.860972312885877,10.327417269088256,9.209619811586737
0.5029296875,-5.318533189991659,0.6809650141494541,8.42257887160998,3.724345867859076,6.702755675798226,3.863210589629837,9.984505170113803,8.586156407421916
0.5078125,-5.434749719377437,0.22919318591503804,8.653511230268796,3.303883894576374,6.208672588848202,3.68170681178132,10.221168751230516,7.938402178793486
0.5126953125,-5.257136219775977,0.12305505444291963,8.607487659211325,3.1203813078506557,5.900380926459799,3.009409557760818,10.086697555849469,7.321736165012812
0.517578125,-5.232546146836795,0.4259389591842825,8.456433754044735,2.3495619350434,5.535578862552575,3.073587202970702,9.953503655109326,6.753518558826133
0.5224609375,-5.266017931452647,0.5510138638058378,8.361952723837016,2.2844386543269355,5.288566720615523,2.2784329942428836,9.897313498529403,6.195066975670213
0.52734375,-5.213327777510342,0.4739689199505507,8.343538997384826,1.6901350193956086,4.921297436477272,2.342116210487528,9.84977543163911,5.706245103874668
0.5322265625,-5.232627246735691,0.4307316959824305,8.37647092321112,1.3292089900571467,4.553045770415763,1.670370943562806,9.885908295377112,5.028634150129487
0.537109375,-5.136288175491996,0.5026837505860318,8.372030429325372,1.0914888302958343,4.431629305749611,1.54875888694888,9.834888951297422,4.819682589148633
0.5419921875,-4.943867278387978,0.5407915882913101,8.35867694854671,0.7361016487464821,4.3760054081694735,0.9986486908232451,9.726343585255876,4.5484687728178095
0.546875,-5.064267562716195,0.4544607898623833,8.377153173327681,0.2649585567621826,4.319994800414428,1.1225038990404042,9.799491611593727,4.47130552699881
0.5517578125,-5.04483130502652,0.5505975738292361,8.353512113090359,-0.08430606837356774,4.640584940352342,0.449045499591194,9.77418258515921,4.66302240638973
0.556640625,-4.967594897784932,0.6802912522071347,8.34415880472498,-0.2565526501397216,4.9577140137173945,0.020021324322698455,9.734720407633588,4.96438801440129
0.5615234375,-4.92924106693957,0.7186541294502216,8.16552585969852,-1.4866811589868802,5.289684624969701,-0.16115038003738524,9.565024506982962,5.496994974084806
0.56640625,-4.914928058292473,0.6368904157902618,8.236313201463268,-1.9571405677302673,5.360756843416439,-0.5888145953299934,9.612439980177468,5.737143519536997
0.5712890625,-5.016154216335349,0.5457061596036047,8.212556153629745,-3.3047864843320385,5.694587038106753,-0.7697911580740411,9.638759096025275,6.628914969182071
0.576171875,-5.117406477965409,0.46413111447608824,8.146450428885435,-3.9580309201331683,5.3925043101614065,-1.1958565240709647,9.631610526928238,6.7952324703429134
0.5810546875,-5.184521152111923,0.45948633513754056,8.3342902232499,-4.495169827665534,4.962621724788329,-1.3773340107369019,9.826025686625949,6.8360233425602255
0.5859375,-5.27620106581408,0.27213403195102565,8.447174082067782,-5.034550802601083,4.407738033310049,-1.6195657809358937,9.963287840417,6.884609623866674
0.5908203125,-5.276403872713215,0.1663472554342395,8.489732382963195,-4.868437697318494,3.7784755271685846,-1.4959968526238638,9.997182861771982,6.341653530834384
0.595703125,-5.367882518572387,0.11842963419697995,8.489438381637177,-5.233105738421605,3.0950351873734845,-1.5545671304357547,10.044837099080578,6.275453564772223
0.6005859375,-5.39660958312806,0.1617673876443113,8.50803042735723,-4.599449141677801,2.2704687903811207,-1.3092578900458482,10.07651454786085,5.293780988822892
0.60546875,-5.3872784380132215,0.041527413823142456,8.508334437687314,-4.435002347997163,1.5153229243542348,-1.0016244004703938,10.070563459822738,4.792567248503822
0.6103515625,-5.3536811760311105,0.012612034187470846,8.513247335495505,-4.215285216204334,0.5717989595172929,-0.8161784735960109,10.05671126130792,4.331481363785072
0.615234375,-5.3538712873247425,-0.03068306224469013,8.43809239604446,-3.9284186686012514,0.19270665796637468,-1.1220304677097594,9.993311888244675,4.0900564130960815
0.6201171875,-5.363322465957416,-0.006601663910891235,8.532059597504166,-3.7004548852258146,-0.31343463938581256,-0.6316347943513142,10.077763265287237,3.7670373165385205
0.625,-5.310321051548707,0.06542102270506205,8.475696318753737,-2.9352551120953714,-0.2617586215029527,-0.7561535013421323,10.00206067110517,3.042368857749682
0.6298828125,-5.1612792651834525,0.07475097027796784,8.433998337257075,-2.7063198748281945,-0.6412733402821178,-0.6945782404179812,9.888211128087084,2.8666771171355903
0.634765625,-5.27657443992302,0.10382803989271477,8.471056320992172,-2.7059707442362138,-0.6416518318706226,-0.5721284144615045,9.980571791001672,2.8392473764431743
0.6396484375,-5.175804429370382,0.01707810299164483,8.466982696855712,-2.115943473750533,-0.5248949071804496,-0.6351574141446032,9.92366057166134,2.2707171528911974
0.64453125,-5.156603641670387,0.007422413450628877,8.457681461172253,-1.8796294885155422,-0.5298248771920863,-0.20711653176445208,9.905705018228968,1.9638275566655397
0.6494140625,-5.190285216089948,0.06035749748935364,8.3304360932212,-1.2323013823494429,-0.5400518417701312,-0.02489424715333552,9.815236581718628,1.345675448345919
0.654296875,-5.194824608966156,0.17577863503957047,8.325460474874738,-0.6977418704706175,-0.23477920891843693,-0.027041346858478314,9.814804784872608,0.7366791901418985
0.6591796875,-5.117746476607625,0.16123824818046922,8.476326301755075,-1.1648522796632206,-0.040123508870820265,0.03469235182787616,9.90279931864374,1.1660592989535556
0.6640625,-5.127472771225098,0.11316843194927213,8.481092212788349,-0.3973095830251766,0.13667424600446157,-0.028921597120848883,9.911241558728342,0.4211546189519337
0.6689453125,-5.141940015536729,0.13241577856324868,8.405738047223346,-0.3899917479563485,0.5111872075037113,0.33762506920140317,9.85461887544762,0.726220773554945
0.673828125,-5.180203686817461,0.21424067619572262,8.414798104219736,-0.3947247453281973,0.26128044991161525,0.15453039907695587,9.883786543579038,0.49795054204138545
0.6787109375,-5.161083999016361,0.2093777234528547,8.325534037702662,-0.44837818410603403,0.5754739458456737,0.09276995696829693,9.79771116582473,0.7354043263710879
0.68359375,-5.122497756171162,0.23336049130447,8.377383426396538,-0.03383395081009637,0.6935996707904385,0.3974934376886695,9.822168470034702,0.8001414078483758
0.6884765625,-5.040946961747411,0.18510432160548923,8.307298880504016,-0.21227987212147503,0.6347947630268701,0.0307761439094534,9.718879800216214,0.6700554501742265
0.693359375,-5.132334043412055,0.1756577265512879,8.306921029584146,0.025579171057717075,0.7559822467238585,0.2136037361998508,9.766096731131165,0.7859961879501632
0.6982421875,-5.0650642867985765,0.15629514496746155,8.3025537374359,-0.026545215698346444,1.132194302956294,0.3352635689200999,9.726854731348341,1.1810885863338967
0.703125,-5.108218949670761,0.18523898608589667,8.34933273257125,0.028611957758383554,0.9440726150846908,0.1518360605356255,9.78976871018551,0.9566326023916352
0.7080078125,-5.1370653554905505,0.1852939865817462,8.353909870913613,0.026804614990327776,0.8184132033191032,0.27461852088643796,9.808750402543257,0.863674701936829
0.712890625,-5.156347800916908,0.19493543364505547,8.2926649157432,0.20826252076335333,1.065272988642986,0.5797892909218932,9.766996153992752,1.2305833737519687
0.7177734375,-5.064840396759465,0.20920989694241465,8.387093873268999,0.27631691592333096,1.6284589357101102,0.45560956361376925,9.799985748186147,1.7134204439587546
0.72265625,-5.1131551655320076,0.1179293957561834,8.37767695552739,0.39778684662616565,1.813819945328787,0.6998319775171377,9.815484412924548,1.9844248451823163
0.7275390625,-5.141800437935066,0.2093502349412549,8.36794571291358,0.8717352644188681,1.9943075541077788,0.8206335245273111,9.823668088788828,2.3260748855488083
0.732421875,-5.175336009675856,0.3007658401481757,8.287647289271254,0.5181225251727932,1.9364506395474708,0.9442259271111786,9.775462162732401,2.215819178526128
0.7373046875,-5.170770936613677,0.21899735552299696,8.245518745320517,0.8085070304201634,1.7448489418068058,0.7603377544932796,9.73516365040089,2.0679204406531317
0.7421875,-5.170608602389635,0.2574807251867343,8.306574927800018,0.4599233428715138,2.0005848464753053,0.7605096966471467,9.787782009939956,2.189119505179894
0.7470703125,-5.156163556872917,0.28149144456288133,8.273663936596002,0.4541163126904297,1.688042815000563,0.5776248087378972,9.75288547017321,1.84102161595025
0.751953125,-5.228440299377159,0.2335320923363153,8.245235419627033,0.5087239371778973,1.372617883336912,1.0069636192067244,9.766014147408054,1.7767542397078981
0.7568359375,-5.247706547684496,0.1951075446351325,8.296969181815125,0.20951556154032455,1.12772367740736,0.6408924770992978,9.819174536007303,1.3139256563121107
0.76171875,-5.233400521941973,0.14699078690912804,8.292433884941127,0.5649603534447843,1.2471500238230129,0.8234036682508371,9.806862242869453,1.5976723643398016
0.7666015625,-5.166077442499188,0.11802374175873007,8.353930666654957,0.6278611825460584,1.497002003517619,0.7613043633374493,9.822954918393743,1.7929888445610975
0.771484375,-5.189880852372865,0.214248248711183,8.3630222505776,0.7521627498822301,1.8705970525076376,0.8824973295714148,9.844841630902874,2.200837038915271
0.7763671875,-5.165845185048062,0.24304318287150398,8.297221202791846,1.0499932627958721,2.0532740631776,1.1262800110355247,9.776957919142493,2.566500904674057
0.78125,-5.113020473951302,0.19966988191153057,8.325764901847615,1.054404149920163,2.303585200909697,1.1868447780587168,9.772471930357508,2.7976549852375068
0.7861328125,-5.170827183006575,0.15649807945026156,8.325607350544908,0.9424575027929739,2.6180858522304598,1.3088574982122565,9.80192242169049,3.075013434905043
0.791015625,-5.108084815917522,0.26217249296538914,8.306837318871226,1.0645939070191042,2.866388648329542,1.4303643669932191,9.7552453144381,3.3757201146568083
0.7958984375,-5.1177919898523845,0.23814042160900697,8.278629268176536,0.7777354873516866,3.245482162707008,1.7363727060362155,9.735718169283174,3.762049591778802
0.80078125,-5.016647623962125,0.28124159205792393,8.330709604343923,1.0235452575763864,3.9323238298832286,1.3053145564764552,9.728647014257234,4.26786383202697
0.8056640625,-5.002286601907893,0.23794130859291196,8.36378846139276,0.8562772798700661,4.435152531792716,1.549401615426197,9.748458582816506,4.775398844722222
0.810546875,-4.959018041620016,0.2522792709274449,8.326321294244842,0.33153800897544167,4.757131300634974,1.2438167710116548,9.694489726780239,4.928214263069967
0.8154296875,-4.958865479437886,0.30037470014586415,8.359138037984334,0.28703542191072273,5.571542232927661,1.4255668520832177,9.723978637457254,5.758186610078425
0.8203125,-5.021334692999506,0.34376127061238054,8.307036961627976,0.3510164739285863,5.884013041827542,1.363476875368003,9.71281817971215,6.050114976678472
0.8251953125,-5.012091341713175,0.17063028227910307,8.34037782088141,0.3719158912762058,7.073185514471501,1.605440940276026,9.732012972964911,7.2626245507411165
0.830078125,-5.03628849645959,0.016828250486687346,8.52402836460363,0.4539314713094643,8.386576033935372,1.9079920128667807,9.9006840455674,8.612847663507567
0.8349609375,-4.920855283174511,0.0983335426824159,8.37855848731028,1.2521375780803077,10.315614176671914,2.2074840615001787,9.717238729641362,10.62321656741369
0.83984375,-4.829401759673842,0.117405490270492,8.416540010953751,1.5694391931380671,11.625193808790154,2.5707585699163435,9.704383090205777,12.009041181446966
0.8447265625,-4.930072665299907,0.2137864766965194,8.48643578415536,1.9010774450777597,13.812435597544207,2.6869142479780077,9.81686882164309,14.19918944040388
0.849609375,-4.9399843196163085,0.069546690995787,8.529035954295326,2.1598027964716127,15.122763449067401,3.111654699493707,9.856608754026196,15.58990434303485
0.8544921875,-4.983369432030963,0.03596087208904579,8.505405014166815,3.0225482180868277,17.363773032323664,3.532622240009591,9.857848575395952,17.975422986381176
0.859375,-5.09410595878546,0.021723392288424227,8.415595175332678,2.991020634585544,18.929543057727628,3.773939743927046,9.837308045404937,19.532445469056682
0.8642578125,-4.882448398352348,0.03095426983886435,8.463528574521355,4.437042859863565,20.847808564332915,4.438941420595009,9.77090458765892,21.77206173541709
0.869140625,-4.882233588101428,0.14635690390438744,8.411543152446963,4.661792757616231,23.726875443348927,4.18638703578198,9.726853723459792,24.54022751387038
0.8740234375,-4.963244211572454,0.4398582695322542,8.443468522056618,5.168416563953691,25.84921305800657,4.179765457531509,9.804051666731686,26.690162696707972
0.87890625,-4.6941654539710465,0.26627025667688203,8.623738311839103,6.376597433028475,27.774538053773632,3.804285993577254,9.822166340982397,28.74993131895019
0.8837890625,-4.526288713282693,0.06879854599236028,8.662527332242373,7.776757069260315,30.573229531306833,3.6713201809971587,9.774016704393702,31.759705703291072
0.888671875,-4.699672964819412,-0.07993813200526914,8.73264279398505,10.02619255668601,34.86249942353482,3.6550527511555475,9.917276150664657,36.45926238767649
0.8935546875,-4.5121402701695095,-0.0706764544347559,8.70992505144661,12.264080114946536,38.3981914414835,4.19168836631637,9.809546339189906,40.526522406973875
0.8984375,-4.209895833545192,-0.42707534564019783,8.839006184729598,15.8970023788607,44.483395467462515,4.228525083679325,9.799675842283914,47.427498155937684
0.9033203125,-3.777036834074371,-0.5720783979026279,9.208049928865083,21.362552606453786,51.23316263071445,3.462608139970612,9.969025249831281,55.616411805686745
0.908203125,-3.714532726112336,-0.5962313542746427,9.250702921643999,26.569797630481524,59.92525034219489,3.7340264313746987,9.98642827770232,65.65769359404635
0.9130859375,-3.5183246870647156,2.5390167368319787,10.288771421193703,22.434026405629353,68.74435177376081,7.149473852675277,11.16620042588768,72.6648912332024
0.91796875,-3.585597962849227,0.6828470155872792,9.996250290240338,16.119594712439635,73.70887583622556,11.86928671865218,10.64179555634363,76.37879075988963
0.9228515625,-4.234966309408223,-1.2107312388511076,9.564883895430802,21.452936244495945,86.28293113426624,12.377251778861808,10.53032828109476,89.76730496248774
0.927734375,-4.3843488092568155,0.785196889950681,9.338817780818866,20.100241760261977,96.4451222139334,14.008657187388824,10.346621003040484,99.50841066902491
0.9326171875,-4.15580564945164,-0.3548627593214889,9.723258784030767,19.285359673604244,107.16643528207591,14.963908700884629,10.580094969101122,109.91127563819853
0.9375,-3.9707508830974123,0.5056325529655152,9.962037324908167,20.368178723359268,118.99026218498443,14.808950797071368,10.736140578303768,121.6258616539596
0.9423828125,-4.142457683129344,1.2080065613631672,9.729300533410369,17.733288570956677,130.24577754782422,13.747183817581988,10.643238434716807,132.1643566000021
0.947265625,-4.168272158317835,0.4867103679434675,9.683736968519257,17.492307072433032,140.40056264686172,12.927125152265074,10.553963305011905,142.07536508126228
0.9521484375,-4.1015871046731585,0.26054987915096894,9.599868018303576,18.908879517768455,151.15644966054484,12.284898221370376,10.44262270627425,152.82910954038744
0.95703125,-3.9672231791032164,0.11604268695909908,9.657207131853792,19.407943986055418,163.30406770087586,11.64136370609205,10.440975780334817,164.8648178549797
0.9619140625,-3.866609077697514,-0.04764455481551841,9.676816603856324,18.710028452303106,177.53298799657952,12.098013774470827,10.420830837702233,178.92565195903836
0.966796875,-3.7649553759139605,0.11571750189452039,9.921461165043501,17.031797108595043,192.96761677020078,12.247649981293689,10.612430031445884,194.10458048377865
0.9716796875,-3.80791028987685,0.13027553663040115,10.170504017557638,16.25414267936721,209.51762571681348,12.086179986930395,10.860769054829884,210.49443790021732
0.9765625,-3.6137986475901545,0.711855932562883,10.49929095675466,15.7819193802884,227.008248667691,10.206741464375405,11.126607305402649,227.7849677081847
0.9814453125,-3.8429768693849273,1.3518890903037013,10.595654096069142,14.22966306021967,243.64666872489855,5.699605467950776,11.351826331241002,244.1283842449258
0.986328125,-3.147324999304394,1.1099594890048692,9.710339726596075,14.599684321611361,262.5085445089728,2.1017679914518883,10.267831432410073,262.9226200827916
0.9912109375,-3.235507082965561,0.557046519200129,9.4430917161193,16.367118038514462,283.917611653999,-1.2001293373401507,9.997539100574413,284.391513710631
0.99609375,-4.360708405738442,0.41014479703432366,9.763017410355381,16.290467398240608,303.97346950107675,-3.698468813300418,10.700490900389314,304.43214048476904
1.0009765625,-5.019439830469125,0.4882982258752759,9.647100151874557,17.256701133521357,326.3901754712309,-5.041564650734039,10.885759170098838,326.88493044537876
1.005859375,-4.5157334146485875,0.08336478056518248,9.443249047776803,18.48023332950644,346.4811451020806,-5.2163412918963346,10.467748112041576,347.0128429203097
1.0107421875,-4.948030582076781,0.2380795897262411,9.539789200878396,18.534036289885073,373.5998176469185,-3.6299024158800646,10.749291443132769,374.076877711727
1.015625,-7.2668023889216435,1.0602637803949555,11.1316192147315,19.698980300956286,393.05304197568034,0.11424805880942618,13.335798535724596,393.5463844121203
1.0205078125,-7.333886400214955,-0.6660871164492261,10.735347344813214,17.310220170912473,404.0999526110291,4.380539926587313,13.018342613088105,404.494257749909
1.025390625,-9.754129620825777,-1.2041468017660628,14.70475783646146,27.800782814135125,424.5250156551373,13.729328233069728,17.686800649327424,425.6558080137103
1.0302734375,-6.923648903868336,0.27555817077556993,10.095458397533944,31.40275273527949,442.44161877787883,15.639775661467718,12.244636650626143,443.83028455580177
1.03515625,-13.186669227014328,2.096839710628465,16.93532427787274,34.89923415565837,457.10189511081296,19.261785428670787,21.565949792936575,458.8366980053451
1.0400390625,-12.116114400005388,0.5987336921863939,14.333076668361937,38.734626450268664,461.0488189304572,20.776473962511364,18.777534368742835,463.13933820582145
1.044921875,-15.954375343624358,2.126424312187207,18.663320905674144,50.82270563198579,473.0872081900114,20.711429214229508,24.645148005010707,476.25982116998983
1.0498046875,-11.482129367070547,1.3569001235604174,12.119040949125548,62.937947736375506,480.88006658942,14.973600787095846,16.74967540802042,485.21235807514535
1.0546875,-13.565733250562225,2.6159897084918877,12.417598860085457,63.69922097296787,495.93509381363384,5.504862770727133,18.576040542331423,500.0395099815867
1.0595703125,-14.788763310281162,1.1470867938673506,14.028630833547885,58.197104011789264,501.1594446248865,4.03541672615406,20.416312385544888,504.5433345513915
1.064453125,-15.083327660733282,0.43119510655298976,14.433376959141956,58.7610739942996,506.4087183340017,5.4904784379693705,20.88097394724793,509.83605127053113
1.0693359375,-17.02591625159479,1.5067871208951449,12.306173895539015,55.53346283970324,506.3836067685167,8.502182962847302,21.061674852234827,509.49053947447754
1.07421875,-23.597787780282427,2.6690631225197112,15.397799045134013,44.823556981331386,494.6845320392558,14.618397981250899,28.303210091959023,496.926186730881
1.0791015625,-27.130787332567674,-2.1077751009895054,22.245207721782702,43.36139595112438,462.67335837553566,22.47158384496476,35.14785347281718,465.24382778262446
1.083984375,-23.902775473818426,-1.0993211963399285,21.39171398812696,46.41236784312626,430.53926968722266,26.644901224412088,32.09605286938449,433.8526494016965
1.0888671875,-17.856826033860088,1.7265225513431728,21.016835071158045,40.73390749438577,404.7510876471325,25.92411076025936,27.632489437835652,407.62084550475106
1.09375,-12.68340221346301,1.1110446227282358,21.703875324210024,37.07354647132542,386.6345840775719,26.771475030659794,25.16269691330849,389.3295022575553
1.0986328125,-6.873918021457793,-0.6743122914448284,21.78485388117004,38.85955540278601,367.44256941585724,25.40413867309929,22.853562187458767,370.3639792511568
1.103515625,1.1608937956194965,-5.224873056920773,18.32137797927544,56.89803010478181,360.74904140987024,17.11113933523035,19.08716490013966,365.6091462166867
1.1083984375,10.62659383185522,-18.47441127983582,6.032037686219048,105.5058531052635,395.4201300090715,-20.06598800141927,22.1498046775071,409.7452966543161
1.11328125,-26.925410723000603,-11.095859062693684,22.924214735990844,118.12922951990296,362.3243803205478,-66.2571344287912,37.06231849470911,386.8119430735687
1.1181640625,-31.414970707419442,-6.895266144552992,40.687104180636055,133.5553297578739,248.7872935954337,-87.89939080212913,51.86410633914531,295.7337425196191
1.123046875,-28.71518851490253,-3.2699040518145086,39.223584603259354,138.36462322902858,137.15247550953853,-108.76263994849393,48.72108283980876,223.12526156460035
1.1279296875,-23.916449561016485,-0.5622082726627325,37.55959058749667,129.06881427450182,57.93685870046628,-133.2212248133274,44.53128656177435,194.3279011235051
1.1328125,-16.916692344044424,6.34403825016177,34.40513135653395,100.46311702407654,-16.705392741147683,-147.90615868994513,38.86044730626402,179.57767068108583
1.1376953125,-8.022501845853633,9.047754390693669,27.289350147677695,60.59656265150179,-69.90949430970959,-154.40422446153687,29.84846774733333,179.99984814267305
1.142578125,-1.802389212163391,8.977171233889047,21.320231975660153,19.97943968036606,-102.18962923489124,-157.27742726068055,23.203243345072465,188.62154558492142
1.1474609375,1.0190144151114406,8.341112654152475,17.378657468246193,-11.138534375006394,-119.58630454230753,-156.53868873615403,19.303634012436532,197.30512475185037
1.15234375,2.757367986956705,6.716670447260416,14.516227558337182,-29.737661677789855,-127.91049757442107,-151.50739247320826,16.230760999966172,200.49916180829644
1.1572265625,4.333457475809366,5.275410530505797,12.339335287896974,-37.81972624485356,-130.76832755463724,-141.67993590120193,14.1020567757742,196.4787302016207
1.162109375,5.233388156491534,4.239523254365453,10.934611081488368,-36.55777428258913,-131.01497871105312,-129.74051007054067,12.842415213822497,187.97339029904873
1.1669921875,5.306704575897445,3.0514475581876237,10.25088618951525,-26.97557096926077,-130.3323910514517,-113.90632731872249,11.93956085149762,175.18237636687687
1.171875,4.771027529397597,2.2878187652768047,10.16556736178235,-12.587420946128567,-130.78792738236046,-97.40874552302925,11.46017356657206,163.56157500898217
1.1767578125,3.789156405038822,1.8280374174375038,10.326899339939175,6.359125482627804,-133.25850073381875,-79.20360697030493,11.150976506056969,155.1498561128418
1.181640625,2.9530309081260504,2.02678789551869,10.4168789081869,24.744220330027975,-137.53629004752383,-61.42140004080541,11.015426769108764,152.64696493134159
1.1865234375,2.113475676368258,2.8026137243438187,10.510282821742463,38.04588875157233,-142.79378858727867,-46.68559825654914,11.08095068644813,154.974516597334
1.19140625,1.0874415850000694,3.925070948735247,10.804345885923142,46.24508183337612,-150.4782874143712,-32.91080809074235,11.546540658398827,160.82737287577459
1.1962890625,0.1620524300970123,5.008825241019822,10.887295020803695,46.94385311739315,-159.29087007152333,-23.277621677746396,11.98531535484964,167.68766891045567
1.201171875,-0.8309418830157453,5.895573926059475,11.13028472167642,40.83493694618636,-170.3771487211504,-15.397293862678147,12.622657973508021,175.87763229029918
1.2060546875,-1.9259603283349471,6.335289908205806,11.392620697971068,32.13045047242602,-181.5421688063991,-9.898029239196267,13.17714034892143,184.62907648935504
1.2109375,-3.060127789525739,6.4048294627816595,11.829609742648886,20.84029937190041,-195.92400039829656,-5.05788398915055,13.795864931163871,197.09417596780946
1.2158203125,-4.248272478378155,6.108956331671539,12.083744370327091,10.16786057424686,-211.94158437897167,-0.8272432562752674,14.190984621238469,212.18695744350345
1.220703125,-5.282936900824331,5.634871179971551,12.36245388491692,2.1251495071425706,-229.0009838339805,3.5829097114428645,14.57708686842686,229.03887028048112
1.2255859375,-6.25564925518673,4.929840861681959,12.63253321055978,-3.6544781612219275,-247.91110788693706,8.175593309635802,14.933766230972118,248.07279768310744
1.23046875,-7.243026082485216,4.186340906248105,12.775650271735579,-6.077545374843389,-266.6207460549065,12.881850994493355,15.271022129529664,267.00093795659694
1.2353515625,-7.936896836868374,3.5769153370206825,12.797474195839786,-5.35664428674619,-287.3210761117728,18.197292181969388,15.477855165380316,287.94658507924316
1.240234375,-8.414312989280077,3.111302309075508,12.580071192923102,-3.0424852360116903,-307.66826708134505,23.201808204709593,15.451183008399056,308.5568718878537
1.2451171875,-8.425265514177978,2.769798816842655,12.129277756254469,0.20098581584432215,-325.14578169690384,27.58465582863568,15.02585316574567,326.31385656722136
1.25,-8.21965302107979,2.538478950429856,11.603938539618595,2.9945945924365103,-341.4271342116384,32.14938591192079,14.444997777776475,342.95048999419555
1.2548828125,-7.821907597016602,2.3500235775769602,10.806565994540641,6.842252831181809,-354.46550556582014,36.336315456263364,13.545726922753014,356.3887468492452
1.259765625,-7.61630585718901,2.1667706554271673,10.172951139936519,9.681157068262285,-364.4160319139621,39.538379322374844,12.891545480624409,366.6824955701298
1.2646484375,-7.693790315721992,2.1043300604810877,9.82942675724331,11.683384204111897,-371.65975660290917,42.55192700050612,12.658603588143226,374.27014660008746
1.26953125,-7.934858748606149,1.922007979644349,9.654761596642103,12.34310210669146,-378.0640139861189,44.03592603502372,12.643991439499763,380.82005412356443
1.2744140625,-8.137313161575516,1.7684803934276494,9.546044581706312,12.068206033979425,-383.88636660357747,44.2349017192977,12.667689432071366,386.6149383961913
1.279296875,-8.34451269788382,1.5524834286050737,9.62086292840594,11.521153679611558,-388.2603470493815,43.38985809139203,12.829735010841548,390.84717455574184
1.2841796875,-8.888738668930282,1.0822787932381226,9.854672165708168,11.85847383639984,-392.39375905500185,41.684722775379235,13.315238112944611,394.77981414948715
1.2890625,-9.505007854826212,0.5593486548048435,10.271701939802266,14.018238784749535,-396.5532423342889,39.7298806436631,14.005923960170483,398.7849651634615
1.2939453125,-10.275739256483435,-0.13163623414299314,10.52852217101192,17.942568989695104,-400.6751077428513,37.46459209252872,14.712509115404607,402.822632690065
1.298828125,-10.978707628326653,-0.6255879803890088,10.761691138546883,23.222448854525283,-404.6930588315083,35.562916219812124,15.386272377381195,406.9158082543133
1.3037109375,-11.566349009142193,-1.0620873712903314,10.807114920272332,32.024246542815696,-409.0750165247864,33.22468800646765,15.865125019536148,411.66952936125404
1.30859375,-11.577392540407155,-1.4372549104303873,10.346988693217801,42.32197103392062,-411.97657952743134,31.06310006546295,15.593649179387373,415.3080392877014
1.3134765625,-11.294695355447077,-1.6735002556520642,9.958385102893027,52.290205239468015,-409.98613085685406,28.5839221272876,15.150583491586952,414.2945011258754
1.318359375,-11.276662031349778,-1.9861931352627935,9.564091672759995,61.549823057341634,-404.53599603935606,24.996000587498397,14.919112549505343,409.95433020680997
1.3232421875,-11.507169607447613,-1.9184107950038836,9.689920551124562,69.47552872703089,-397.6815566320676,19.509147861473785,15.165415017072881,404.1757989136481
1.328125,-11.867330994480664,-1.8984227350660414,10.069253793839849,77.20478809013441,-388.31323471679667,12.485558668404844,15.678884710920457,396.11063698861557
1.3330078125,-12.184632513136414,-2.0083744549622997,10.354997352701067,83.39873385450672,-379.0419655188991,3.813010253944464,16.115979883518477,388.12716921153793
1.337890625,-11.953979337638563,-2.181882803833114,10.572723856208423,90.38369073159627,-368.4086813648567,-3.579126947294192,16.107163757595284,379.35073244289674
1.3427734375,-12.052909098816237,-1.6237374623857623,11.196576802334258,95.09077583793045,-353.42051707084727,-10.6093961050706,16.530954999081324,366.14324631460687
1.34765625,-12.64672023393188,-1.1078548970797917,12.260451553948567,96.6594070082664,-339.63770760779175,-17.87397125383678,17.648953154650435,353.5764305502398
1.3525390625,-15.081807386114132,-0.8384042914146628,14.205714095791057,98.73817141214151,-327.052241160075,-25.014796824222206,20.735625111364886,342.54654428529625
1.357421875,-17.670588922699814,-0.4532684766893028,16.070101053628836,100.01906989774531,-320.22577682335276,-29.873719089508366,23.88939750309422,336.80974091847264
1.3623046875,-21.06639118934017,0.24597304567502695,18.00552965441965,97.7681398750737,-320.4885096577642,-34.64485735787357,27.71375901276644,336.8556963131754
1.3671875,-23.360875816300236,1.2940781997516846,19.343005715708195,92.7958347839768,-325.48087384345285,-36.88666591663483,30.357157762372843,340.45483153217
1.3720703125,-24.621700861217825,2.4603839778781413,20.26615856883255,86.43405568050213,-333.0309196344714,-36.30185601135538,31.984352826889573,345.97436922961657
1.376953125,-25.66710476843966,3.4963297708365912,20.621466365974157,77.53670862223784,-341.4952952715346,-32.09494764423077,33.10996019543816,351.65475048810066
1.3818359375,-26.7135842860947,4.176378692664174,20.780020437468046,68.46041381054977,-350.46585662949445,-25.559150942819493,34.100835382383444,358.0033730554433
1.38671875,-27.819348833595363,4.505357521269635,20.294765877944698,59.49575001038535,-360.32672967942005,-15.530271962490634,34.72883438816098,365.5356148694584
1.3916015625,-28.267361983507943,4.707943168041628,19.17774376584347,53.143626527350634,-369.23507750591807,-2.2645113342101166,34.48179720270578,373.0468007004786
1.396484375,-28.64787704427066,5.170005213175866,17.679500100817936,48.88915280488467,-376.17718929117376,13.134546879973753,34.058692530141805,379.5681010394962
1.4013671875,-29.15292618856199,6.060199544229246,15.723579163664906,44.299243156997754,-382.4970780923682,31.227621380110396,33.67269020419452,386.3180063503921
1.40625,-29.615453386357075,6.676188696760569,13.679086058025003,37.91111420364728,-387.22175200791884,48.58677117519032,33.2981076065457,392.09515699824004
1.4111328125,-29.91545561983641,7.152302999067293,11.0853502844407,30.158788933072742,-389.3626551460248,67.35207070516346,32.69518181722834,396.29424825569345
1.416015625,-29.8702487684666,5.449226731964647,7.94763448819743,23.454549745640236,-388.9558980040974,87.82421847211991,31.38615502772558,399.43697856631053
1.4208984375,-29.156294132261053,1.508910898799083,5.560817617708409,26.183974456041454,-384.37805521306524,111.99672967731611,29.72017819941279,401.21734422393394
1.42578125,-27.58437654954776,0.5821074199029355,2.8748502946279277,37.32613104659264,-372.401181850158,133.86302083088282,27.73988902090397,397.48608610650916
1.4306640625,-28.461372225603984,1.0593103381444837,0.3162203352077943,40.29268096063738,-359.6600295110175,150.78878268910265,28.482834175293736,392.066440736418
1.435546875,-28.36656045609496,1.9962347623463148,-2.7894360927196176,33.13655332485547,-342.61046447242944,160.32091138530316,28.573198264301055,379.7140452494206
1.4404296875,-28.426373505423772,2.630483379849784,-5.9186192876355115,20.267801647238535,-324.9528339623944,163.19203092520766,29.154900235697866,364.1933099897597
1.4453125,-28.176187666231705,2.1485028270481616,-8.964054133343138,1.2290818003089863,-302.61183075170504,160.43420439479743,29.645705967408635,342.51213802252624
1.4501953125,-28.015004466815583,0.46934400018087896,-11.659229108706736,-14.970094456061306,-279.05314591316585,155.76792917651264,30.34795516135341,319.93500860643104
1.455078125,-28.270556228327678,-2.396896645526937,-14.668726702027282,-24.631742487666948,-251.38973364769794,149.91239741272585,31.93964630435258,293.7298892170667
1.4599609375,-29.3362871267782,-6.271475007635438,-17.61370648138667,-22.38456327986579,-222.08323799298302,143.41063401926678,34.78781104307385,265.308581128629
1.46484375,-30.266627194886425,-10.026002943535778,-20.158598817664735,-7.957574801883379,-192.51764422033813,136.63159514107306,37.7221229926098,236.20871940652478
1.4697265625,-30.192521381180114,-12.402088521789604,-21.869688249719548,16.90299766419175,-157.51782176747426,125.64687945889014,39.28973671577916,202.19968798730213
1.474609375,-28.813758650035858,-12.4049037398025,-23.001809282037684,40.026682782627475,-120.03288011622575,109.45376212871746,38.899840032878245,167.30258123444233
1.4794921875,-26.1308516641893,-10.371019753254991,-23.30496502298927,55.28725572065701,-76.7693984053196,85.73277675224156,36.51713096809528,127.67274645078213
1.484375,-23.318991735380795,-7.370501554790981,-22.203461002758363,55.45148313880808,-31.383852075599002,56.225954230126966,33.03170218479431,84.9774739709585
1.4892578125,-21.371176138066648,-4.387325782923487,-19.760612583553588,42.12474965209227,9.508301152410965,25.35494016795458,29.435651967080172,50.07769278807625
1.494140625,-20.90093165282913,-2.4399008149499637,-16.324891378197414,19.40839082213423,48.287684267090974,-6.222038758403657,26.63276437873043,52.41278329276215
1.4990234375,-21.12580883109002,-1.6549110236031597,-12.809703958142322,-5.2171608709463255,77.61668632034599,-31.76961759824295,24.761402318104913,84.02902692071893
1.50390625,-22.03924126626932,-1.6619289211099766,-8.458640603722948,-27.754458918685927,101.07527033524593,-53.02238798102723,23.665138161325,117.46443670499873
1.5087890625,-23.588212946262825,-1.8409447288936471,-4.443889265893246,-42.7759774547822,115.75488041263837,-67.35283776465182,24.073658203534496,140.58940693205784
1.513671875,-24.176250548024992,-2.017093884095667,-1.1210061240911315,-52.1931914880002,123.88550470308367,-77.70089945513811,24.286136230952522,155.27130220803298
1.5185546875,-24.101864206798325,-2.319668967093553,1.4525534705513001,-54.435490812920044,127.95121242392297,-84.50509279613514,24.256764704812838,162.71400102412446
1.5234375,-23.542296702786423,-2.4501919074761163,3.247144570878137,-48.94700376419955,129.50983013556973,-87.77066633091019,23.89115154800357,163.92771317690205
1.5283203125,-21.526479141935056,-1.0733697781614135,5.430436117391496,-42.35419856181318,126.02116655482702,-85.4560601296253,22.226809563090814,158.0441418355362
1.533203125,0.9204788170092114,31.560943252807288,4.925414689982553,-219.92607084854612,156.3315302039019,-69.78742677155692,31.956222087846687,278.70649240763777
1.5380859375,8.616547594647253,12.745230453224174,12.365170704957176,-282.1287171073935,186.3776741782387,-142.1457810069093,19.737863063648643,366.7951383358531
1.54296875,2.0039304904236626,-1.2845404364334938,11.525210036936745,-238.24273390792737,205.75117050889787,-133.41869501221367,11.7684428850545,341.8971959587664
1.5478515625,7.3458803885395785,-10.997458516859465,18.671394030834414,-224.49596156363816,205.41704466626493,-93.2924315053343,22.88071256686413,318.27358793023063
1.552734375,1.2608570832336738,-7.338004162860808,9.324789036975831,-141.77968407630297,217.056925011556,-6.508832652287627,11.932634087350861,259.34061080892053
1.5576171875,-2.52100389373992,-7.0533677377688,2.619924947374004,-85.42757482220519,237.41181964836053,63.846233668345526,7.935330100652542,260.2663716317998
1.5625,-7.773672721308846,-3.0948218816460766,5.523057181085207,-24.64428481734019,261.326553465396,118.18686067248046,10.02557084073887,287.8663619735327
1.5673828125,-16.784422642207154,-1.2927789013820459,10.676693814763675,-7.112236938850259,262.1405556196402,135.40370795760168,19.93439017211983,295.1311893777334
1.572265625,-22.420026347997254,-6.325466181154494,16.988750878140305,-2.992362681219109,238.86570322317132,128.77191061811504,28.832043983272037,271.3816194493576
1.5771484375,-19.34262095411889,-11.6637810143014,19.5629192497325,-0.06630054562357139,206.50514286818995,108.32868182773274,29.881241314507857,233.19408597412595
1.58203125,-13.424474556524894,-12.733457475810507,16.496458769941373,1.8050895875657318,189.2093661398653,82.40608451372495,24.78892108090698,206.38363633862042
1.5869140625,-7.123851188468866,-11.947936677454097,11.852079175307779,-0.752442256319069,185.84563921096688,49.48131541082343,18.274961761428298,192.32152338692453
1.591796875,-5.466047726630924,-11.311934750770394,9.525199408495988,6.444788416756709,193.95464586560027,27.52401848064581,15.766006765414831,196.0038559414332
1.5966796875,-7.0068994368793645,-10.414488168318826,10.029147712914696,18.78235917159418,197.93789164836346,18.17505577462339,16.066798292567665,199.6560007078693
1.6015625,-9.666874701695242,-7.624765283165376,11.906770545903411,33.942125070759054,193.51716076113095,18.02239942762759,17.127658828760936,197.2961384429442
1.6064453125,-10.454485780037396,-3.425008998185259,12.439693299252557,40.5331998155628,183.4604694887359,17.354937981395498,16.606412283877667,188.68459933087763
1.611328125,-10.731624828740753,-0.279630621996762,11.641482837087569,39.86768704101756,175.7698994425612,15.599864780483333,15.83572187795074,180.90839063243575
1.6162109375,-11.19277063576355,2.02946964199865,11.460401877075979,36.99511343130777,169.9979001992488,12.008322104496797,16.147373554751606,174.39072306093126
1.62109375,-11.596037922105493,3.7808939859348487,12.578838529982225,26.942075924228316,164.08469281711223,7.6379844123995815,17.521142473798687,166.45720374281498
1.6259765625,-13.767571583832332,3.7997304840236947,14.243615790374971,21.38290767261068,152.1458545882487,6.026963571213687,20.17088421093596,153.75927321242335
1.630859375,-13.182366311909915,3.4618969776529687,13.687243828187663,13.925647559730885,138.84487880281404,7.671351499327421,19.315800679172515,139.75218661456498
1.6357421875,-11.160677565585358,2.9865504285418263,12.290887111552486,7.441928184482056,127.79082301752501,7.28764910198561,16.86849469200233,128.21461138276348
1.640625,-9.824711471055991,0.9689689390598895,11.567454607877307,3.8361022430887926,120.20984522635784,4.867318222834298,15.207559383400874,120.36948681641321
1.6455078125,-8.181402544365728,-1.1598189311297933,10.71862339942503,4.484194741033445,113.75647525948372,2.31096615958828,13.534009573096322,113.86827578622506
1.650390625,-6.715283749645968,-1.066519039333103,10.08049390224304,4.245190589815802,110.63860482759311,-1.1095168108452367,12.15931149418742,110.72557766340041
1.6552734375,-7.055871129418797,-0.7484811263737204,10.139451872767031,2.667159678788635,108.42086320669331,-5.325102963252127,12.375541429435005,108.58431765593915
1.66015625,-7.727300876943127,-0.18450426912904344,10.516236378616977,3.361841808108787,104.21170691572006,-4.765859377669818,13.051300634001194,104.37478265480799
1.6650390625,-9.167756797550302,0.5444101123315018,10.861087619407646,5.85662235462925,98.27735638737191,-2.002352998326417,14.223479579409837,98.47206822965161
1.669921875,-10.500328918559955,2.2396747587076304,11.025576906165279,4.892470624111283,101.38291087047526,-8.559648150891515,15.389489807544098,101.86117249396642
1.6748046875,-27.664133807572913,4.452427003382345,21.560681212704413,-13.25142112863926,34.07363632054237,-10.804836579799957,35.35521715248842,38.122924173642744
1.6796875,-4.010392120847997,-0.32213123087799994,6.497523649333294,-12.580854798547877,10.216516484665807,-0.7551265351730418,7.642305088552282,16.22422055532147
1.6845703125,1.1791844924239308,-3.1165479603677366,4.851986379552139,-1.8746427605355938,34.67897745771988,-1.6987532683626014,5.886010455631629,34.77113063533374
1.689453125,-4.8087713705358475,-0.8485703670862139,11.61212159868303,-2.5215015436284913,31.24905037016359,-2.675469624663326,12.597052106924975,31.464571454002648
1.6943359375,-5.886612663545035,2.283452359374266,8.708181723678669,-8.297736236792662,27.71227170030895,-6.384177452751842,10.756337306943841,29.623979327486563
1.69921875,-7.595032683397681,3.878340174130882,8.410352101752247,-8.28721419275391,24.70167681891778,-5.335395062249324,11.97748164029505,26.595435646236673
1.7041015625,-6.198400398359076,0.4470962720126716,9.002433092803521,-8.395330257928244,18.058112091939808,-3.6043884146062264,10.939097959394529,20.23780122217075
1.708984375,-4.679003242749747,-1.613966919128293,8.975948296316274,-7.231570914938814,17.35281499655333,-3.8503840051265374,10.250151627163675,19.18961341948632
1.7138671875,-5.4444945567275935,-0.025575789679398248,9.067895739821466,-6.315983910063168,15.77107132622519,-3.2981159522973647,10.576857200866732,17.30595020112613
1.71875,-5.1718548968013796,1.7770857729319522,8.256211084765662,-6.3351414531153685,14.642091445703665,-3.050046496035216,9.903087316293487,16.242772015986244
1.7236328125,-5.240568597387333,1.128039911045014,8.389018407144038,-6.877429841254859,13.835189787664538,-2.8016728857780504,9.955484071617722,15.702257437737538
1.728515625,-5.11763688726296,0.026664666922353957,8.848163047163935,-6.9533446731033175,12.89891270924045,-3.3505183961694516,10.221590268815023,15.03186364848514
1.7333984375,-4.9972131540586435,0.12742020117290012,8.820249220004754,-6.198041215285323,12.32325097714671,-3.167379132169365,10.138302200948548,14.153109909805154
1.73828125,-5.376524122968464,0.3637688070060801,8.827483576225651,-5.794056912543808,11.815142740203278,-2.8609517777285176,10.342330766241526,13.46676421979916
1.7431640625,-5.266599690735398,0.22885130247219365,8.52255966345429,-5.571180184406341,11.05944425672055,-2.675577858326242,10.021151053558443,12.6691780629446
1.748046875,-5.290656710052682,0.15679070633363887,8.659001232886999,-5.522046113302128,10.431114618007634,-2.3069048864137187,10.148592715266322,12.025928471698439
1.7529296875,-5.262069646499888,0.07978036049247997,8.588748682268726,-5.29471351014955,9.92578227515921,-2.0612110527854575,10.072851919774685,11.436946092928386
1.7578125,-5.242521164876922,0.2047780100847367,8.602669369958079,-5.242643325288423,9.549512054102399,-2.1829498087603025,10.07630301680193,11.1105247119659
1.7626953125,-5.19452562070404,0.21909272144200703,8.494677002130944,-5.132075227611296,9.17278350758366,-2.4271207350145043,9.959449553829364,10.787449581861214
1.767578125,-5.247256247321437,0.2288342584442454,8.616705211958047,-5.425428719596578,9.112277387231583,-1.7528073357368879,10.091267113335002,10.749009699943919
1.7724609375,-5.141766928042089,0.12283220396398015,8.575069867671097,-5.13294350861612,9.045909439451952,-1.9370380676832553,9.999233877056723,10.579588986584705
1.77734375,-5.237928738146369,0.17108311621216032,8.4851867437709,-5.476940942998211,9.551737841728649,-1.814806684433223,9.973141981101938,11.15912636329855
1.7822265625,-5.290991708370148,0.08462904728499133,8.51806606916773,-5.019948728054003,8.66617453759391,-1.2627012356971423,10.027921264768318,10.094398484256658
1.787109375,-5.377576573500531,0.11362737894104424,8.432969929804013,-5.3791925966367256,8.359696439159611,-1.68952551058035,10.002310874097317,10.083389013496951
1.7919921875,-5.358482700311653,0.02704293001310475,8.489679504771873,-5.50787616943364,7.671735290882373,-1.4426262802078598,10.03935885718538,9.55371094682749
1.796875,-5.3871156803879625,0.03674891950270111,8.658843459374802,-4.806556795762792,7.346957192675282,-1.0764328188612706,10.197937825409815,8.845308125521584
1.8017578125,-5.459411409148563,0.012820665661353524,8.564519424946063,-4.6418301738201775,6.6554436974168425,-1.0750003401867931,10.156590485201614,8.185178306150377
1.806640625,-5.392538898921339,-0.1460107798182242,8.504019134892433,-3.8867619344842326,6.080286845099517,-1.014178058774064,10.07070684563996,7.287342697372244
1.8115234375,-5.301085375420671,-0.12693883223014807,8.542000658535905,-3.301269424286463,5.818776622513846,-0.34156565391885946,10.054023815122713,6.698746770133899
1.81640625,-5.300829669093445,0.01250534470424506,8.475853592294582,-2.1936937267839043,5.174661804529683,0.02461712982026515,9.996951819549821,5.620500241194732
1.8212890625,-5.2769418123560685,-0.05967002339122759,8.490224999327072,-1.9535722046494073,5.420887938240138,0.2683240626792569,9.996679245723634,5.768402569199627
1.826171875,-5.296108686884331,0.007674164952613918,8.41004195220485,-1.4316275663829117,4.974417670662879,0.32940567982776464,9.938693664357753,5.186800242243126
1.8310546875,-5.267168062158926,0.022056243759062785,8.45716724355763,-1.2559411362610398,4.844690814036697,0.8802897617320353,9.963293815722787,5.081665798335666
1.8359375,-5.219115290364464,0.06041534648074451,8.349122469734338,-0.7861483282330091,4.838502901546597,0.6342820483300036,9.846352646682393,4.942818349797219
1.8408203125,-5.3005993740996855,0.21443455523366695,8.259071729974997,-0.9080399934984883,4.589685163538385,0.6352965231067745,9.816037986074443,4.721583230492571
1.845703125,-5.223477979928725,0.29123247160688803,8.259239873581679,-0.6850400155833755,3.89786400083129,0.452677326620181,9.776736768916304,3.983408132989008
1.8505859375,-5.353105841825467,0.3732285307309252,8.267901117259735,-0.27471575389237546,3.7654993677856887,0.7581236806479384,9.856633835885468,3.850870778069585
1.85546875,-5.252179922125895,0.36341589870340285,8.240144396984281,-0.29134945177470245,2.826866502299562,0.515547012217901,9.778417291819991,2.888225657160393
1.8603515625,-5.237814995279389,0.35376447016937396,8.207306774174883,0.05415947864192225,2.4471046526396485,0.1482448754886521,9.742676208852718,2.452189016614752
1.865234375,-5.232732218911902,0.464361560943138,8.216492855547727,-0.25377295024474084,1.7013255953289308,-0.27780998782654465,9.752326541876409,1.7424373391698897
1.8701171875,-5.165415006718757,0.4786554302784049,8.183833718663314,0.3892800082678619,1.440588578252771,-0.09510381293426091,9.689466319013702,1.4952856288562402
1.875,-5.194576019969757,0.3008009246478857,8.2828602491824,-0.02825307008007123,1.1344523732093617,-0.33826700165025053,9.781609025666473,1.1841473672878529
1.8798828125,-5.189836609331752,0.26713166723518134,8.292360766532186,0.0943805955490382,1.4462775128006293,-0.461813483599863,9.786164235364241,1.5211502340280552
1.884765625,-5.204431985720729,0.21425343574403397,8.254788454077719,0.03208049310398442,1.2596884199394218,-0.5835893283019189,9.76081703805045,1.388675835994548
1.8896484375,-5.2284228521769505,0.2431488993835661,8.240511377838311,-0.38000820592173373,1.202321208160004,-0.33745016679243545,9.762251516772157,1.3053180222564267
1.89453125,-5.252521614372973,0.23357048834449864,8.21220891302198,-0.26181733980310956,1.3279045191622143,-0.9503340081851973,9.751098077324338,1.6537876098660163
1.8994140625,-5.2572714893066115,0.22397598277599673,8.282755076099665,-0.20907640624906434,0.950872447067335,-0.8271614806723314,9.812904789296155,1.2775239603819137
1.904296875,-5.256996238895559,0.3441960406010261,8.273086887338362,-0.4971915535051063,1.2674988507993001,-0.5823038949106553,9.808080699891159,1.4808209222193232
1.9091796875,-5.180280881924083,0.2526822679248537,8.268918793527888,-0.3826491271120121,1.14174483166359,-0.9496717897561024,9.760849161733343,1.5335834256305274
1.9140625,-5.218883032913338,0.1854347875935184,8.292413005871225,-1.029051236553088,1.2148094931697515,-1.193121213181389,9.799757121052686,1.9895343127199938
1.9189453125,-5.132172690416695,0.2525959809233493,8.28794101283541,-1.4306930577848704,1.78388770953328,-1.009846586044534,9.751562310013549,2.4997856134403835
1.923828125,-5.117824095115462,0.24294170389377903,8.240994151855242,-1.8394658178660437,1.9782648609394253,-1.1316871976181697,9.703871843287477,2.928802190039154
1.9287109375,-5.069429765500175,0.36307737371433146,8.25975434118198,-2.130192409853911,2.170245471054257,-1.070266033484066,9.698169162440765,3.223841573350099
1.93359375,-5.083514555914671,0.4881428302960488,8.297043494600079,-3.1848153586461843,2.500880357778324,-1.6195571419209913,9.742758049661875,4.361240278697948
1.9384765625,-5.112625190022413,0.41604851522392994,8.221825501296527,-3.7649691073648173,3.0114491086796256,-1.8641290223878844,9.690740285160965,5.169022647047268
1.943359375,-5.102787229299117,0.48817221780467623,8.264037978169675,-4.417835901973251,2.772761331089733,-2.5355080786962727,9.724765977974236,5.799506933618097
1.9482421875,-5.256659990496906,0.4740405014614165,8.296319291910406,-4.831112350481975,2.717108549611795,-2.779223486941792,9.83290915477416,6.200516801341794
1.953125,-5.122439412894647,0.26701884122059083,8.358497740440884,-5.353818473894957,3.1005436398255526,-2.7176563828069344,9.80689395666633,6.757395898487292
1.9580078125,-5.069628802033288,0.24287060886849499,8.335265641406892,-4.755400991787621,3.654450815371591,-2.4143685571645337,9.758933119756271,6.465139200704771
1.962890625,-5.122239952960318,0.3439637420822486,8.372439279423956,-5.04777501089018,3.7846694343272667,-2.5976995792634816,9.821068815521622,6.822887833740498
1.9677734375,-5.04516070494685,0.33903731377485685,8.504471826344796,-4.804792275561736,4.219181938893592,-2.477117168042966,9.89417171288046,6.857378107483706
1.97265625,-5.021184073152283,0.2812980754831688,8.565842583682173,-4.256634893581783,5.2750243438606566,-2.175019696851054,9.9330296119649,7.1186749558657745
1.9775390625,-5.050514961359367,0.09380017684701301,8.537906933062755,-3.7158924365965276,5.892506394129905,-1.8716500373501648,9.920300128813262,7.213359970743867
1.982421875,-5.200162110432185,-0.11271751737691066,8.462457658971456,-3.223578504448344,7.137586121617689,-1.6920537170770438,9.933155633703862,8.01246777212396
1.9873046875,-4.974069410950519,-0.11793270415567506,8.54811010740384,-1.9609606103477204,8.61945412515787,-0.8418622213464336,9.890675459035283,8.879700891965149
1.9921875,-4.772286668098488,-0.12314937386383475,8.403206714840337,-1.4520700192935692,10.802739256604076,-0.3585629594889581,9.664562530354457,10.905789755126563
1.9970703125,-5.012472948807878,-0.021711555656995157,8.406640180314279,-0.6701710653774703,11.793107612347308,-0.2404820992194277,9.787591919131808,11.814582009251033
2.001953125,-4.9685891193442755,0.22827093703390725,8.415690228306604,-0.05537024278533781,13.285742154855226,0.24402262359574897,9.775624147663203,13.28809834061706
2.0068359375,-5.2477117025579565,0.10377588789240656,8.480588420820583,-0.21355336259627236,14.353173286297503,0.24186432921556966,9.973446120144617,14.356799322234304
2.01171875,-5.0216727493068145,0.15142702866439256,8.410923956182907,1.0965412009722677,15.272733866321644,0.4199419557648067,9.797130658658807,15.31780511702409
2.0166015625,-5.074701806358861,0.12266145854004912,8.35431899877406,1.0547922885365115,16.275669215127156,0.41768307630530505,9.775596666707882,16.315160260457933
2.021484375,-4.9108251142739645,0.1849114155387086,8.557128822903215,2.021963148871225,17.827841526379743,0.2885958131760538,9.867869538372576,17.94445752895545
2.0263671875,-4.536340637454476,-0.20525151862226648,8.851205955859585,5.5281003346610795,20.22568163967292,-1.6860590912227513,9.948083304735734,21.03522964834416
2.03125,-4.332599997568222,0.4772574251040525,8.98228543583121,8.232962641374261,23.8867033917755,-3.294473160237039,9.984019683448675,25.479596272006464
2.0361328125,-4.223375684653342,-0.06156027842328399,8.903989754527673,11.232342881973091,27.479468580875064,-4.412906641121563,9.855035534706834,30.012671742595096
2.041015625,-4.0218244868762545,-0.3263889604726084,9.093570983430983,16.27074700630786,33.48756981072422,-6.277735662725196,9.948599659623145,37.756648487683016
2.0458984375,-3.87630871336528,2.073041768611921,9.3946497404461,11.468628499556576,37.80849107910895,-3.5218858602612406,10.372208788941014,39.6662969957193
2.05078125,-3.4599621088988646,-0.7746135633849084,9.369780190028415,5.873121990200905,43.38578594850262,2.1741168629690764,10.018190693785213,43.8354510460987
2.0556640625,-3.9763518038289374,-1.7401582269006564,9.745887313607113,12.180856183212699,54.56933920103641,2.008081395836615,10.668732063932984,55.94835501680264
2.060546875,-4.063224906415783,0.3710174455318767,9.279985473580906,10.406596532994014,64.0461245309998,4.377274274264337,10.137335990036,65.0335594052255
2.0654296875,-4.080623723886009,-0.9946285340438197,9.522756212541836,9.234662786002442,74.33024972886994,6.559498290263076,10.407865380575386,75.18837702296355
2.0703125,-3.945615213014599,-0.9323273745433658,9.711330857452323,11.400028443677053,87.32386481213845,7.807586206413919,10.52364294174792,88.4102732526931
2.0751953125,-3.958720016531406,-0.38408537744057686,9.724182268386768,10.55904761935885,99.85882736997712,9.61568293666924,10.506127094950722,100.87487421887242
2.080078125,-3.671198396119694,-0.812612255706402,9.745186823158345,10.60014232031982,112.38116681266472,11.360533493320979,10.445415384753979,113.45021548079967
2.0849609375,-3.8056509421981146,-0.8219407438225624,9.928040156886691,12.707563890549562,125.43879673934012,12.486277481640537,10.664171183779999,126.69759679170875
2.08984375,-3.842711025517008,-0.17269384644985167,9.808880288836807,14.026010261116713,137.25878444803482,12.453793852641589,10.536146530442847,138.53447171488088
2.0947265625,-3.8523946161495197,-0.13423233872458107,9.672365156576177,14.531503746033474,149.65396836872864,12.667118430870048,10.412185664952684,150.89045940340662
2.099609375,-3.93873214236469,-0.03789451927195582,9.66237155066735,14.909018644169073,161.5523756742204,12.1470556395932,10.434388859297576,162.69296199783196
2.1044921875,-4.284219707820957,0.05421298223964556,10.107453657381724,16.083841650973188,171.80838453640186,12.24083771858393,10.978073464339905,172.99320526342765
2.109375,-3.920253114950324,-0.40338536254044344,9.762016749702951,16.138272767815728,185.46556998715167,11.717720426853177,10.527491403818413,186.53478622120156
2.1142578125,-3.7084443768425213,-0.45181070084336045,10.059339130966078,15.494841622634665,199.5071714955617,11.74563836949593,10.730656846499047,200.45239239225103
2.119140625,-3.5430940012581944,0.2067496569778394,10.307880080293117,12.956026424261173,216.46291297497382,10.362736853490489,10.901772895823683,217.0977605352297
2.1240234375,-3.1632795838271814,0.3213912456557252,10.01299275372259,10.217201914628241,232.0436353984001,8.923283589087047,10.50569626175929,232.43980927087597
2.12890625,-3.5853280017378863,0.6636665734095493,10.269070819672226,9.846407664588812,252.23119128774823,5.690246311516858,10.897194395813566,252.48743435153293
2.1337890625,-3.4013467690557038,1.3268924821733505,9.98623727739948,8.65132118602576,272.49541857437526,1.7859230645851873,10.632720181737918,272.63856664727456
2.138671875,-3.1510620697010854,1.3841476704442761,10.071858421115099,9.282860161014433,293.0485440096827,-2.8588463925025254,10.643654870188733,293.2094705865754
2.1435546875,-3.692616347560955,2.029605642881555,10.317345258366412,8.8065683943989,314.3743704756944,-8.849901150742184,11.144609806369488,314.6221880434568
2.1484375,-3.0720661700720493,2.696641201239542,9.147529336028745,6.317501228812769,345.120798978503,-13.32682265998616,10.019319202172884,345.435784063474
2.1533203125,-4.223575221111488,1.4245791676041104,9.827236713671338,4.263395297230496,369.96793396806186,-16.015651390166834,10.790857003949613,370.3389660750108
2.158203125,-4.741131992521936,1.3008830093949644,11.617115533677541,4.072532351926741,396.8472942521662,-16.57312891442111,12.614594820978578,397.2140846911611
2.1630859375,-7.001063993035677,1.108057439834608,12.125018613689322,-1.7721092628255006,423.24577178197814,-16.806546802023693,14.044883933549114,423.58303048867566
2.16796875,-7.322874974213071,-0.2861182950243979,11.157838455546447,1.6111970266156197,455.57035961034853,-13.096471151700609,13.349296631911917,455.76141353562195
2.1728515625,-9.58894787011635,-0.49754703513875687,14.70863384550277,19.305458426752665,478.15538739923653,-7.26126461432979,17.565289178065186,478.6000430294385
2.177734375,-8.815742639749358,-0.17710829780559056,13.196919459609704,28.09414286329792,486.73665491849647,-8.650407964896116,15.871589991644564,487.62350400942535
2.1826171875,-12.13201616805487,2.7672547957538955,12.74803101168329,35.95932084731009,516.4296192968367,-5.987276095225346,17.81448315504569,517.7146626452799
2.1875,-18.3151382359096,0.07270314207494917,18.97733107190467,48.603165926671274,512.5495019146305,-5.647327242260141,26.3740150329832,514.8797451405644
2.1923828125,-18.956653853289296,2.48830850698173,20.61531362290316,63.06070291516752,509.157842283992,-10.883290935551662,28.1164997876692,513.1635281594293
2.197265625,-15.827265043828,1.115413209294382,14.235808896779904,61.09877111613542,519.8023418827186,-20.081909491342397,21.316770870389494,523.7659950278169
2.2021484375,-12.482405785005664,0.9597889145810327,12.868037634776016,65.08688787317865,537.0440261981911,-23.807859221177992,17.953218138041642,541.4973713776222
2.20703125,-17.47982520298306,0.5660019619605832,16.760050326571015,65.57982883170278,538.2295305518186,-23.8149776455969,24.223210652119967,542.7328022774068
2.2119140625,-21.501835269121276,4.228112470270308,15.81269128830861,55.9300110238761,531.1054592616543,-23.77138025244283,27.023083850312755,534.5710930360618
2.216796875,-26.69609919523074,2.4543260551463106,18.658085773269534,34.44438962412538,508.8654026582117,-20.968689566510644,32.662357437105676,510.4606742357526
2.2216796875,-28.445370946505044,0.21778543357225608,24.190854030872735,19.78040870877851,469.3614645035682,-18.696554871419902,37.341451197326826,470.1499868059986
2.2265625,-25.968908684003353,1.3628406299501348,26.000417380494884,8.77516201156542,431.3809199375155,-20.844213289339148,36.773132267739825,431.9733588800562
2.2314453125,-19.721457498118916,2.981698202000038,27.7125150017526,0.7147760442579981,396.9208607630259,-21.41742884548775,34.14395843689311,397.49891430292786
2.236328125,-11.431361994707322,2.8027331018820445,28.08297706032986,-8.724536550869098,364.0387929543252,-19.54016994013946,30.44971182893916,364.6672161779271
2.2412109375,-4.1980304134218205,1.980130605997443,22.44913843956144,-0.6718513448506044,342.8626696047143,-17.911914753848308,22.923965478237342,343.3308874582218
2.24609375,12.631147534784494,-15.21186515450422,11.2211074517002,31.988673667147747,351.5519527652235,-45.43491459607533,22.73455480027955,355.91625728586473
2.2509765625,-24.146935480235317,-13.943789054179616,19.68334940858432,38.03228732097885,355.3015629502139,-103.32154946739459,34.131187940277194,371.9690821803253
2.255859375,-29.724134669942316,-10.466306246387644,42.32485315175591,70.55119409637771,253.46415710469174,-120.81672774827052,52.767991648704445,289.5137848687284
2.2607421875,-26.04798180298553,-5.337333354041158,42.10860901271725,95.6777181536025,141.23353704952356,-128.50672123293688,49.800797547094746,213.57695367393717
2.265625,-19.19466310264411,-2.2303288750540617,36.582084032786646,105.13343327632408,73.09451094019259,-139.38171278278372,41.37219272285155,189.26993469728794
2.2705078125,-11.730178230075667,6.415684462881807,32.52285442153893,90.91973834506769,16.367199215632578,-142.7579095632957,35.16381873689515,170.0414795683156
2.275390625,-3.2698688266309044,10.558124354387816,25.64658935651283,58.982652857680826,-24.826873053423718,-141.71361047084923,27.926932836380132,155.49300420412519
2.2802734375,0.945887821990223,10.477024925838615,20.430648586486097,27.19542817528222,-51.06163808042696,-136.66427827906833,22.979864158278207,148.40487577782636
2.28515625,1.5950647453059397,9.845261320052078,17.584810176841355,1.0495451471362116,-67.67557800081494,-129.45015506852926,20.21630408747788,146.07678819725788
2.2900390625,2.519390615916492,9.309306119022589,15.454826650486197,-15.766480084359072,-79.11156257934697,-119.64065257503113,18.21708473630778,144.29520773946626
2.294921875,3.823711128905984,8.705362425633515,13.561802054230458,-26.822299266303382,-87.82445457238693,-106.66890719847342,16.562807030122666,140.75093719682627
2.2998046875,4.59901479748003,7.765916370393199,12.302117940394345,-32.007100526201334,-94.0621352421057,-91.69807956196607,15.257866823339157,135.2060559507273
2.3046875,4.326155226365849,6.554462935290749,11.706292670257548,-30.265335371674773,-101.40915605303131,-75.21178038246038,14.096591484980983,129.83304419464045
2.3095703125,3.554304240086813,5.550835443208113,11.639281701489445,-21.721977680577556,-110.17500021828789,-57.88267394195653,13.37601328032017,126.33597638885804
2.314453125,2.5856018407960355,4.624540240940692,11.6747101829587,-9.199508542546546,-120.44660135964887,-38.723152030391084,12.820708528598846,126.85226541013502
2.3193359375,1.806085580956383,4.539385687541591,11.403422911007004,3.1104466823449997,-132.71782452581468,-20.231689377280645,12.405886571836591,134.28706966974676
2.32421875,1.4168445091788104,4.84780097909939,10.99188400315717,12.714697841251603,-144.5005803969968,-4.796217147089882,12.096699410790103,145.13815823271736
2.3291015625,1.014042083115437,5.382317544892152,10.861974271834992,18.89784558497549,-156.60347978414075,9.117554815241345,12.164707500897352,158.00287419558003
2.333984375,0.6012393621047244,5.806227038440429,10.62879588116016,19.964445591197062,-168.11786821627663,19.552893946455942,12.126213880508129,170.4245063452747
2.3388671875,-0.0038420236972564865,6.244929203780675,10.42296491624322,16.306454745573912,-180.30442135558135,27.12407905904066,12.150611226050147,183.06092016468605
2.34375,-0.6624697464553754,6.4192383596134555,10.198667207801835,8.413564032798204,-192.1708998424875,32.684769571806285,12.068898048206139,195.1121138421893
2.3486328125,-1.24465874716051,6.276062039873259,10.196441832646235,-0.8310368800749275,-203.63403708055833,36.04336622112736,12.037672373501422,206.800957271896
2.353515625,-1.9908765586089952,5.791810076167525,10.434104005601151,-11.071033049931232,-218.21259445894688,38.860949231976946,12.09872637221441,221.92223306489095
2.3583984375,-2.5892309349917704,5.013848970967956,10.235669843829314,-15.353003465549918,-228.17780102060144,40.67284898890609,11.688102304919802,232.2823803883642
2.36328125,-3.5698645380945146,4.991709727907439,10.565358890905369,-21.768113430563844,-242.36797881629846,41.520093250125946,12.218343067767563,246.86029664837307
2.3681640625,-3.811606717857167,4.492015923538178,10.461931680307305,-28.39344857891138,-254.92320884768495,41.38457790842974,12.006605153512465,259.8166923430105
2.373046875,-4.304474275122967,3.4926871602348575,10.457267692542972,-33.02461585403957,-267.8207023805455,41.18371252950002,11.835616163849174,272.973720445079
2.3779296875,-4.965444271024887,2.575425574553509,10.456393947669243,-33.65061991757325,-280.46544184755214,41.33941485276758,11.858525544416224,285.48585868996884
2.3828125,-5.30352286732015,1.9797457686998856,10.409193510245922,-31.194810729396565,-291.77864784214614,41.72873086702031,11.848968632189836,296.3936276858971
2.3876953125,-5.597863502404328,1.6436367776290022,10.225226697318464,-28.667765229256975,-302.46904463051976,42.8511875567253,11.772547670741424,306.83153031910007
2.392578125,-5.488256755714773,1.3981055778336857,9.873513058226848,-25.34103793659884,-310.912405956729,42.80270058757463,11.38252702761538,314.8662629738149
2.3974609375,-5.710479481005236,0.9609148944765138,9.88761053749382,-21.338637815328163,-317.6739243331856,42.68684530741522,11.45852414050638,321.23858178518884
2.40234375,-6.086136132777203,0.725978724076592,9.867674565072496,-17.74632396379019,-324.4314402781627,43.184379477513524,11.616329000880047,327.7736750961687
2.4072265625,-6.7206155207535545,0.7272134219466401,10.090651672751196,-14.0993012513161,-331.31234290489556,42.88576945599331,12.145647925065564,334.3738148819956
2.412109375,-7.254189225367879,0.6849837843626414,10.3376793018419,-11.576982830368248,-338.4871819020116,41.794685992917735,12.647532464872887,341.25414960212095
2.4169921875,-7.936707150477037,0.6767031541631635,10.621607502245926,-10.036100009421652,-344.51863727297416,40.33590276551942,13.276588171780228,347.0170021536923
2.421875,-8.6964698502398,0.46662415644796634,11.056138610711539,-8.822511938244293,-352.42261085045556,38.331377185180244,14.074250492966833,354.61081178168365
2.4267578125,-9.321454912074838,0.29957852219222547,11.519381589615794,-7.6518377201889365,-359.32226572486786,35.89576770488193,14.821451385609384,361.19184293844665
2.431640625,-9.961227135074889,0.021938622185612024,11.89814723655378,-6.451738834265201,-367.84883588595727,32.79067905123893,15.517488037772353,369.36380389702623
2.4365234375,-10.529163278318096,-0.29914954221826345,12.112714288245556,-3.9541309309778385,-376.1434639438626,29.49820417830818,16.052121891474652,377.31907541078857
2.44140625,-11.193290682217576,-0.5912194589699468,12.251549379004834,-0.19189979262732362,-382.70256554114394,26.137120111889647,16.605413542922598,383.59410780804143
2.4462890625,-11.645984704698018,-0.8356425429019307,12.165455414723976,4.384869157687085,-389.83887331883597,23.142956689075486,16.86195610388085,390.54983122815696
2.451171875,-11.579613297378325,-1.0906990287648428,11.870010779142076,9.527218744460528,-394.85426597349624,20.264675787034154,16.618490436412046,395.4887057037494
2.4560546875,-11.489139646471553,-1.2592663846735261,11.44749928931029,16.193593519925546,-396.8249615563884,18.048690606918633,16.267492788455534,397.56513657253953
2.4609375,-11.42755776008062,-1.4902761171620673,11.119059701825778,23.27035060045047,-395.41890088771277,15.823268000489783,16.013853000390892,396.41896045286484
2.4658203125,-11.769455662448866,-1.6291205695655662,10.986187131276179,30.56413480609626,-391.6354385246096,13.591315866541581,16.182411072023527,393.0613271638315
2.470703125,-12.125406384394779,-1.6957696909321531,11.027108309653705,38.11361717870159,-386.4736942412996,10.191674434058127,16.47720341879166,388.48221887588625
2.4755859375,-12.298520963795124,-1.7723561038633002,11.181721982432554,45.390573227766865,-379.9273274303805,6.0543335969061465,16.716033337733716,382.677061269211
2.48046875,-12.606302341697337,-1.968866659700276,11.561757771034396,52.51180181083055,-371.93261087707884,0.3828334088896099,17.21829078073771,375.62148890163274
2.4853515625,-12.990122520432735,-1.9199252167135614,12.213701780316011,59.46312609264085,-363.4956418078528,-5.657109575060605,17.93331835194259,368.3706664037683
2.490234375,-13.474357878344511,-1.8226270041307049,13.255455773329093,66.721587325708,-354.18364869948203,-12.435243856745094,18.989138926991263,360.6278726209566
2.4951171875,-14.419448843365254,-1.5753156377455648,14.65700690544955,74.62908799855555,-344.8196640809927,-18.848106918605662,20.62110510451244,353.30631560565115
2.5,-16.287382476151276,-1.3021675811793598,16.364878757798248,82.00272154075651,-339.52643550366616,-23.106532678032274,23.125391350015043,350.0522226730135
2.5048828125,-18.688176575226716,-0.6481191471032567,18.06488960663135,88.18465515681048,-338.792832160006,-26.064753739854215,26.00015843481481,351.0505489465055
2.509765625,-21.38212682198465,0.025736157003105657,19.87174895598987,91.8255897347528,-342.15480138523594,-29.37384043526926,29.190450773345333,355.4780858829726
2.5146484375,-23.633366626507907,1.1650852448368891,20.992873134112994,92.75193301645717,-349.61461171535876,-31.746890506253315,31.632169766799706,363.0993842737639
2.51953125,-25.221502853791737,2.2646508201573856,21.773653010442715,91.12112208257592,-358.92106881438235,-32.63909765071474,33.39677851171016,371.74279175782175
2.5244140625,-26.50250230859728,3.5413869933868143,21.65710029003914,86.58095072132586,-370.0698640918944,-31.803886191263356,34.40863326880257,381.39146885276375
2.529296875,-27.11647769840268,4.489762817785453,21.026839192531153,81.54820177440499,-379.59487866148373,-27.358202203353212,34.60620319186291,389.2182579819004
2.5341796875,-27.789325097949636,5.221733282077407,19.832428340061828,77.34021864926302,-386.0091165537386,-20.1660255347906,34.53749124838652,394.1969254943313
2.5390625,-28.563581649502265,5.833646281076622,18.51555865975896,75.1074162187418,-391.0888564510132,-8.634467007581756,34.53600350450927,398.3292251790239
2.5439453125,-29.55465852209946,6.34013800710149,17.042773388101452,74.09081237550743,-394.1255987272708,4.787466705864815,34.70059531283546,401.05779619407986
2.548828125,-30.619031655789907,6.644672336345905,14.977525471019419,74.21851600598676,-396.06192906614115,21.266215857060896,34.727554466600445,403.5166560510272
2.5537109375,-31.30507886816036,6.621355493281936,12.242108146475514,75.66498761323939,-396.64201318915804,38.41263012050636,34.25959023952501,405.6175626498866
2.55859375,-31.67981578633319,4.664020557946903,8.251864338960342,79.02978852971881,-395.6967871611851,59.34889839193931,33.06746257410088,407.85284918101655
2.5634765625,-31.17755335130124,-3.3682704294631014,5.882491540462509,100.10479003150373,-389.41256846564244,91.9218027223479,31.905936522579047,412.44725151464684
2.568359375,-26.966546282207815,-4.910642670435005,3.726717668495162,129.88497383732496,-375.41558768353224,120.1634559807773,27.662202631168533,415.0255727756287
2.5732421875,-28.921299393586,-4.441144049675201,0.6460681394237112,151.09462933653015,-356.90300100390994,147.62262341084872,29.267434515587148,414.7309707299922
2.578125,-28.957381842051838,-2.263138166299164,-1.7762305718179165,147.30620118624435,-339.86021439842597,162.96198267560243,29.099944201843655,404.6735598435234
2.5830078125,-30.136114852613893,0.8450549837474519,-4.553575690956788,124.58743822098891,-320.7512634311597,168.73173994255882,30.48990960807796,383.24118100642215
2.587890625,-29.73326051724703,3.9165566741325306,-7.648454152169281,82.50020720413653,-300.5610654411552,161.5057236825738,30.9500411645285,351.0375151320436
2.5927734375,-28.6794777778157,5.452906433863581,-10.215092634756036,29.48546320730146,-277.7888973926887,142.48309937507136,30.928865994752254,313.5881019151098
2.59765625,-27.589662435322808,4.084554720868392,-13.062099404240909,-24.639625558990236,-249.76957775345727,114.32814774968233,30.797589214240478,275.794993585273
2.6025390625,-27.555618682624715,-0.6816046838163402,-15.384230011624041,-58.16065271525311,-220.99171901858168,87.0380399334884,31.566615893658454,244.53143314207185
2.607421875,-28.904427503740177,-6.959830031813821,-16.989512074664106,-63.40371731381612,-190.134857702321,62.48736251174404,34.24249821385505,209.94276828785095
2.6123046875,-30.452212528391673,-12.174835166647812,-18.2029334012879,-39.229759793965755,-159.79552812706774,43.6790727161221,37.508807547309495,170.23937927589208
2.6171875,-31.59181880866355,-15.596888268154954,-19.432610278725264,9.77597702645669,-125.75964817517297,26.940646485784402,40.23595756948698,128.9839419037777
2.6220703125,-31.139259538131192,-14.871800489085478,-20.452788091078176,63.64664922901262,-89.61418907777328,12.937809780141247,40.11409322256714,110.67513616009239
2.626953125,-29.273881087613773,-10.706098994639367,-21.041658007179503,99.79555174591422,-54.65507617177071,0.8791445841740365,37.60760616292761,113.78533470888674
2.6318359375,-26.889438937179975,-5.189835886826972,-20.488378899744713,113.3597127647094,-15.977682445109478,-11.622901159470567,34.20160804447697,115.06868664313937
2.63671875,-24.94977550179479,-1.1681000482428436,-18.917906087120944,103.10685930244861,19.28885885041722,-22.403063672421027,31.332777183546817,107.26127806844744
2.6416015625,-23.582645193184426,2.1047810548145574,-16.069058444050153,74.19019602460773,53.260893367604424,-31.541476419360414,28.61443511367349,96.62180231810065
2.646484375,-23.213541148922435,3.8552853135058673,-12.365272777948418,37.686787737902684,79.88155651598878,-37.64226138536493,26.58254480658918,96.01196219025512
2.6513671875,-23.78063485607884,4.054335054367509,-8.337661300449062,-1.961345766215055,101.09285809007343,-41.700598951528576,25.523965656853385,109.37345558658463
2.65625,-24.523654010145094,3.1284078478958666,-4.42592985337337,-35.551766073022584,115.00411331495432,-43.73521801755225,25.115441400442553,128.07280525276474
2.6611328125,-25.25891484776743,1.8512360047841159,-1.3975702237729881,-57.72086377370827,122.1594608939302,-43.02573516006358,25.365193801005184,141.79508414166756
2.666015625,-25.913895189616383,-0.14737704682079386,1.8490600706330087,-68.45357315495737,123.50011562314994,-40.00441641029033,25.980198364084178,146.76008847415025
2.6708984375,-17.696737485899522,39.3866854654629,7.018712226147897,-177.74022577016498,101.93772690470014,-5.956119374490965,43.7464036340546,204.983812486083
2.67578125,6.600100290819615,20.23388429241183,-0.3065448760024826,-338.1984771228506,198.0307841724969,-64.00734748138568,21.285332207146563,397.1036916723291
2.6806640625,14.861265430807164,-7.283184826715037,2.2635508539953166,-311.13398212081466,201.2879133865941,-106.88272158305189,16.704061000056814,385.6748566848565
2.685546875,-4.011036483167013,-8.658224690484996,18.950660946817326,-294.84672085671093,190.83828178122252,-66.98898738343098,21.21746494710073,357.54910575167435
2.6904296875,11.159510045284033,-18.09327143219157,16.98694851025271,-224.7955131889558,209.78388987371517,-11.064608299359993,27.211349750788393,307.67633766224424
2.6953125,0.8445081914826833,-16.441384967548043,4.86559816344873,-135.24270058129576,215.05667012315178,76.58013907521743,17.167014278107647,265.33841999559695
2.7001953125,1.9065195877638224,-17.661334232462522,-1.5373664931205966,-54.903154332822005,253.75989635341318,135.9278604368814,17.83034042141231,293.0611277463065
2.705078125,-9.884171573014365,-10.242005217645538,4.043338911048437,-14.853224692302936,285.316156391838,151.54061518246988,14.796760054574856,323.40452289949997
2.7099609375,-21.350885146520042,-13.90706761491976,13.224055108616692,-12.25711122229876,279.30010719795075,123.92696386417909,28.70788149100472,305.8049689408204
2.71484375,-19.67886867513513,-24.488128661161213,21.343777849471376,1.0312106320172352,253.87183978901024,83.59631835962385,37.980036473736895,267.28321847154575
2.7197265625,-18.418192744822576,-26.611029961672354,22.26161479658494,6.075036046246213,224.55148299153305,43.48637491623738,39.280481577470354,228.80415070539152
2.724609375,-11.301592347134228,-24.423691307239068,13.441408522917031,26.887637889160303,215.90260616664693,7.15161836306329,30.081790999407847,217.68790978375387
2.7294921875,-8.518703140816337,-17.177815285344323,9.853946719697364,45.23874490297859,227.11942436755152,-20.292515140151373,21.557966210507836,232.4684132009293
2.734375,-11.770848756237113,-9.130642588316434,12.761552464557623,58.42521627383254,230.17062611127565,-36.07552813771777,19.61577772670366,240.1946434696578
2.7392578125,-16.625576854294696,-0.4405346246844962,17.3726743896412,63.62209283405918,213.60787252309282,-32.993435026288886,24.050232679583388,225.31014325871232
2.744140625,-16.870685683890933,8.31186388433662,16.087315791454923,60.67324690117882,190.3605888985831,-18.84660210972864,24.748916058089833,200.68281218487346
2.7490234375,-12.845519650798268,14.34832793493169,12.25865801679279,49.3442787417566,175.68773179684473,-3.043617872627986,22.82885424194705,182.51109708239335
2.75390625,-10.690193049725377,15.368342026632046,11.071246954473775,31.446283674120092,169.65019098351476,8.039091124873687,21.74945225091626,172.7271925429528
2.7587890625,-11.30524996622014,10.859022733184487,12.432920421741354,12.20671056703804,161.84455990968988,11.475224927846098,20.0076125945074,162.70939168460222
2.763671875,-11.831990317459233,3.339044884610254,13.20428384065802,4.233080019548144,149.1806435392009,13.120513950149071,18.041572197526285,149.81632507686896
2.7685546875,-9.51040363673643,-2.4987694002625176,11.90563345154271,3.2266593592709705,138.9984937256716,9.23201620850289,15.441364374038669,139.3421067441583
2.7734375,-7.503269926087069,-5.181317988713714,10.786824229640414,5.102792381179397,133.30439055340608,-1.0441884055530763,14.12447141117318,133.40610690791758
2.7783203125,-6.897574003608,-5.0623146587049215,10.375335975322717,10.12514297086826,129.18971259440846,-10.598850040154138,13.448091070475892,130.01859860258477
2.783203125,-6.302306153354421,-1.2500539326287727,9.969823437467467,13.050702403269357,125.65356864034413,-15.619648592766548,11.8608210954961,127.29145127397162
2.7880859375,-7.225844444968057,4.556076719562889,10.239967388744304,7.203294301484653,124.6819773356113,-18.114790909029768,13.33520135355914,126.19678510480985
2.79296875,-10.007483544896495,7.44190993712064,10.668307391182704,-1.2492230321736588,118.15293809949482,-13.913857540477224,16.411719379953844,118.97593358063581
2.7978515625,-10.89335128858276,6.929043162300405,10.792549830901995,-9.206559562653736,109.16431192393965,-6.829400854403192,16.827236056286615,109.76451363185647
2.802734375,-10.651826588974682,3.177719930365337,11.149844530263344,-12.889639514864356,99.43369458086336,-2.6315634943627533,15.744152777665507,100.3001871944835
2.8076171875,-10.018245256387265,-1.4976561219118536,11.463842020295775,-13.11310449987859,89.85732355793844,-3.647448409919398,15.29796998764624,90.88231943851234
2.8125,-27.137218534914314,2.330398407081002,20.015617132166387,-27.1094620098121,83.00920208001537,-27.66486822618193,33.80065555176253,91.60128544073103
2.8173828125,-21.33074531263626,-0.648438118406531,15.795898374624386,-20.096107783323774,29.731697498982456,-12.606975555620531,26.550547509371963,38.03634073974493
2.822265625,-3.338878598591227,-1.102403165565864,6.638549530377142,-16.589151266058295,24.51691596934637,-7.025877289865439,7.5122395397677995,30.42436622295363
2.8271484375,-2.034487674640031,-1.4122670609509793,8.356829562511768,-13.920760914703438,36.512723024567165,-9.330309079726156,8.716090791552137,40.174882633759026
2.83203125,-5.5887542647487765,1.2061038886519535,10.687124247043101,-16.876735939577564,32.49334067328749,-11.703443369897617,12.120374808301333,38.43971892192955
2.8369140625,-5.762555158637834,2.158070514973677,8.130521214397831,-18.206570669060685,30.509611860683208,-12.304527468850834,10.196552629281891,37.599428554816456
2.841796875,-6.644266212075069,1.1403584123511386,8.730896188627124,-16.886460255809162,28.292767114121613,-10.649275757280678,11.03064998366488,34.627161089230945
2.8466796875,-6.726071151182489,-1.3455042655229446,9.643673448155171,-14.975755139216782,22.61920433850074,-8.12997675374795,11.834308278643194,28.319572188031206
2.8515625,-5.1934261355285765,-1.6274059070316078,9.091310775982961,-12.009805915452784,20.56835995573879,-7.58119217016295,10.595850916133946,24.995346449221778
2.8564453125,-5.453831145690855,0.09466323464325685,9.062888650101124,-10.731077669535136,19.54358773551724,-6.663906418746877,10.577768478173104,23.270485561828558
2.861328125,-5.750931673533832,0.6193524629178573,8.877024712336592,-9.694228165262217,17.955494278708482,-4.703058366575016,10.595205535071587,20.94031022960996
2.8662109375,-5.151239727519748,0.007510253799478358,8.937416549153218,-8.492143043896622,15.867418975354274,-3.782603679110752,10.315655175865839,18.39020307149045
2.87109375,-5.2483658852301645,-0.4202883485137599,8.994366525074927,-7.140326267811067,15.720676517239577,-3.2957323474457376,10.42212147062836,17.5779913834454
2.8759765625,-5.147221942741121,-0.3339253140806643,8.95699402203433,-5.914348860797257,15.00970999984135,-2.1949579533467256,10.336011888246755,16.28154652186061
2.880859375,-5.3725249010449785,0.0031024735269773182,8.870618370854979,-5.223533418149673,13.994267109175656,-1.3368995347169221,10.370723394201592,14.997070169183322
2.8857421875,-5.459518592512184,-0.16024578024563688,8.82826919397284,-4.531604155816462,13.105653522364177,-0.9077180214241023,10.381250355006502,13.89667379194344
2.890625,-5.436134204418461,-0.39594294908789635,8.744232294583782,-3.65720250050321,12.590591813761682,-0.6023487193250242,10.303879091343353,13.124822144704366
2.8955078125,-5.339105747004716,-0.059492144992118266,8.790949208033146,-3.4257195422072106,12.335645559839515,-0.35759228554882666,10.285444933070865,12.807481329384506
2.900390625,-5.223495830407688,0.13740913477953695,8.560572352933594,-3.0776914839951535,12.016306956001449,-0.11258631181065674,10.029316475733447,12.404696425512082
2.9052734375,-5.213735199217266,0.1999055858293809,8.555774998302626,-2.969368989841144,11.45047518203874,0.010973728253770744,10.021191685242988,11.829228821653045
2.91015625,-5.218678955810556,0.1614359721577684,8.518213222599766,-2.5582097584637964,11.509080442738778,-0.6024795305857269,9.991027380735174,11.805352658455673
2.9150390625,-5.295325505209884,0.3298718577312679,8.423448950027119,-2.9221647556255914,10.824513150643714,-0.3548476715555505,9.955088139356796,11.217622238134402
2.919921875,-5.280676671565348,0.4212144689158771,8.428015857155929,-3.3489309935579166,10.01805479409436,-0.8416730346071778,9.95461797493557,10.596469891160671
2.9248046875,-5.299956462280621,0.40682196909842655,8.41855718127451,-3.300635567310919,9.454776254066433,-1.2077802280641823,9.956261729735708,10.086908458093546
2.9296875,-5.319763862769366,0.16160711017668172,8.428413920517231,-3.661773526015937,8.958851955519672,-1.1443290061734661,9.968157584491486,9.745722271392705
2.9345703125,-5.343647949140722,0.21936248994310398,8.44699551281424,-3.9099122194741995,8.146920153249113,-0.7743404816343895,9.997721065315524,9.069692647984715
2.939453125,-5.411084502597984,0.1617858676563552,8.465639742320963,-3.335520200462052,7.3879596354657835,-1.1413139297757593,10.048535535489416,8.185978259759937
2.9443359375,-5.449617422613876,0.1281986362381683,8.479654427489164,-3.7605210493256624,6.579290200411303,-0.9545360187024906,10.080640066624074,7.638044063413747
2.94921875,-5.238091072370413,0.132599746548423,8.424130561291397,-3.7701858717446037,6.015557267647044,-0.9531340778328106,9.920743746761884,7.163078620130453
2.9541015625,-5.339138988045189,0.12316357250522333,8.386086094900165,-3.25746228466698,5.005078896894257,-0.7681754513433707,9.942233873246714,6.020960789127484
2.958984375,-5.2381864069309625,0.10854870869441513,8.391261411555748,-3.1953084316372475,5.127789839997821,-0.27881775023997224,9.892605709972479,6.048302568020704
2.9638671875,-5.213943315538573,0.14218670307411443,8.49476074062005,-3.026191546463181,4.686580118838897,-0.2170834220410509,9.96826875623647,5.582919818366218
2.96875,-5.233165744206013,0.19990743788110868,8.386380179554743,-2.327983263563765,4.2377022221289256,-0.2176395235746102,9.887232130686531,4.839937309624084
2.9736328125,-5.151574745959675,0.12281698851510982,8.41042010866277,-2.02631877595189,4.607475638769243,0.27050316625017234,9.863517262116819,5.040632054274401
2.978515625,-5.12250641255814,0.25258650941086136,8.33031070769703,-2.0874612336816183,4.483226962024497,0.20977940297725436,9.782532820195772,4.94983088529906
2.9833984375,-5.165672520954638,0.27672147225641414,8.377100184031612,-1.9724039904476451,4.292792371121044,0.4548306979728874,9.84563633597423,4.746084155059551
2.98828125,-5.155866107666952,0.35845343639778715,8.372260904603717,-2.030949345284225,4.357292156407707,0.148636346234565,9.839014017726065,4.809661416651334
2.9931640625,-5.1894709103811065,0.4162087926915595,8.301442008136526,-2.2060027026495486,4.422094119577957,0.27147040499575104,9.798866133551334,4.949248479041198
2.998046875,-5.24725207367666,0.3586207998952953,8.353049773724353,-2.0970251268162747,3.919581463414542,0.21117085463937857,9.87095252369993,4.450306322118829
3.0029296875,-5.285542271945793,0.4933167725710885,8.230308314601972,-2.6926072222974686,3.55389881681324,-0.21490981971337095,9.79378851619904,4.4639127102043865
3.0078125,-5.32405941824388,0.45492541037258816,8.267848877920695,-2.9991089850610106,2.87040292338155,-0.5186270261697471,9.844282141737331,4.183639759719365
3.0126953125,-5.3339474892579295,0.3731792037535085,8.202141966494718,-2.777242084959384,2.052149727441988,-0.3333720545708866,9.791087343845366,3.4692259985591294
3.017578125,-5.242922894005379,0.21432170574642653,8.235808215119494,-2.7271007472207196,1.550490453692284,-0.3935210482536705,9.76538331158944,3.1616384910203412
3.0224609375,-5.300530143126321,0.2480948041468153,8.249592202799858,-2.9070145739393145,1.365638711680577,-0.5150787762574256,9.808819620246444,3.252846287436129
3.02734375,-5.30550013773305,0.17116555827430993,8.268551229373944,-2.794988326534727,0.9871274586049792,-0.20827018298529473,9.825811355435548,2.971490675421689
3.0322265625,-5.223838792858413,0.13734931637316888,8.264278351347341,-2.6242252834092636,0.671773035105242,-0.3304083144027234,9.777814338441335,2.728920483085828
3.037109375,-5.1564746829130685,0.18049265735167438,8.212744009706508,-2.5102865915696717,0.41864815111514614,-0.08512295824460221,9.699019173290226,2.5463799724838636
3.0419921875,-5.156397911207662,0.18531292960672202,8.269170481190374,-2.2790020115023655,0.16425268985866423,0.037303085498051905,9.746894928518334,2.2852178527976954
3.046875,-5.161132435824711,0.21417615724208544,8.273789683210593,-2.627716740525791,0.3561141926910981,0.4051009385199379,9.753909737559342,2.6825024430679
3.0517578125,-5.180461221175801,0.19977511193801087,8.222003292816852,-2.5711913529083548,0.23019249239844863,0.3441111299927606,9.720001373793488,2.604309126546271
3.056640625,-5.166175855172041,0.16126851476966075,8.179822398422331,-2.571191759828585,0.23019095204530599,0.3441719696422278,9.675994779357326,2.6043174316702165
3.0615234375,-5.29600373483058,0.16151269375618543,8.183958743097062,-2.157185619304588,0.28511749937380837,0.8328779233375168,9.749406270040174,2.329898585725719
3.06640625,-5.190476443038515,0.00744844250548322,8.274114433729649,-1.8533739832177922,0.7801798869620293,1.320640996778977,9.767398366376115,2.4057781319278053
3.0712890625,-5.180435675416083,0.1853589216030156,8.273768609707384,-1.4370444122177128,1.023922275606184,1.502611307109624,9.763530033953947,2.3176182190823384
3.076171875,-5.0600621869287705,0.2284231085551949,8.32122982718311,-1.1852387432670475,1.894928180140094,2.1732612574811343,9.741625751839898,3.1174682323479703
3.0810546875,-5.093799584340013,0.17559705253700555,8.363525903664435,-1.2338353885303392,2.5227370217325866,1.988122464670908,9.794191853927927,3.4408113550933215
3.0859375,-4.939735596193658,0.24263782386413565,8.387566249415256,-0.7480705414841303,3.391889331800881,2.1683317760156924,9.737100618880454,4.094653277763619
3.0908203125,-5.050529350569733,0.2043559526991027,8.297808816577277,-0.42997345554626926,4.828633428395006,1.9804567845519618,9.716132936144785,5.236677098482014
3.095703125,-4.997655221435939,0.11772933324157461,8.458133069353352,-0.34706705529997484,6.1407357360982635,2.650379883901781,9.824990225294892,6.697283363458657
3.1005859375,-4.983835217136863,-0.08429241818396586,8.350465424269087,0.7513575623543686,8.441735615644543,2.8258110582557197,9.725018842411075,8.933792393374102
3.10546875,-4.9689151722998,0.04555255263465625,8.510150101682555,1.4183187631506262,9.558224352501178,3.188504465749051,9.854686589523295,10.175354618624027
3.1103515625,-4.9160707826929615,0.03102397582535252,8.496303199030619,2.4507733733239903,11.357160488385034,3.916231876221573,9.816103222632764,12.260842409665903
3.115234375,-4.859279243910757,-0.2768836690847395,8.342024257998704,3.2074796653625435,14.289055961680614,4.274759773814811,9.658086148795038,15.255773241746214
3.1201171875,-5.088955335952049,0.06022908690356033,8.631873967865342,4.005351387565695,16.154762112718366,4.818828633428169,10.02049610305475,17.327443205930365
3.125,-4.939811521096633,0.1512938236407306,8.51004545634736,4.5061884284269,17.83639233941473,5.487035860857533,9.841011195712014,19.197661013164012
3.1298828125,-4.853140535620146,0.16076556866922215,8.590354666726967,5.543906224726723,20.076618265150593,5.356276844513852,9.867776442882494,21.505701542340287
3.134765625,-4.963451770066294,0.3869463660528425,8.373037624394295,6.042165456756928,21.6976973481562,5.412488205285601,9.741321266825059,23.164474140186453
3.1396484375,-4.963414913208512,0.32927021073069607,8.523661939273325,6.414388515002731,22.7555589447642,5.898622764297005,9.86897762320657,24.36705959744671
3.14453125,-4.583723856137681,0.13144295450180454,8.765606941142252,7.753689271279409,25.493711939606488,5.398235895902971,9.892606667922013,27.18804878182697
3.1494140625,-4.703624307762014,0.27112278840874826,8.750668993827539,9.215267177044803,28.416137991935845,5.4485644895544,9.938400124491814,30.365850926952337
3.154296875,-4.367172649402031,0.1695209416855237,8.827607681480963,10.914423601443003,31.45988647538652,5.620250947191729,9.850258457395766,33.770346760217805
3.1591796875,-4.156481110057459,-0.3117186331530187,9.050624100430792,13.99413096570331,36.11194217947528,5.8456778752843785,9.964301296720103,39.16733357379095
3.1640625,-4.084442626680236,-0.39358665081359506,9.140475641852365,18.215104292950134,42.252489543410675,5.452292736339889,10.019275272275816,46.33346946972376
3.1689453125,-3.4262728593210094,-0.8083197808217006,9.464062077450738,26.29867925374196,50.84468008962794,4.1241345378310905,10.097583749612012,57.3917285816862
3.173828125,-2.6022022155553524,-0.32405243735854733,10.016853084853548,34.885319065733405,61.37130489097915,2.728051797617761,10.354410271779809,70.64605308826552
3.1787109375,-3.561644090141984,2.8371172354517826,9.638907719413911,20.14602276958589,68.83470579852975,8.931561042073547,10.66035106626034,72.27621834636275
3.18359375,-2.7153054254359716,-1.593298903550873,10.465929889508221,20.624966130715727,79.3464501338792,10.925291069811031,10.92918905507449,82.70798245454571
3.1884765625,-4.213246525130017,-0.20088859306634624,9.63331299514467,26.358225846187338,94.73308216196325,11.302565506285978,10.516297911849374,98.97909331110174
3.193359375,-4.170265642006191,-0.27312468212140095,9.52548829872905,23.390995175534094,106.47937654158397,14.894103614464017,10.401953660063347,110.03104383066022
3.1982421875,-3.523007328797387,-1.3321877057620135,10.057372727846486,26.204402601634992,122.84340389294019,17.050488430887913,10.739508876525678,126.75918803559941
3.203125,-3.515013753313859,-0.06262436526523465,10.195719063131781,27.055584857698072,138.17495201386566,17.989729157597715,10.784800911997369,141.94348308812877
3.2080078125,-3.8082931671752,0.06771929064683903,9.968407859366552,24.811150161527205,151.23302280069416,19.494509927153157,10.671309104330165,154.4896639748854
3.212890625,-3.9012576343118375,-0.6341934322217312,10.030679333209362,28.044374788405804,164.83960600592948,20.12654092468594,10.781305130846775,168.41514277242322
3.2177734375,-3.8772836773508166,-0.48043032986838047,9.654202534486561,30.67981047250158,177.8906209137644,20.82291922827806,10.414786056054885,181.71383476472187
3.22265625,-4.140997290842859,-0.061603281088136966,9.449903796766634,32.24477989157348,190.20477025947213,21.829803473738654,10.317574099329414,194.14973803592073
3.2275390625,-4.0499118320289575,-0.25890521931989136,9.615340117912485,32.93498274844287,203.03482332568322,22.347409722179712,10.436646173121732,206.8991524700442
3.232421875,-3.789300919197727,0.04360658233473532,9.808639526792534,34.754780280819716,216.66416103417484,22.30881137139973,10.515232396709667,220.56503914676867
3.2373046875,-3.823084098706233,-0.028454986774983138,9.850977528070784,36.781146997513,232.04444939832635,22.327035824221685,10.56686045950302,235.99994872821728
3.2421875,-3.4327324077912498,0.27379744391689836,9.964891322031976,36.6741049888028,250.15384564814582,21.118988690914296,10.54313406363136,253.70839196331892
3.2470703125,-3.209217991613019,1.0525020405179244,10.363920663962274,33.14470720221855,271.1977180871859,19.238459147933053,10.90035284712799,273.8921178522745
3.251953125,-2.970371973025999,0.5662798995964279,9.994485501986722,33.01974538172952,295.13285615200385,18.20075966983256,10.441911847561638,297.5314672737535
3.2568359375,-3.431159464816537,0.7403393437601505,10.363636393878457,34.55520149211382,319.9222427853696,16.665964774767616,10.941933874843212,322.21430409101225
3.26171875,-3.4780169017573823,1.4328347886651973,9.999780086392777,34.83870964664347,347.55622256716356,12.862385314900333,10.683876584682958,349.53469712031136
3.2666015625,-3.6163194947868837,2.178362975119989,9.456692655567414,33.64845851409307,375.21667344681083,7.654409301704248,10.356257428318974,376.8001602635319
3.271484375,-4.72587729870975,2.156625527799283,10.571229226101023,32.161734065855484,402.56636284407364,3.303729186993596,11.778617799232139,403.8625610998996
3.2763671875,-6.325111724350365,2.4099395949459614,11.814713593391458,30.969825478530034,425.82543362793757,3.3097544050507697,13.616251483821516,426.96297789013676
3.28125,-9.826252956810402,0.8830239186993553,14.568186930273415,29.5797375374435,447.45408231242084,5.156647999489736,17.59451757928047,448.460374692598
3.2861328125,-7.413868344818928,-1.030949163415159,13.012077507870629,38.893580475072085,468.34071377370674,12.12491257010052,15.011411029036788,470.1092939786115
3.291015625,-10.008865921693042,1.0804685334672597,14.261259414101493,46.986252156729485,497.4647056630525,15.460294039169634,17.456469556200066,499.91785521617527
3.2958984375,-12.812128523924404,1.956644446304504,16.76325152883354,54.29146610280454,504.6803779798814,17.44212721267991,21.189282588652016,507.8917945893704
3.30078125,-12.736620336918126,2.158139923794328,15.112366295279655,65.04116415852216,517.5481479430664,18.181027532128724,19.881214263222855,521.9358085402055
3.3056640625,-15.6126013810673,-0.8513078091015059,16.79481237403485,79.01535842768034,519.923234768299,14.771665507237744,22.94654155965504,526.1005597994022
3.310546875,-13.503911814718169,2.1975533601736745,12.682156042543477,91.78903869722309,539.3075814073555,5.387481067475084,18.65534660514024,547.0894990224764
3.3154296875,-16.529266778852772,2.7278920848622894,15.122797223512974,83.9582163990902,550.5425639946426,-3.562165726583122,22.568939969272634,556.919011971557
3.3203125,-17.018871781273635,0.742873843400072,15.811655542133652,82.66207125494472,550.1825486820072,-2.2721170267536994,23.24225267132525,556.3623076864302
3.3251953125,-20.241717749827668,2.7348153130685353,14.951391188805342,76.07480303506435,546.7729311327878,-2.490244239777432,25.31304902102804,552.0454829022134
3.330078125,-27.390937917967232,5.59098815206612,18.441251972700528,63.46553952998453,530.910856168641,1.7420038785462266,33.490332976294965,534.6936005630367
3.3349609375,-31.528704934446004,0.017538177877643234,27.89796482800902,61.32612950541063,483.37787833334124,8.775036172454874,42.099358474635586,487.33157981192306
3.33984375,-26.97665164313351,-2.0639085173752334,26.53497249031902,72.12886905825029,439.9760597831621,13.814698386811186,37.89596571279137,446.0631713395059
3.3447265625,-19.380525560437857,1.2544562488897808,26.697220817165434,77.16684676657327,407.50420992088254,15.959462603789854,33.013936918211606,415.05313851329964
3.349609375,-13.202217155471258,0.01217969251991086,28.57048349957392,83.14830603279835,374.9556153390427,18.836686118769293,31.47334131554124,384.5259094187817
3.3544921875,-1.834362629380784,-3.4428861919345226,27.574140045627175,86.73199116976097,350.9766674897473,16.864095264893077,27.84872619784507,361.9274196901687
3.359375,11.547824409319489,-11.125645054150754,18.238505851993764,143.48641812530494,353.77046066315125,-3.3012043779583995,24.285290242709372,381.77583602762644
3.3642578125,-14.408540230360854,-12.073618088241043,12.455498733176903,152.35849000575516,379.79422120666936,-67.41953730488213,22.55033778023735,414.73142387479953
3.369140625,-29.408079230916535,-0.4846522907617876,37.25799138723291,141.35907961009406,292.1424682234777,-106.57780982544502,47.468178120778205,341.5968979295733
3.3740234375,-30.495321880571076,1.8655997835232154,44.46259359666908,129.30595289288496,168.24458264637292,-131.173320609592,53.947820609311705,249.46484538534884
3.37890625,-23.568587015114932,0.8755346486342566,40.172859152310004,116.75872787304507,73.97389170153762,-153.8070819565521,46.584369345106964,206.7881903010715
3.3837890625,-17.11654944324306,5.820833766483439,37.30248912431382,89.16637154173135,3.3220421593186384,-167.0955764431113,41.452793216495905,189.42705573619102
3.388671875,-7.592313382168469,10.40853504492402,30.561574359283885,46.42586286827492,-52.591693253171506,-175.0505428711266,33.16610697070888,188.58403830063583
3.3935546875,0.3240287591094085,10.555675499305806,23.08969509948002,8.73321095649315,-85.79285542241125,-177.9889847703075,25.390181166551894,197.77957860887994
3.3984375,3.951253278720632,9.211137617625258,18.852190596717612,-23.931809055409623,-100.65871860893992,-177.92575225789406,21.35093789458439,205.82148195267624
3.4033203125,4.2781123689716,8.18098215993829,16.70657461405603,-46.77780053916876,-109.41469123271744,-174.72009420110257,19.087701534700237,211.392640833297
3.408203125,4.892722413521817,6.775215525458967,14.671206401389378,-58.00772033918317,-117.10247204763796,-167.68923555000822,16.88450696065383,212.59718788818176
3.4130859375,5.2582726044904025,5.499875733638596,13.22234863104397,-60.77122980295186,-121.9800764771868,-157.99339576935657,15.255443854226964,208.64849516801232
3.41796875,4.885227725792386,4.581970142645889,12.710098643111069,-56.247480690453074,-127.53490413440494,-146.5398079017285,14.366854486579966,202.2445207081523
3.4228515625,3.6804502026740282,3.51663799797582,12.641334814214554,-43.874380107338716,-135.53412218324618,-131.85516887918206,13.627758523992256,194.11400018016207
3.427734375,2.5392878501787925,2.8070903614349594,12.793112980187475,-27.24033108456016,-145.66801620957938,-115.89071415006666,13.341344715101545,188.1272553625423
3.4326171875,1.3031844538888184,2.6266947574097004,12.919803013800669,-7.3404094579023,-157.863972507107,-97.23543346120358,13.248363105866096,185.55227012117757
3.4375,0.45285257386510336,3.0754684157819825,12.684662111236612,10.59386031491539,-171.34371200154396,-79.49035249939638,13.06002428429482,189.18143053513015
3.4423828125,0.055785030080266224,4.08601884114701,12.37501871453537,24.98713825257675,-185.58780419326598,-61.122285456856844,13.032258059326866,196.98508553390766
3.447265625,-0.3889807632201996,5.298616097493918,11.98477285608553,33.0276998572534,-199.41576151453006,-45.433172171040134,13.109592632677094,207.17540402230213
3.4521484375,-0.887142428178292,6.323756699708396,11.547674078581995,33.56397351083269,-211.3055220158015,-32.852346800660264,13.195669634775472,216.4620997831193
3.45703125,-1.3658886296117223,7.406575403187347,11.148158122508345,26.680180662255133,-223.58420086959188,-20.986467313787703,13.453789075054328,226.14632150220189
3.4619140625,-1.8792644215255772,8.066282524639146,10.782339136476319,15.747916243023942,-234.79010556539356,-12.235605910418247,13.59615334524069,235.63552488833471
3.466796875,-2.470694273354668,8.211602796855711,10.511367383772832,1.6295130200970505,-246.38287321083553,-4.76144514489415,13.565529660221873,246.4342648338034
3.4716796875,-3.1545845658492757,7.823339126226349,10.391658771353953,-12.61581081542298,-258.40938259564575,1.9181119126776962,13.384416718232291,258.72426799452523
3.4765625,-3.76701953887931,7.112761625295268,10.3529196015377,-23.666052232278247,-269.29181490750534,8.280513359608635,13.113533407151369,270.4565223948901
3.4814453125,-4.687602301138384,6.1911890142992245,10.407359821115246,-31.388163331409338,-281.66473682301205,14.821838939320196,12.985283023122031,283.7955737435646
3.486328125,-5.4016619286787355,5.192275591473993,10.406433364707311,-35.331944576619556,-293.2164012117509,21.290280858604756,12.823085930603733,296.1038336566652
3.4912109375,-6.076957628833257,4.294286039367979,10.45248551841529,-35.7015793386287,-305.7004545465472,28.48656171165278,12.830618072533637,309.0936021262649
3.49609375,-6.530731858792896,3.607441406838256,10.343840427512433,-33.060523578161096,-317.4760757887916,35.24482759673011,12.75378872747484,321.1327681658101
3.5009765625,-6.815630240483882,3.170339349019898,10.21657265280123,-29.290829035758314,-328.64311576570134,42.30475208336249,12.683935664174122,332.64687320734726
3.505859375,-6.955930067445301,2.9829840799745924,9.868344829627338,-25.090662259213858,-338.5607610180232,48.44216537093159,12.43653435652409,342.9279423137369
3.5107421875,-6.922508971070131,3.030948085803128,9.5626867884908,-22.850663505469644,-346.0676183717327,54.14983869377121,12.188221993718221,351.0230111241781
3.515625,-7.01853789750236,3.0984497031190577,9.548011010037804,-22.95113080574544,-352.53050039426154,57.77870837441485,12.248460271774512,357.97051171137906
3.5205078125,-7.259070756479786,3.074848140744334,9.50938927217944,-23.739629302609853,-357.7894271032482,60.36554395051395,12.352217763060217,363.62184071193707
3.525390625,-7.783502869445437,2.8738904121828606,9.672149332169436,-26.81909762144717,-362.6330922024056,61.365087130428485,12.743336914783647,368.76509796350325
3.5302734375,-8.370019087364488,2.798103417174884,9.947237914075167,-29.19841516344325,-367.6719858944777,61.444679569712804,13.297899998694007,373.91267069607375
3.53515625,-8.779327977307815,2.3997977583853625,10.270836166694,-31.401915609217276,-372.71260439125916,61.27888145454169,13.723181284868339,379.0196130655556
3.5400390625,-9.130855838381843,2.0110112491320713,10.641696132912742,-32.837519292253035,-377.3848559449598,59.946722619564326,14.165535329478287,383.5247602472285
3.544921875,-9.857405672394533,1.5556401374658306,11.19448569851815,-32.094534340594166,-381.90041889181856,58.363614577898815,14.996832094871836,387.66519135832095
3.5498046875,-10.90677432807571,0.8411893705401411,11.727622589619534,-29.361971522815757,-387.0725005836989,57.022195616893235,16.037532771758737,392.3503241655287
3.5546875,-11.960518100074149,0.39120173517603685,12.090851166539252,-24.52358803621072,-392.8376237137187,55.0646606358527,17.011634664288135,397.43543101509283
3.5595703125,-12.499458776828954,0.22871167434384823,12.102965865923194,-17.93666261504683,-399.50535903627053,52.92133904167772,17.400303488598396,403.394253665604
3.564453125,-12.567634692320764,-0.054917358213377475,11.948088774354247,-10.825720770679704,-403.04940299160154,50.95277424499847,17.34085589109452,406.4015288915052
3.5693359375,-12.530015895316467,-0.2522199002939631,11.61947086760187,-3.494955832358104,-403.96411831021896,48.487477887556096,17.09026086571051,406.87867861356284
3.57421875,-12.612457921703175,-0.42523574754799026,11.37493122951175,4.419270893985671,-401.69236894316526,45.951554385945514,16.98952561856415,404.3362889636434
3.5791015625,-12.804900459774636,-0.4152785399872905,11.270602913541648,11.954533473893902,-397.4085595027811,42.86036562105536,17.063540725337287,399.8918415994811
3.583984375,-13.00242269610128,-0.5832142340652932,11.298327634695681,19.417198601857965,-390.3007281368685,38.59890512210658,17.2352935035013,392.6850665130253
3.5888671875,-13.26171162069032,-0.6115031858484351,11.682909562461171,26.53050260740203,-382.87200338794145,33.60228962015948,17.684380314314158,385.25829311594873
3.59375,-13.6837376852574,-0.4518854745889802,12.334444582763272,33.612335353497855,-373.6213931270034,27.192597587487075,18.42789734848597,376.11457277488444
3.5986328125,-14.220501978542377,-0.24867290703880884,13.47450176466754,40.715183287262,-362.98952790781846,19.799154860174035,19.592006342956594,365.8020367002259
3.603515625,-15.424508359616969,0.18672434288153353,15.137883106441368,45.89616239830226,-354.7737222248577,12.905925356604287,21.612631238708563,357.9628676461877
3.6083984375,-17.60396911721133,0.7442444369208399,17.154175446440245,50.19671478653208,-349.9913958130673,6.451881742029065,24.591042346937456,353.63160788672826
3.61328125,-19.937385678237284,1.1818669270674034,19.348775147660938,54.24739355162735,-349.7196959741183,1.2340798479751378,27.807755336071597,353.9041797046851
3.6181640625,-22.549951504014036,1.6872649936200312,21.189279727693396,55.328347039152206,-354.60372629964496,-3.9017022671371917,30.989236056581305,358.91538274676907
3.623046875,-24.782414408515752,2.494823366036054,22.598098912067822,54.65129414849798,-362.85156656898084,-7.003761013222164,33.631328876253605,367.0110025353457
3.6279296875,-26.08299456451113,3.415825934933685,22.914921143612514,52.869796042665314,-373.84181161479455,-9.544170300488634,34.88673219560787,377.68241504172425
3.6328125,-27.173815772847334,4.028474020683632,22.292721861540976,50.227527947038695,-383.8869777178734,-9.940372076313746,35.37810501691684,387.28649243428197
3.6376953125,-27.79457012805132,4.32277924658279,21.3064311832942,49.27573196984364,-391.8375875785086,-7.284044553662579,35.287229400822916,394.9909493970324
3.642578125,-28.190047245382342,4.621340819477827,19.681497764981625,49.84173006427119,-397.3759171581143,-2.187521993990631,34.69001165954888,400.49544672258935
3.6474609375,-28.657545822291592,5.05464908106487,17.872535924250773,52.51711031535146,-400.06675484388154,3.754072467068219,34.15013836360091,403.5164783094703
3.65234375,-29.423562364150353,5.478835446176706,15.751890415333106,55.533717721369115,-400.26277226386173,11.464896007271967,33.8213795061643,404.25947670372096
3.6572265625,-30.743104360431012,5.778986125206448,13.426871133729712,60.99137419306243,-398.99679856907784,20.819655756983156,34.04138679304157,404.16809752894983
3.662109375,-31.904382147651354,5.828808237513404,11.253588090738031,66.04473004856222,-397.3501349530857,30.541740283471693,34.32940213008493,403.9577131507281
3.6669921875,-32.45016806340057,6.036101880989321,8.744024194428226,73.26276533140108,-392.91684048982,40.25158922175102,34.14536414175973,401.71042650071104
3.671875,-32.728073674759216,5.781185562376635,5.9732694971705405,77.72723339930918,-387.88001490162236,50.273535921730534,33.76727500780789,398.77293938539384
3.6767578125,-32.960088194555546,0.46245409835884405,3.420738877970679,89.63321531792455,-378.7781439757037,67.37080841963092,33.140349003250236,395.02635541065223
3.681640625,-29.365500162427747,-3.0505936102702904,0.3777145407490165,115.3512448275725,-366.6860671596109,83.93420046986304,29.525944344573624,393.45842415783704
3.6865234375,-26.87057819345503,-5.580710579108706,-3.382419699039458,146.78666019847927,-344.808724686048,108.78746391518709,27.651637673722092,390.2231317297077
3.69140625,-26.221305821274974,-5.952885910016924,-6.680319714907462,168.10847939753205,-320.04233994076145,138.74109083642642,27.705963277314293,387.216542113828
3.6962890625,-27.405997761168344,-1.0606834495713595,-9.96952791345835,165.89451494053935,-294.2721780058457,159.68891980775132,29.182276290285927,373.6544606250907
3.701171875,-28.99166084323452,5.135456100328131,-13.390322835208444,128.606411220577,-266.5417024876157,161.67823347036486,32.344861314258864,337.22980198987545
3.7060546875,-30.99268649625606,8.163470106610772,-16.015877473946865,70.59862345125329,-240.44852187042295,145.90618754861256,35.828720207359055,289.9797801017409
3.7109375,-33.558904921171035,6.176814475797471,-18.858661902703954,6.509432262837747,-214.03792205647017,118.82312875862986,38.987206431560544,244.89495853248184
3.7158203125,-35.53867885437278,-0.23019675542833318,-21.091920245148113,-33.916811240466956,-186.9158376016839,93.08670934755425,41.3269861578139,211.54908623819813
3.720703125,-35.76337017601188,-6.928921492032941,-22.785440330792305,-42.50690100688389,-159.90993013959329,73.4524593114075,42.967486434015534,181.03393651288866
3.7255859375,-33.24082090773801,-11.09845284965277,-24.227959480588048,-25.068012780118494,-124.20885433594175,54.15678928203789,42.604246864242235,137.8013156161088
3.73046875,-29.584163675948638,-12.019090139513867,-24.6803024688519,4.988629470293208,-83.24605140544112,34.93565903681795,40.358377050385656,90.41732008263695
3.7353515625,-25.386061619716735,-10.415773834020236,-23.68726972512673,36.65784459983638,-33.59371767355641,13.726752969287649,36.24951332297333,51.582547289914025
3.740234375,-22.97502088266278,-6.8659725144768835,-21.032004458103337,56.12964149285123,11.033633753540336,-5.542537557618924,31.895742265293364,57.471710001538035
3.7451171875,-22.177277431721528,-3.0771874237153276,-16.789961555226935,61.77191661453815,51.858831097050455,-25.258494808759185,27.985773631440228,84.51685988600131
3.75,-22.93887643035496,-0.29996984346858674,-11.626001296018188,53.42649538309433,82.48292734940144,-41.852284087966666,25.718591328630374,106.81496803550662
3.7548828125,-24.28631893916007,1.1461341598619397,-7.176545623074098,39.456397580488684,99.63980512101458,-52.45752093170453,25.350379054504717,119.31759961080165
3.759765625,-25.644008369451548,2.2796990319230193,-2.627685985333847,21.823208820025823,108.51038213925882,-60.33883165658392,25.878889592990106,126.06161224136397
3.7646484375,-25.687542171568925,4.2330249699212725,1.440694507820469,2.9840580940170525,107.85633890543643,-62.25428275330631,26.07381682602248,124.56921837244319
3.76953125,-25.972393807883854,50.40684015284791,-7.352915894368285,-265.7661624544052,126.14884130472865,-38.89990375946822,57.17936818867639,296.7463323796316
3.7744140625,9.30612333471343,20.360645396168895,-14.107902079917253,-386.81382477592814,196.1454751620217,-129.38048811096144,26.46115480408905,452.5895416027069
3.779296875,1.7519576109668225,-10.026141494616958,-9.54055310809621,-312.03907269037927,274.3393508134337,-142.4928211788571,13.950448822497032,439.2432883695752
3.7841796875,-4.969657065711418,-12.508736564564119,17.097204963843907,-309.2664993485511,265.1592397887024,-104.29876697687082,21.75960476130317,420.5156630347145
3.7890625,4.712731551313918,-19.970014858197302,22.23977487321564,-229.72923812782085,275.5191955827555,-32.281085404616974,30.259195602703723,360.1783148112305
3.7939453125,-10.285226427916847,-15.351311008548864,12.889824415630304,-148.11444435590465,261.7002733246043,67.79698241183831,22.529895823560565,308.2553365461531
3.798828125,-4.5634417963483696,-15.705102190354259,4.878026191006593,-49.76109315339319,282.689807592939,136.14338308271545,17.0666451113942,317.6865034368954
3.8037109375,-16.16017001890561,-5.983354966753681,7.115364340646575,-3.0395359429814817,303.6464737901182,163.09645219554463,18.643498636207113,344.6895306543197
3.80859375,-24.51653516836385,-11.63086905463618,15.495654130366681,8.946335731820652,294.377553051261,148.63224560283174,31.248246487693752,329.8935056899649
3.8134765625,-27.342262356656054,-20.231280295302213,26.408556340654794,20.001679920902248,270.8275390364276,118.95452704329168,43.06176797537269,296.47563576840366
3.818359375,-20.847673744876023,-25.56754126628738,23.30221961259629,19.251044129887813,233.52361269029686,74.90316746786982,40.38957917396229,245.99667656441704
3.8232421875,-14.40054594783394,-23.79252915385991,14.404747817541928,32.13690216758664,223.19669477420976,32.286363755266684,31.320231908782688,227.79805601365035
3.828125,-9.342197849839017,-19.845154311958648,10.13838021899593,46.30156794243565,232.7100004875741,-10.449772083607105,24.163889666109544,237.50153106338925
3.8330078125,-11.296215823761681,-14.10379395414885,13.461159623180135,60.436375659652136,233.70177762031224,-32.659733902423184,22.53273872033368,243.58927436228706
3.837890625,-14.779329627855219,-4.0316705727146935,16.222231882898424,71.21609688176031,217.7631716315814,-35.28665722769286,22.312412669144923,231.8138899039972
3.8427734375,-13.485083057828458,7.660607625890463,13.549746236369478,70.44972920672468,199.06914086393832,-25.442643488630154,20.594368097720114,212.69465272379765
3.84765625,-9.438141493989718,16.37575980921626,10.557164615115571,57.05177716747436,191.07362434231686,-11.79587393117951,21.649428373524355,199.75779794309972
3.8525390625,-8.602265726780633,20.576958219623172,9.502827652999429,30.92526502886962,189.04445023162864,-1.6824665363967937,24.242811689424002,191.56462845246415
3.857421875,-10.50342890127445,17.402014687298085,10.37155528407737,6.8627614259478165,183.9878224650809,6.535973381940782,22.819318413829514,184.23174335027352
3.8623046875,-11.311275529716156,10.974184657640443,11.144004129854466,-13.458120480153335,174.75629531923212,10.46968899346849,19.30198204991808,175.58615591264862
3.8671875,-11.383598642530272,2.5828861148073603,11.632370869617947,-22.675498670144567,165.95173318141713,6.230870867615726,16.47937106762931,167.60960514727338
3.8720703125,-10.42139298558514,-5.565081271537037,12.199965226014314,-20.580645885558308,155.42695932947115,-2.1357263143457597,16.98277694709478,156.79816324932386
3.876953125,-8.902255461217766,-7.611769100779099,11.919482698855443,-15.973835000605057,147.81509826046113,-12.966372016348213,16.711171381703657,149.24005320838864
3.8818359375,-8.711647999990298,-6.015700078465711,11.286608919227358,-10.417803891371072,140.49707121384233,-22.453355594417037,15.474785917917245,142.6608244579986
3.88671875,-8.464445212061365,-0.8515306141736911,10.660277229686827,-5.763658939415671,134.35574792454477,-24.226914545134136,13.638674706460414,136.64417350590165
3.8916015625,-9.315142197893229,3.425152853373354,10.53903137633197,-4.931476820970929,130.8205458399887,-20.118774264511206,14.476696052181673,132.45036713959956
3.896484375,-11.660686985335431,7.541315558223409,11.300495944193864,-13.931016410420483,134.91332410361457,-24.148648523194243,17.90375016311989,137.76369428993664
3.9013671875,-38.42598785587408,4.771442519718926,24.955688490981533,-51.711702910280664,58.90958941147504,-35.44462320499726,46.066360768761314,86.02767727106162
3.90625,-5.8045345787079174,-5.76194744221534,8.93779613622207,-29.128823278207047,21.024987574485976,-11.700554874400497,12.115150010418112,37.78149590009855
3.9111328125,0.09713563119560073,-12.193323320287362,6.82832016084118,-8.944172945104958,49.35644366849505,-12.43143417239298,13.975425758912015,51.67782229211882
3.916015625,-6.231963754429977,-1.9995266550045245,14.124571468590453,-7.645871741152124,42.24999670679301,-9.794602848828077,15.567241189495396,44.03925318817793
3.9208984375,-5.872272727095725,4.46658247189301,8.294297332624458,-12.638469925370643,36.12367724177807,-11.292552250578987,11.100869974988235,39.90203899369943
3.92578125,-7.783593535366067,5.720396447790517,7.88815946253227,-13.59721077830126,34.816923375522464,-9.632836880240559,12.471179717653989,38.59914300406004
3.9306640625,-7.279633422217247,-1.7868005838114527,10.060797914132774,-13.486826236284037,23.66212159017967,-8.014055465372662,12.546129831832193,28.390413260081928
3.935546875,-5.278390754188346,-3.132368045550886,9.409340877520647,-9.635187937909437,21.785872481488322,-7.345187400281916,11.234270527100115,24.928154049663725
3.9404296875,-6.197944654147593,0.48082393532029827,9.3268722023367,-7.375333220906097,19.553474524570653,-5.692981358555436,11.208757945079137,21.659730904406324
3.9453125,-5.215215713537503,1.671400961878473,8.402048220674907,-7.5215639646230334,17.670111410557833,-4.0955377060888924,10.029280653000152,19.636195936011582
3.9501953125,-5.324859738021111,-0.15568819046180765,8.833549517054044,-7.115500506492091,17.352627605874062,-4.401844047413289,10.31552069032355,19.264481911117663
3.955078125,-5.238693471269465,-0.3674210479918458,8.933153180159326,-6.085048243151803,15.581166394017632,-3.7266541259624235,10.362438576542658,17.137342538856544
3.9599609375,-5.328619719588894,0.2963506281961135,8.80902789720035,-5.734321741405001,15.450268352277446,-3.6660302862539265,10.299562335579017,16.88292083885567
3.96484375,-5.208368092650534,0.3682348523376043,8.691818448821657,-5.042033324805615,14.496807761639491,-2.624429909979898,10.139546490957708,15.571357284410967
3.9697265625,-5.165502222597336,0.24310300127787202,8.593515204378098,-5.346712530782425,13.874880871199855,-2.621972273623796,10.02945740550135,15.098820903648912
3.974609375,-5.088248502581792,0.3343446434429879,8.67830733341173,-5.1771617449533105,13.43301333473851,-2.3765563536104928,10.065539098218867,14.59098595320265
3.9794921875,-5.131528239541479,0.41133548935563957,8.518046023383416,-5.3519412864289535,13.561451688500089,-2.5599301701761608,9.952833114972497,14.802347445897993
3.984375,-5.23745639353711,0.3009513145353952,8.62599613309939,-5.123157605523769,13.11842700374011,-2.1920931365552137,10.096005668390296,14.252899467225124
3.9892578125,-5.1750621437722435,0.31523425290142876,8.494551338844913,-4.8314488567763885,12.988972294878577,-2.2536142691123526,9.951785933910495,14.04047992793394
3.994140625,-5.169940837064572,0.3825761261806105,8.626111815157543,-5.196034527934363,12.369361621898474,-2.6799741308225826,10.064017974878217,13.681452521229577
3.9990234375,-5.270825860687837,0.4164303010770029,8.639706891266066,-5.203928688353157,11.931605488515043,-2.8625656197263822,10.12914382444741,13.328104338362106
4.00390625,-5.194026480253876,0.3922275312419895,8.56954894920274,-5.0975897946729996,11.240303449745602,-2.6773729831356814,10.028405790883436,12.62925846785717
4.0087890625,-5.218309352067638,0.3441619525451296,8.461377984345875,-5.167349939243072,10.615301768100798,-2.7979610925814162,9.94706576521083,12.13320746126261
4.013671875,-5.237634367052706,0.31534091891200466,8.442544593281633,-5.066010794896409,9.674560537363261,-2.918330794375763,9.940262213222587,11.303903820827356
4.0185546875,-5.377167747163708,0.30597396436971136,8.390222967322435,-5.31628540662903,8.865557876095467,-3.4054390831768955,9.970125098984196,10.883842259439625
4.0234375,-5.406017499948303,0.2771870892104326,8.451299945543283,-5.394549435294313,7.739563441227665,-3.524991614732484,10.036250727324031,10.071125644859979
4.0283203125,-5.420544761018851,0.24835514808072415,8.423081385873177,-5.460333906898351,7.301423990486525,-3.3399995930689945,10.019595092558896,9.709873116852611
4.033203125,-5.377508458182103,0.1376736693024832,8.442323682588372,-4.949162837035579,6.228937917202515,-3.3386714327525744,10.010463546641173,8.627897038081493
4.0380859375,-5.411647430173089,-0.04500824155826187,8.404950401814558,-4.544891232633422,5.720436406991295,-2.9097086079298498,9.996556652531403,7.864212178340606
4.04296875,-5.368352766298027,-0.04027949028286948,8.409831911577427,-3.9627330502985716,5.271259407668212,-2.2977943041271547,9.977279521079039,6.983501101520529
4.0478515625,-5.368316756242676,-0.011431917636658477,8.381550548040492,-3.560964563222597,4.637837721524856,-1.9910771229406095,9.95335848211319,6.176924433828167
4.052734375,-5.291270036893503,0.03170480032490046,8.386495139432053,-2.735521394611705,4.622729974356498,-1.135948553284904,9.91624145134678,5.490272200164803
4.0576171875,-5.2383808464180825,0.07486662131544984,8.29257011275495,-2.0874644112371805,4.675528272259079,-1.0764174838938245,9.808820417260357,5.23227932095641
4.0625,-5.199727046081923,0.11808870025264934,8.363189894212931,-2.208885658738606,4.426126975107533,-0.891915405050924,9.84855580791156,5.026458887022036
4.0673828125,-5.122725551002548,0.14679688439853386,8.35875977042167,-1.384559347456025,4.47653849616014,-0.8941774812160659,9.804730047063162,4.7703202054102665
4.072265625,-5.170573284588004,0.23345247529705718,8.386579683430561,-1.679035289317673,4.417429093322483,-0.6483982199861485,9.855153318748915,4.770037688424189
4.0771484375,-5.185093428327725,0.21904242149342662,8.33481428321147,-1.7946722854048687,4.54462974851228,-0.7095722953357513,9.818467425139577,4.937408328806842
4.08203125,-5.21824933530872,0.39224124028881463,8.41424237845098,-2.0375311118839963,4.109891438034398,-0.7692611906129785,9.90875643657435,4.65129051379367
4.0869140625,-5.2282048293874785,0.33932456584418413,8.230895595073168,-2.1559288720742655,4.1126419648870955,-1.0748736179804272,9.756890344572433,4.76625707735369
4.091796875,-5.324316105799789,0.353936118146519,8.25395974493378,-2.1639207293533045,3.546953986659957,-0.46114051423535674,9.828604389291238,4.180440895441191
4.0966796875,-5.358006605458831,0.3299595337715683,8.277380616658684,-3.006731286711795,2.5604088754797205,-1.4362841738396912,9.865705142112454,4.202265920684846
4.1015625,-5.290583728835757,0.3634993606820158,8.296413428270183,-2.4816301119606528,2.365902954266271,-1.8045997741086297,9.84646554606371,3.874605160052909
4.1064453125,-5.382230152767396,0.27709742028250517,8.230360165074405,-3.1429281162496956,1.5621736207543127,-2.0457169336045173,9.8378866045777,4.062430471740996
4.111328125,-5.324458338112538,0.30103560864927265,8.239965799954552,-2.966220315916245,1.5591272271005305,-1.9237379530222842,9.815167620392003,3.863949842420166
4.1162109375,-5.271551834863163,0.3057453934270393,8.24018621067646,-2.9773570955707642,0.933445760885594,-2.1058885945658563,9.786899804323815,3.7644047385720123
4.12109375,-5.233187808574674,0.2912343471312657,8.179245543597995,-3.161716617127492,0.49825656266235147,-2.2879762701582678,9.714480415710932,3.9344055436702954
4.1259765625,-5.223966232682041,0.11809956080393309,8.193774085290398,-3.341577070351889,0.24937855317909446,-1.980707949627348,9.718112186388918,3.892496751649792
4.130859375,-5.2288316785137745,0.05080231395489897,8.28325834031989,-3.387862049406226,0.9381716788901436,-1.6762110415567606,9.795694479199081,3.894542183712394
4.1357421875,-5.147084213293033,0.05545614873830237,8.274198533309177,-3.093261531234392,0.9970393858924081,-1.8608246250288192,9.744635070220895,3.7449996959611216
4.140625,-5.075017818419969,0.02646870110618308,8.27927935251456,-2.969533519595664,1.243324786841733,-1.1269842554669147,9.71097178692186,3.41087662656502
4.1455078125,-5.151821950448635,0.10354634397857088,8.23644809602015,-2.838669122627864,1.9924937480083493,-0.9454082254758559,9.715506599910766,3.594700326370839
4.150390625,-5.1566290530038525,0.06990744704565759,8.30704666509399,-2.1827349131989275,2.3552118523789574,0.09289372377893879,9.777665086179063,3.212473161724681
4.1552734375,-5.142555150286205,-0.05515990853308732,8.260351352895375,-2.7566814953019327,3.3058394766517307,-0.6426664179057212,9.730484086751543,4.352113008256203
4.16015625,-5.301189097515694,-0.03562616545769778,8.264319831725286,-2.449790326252716,3.9889981834325923,-0.2164592205026783,9.818495676646823,4.686196084690709
4.1650390625,-5.031630051294227,0.03602057313216447,8.354696571932067,-2.1339070009902708,5.172230441384448,0.4531413277259392,9.752925369540636,5.613453829021174
4.169921875,-5.108686677111567,-0.04557292853474599,8.420382020988226,-2.0497733771753177,6.610843721749751,0.7555226407356256,9.849040046425552,6.9624449780115985
4.1748046875,-5.075101976308706,-0.08891114499500936,8.444138679955143,-1.202892222500411,7.9762856531307875,0.8112064570709266,9.852311571806458,8.107165869481491
4.1796875,-5.060620497335422,-0.07931471695683001,8.472399164422177,-0.6484904782125269,9.344005352209114,1.4799361730908691,9.869028231983073,9.48267826085372
4.1845703125,-4.993372939516856,-0.05541923255053271,8.359766715504916,-0.3281593678919731,10.84164786585483,1.7817053170721258,9.737686796262219,10.991973928954387
4.189453125,-5.09397251728594,0.045781076632028524,8.481385880800133,0.3502467180019267,12.647496113313986,2.0203101650812925,9.893662535829584,12.812629857406101
4.1943359375,-5.1131166351918225,0.07467417826160115,8.500051350467178,1.4332917322780236,14.008210950453043,2.442796087390728,9.91969812638234,14.291660223598255
4.19921875,-5.088921288354063,0.1659864289664193,8.44352020587193,1.4552052330977776,15.195829401914567,3.1134047280345465,9.859903896115407,15.579606621576627
4.2041015625,-5.021270059072135,0.2908968420586578,8.47176003347855,2.1281852889500246,16.752528773912555,2.924059665759427,9.852334344900118,17.13845144328368
4.208984375,-4.978601820922153,-0.03615852253941366,8.618457127696125,2.1040034756975374,18.757010417423096,3.1027991427238515,9.953169685681932,19.12798036764869
4.2138671875,-4.911244962733888,-0.0555059121470195,8.68933910579201,3.739386303554217,21.552201686246903,2.969177388082564,9.981383776095806,22.074791546326626
4.21875,-4.695350902478957,-0.23865911348021587,8.638948075929177,6.964602841259892,24.577278466294946,1.973833227963471,9.835380121198039,25.6211695119115
4.2236328125,-4.054847664733912,0.005460113894774676,8.961014626534247,12.033710762803722,28.956113413265705,0.05120140890347622,9.835730910003715,31.35712551094245
4.228515625,-4.034260563961776,0.4959619466800117,9.119934204180012,15.686865673265064,33.10601211905604,-2.050597605780034,9.984710132951498,36.69183483581842
4.2333984375,-4.45094776267785,1.237295849192003,9.031838525279255,15.68962697966556,36.739398131696134,-2.1207560340737106,10.144749585437447,40.005566812587304
4.23828125,-4.3113674848146495,1.2755122753775348,9.065284946482036,5.664220201778405,37.87226185332691,3.229156265868953,10.119002535559995,38.42940356771877
4.2431640625,-3.8513489174494997,-1.5529278521188876,9.341559463815777,9.76271572287189,47.14743366412759,2.8901562696254404,10.22297445041472,48.234262953441885
4.248046875,-4.726449962047871,0.7712959187788538,8.772989395185515,10.678347408897006,52.583302889858466,2.8747062352309554,9.994977216887728,53.7335535967106
4.2529296875,-4.415016612621465,0.24175654425499662,8.888380593819356,8.1770904515579,57.43850143758344,4.52234460550973,9.927443150026,58.19362384642511
4.2578125,-4.4783475874715934,-0.10436463139978618,8.893565447283837,8.200308548847202,65.7071008652939,4.5633211163034435,9.958011621584944,66.37388088720368
4.2626953125,-4.420629498924799,-0.21502850924654734,9.133915445865107,8.21589823351225,73.40930442238998,5.401307300171028,10.149710035206231,74.0648437527106
4.267578125,-4.329635046477958,-0.4459944943855052,9.29001897662506,8.09120848528114,83.05147854965615,7.4596581628436915,10.259098562289287,83.77745665716262
4.2724609375,-4.142819226092727,-0.7973740003198045,9.390367388175688,8.280775827091624,93.87923586328145,9.514367005206704,10.294549826067337,94.72278160021455
4.27734375,-4.123858928829621,-0.956084976851382,9.480155736863823,10.061957123709455,104.87054359842436,11.809545598304005,10.382372741480665,106.0119769791452
4.2822265625,-3.9693306946335167,-0.7351430098187709,9.588516113263882,11.924899116219388,117.30312963975081,13.549682645660164,10.403636992060338,118.68370293351273
4.287109375,-4.079344325324988,-0.5713997711044903,9.756987836522372,13.011410999669664,129.1227150589012,14.742261781899845,10.590862073741917,130.6112806875064
4.2919921875,-4.021598614257317,-0.5378523716785824,9.724244794491735,13.758564852840536,141.7620473350098,15.811464200615449,10.536767882567988,143.30310035582178
4.296875,-4.146124290128999,-0.41255218415017836,9.897440476210388,15.310662170305388,153.32500093160138,16.758568782372343,10.738709136296247,154.9961996772898
4.3017578125,-3.8815492043234117,-0.3505407795649104,9.856130965713758,15.639801005923795,165.72251974409207,17.03334242008976,10.598708443816317,167.32809590692148
4.306640625,-3.7179074445231874,-0.2018079230339861,9.677802697645852,16.80815413254551,179.17539660931592,16.446308437806557,10.369350377839567,180.7119748568991
4.3115234375,-3.957779252227621,0.02947055803918882,9.685656250130803,17.89542318322601,191.4422331899299,15.0050335873403,10.463117227616847,192.861416184294
4.31640625,-3.7402791826286754,0.45707148332042763,9.765620330892803,17.260392426623813,206.30481348300782,12.949132548104172,10.467375179672171,207.43017438822173
4.3212890625,-3.6146300173429076,0.6780627538578055,9.850339369293678,14.716920417399733,219.82184664131572,9.615638658970662,10.514490237320238,220.52367789919995
4.326171875,-3.6159113582388356,0.14427536657084505,9.84209662362785,15.22611219837359,239.55102966284335,8.463844522927467,10.486300409623333,240.18361095069372
4.3310546875,-3.1254790429412638,0.09527911086947975,9.90077938611747,14.19132244492185,258.3614735344036,7.807683766269173,10.382828603487672,258.86870140169157
4.3359375,-3.745457965687971,0.08207913839248868,10.21791249572297,14.131171258817725,279.0994430359245,7.2668258418667415,10.883056929371746,279.5514189946553
4.3408203125,-3.5471734762781435,0.48568499928673287,10.363688133246143,16.97043411371458,304.43198291601874,6.033488629166348,10.964687013888277,304.9643107663999
4.345703125,-2.8291162262378378,1.719985175358168,9.178945994721376,14.536242011580669,327.97188848869985,2.002561963013798,9.757832607655539,328.2999729288431
4.3505859375,-4.293057158798997,2.5211451878042057,9.857453703358644,11.486913244342498,356.7201652980009,-1.6123780550480116,11.043364810625548,356.9087071915009
4.35546875,-3.9560721377196932,2.3715675486752983,10.494163650445085,10.65031007860002,380.737748611086,-5.405321257986073,11.463084668582656,380.92503175836436
4.3603515625,-2.8478945872906403,3.5091085925932046,10.045011724931769,7.678797663215287,410.610080319421,-8.65546293659764,11.014835779481576,410.7730748626555
4.365234375,-9.816132480227482,2.3107376155369495,12.063077758833737,34.16260381537355,434.76193565199924,-4.067228779136057,15.723034383124126,436.1210457444827
4.3701171875,-1.6475549354515449,-0.40880618352866827,4.0718338714939595,4.810271657640779,452.9367964119363,-8.743799978995128,4.411506640374409,453.04672418570783
4.375,-12.043501937911586,-2.9496438388186923,17.901378734614404,22.972271090301223,488.2858274950244,1.2746517675357614,21.77626456269454,488.8275762563683
4.3798828125,-9.843378607061702,0.8393181289510102,12.324849421389494,25.722344750794658,504.97035751996157,0.49676483330071547,15.795520586022821,505.62530372659967
4.384765625,-17.837678494930525,2.3369453499215984,19.68461645211124,27.925586968528176,519.0744935546895,7.797456340919313,26.66698731622595,519.8836106206685
4.3896484375,-17.307615373865126,1.071090783890112,19.09711491372265,40.24744529967856,521.4769942509436,2.8624754829653174,25.795359726604218,523.0356643213155
4.39453125,-16.397218944814554,2.9058897364819556,16.670289273251818,53.84391607328553,520.1814519958018,-7.576422014381386,23.562926998543094,523.0155948622447
4.3994140625,-13.660669542762262,3.092266867970115,12.505499926283466,54.628850831921056,541.0790405722257,-22.811179002389352,18.77667529531184,544.3079912854997
4.404296875,-14.669817376318617,2.1328985759933925,15.05696033836352,55.07284819210986,553.8012295621896,-26.091413706227378,21.12971492522004,557.1441306715649
4.4091796875,-19.568403389152504,1.5703069163084653,17.440092181526435,55.868622096188254,552.2935429268982,-27.68279805776839,26.259190587528416,555.8019411642779
4.4140625,-24.24640376106781,5.945557372143717,17.438328308682966,46.616580778888085,548.0509069403598,-29.301758117731204,30.452143471545472,550.8098539700026
4.4189453125,-30.81115318230507,3.087979103521763,22.495259737706697,24.85764603791634,513.2906303070852,-27.449220182401856,38.27400535656208,514.624750100705
4.423828125,-28.442856618566754,-1.6332733045636307,26.019705086171577,15.630970559969459,471.7602795083924,-24.265651887768602,38.583529220161935,472.64247632224243
4.4287109375,-23.960539141736803,0.10419237404637223,27.173587475891335,12.788941257533246,439.53672098513545,-23.50928532962484,36.22874754008796,440.3507381730649
4.43359375,-17.1787595388869,2.0297897271546166,28.746251828076556,9.672273548114857,404.6134711018306,-19.93033342792083,33.549617282385725,405.2194862826929
4.4384765625,-7.80060772418867,1.0550327815532519,27.726393475265734,9.673187642638162,380.36147763158954,-18.09678921617589,28.822135073274538,380.9145809826536
4.443359375,4.7569665348709105,-5.106770479196446,17.396190240681367,33.793530045646115,371.69638983989915,-26.45417471639302,18.743939560056518,374.16578177712313
4.4482421875,11.105209168475321,-21.029006410923937,5.193168920404054,79.11777976174413,421.084583295403,-66.0452207754462,24.34160604278442,433.51334529719895
4.453125,-29.807828521217665,-11.263019073651824,25.65859631828437,87.6695015237034,371.0362833179817,-119.78113796524318,40.9111941261611,399.6265582366678
4.4580078125,-32.46427437339994,-9.676664828179442,45.53276870888326,125.55474525267503,252.3846287805754,-134.85758150066118,56.75209228817009,312.48769925931555
4.462890625,-28.93116046977833,-5.634411886743764,44.45291799799862,145.13376299721835,142.93897093241014,-145.2329561528388,53.336859318620675,250.17587838527024
4.4677734375,-23.313456548438655,0.9712423596035464,40.211386642703836,151.71429374059358,60.924853409692915,-153.0072280436379,46.49103336866203,223.92024589526847
4.47265625,-14.712422447624265,8.571486804597141,35.62795815198203,130.485825105622,-3.9761640114893764,-153.83429577407748,39.48768367982761,201.76062794818912
4.4775390625,-4.206102048898568,12.156866780225933,27.76478740853338,92.42706244516563,-52.47619873612832,-151.5923019459161,30.600067388797747,185.13978317827312
4.482421875,0.557657132612119,12.377542097165646,21.769868024082236,57.13230579361235,-77.59863599510699,-145.31142265974742,25.048786070997913,174.35899239498863
4.4873046875,1.5480156016139548,11.903725527082207,18.398429145554058,23.68551605447625,-94.66983439400721,-137.70964641531506,21.968095701515,168.78189455858913
4.4921875,2.9227004330733077,10.95805018658524,15.683424673768338,1.0476767686895994,-106.08408382310043,-127.39475735924228,19.354349671610596,165.78406036111693
4.4970703125,4.130441518808467,10.181167994862038,13.795060676582207,-12.190361404435453,-111.75931422707984,-113.93496117207445,17.63577126043782,160.06225228004269
4.501953125,4.833369205525447,9.136062694610166,12.539995375899707,-19.831228485688804,-117.33823208016734,-97.7347808138294,16.250556404762126,153.99229107873578
4.5068359375,4.3916622554659215,7.732554234100661,11.868605427375318,-19.868533264512667,-122.15469918868988,-80.76008021807701,14.830471575108964,147.77929389732714
4.51171875,3.4070009233364082,6.214772191301571,11.797089299850159,-11.526278325928478,-129.2967509890272,-60.984913042874346,13.762353164703686,143.42128338294918
4.5166015625,2.3851216564061604,5.158741116654012,11.856085278728811,2.541072033962425,-139.09958543346613,-38.952549502987075,13.14793418606149,144.47301764560254
4.521484375,1.5330563473372638,4.790042499078344,11.806146276254157,18.18033007761075,-149.5458935296343,-18.88220210217822,12.832765049021885,151.82567710876543
4.5263671875,0.72531858846921,4.882906573716747,11.713062275712804,31.9035622952917,-161.96863108251844,1.1977825742137913,12.710810026790252,165.08515810020478
4.53125,0.07711031686463465,5.3553643069438515,11.568109062902757,41.31812407251961,-174.62754894657365,17.247918040010614,12.747824134034328,180.27606303853827
4.5361328125,-0.5613540784960067,5.933577506709437,11.314796418082981,44.82504887822641,-188.44464427572828,31.111736243907565,12.788552631640366,196.1851398430871
4.541015625,-1.204842617972655,6.343521258373167,11.221734324330427,41.741423313669586,-201.71031096090843,40.39848695813441,12.946784501773834,209.90815543161702
4.5458984375,-1.9834363873887024,6.561361167610659,11.123800674266697,34.63398349584359,-216.1643149203039,48.22898940928726,13.066155582858444,224.1708261063331
4.55078125,-2.589426990058858,6.576899135910513,11.003547483906763,23.216586263611738,-231.17260908416657,53.56138359002348,13.078179980845063,238.42945891939246
4.5556640625,-3.172803536155522,5.957634372169832,10.955328953572494,12.050846480919509,-244.8609305032184,56.50195297685196,12.867762900849712,251.58411889069436
4.560546875,-3.8385276007583173,5.08846013323321,10.902595533238966,1.3396748256067323,-259.4955337341049,59.44380729305139,12.629066079116436,266.22038423471594
4.5654296875,-4.360371100551154,4.09877754101312,10.77080149849131,-5.461551025240938,-272.43255841446523,61.94296190508165,12.321646739991285,279.4391847136452
4.5703125,-4.901643317301624,2.984118188168074,10.728554522639975,-9.751829340877364,-286.4720298458573,64.56081258787988,12.166879251322495,293.8186865764441
4.5751953125,-5.226524584779328,2.0276809204506754,10.362393747145413,-10.189838919037769,-298.8148700480934,67.22615798370856,11.78164900688103,306.4531215313452
4.580078125,-5.59904462271875,1.1290943984187087,10.263972820758289,-8.180814266625912,-309.1276309560517,70.18608184845351,11.746203340356454,317.100778976974
4.5849609375,-6.110560658953787,0.44235122139406136,10.122154292027837,-4.53401016144939,-320.0294797902287,73.44946440133576,11.831848278330826,328.3812555609586
4.58984375,-6.222972849426877,-0.17303876994996498,9.822016030536018,3.087820468915226,-328.9230803031012,76.69778390017893,11.628728752736318,337.76097679650195
4.5947265625,-7.198888682859061,-0.18078222515720835,10.04352379821309,8.283765795096592,-338.4013217650044,78.23869427857335,12.358359549972713,347.42678168279735
4.599609375,-7.544244097141916,0.2526369464148124,9.899976815999787,9.604819495700369,-347.1270313899085,77.82830877386017,12.449457232397231,355.8745201973791
4.6044921875,-7.395303935988066,0.32443863460355404,9.64180092696125,7.460039577149219,-355.35831486861866,76.01730987451761,12.155661473092069,363.47464222049297
4.609375,-7.684136347847698,0.19994546098643098,9.626704789491546,3.9334440902256653,-361.75017824392745,73.59291769722776,12.319065496363866,369.18095966221654
4.6142578125,-7.968277920303927,-0.001487379514199073,9.668234294067291,1.1841120764577946,-367.33770646728726,70.73589056636386,12.528695446553074,374.08816999241384
4.619140625,-8.449369721723503,-0.22654968696878477,9.93470341821096,-2.205789936818349,-372.4754952268002,67.38933420784318,13.043830168430441,378.5289717031866
4.6240234375,-8.921272052513524,-0.619945498465931,10.178065967725738,-5.008837560692019,-377.62028965694117,63.55152148920685,13.548669835057755,382.96340229569546
4.62890625,-9.44168789963424,-1.3161592832393572,10.675845218119534,-4.921090966361306,-382.3073543807821,59.94992554895374,14.312631371421626,387.01049588254995
4.6337890625,-9.94720645854027,-1.8440770104798925,11.234460629137534,-3.2454157822102556,-387.0822387214271,56.8342067412474,15.118222183082475,391.245855330249
4.638671875,-10.923889121979167,-2.3614837037345278,11.842731913934294,1.4131039817804454,-392.77608596829634,53.10091184605883,16.283680726961467,396.351810151437
4.6435546875,-12.111806842680172,-2.671737893734634,12.322645795942575,7.397071789873787,-399.9909952940088,48.75581865681014,17.483753824035418,403.01940752307706
4.6484375,-12.824007543686621,-2.944487909390311,12.433010583816888,13.38895817033271,-406.89671743038406,45.51240155395629,18.102622205260204,409.65300139473806
4.6533203125,-12.997586100284208,-3.0788378315068727,12.305565267571035,20.700788781027008,-412.1918606736358,41.77185227945266,18.161591983674498,414.8198889935331
4.658203125,-13.04060357141331,-2.8527879006096044,12.065026690732159,27.421133320813365,-414.22114795135553,38.085990382903184,17.993349031258788,416.8712278704098
4.6630859375,-12.9977558609365,-2.8529439874881963,11.693672330473621,33.05457308812091,-414.4170449010469,34.21491088449269,17.715047823495667,417.1387683174366
4.66796875,-12.753526135384973,-3.074696326885862,11.276650898812411,38.28691277792494,-410.53534829547345,30.39612153190793,17.299394263447486,413.43570732863975
4.6728515625,-12.906820060863598,-2.8387692215347844,11.29427795202233,43.491927470393996,-404.9652526593623,27.6136401929721,17.384053878028045,408.22900036775695
4.677734375,-13.020898931913365,-2.3672468658594545,11.471464047135877,45.43313287141254,-397.4002537956657,23.4259603545816,17.51405590101148,400.67431524606786
4.6826171875,-13.010631330565772,-2.251786288911941,11.795766956631422,45.75491675933949,-387.9255344732396,17.339417255534226,17.705569383840476,390.99921751170325
4.6875,-13.225944417973006,-2.2223519795695803,12.664829198774548,45.936564725399975,-376.1264055663203,9.961069147162002,18.446201579255835,379.0520595400656
4.6923828125,-14.147531788062158,-2.215523872335251,14.09522781807137,46.68880079763791,-365.4007230585632,2.7059251985844814,20.093199072483447,368.3813982312661
4.697265625,-16.039423046263927,-2.096136069626855,16.19368570731364,49.353135373896905,-356.39410483758195,-4.611634241574388,22.88869447711396,359.8246199255877
4.7021484375,-19.07985994593597,-1.9648559431690569,18.88910014436933,52.50836446454484,-353.2219953980474,-11.365350939606756,26.92024923172057,357.2843091624653
4.70703125,-22.17728311285229,-1.4680195519359198,21.45177990526042,54.793907067329215,-356.23931608172836,-17.979099280629708,30.88957475874675,360.8768080453819
4.7119140625,-25.316934856522348,-0.32679690100828,23.594292208149692,54.91741602739686,-365.30099924540605,-24.694599816922658,34.60844711262639,370.23042270042623
4.716796875,-28.21600268994046,1.1841317191526508,25.106834329136035,52.87195280603608,-377.4651664589556,-30.7840295072447,37.78753902753809,382.39122866001213
4.7216796875,-30.37614578491913,2.645324085060366,25.334069996079975,49.22859218334186,-394.1912455756557,-33.24410317041193,39.64244032382392,398.641897913962
4.7265625,-31.610061741802223,3.864112663755956,24.470063328762645,45.65878180918357,-410.5544302503879,-32.27514322333153,40.16106783082843,414.3444815906274
4.7314453125,-32.73402245151528,5.260436441349703,22.684348070600127,41.513406338182456,-426.6698399700272,-27.997729245841054,40.17173216078597,429.5979377147557
4.736328125,-33.4609864478404,6.20860263139058,19.98895234675195,38.49820095298623,-439.245933001,-19.383275828786765,39.46824770138382,441.35565309214104
4.7412109375,-33.89250692300465,6.473163478001004,16.37454278353233,38.45268195058048,-447.30670401940665,-6.683682509193498,38.1933177703715,449.0062002041634
4.74609375,-33.93908769271414,5.390272294610425,11.593701392069836,42.9139848718615,-450.7572325221493,12.424211204492833,36.26748710335839,452.9658417504163
4.7509765625,-33.9644642393923,0.37396372503664854,8.303029570557804,59.52889234724107,-446.64935200022495,40.850418195229175,34.9666266600906,452.4467806637985
4.755859375,-30.19654024045235,-0.9513900508679489,5.105472403310309,87.5080768627937,-431.24588594643257,68.54352617237456,30.639876533418207,445.34132150755016
4.7607421875,-31.23312771220823,-0.35868281476936914,1.5253299916592196,111.21926573891778,-410.76349340592344,95.19569524110541,31.272408791651717,436.07177503133533
4.765625,-31.57084704106092,0.5935160396531824,-1.3988268993642456,117.08215267040401,-390.49077625064706,113.62644623033022,31.607394085463223,423.20473307100764
4.7705078125,-32.17747484928018,1.8731528297168432,-4.672899836594889,112.10010442366637,-367.22094789117966,126.75077278704094,32.568920493046484,404.3308254189946
4.775390625,-31.654778134248044,2.6938956513570016,-7.611828811537945,95.09410838962164,-344.18611647847445,132.1904742391617,32.668363754020916,380.7640919342652
4.7802734375,-30.676854606554336,2.8645755532136117,-10.589676472505417,67.98643228572536,-315.90880279231106,132.0098444161797,32.5793868794991,349.0660763800985
4.78515625,-29.51359159668591,2.111599495194142,-13.56469312640914,39.055418890273366,-286.83519496846037,126.6274277633028,32.55014348628474,315.965599835235
4.7900390625,-29.500989842377564,0.5433630615284517,-16.06793360976861,10.40241973399144,-254.554213886449,116.46041302493431,33.59735310384777,280.12334059411836
4.794921875,-30.687789290406403,-1.9362952891296212,-18.466238392785797,-11.376694475700827,-222.04472058303628,101.37732080673626,35.86769593043696,244.35762376063494
4.7998046875,-32.59182471998459,-5.1405810828266,-20.019533760495328,-18.96672461261555,-192.05809273632076,84.9777490880759,38.593190389431726,210.87262854178104
4.8046875,-34.8008602827137,-9.358909989727804,-21.261536736412893,-9.00698847482941,-160.506241939759,66.20273459906117,41.841869186338,173.85678477242092
4.8095703125,-35.56408395716075,-12.24787361942078,-22.45781823761051,15.247369704356181,-128.98171513796137,48.24748493991084,43.80831058033205,138.55174097014606
4.814453125,-34.3908652005175,-11.851116150879339,-23.351854738071612,46.70750872558054,-91.79379941269303,27.747195609008283,43.22603015510211,106.66583260881843
4.8193359375,-31.33994588774587,-8.764763923050241,-23.613382893869225,68.22403983630912,-50.88158497628941,4.933949205508094,40.20702857170768,85.25138800071345
4.82421875,-28.27661136857755,-4.976136938187091,-22.902861890621928,72.74362769351787,-10.099844583480673,-16.00005498506012,36.72696246762127,75.16411371225334
4.8291015625,-25.725957576266058,-1.1525762584428125,-20.670862482013117,63.4113261361028,32.390011291551275,-36.65968208175009,33.0217788890554,80.08771069359518
4.833984375,-24.48535740909392,1.0627624522925043,-16.945481953064306,45.09161498411159,67.79190864862386,-51.8301286240542,29.796166701485298,96.51610670393165
4.8388671875,-24.602219517200265,2.25652709450224,-12.34901539134227,22.402741195406254,97.85305032899903,-61.28195702993845,27.619907690583265,117.61199143445023
4.84375,-25.462020052904784,2.547565303911578,-7.974855582402816,3.2474202889225596,116.94456202717879,-65.38779792675568,26.803038553723734,134.02291014588442
4.8486328125,-26.69201535708146,2.7912406680073696,-3.4423025056502574,-13.860713857316723,127.97771533105187,-66.53996539994529,27.057423285113767,144.90680455180868
4.853515625,-27.33635707155249,2.995187402722476,0.3074809638302612,-27.093137651028243,131.23734300714858,-64.49806929603096,27.501674677443976,148.71879252558887
4.8583984375,-27.07317706554378,3.153940837895506,3.017242282475274,-35.29926075684762,128.8398318275364,-60.37222157079814,27.4227644525928,146.5965388838404
4.86328125,-16.646473684006235,14.460825040733788,10.186599498894159,-58.552736363145144,107.94398997402179,-41.969678450299,24.28965533559289,129.77589073608854
4.8681640625,9.508838299738596,37.67788908090876,13.222151309476361,-275.44673746216534,174.9951805421491,-29.477629551321375,41.04712677709034,327.6631639893251
4.873046875,26.740121815247594,15.979354677293797,26.32525442749014,-339.7251659152159,139.76254941317814,-110.37478065779474,40.78471418643412,383.57443968524325
4.8779296875,-4.178603228259817,4.67198207751056,17.072436265015835,-309.7261542846176,136.7617790222496,-72.9432838821104,18.186704525417216,346.34491119803613
4.8828125,24.596218204361058,-13.123852984551883,7.938949551461962,-280.93352548807815,158.45632505253846,-20.403611483307508,28.986831270377447,323.1847150684545
4.8876953125,13.964265925227068,-13.607249749972926,-7.734618533095843,-179.62706545706055,223.27228425486513,80.66354169690327,20.975754871782463,297.69615805412815
4.892578125,5.4254580658621,-15.635637273303761,-10.716231370941777,-87.95213945374435,286.0025982189898,155.6593414239826,19.716651920706788,337.28755624103866
4.8974609375,-12.858015392945983,-9.15921553633341,4.150278268459504,-10.072903742461941,323.9918947769558,198.27643983330552,16.323130790136258,379.9812598851913
4.90234375,-29.627583237517797,-10.769533362715073,18.340343840333425,-6.126611111488083,309.02417426014523,182.18791556882766,36.47114955040949,358.7839352872287
4.9072265625,-31.879278356286044,-20.12142332156454,28.20391015524175,-6.98188357399571,265.02075155303254,139.67230864649844,47.081000552750766,299.6549670114243
4.912109375,-22.91736403704935,-25.11131735730788,24.8112822576481,-15.288907470098005,220.39795119807607,88.18727863349041,42.08780774873833,237.87812782330286
4.9169921875,-10.597387473043637,-25.25226415541931,12.844302682905235,2.566188995192559,218.253600201161,48.84656003550709,30.248265696383054,223.6676233924563
4.921875,-4.959079464912816,-19.901850989168697,8.215256282091692,21.82042845878708,242.5171105921945,12.18413779336771,22.094492022104557,243.8014217388396
4.9267578125,-12.083853730794832,-16.09304260744269,14.247491699367218,36.798949342967205,248.00961897278106,-10.03992019187838,24.65758627837988,250.92575350734646
4.931640625,-18.1514371054655,-9.665741581314515,18.430301510938392,52.699431663085626,225.48807053060457,-14.316629179035239,27.614801159786037,232.0066074927116
4.9365234375,-15.550324436050312,-0.3467433685507318,15.552371761357879,57.72316611509544,202.4727509384098,-11.640357005722823,21.995660672813155,210.86174781154335
4.94140625,-10.712366090780316,8.106930600601654,11.016506384284696,51.218298321059045,193.02572311420147,-6.7620738987885405,17.373558183079737,199.81984263350338
4.9462890625,-10.203787748613447,11.515552028521792,11.326364511340415,37.63190439881547,188.4370927763563,1.5485270464348009,19.105280840231003,192.16424250806978
4.951171875,-12.507351830992251,10.380596869956793,13.468101543249231,24.366638173444525,178.332572960473,10.239508230726758,21.108775435350445,180.2805789966992
4.9560546875,-12.520880980903751,6.67778574981173,13.55610342611716,14.190218809309654,163.23597723313472,18.08023574909835,19.62481141713039,164.8461145973891
4.9609375,-10.46580131632477,2.2061147640419603,11.84413301968733,7.3760459464614305,153.37663083263,18.18602529592403,15.958804044569158,154.6270624937212
4.9658203125,-8.51238981679858,-2.928836527138629,10.904473245086114,6.592704963948342,146.78021905830929,8.77670090680617,14.14024046997209,147.1901047773065
4.970703125,-7.095285907704602,-5.504275706963543,10.80341987300487,9.75965655072881,140.94353433742435,-1.9321775082638524,14.048274417976646,141.29424644137617
4.9755859375,-6.158648494889947,-3.6354902940374423,10.206123697823013,13.902263042734075,136.96543022353524,-11.179241926707807,12.462371439534097,138.12232782603735
4.98046875,-7.755269730099089,2.186344324385436,10.553249930685666,9.681958369040034,135.41944604922168,-17.657070608006375,13.277627581419832,136.90850531867628
4.9853515625,-9.98294790797661,5.571225975434943,10.79008750348807,4.800784694635816,128.34520914984924,-16.219493026977755,15.72017163187683,129.45505860898203
4.990234375,-11.109307173505263,7.001627294802319,11.017195865786695,-4.1569478883914694,119.37126209114788,-9.25567573432247,17.14112293275221,119.80169432140451
4.9951171875,-11.117025764965298,3.5825879541685794,11.386785111490099,-8.760043360027804,110.77957992033986,-4.38477151160547,16.312022360317822,111.21186945738084
5.0,-10.93394718471804,-0.5148521689416334,11.815128765954192,-10.063630720958532,99.64654103279689,-3.43481712457844,16.10631992573554,100.2123134737842
5.0048828125,-13.847506789198842,2.7899066873733096,13.732845345881064,-12.87547363890059,102.62043371981446,-18.561730397184725,19.700966090398854,105.07744321978255
5.009765625,-21.335856634850867,0.7463615884044454,16.818088153574216,-32.8738968861141,55.210589369916676,-25.98732016010944,27.17763645177683,69.31264736075552
5.0146484375,-6.134279261394871,3.2553265559540754,8.766113064425522,-25.07840767930724,34.493299829340806,-11.746710409398572,11.18352678277165,44.23459585311718
5.01953125,-2.0942163511640146,-1.3644433291434,6.508162668052278,-22.13413803398579,49.05654351800189,-15.093648109002503,6.971630299847805,55.89528371588737
5.0244140625,-5.433058584607493,-0.2560069319233657,11.114280352496094,-23.427610625990308,45.8899065724945,-17.291866254591813,12.373798644185651,54.34836799244278
5.029296875,-5.9232572040100875,0.8217028282796992,9.139201301535952,-25.63805615396149,40.79270480760979,-19.53697084261784,10.92177512462405,51.99084456497867
5.0341796875,-6.3103963787769555,2.30817081138538,8.118397258531141,-25.197642798018787,38.77527041114301,-17.81771104352031,10.538364626408535,49.55717531159536
5.0390625,-6.5930484513060845,0.14974908195649597,9.321171131372184,-25.203357741537587,34.57130988459487,-15.41999520402794,11.418184791338007,45.47703772979122
5.0439453125,-5.857133381870708,-1.9578575971060537,9.672319179020342,-21.897703316490706,31.574170876966793,-14.073968094028396,11.475756015374971,40.920829109594976
5.048828125,-6.840923566291039,-1.2538605054409842,9.934561463374191,-18.49833358451407,27.005471215666642,-11.622344931690476,12.12707354956258,34.73561173630532
5.0537109375,-6.123004758075002,-0.27434922096012465,9.154839655970875,-16.017811013513718,23.76442787313482,-8.987343879485095,11.01714772021268,30.034823985004255
5.05859375,-5.92559740039273,-0.11124044562676595,9.03776690760117,-13.936801552387324,21.283030296384826,-6.7821843088960945,10.807696778889346,26.328688537549617
5.0634765625,-5.637485633163794,-0.33296846718540524,9.14297619983044,-12.331697018077348,18.62395069398847,-5.494036795455817,10.74644713637646,23.00232012444818
5.068359375,-5.421076947715857,-0.25646028225472034,9.002660676794207,-10.877839745366282,17.470843737391014,-4.331434598320509,10.511981088782797,21.031383789511644
5.0732421875,-5.545631670860775,-0.006186229542203798,8.893399083917362,-9.426500180459007,16.193154179499277,-3.352189018985647,10.480773643396379,19.034555922117978
5.078125,-5.536220407075726,-0.09276405545319671,8.893629725852826,-7.8541503778054,15.10149487626924,-2.312551383816903,10.476401637312252,17.17820478274608
5.0830078125,-5.541561410055271,-0.27070253302056063,8.79993495224458,-6.288017570034391,13.633872081007102,-1.2105871086283913,10.402934099884193,15.062773782736809
5.087890625,-5.488197509234471,-0.030375753343324086,8.710283275789248,-5.660552940417016,12.497083116226682,-1.2706146918682766,10.29515756709204,13.778004489051861
5.0927734375,-5.367521282241482,0.2290509254465204,8.573852743079497,-4.375542718511759,11.848822322520693,-0.4762462552254553,10.117988925758665,12.639888251396933
5.09765625,-5.458904035712637,0.20999132133912338,8.59701125150938,-4.151522895262605,11.155850503594479,-0.2914080176281404,10.185888870625693,11.906849349898435
5.1025390625,-5.372472156165599,0.17615942444882993,8.55983780792562,-3.6324688023461387,10.521092824336057,-0.10745060029657331,10.107685813755277,11.131027331285184
5.107421875,-5.367909737814507,0.11842488670441106,8.465922984685887,-3.3613932795171952,9.138296338042101,0.07908880900600304,10.02498535608644,9.737231628197362
5.1123046875,-5.468739630699811,0.20516437912182944,8.41826273552951,-3.1974580822367473,8.447798163970102,-0.225725108387563,10.04073468702624,9.03548470373307
5.1171875,-5.396674909309151,0.16175599366214596,8.451593474674135,-2.921070760418043,7.378146787211027,-0.0401588028599283,10.028942982159535,7.935446876543803
5.1220703125,-5.372588150464911,0.1617185471524764,8.489323060669445,-2.876112237215505,6.563110074489373,-0.03832608797293666,10.047858595313885,7.165745204788124
5.126953125,-5.372733037488746,0.13285198453598987,8.423542836401221,-2.1856246358185603,5.6122059343226125,0.26850071506708106,9.991995989721199,6.028756350354067
5.1318359375,-5.392155483917984,0.1088208392054716,8.310637376332592,-2.1865606553900627,5.613431898105043,-0.09873506720407252,9.907263816952106,6.025065459217751
5.13671875,-5.305579275174579,0.09904852565580999,8.348660796996802,-1.7293496831934863,4.791462529210208,0.14696989313119407,9.892376820507186,5.096112601294627
5.1416015625,-5.324530492649491,0.1952716200968172,8.395398006216157,-1.8524551980629607,4.480253328010238,0.08673319318722769,9.94341307879481,4.8488950071926435
5.146484375,-5.261929242218254,0.25765948266640776,8.343800749603748,-1.9158759776053802,4.230972280477208,-0.0349349022241309,9.867790974083691,4.644666580834978
5.1513671875,-5.339061389659811,0.22892851055619254,8.235356968028817,-1.3311369630933143,4.0345996503241075,-0.09700373773767514,9.817285224356192,4.2496270045786115
5.15625,-5.281230808327222,0.2432631848549021,8.315529756161299,-1.105976786868845,3.4680791010393253,-0.28000920578395344,9.853862742779317,3.650912551607095
5.1611328125,-5.242710872891798,0.305689443432676,8.23090599294384,-1.2209011707445885,3.6582724321301847,-0.4638079384864439,9.763568855559061,3.8844143265378177
5.166015625,-5.204269940471649,0.34406751265198343,8.127522318161507,-1.1592454010051134,3.845652271895908,-0.5867870704746357,9.657092062250038,4.059213022516294
5.1708984375,-5.2331752473954225,0.3056571839558574,8.160401782439267,-1.2310934559363482,3.0313517563463424,-0.2784590285356875,9.69905700235306,3.283629698752037
5.17578125,-5.276322369535563,0.3057610484161917,8.273086776233617,-1.001475590766273,2.715180693157989,-0.4008586272852926,9.81718046961965,2.9216172224416397
5.1806640625,-5.199276631415073,0.3873526510860747,8.197995168396941,-0.9419702500479472,2.7772847494615642,-0.52358848875898,9.715433307235548,2.9790541178582317
5.185546875,-5.261841313963495,0.3586193404385498,8.211894421492666,-1.5950487138414686,2.4109125720864197,-0.45977219476652376,9.75965121479308,2.9271266287696034
5.1904296875,-5.184632818217746,0.43543244878799137,8.287311835343475,-1.4808498491008548,2.285535033030799,-0.9497612435364803,9.785170225061087,2.8842040639519735
5.1953125,-5.184617467901157,0.4738901819918567,8.221384874286013,-1.836461048165053,2.1662977883811156,-1.1934178216702287,9.73118694940103,3.0805326465487286
5.2001953125,-5.304982857828958,0.4067929976574314,8.230413015489543,-2.0246930453824437,1.480263839992948,-1.2524272294929402,9.800409280756691,2.8034152259674383
5.205078125,-5.33410884225329,0.2962409493814471,8.221121983243453,-2.734755139978631,1.2404419295222862,-1.311196148144492,9.804454217571925,3.276708286537797
5.2099609375,-5.266882078599737,0.2816777510853653,8.169713415993396,-2.6247775081777007,0.8004823744536133,-1.3715824193738442,9.72438206184815,3.0678114890556496
5.21484375,-5.3584714093360475,0.1712513587902326,8.202477225989194,-2.740328476976158,0.8636839329756809,-1.0040208548958915,9.799141570333123,3.043584724444629
5.2197265625,-5.358459963811732,0.17606023706311488,8.20246674478996,-2.677859978485792,1.0500780632766213,-0.8209440918750202,9.79921175861779,2.991245092822587
5.224609375,-5.363312156210496,0.1760616495745606,8.164821119493249,-2.8568807728578305,0.9280440639736875,-1.003833769176528,9.770384787854017,3.1671305263819973
5.2294921875,-5.286475226665032,0.14705854695328888,8.137001373141475,-2.3861098320567193,0.8565767578754163,-0.45375533853464994,9.704598800820225,2.5754878722329093
5.234375,-5.344069491205509,0.1519926181940907,8.221394438871096,-2.270001136014047,0.7928620401215857,-0.6376784475981885,9.8068092161681,2.4876030983060904
5.2392578125,-5.199811781920589,0.18537026863988118,8.151404584862082,-2.3213918901190564,1.1679872824227209,-0.20982062802994672,9.670460248096074,2.6071208823832124
5.244140625,-5.238422723723073,0.08927996315490376,8.226695557693644,-1.7312782052671079,1.2207350802509775,0.15588613580515948,9.753336010986986,2.1241042459174464
5.2490234375,-5.26742657774595,0.046045564209675004,8.18433623292651,-1.7804577703618223,1.7212004708031106,0.5834843170910758,9.732998639654765,2.544212035390502
5.25390625,-5.21446396252993,0.06518578180014369,8.203337517611757,-1.4143905138096013,2.466881654902335,0.7643623215650881,9.720577659302396,2.944529738935683
5.2587890625,-5.103699658705846,0.08423498836918886,8.307246113417436,-0.5161626967421625,3.328957486599151,1.2496270427470002,9.750137626127584,3.5930418343038104
5.263671875,-5.156688511935304,0.026635138577827303,8.344765631009137,-0.858914964927362,3.8972575517011254,1.4327931655787176,9.809549392107872,4.240194287600121
5.2685546875,-5.195297645829134,-0.006965385819552543,8.292937204713727,-0.1937373137002606,4.888097928608961,1.9186049508746135,9.78590688831048,5.2547198273468005
5.2734375,-5.0701857279325,0.040884428428246404,8.269862740311,-0.05119236664008668,6.262057930528091,2.5271508622993357,9.700468266831374,6.75296095535227
5.2783203125,-5.06503008465188,0.12265293652607498,8.401391773025939,0.9663355881441127,7.248287106401915,2.8280919955182733,9.81085914816511,7.840253489579314
5.283203125,-4.964091180371841,0.08400127733896562,8.444244130799742,1.1669434851080258,8.622458533722718,3.1302835577185633,9.795637621012018,9.24701159374892
5.2880859375,-5.021436855915919,0.21395763818808264,8.486036970837027,1.5532587505615805,10.55808031034809,3.3081585473417032,9.862729309846369,11.17271612278349
5.29296875,-4.983053285543604,0.18022247278294526,8.481575181238583,1.8193632164255402,12.370817852115977,3.3030248696554096,9.838720330473125,12.932795139994903
5.2978515625,-5.079494808678677,0.06979749299925826,8.476693365937663,2.317748287071338,13.927976362848232,3.787858240998721,9.882331183559586,14.618767141595187
5.302734375,-4.930906091691358,-0.16610256338050142,8.548403830967997,2.950142338857099,16.4221828215161,4.453598017892031,9.869986474354908,17.26922012563936
5.3076171875,-5.012001854279806,0.05047384085449687,8.665152328789997,3.586589702261959,19.231116111898423,4.628572037579006,10.010373373508578,20.10281402462722
5.3125,-4.839092736489683,0.04530742414961778,8.501310677617566,4.455030704249018,21.784541468815835,5.232541214393838,9.782185569309382,22.84278952191891
5.3173828125,-4.8147210896187325,0.10780913265026229,8.656480992779317,5.02613001443982,24.21880764892076,5.347336204266527,9.905948978177294,25.306256762684896
5.322265625,-4.992752495345208,0.08408856078428363,8.608725968410878,5.600363704233225,26.7771357996482,5.8295689214486766,9.95212596207576,27.970751671387283
5.3271484375,-4.670963213037695,-0.08482384923981785,8.619905310865983,7.402550667003207,28.941946371772932,6.125728029027751,9.80448162787033,30.495221921634645
5.33203125,-4.560465368811434,-0.15715187534215994,8.681685334944737,9.588334070667264,32.9820794940658,5.92642076191069,9.807864260227426,34.855073964213595
5.3369140625,-4.3055252822812955,-0.20087694732509787,8.842796844262995,12.668199960927346,37.697627149548715,5.845445533082071,9.837324612578243,40.19656224649891
5.341796875,-4.2532809459598475,-0.4606611645469391,8.815375244601084,17.06046146594619,43.52225267058633,5.5138462550308365,9.798645223545572,47.07067370962
5.3466796875,-3.590243635885269,-0.8369379738626248,9.110680344438709,24.779650556770896,51.36645433949972,4.678335507466735,9.828265913967213,57.222640067092414
5.3515625,-3.2330269032375547,-0.46242759217722196,9.529990149555653,35.14282319095707,62.6194842442866,3.0313751166053,10.074076358936953,71.87076640713457
5.3564453125,-4.256772295486238,3.651157128452484,9.798700600078709,22.237519973319646,67.42843038451602,8.072204912132264,11.290066084937298,71.45810668375398
5.361328125,-3.1034209109158404,-0.9674330800839057,10.373508621046657,19.16924441866371,76.54421354929735,12.344285042526675,10.870916669061522,79.86775277090281
5.3662109375,-4.310819347263723,-0.7249027407777812,9.502349419440689,27.362194804331985,91.331945218465,12.410916608969135,10.459602856584716,96.14699565235352
5.37109375,-4.068360716637614,0.17869411108047223,9.393257636741705,24.446455617820295,102.70205070322957,15.757920584747952,10.238006619270244,106.74105335848068
5.3759765625,-3.671976960625688,-1.235753664782464,9.943638503081543,25.708851993483467,117.77349812430356,17.982865589931787,10.671759395683305,121.88078349798924
5.380859375,-3.6264988361948904,-0.4759636102700755,10.280793101273398,29.01620656559836,132.25452644382798,18.91782980602644,10.912045727470852,136.71534037154885
5.3857421875,-3.788506560851468,0.27447546686620466,10.019775001791036,26.95745095854987,145.80952830853022,20.78809303706934,10.715596569022305,149.73064990126954
5.390625,-3.7911476878311334,-0.812340517790328,9.975112958914757,28.433560624167136,159.75316195816697,22.097568300967033,10.702129528785395,163.76154203663452
5.3955078125,-3.5561710856078483,-0.8513498093000337,9.496511229260102,32.31579839584439,173.41050904463495,23.279243580808835,10.176191567348353,177.92537383626572
5.400390625,-4.122054844058717,-0.3741375944470653,9.841024624806685,33.376618948608424,187.1725195287124,24.46695202344201,10.676004905537376,191.69293805585076
5.4052734375,-4.05503898586381,-0.4704545718776871,9.775684999772789,34.43427300660381,200.7463375091187,25.716841195016507,10.593804127689861,205.29531680451947
5.41015625,-3.9774947995468746,-0.2686039819437099,9.88375145817539,36.92614101579251,215.80579679169526,25.918145988168334,10.65744602925685,220.47093257543196
5.4150390625,-3.8861091225121296,-0.17744063819700584,9.71464027065904,39.06274458962228,230.681529497391,26.42735160557231,10.464586225955907,235.45333078768346
5.419921875,-3.4235459951515357,-0.014708643025002655,10.186606905677284,40.66548890238515,248.82408880006489,26.500298217838928,10.74652705649085,253.5140527869944
5.4248046875,-3.1967583312251473,0.29264471244695706,10.229250361647303,38.73662461913207,270.46813554030257,25.41082698771867,10.7211225026693,274.4070854728988
5.4296875,-2.4911033569374763,-0.002111313992396969,9.786182728399332,38.8023902691657,295.08564015542663,25.472998019317902,10.098265830637127,298.7139671067136
5.4345703125,-3.163742116149607,-0.19302579975074954,10.672545356676471,40.753687901233185,323.3090893513485,25.581512666212,11.133272094365822,326.87007223825333
5.439453125,-2.7601586455403253,-0.0015669590796845182,9.982536613009817,42.66632309290609,349.2767003283854,25.81959987145475,10.357099759777988,352.81904746778486
5.4443359375,-3.1527240767079525,0.9945003480414513,9.437791680568017,41.51426343752989,382.1248182229864,23.966546781325707,10.000030592548578,385.11972961058814
5.44921875,-3.2782693678149295,2.7163552316693,9.598080455186672,38.55032327679396,412.6282977093029,19.36721473362763,10.499942105402642,414.8774861350768
5.4541015625,-5.345471612773268,3.8315559292825045,11.900527592897372,35.67713048541301,441.3111671937393,15.933751837794693,13.596964535935824,443.0375699387154
5.458984375,-5.402074978630723,4.885410818109062,14.837383956906491,33.42608516958992,464.3935478711238,17.16459517905743,16.528690680786283,465.9112509928853
5.4638671875,-9.10289869167065,1.1656376344885155,15.76529923084166,39.208109854746446,492.9382660117482,17.264771787921337,18.241878618270977,494.79640492018524
5.46875,-10.217782981367414,2.2638223766183767,14.12607124847878,47.2867302992554,525.0761402628199,18.33062933132414,17.58049685658225,527.5196677919956
5.4736328125,-15.304193710365178,2.615687162622759,18.533399274002953,54.00491461454444,536.1312578549289,17.853849912100973,24.177407907108318,539.1400712322506
5.478515625,-14.771527706150284,4.562131462940098,17.736642890572032,59.911798452151025,545.5874095322378,11.01890418553785,23.528696846327737,548.9776509871044
5.4833984375,-18.425603207059112,3.7903488762551363,19.74941552931538,74.9420586986719,550.9462324695647,9.741746908341566,27.274695450128846,556.1051742856102
5.48828125,-15.290453005988393,0.8545263854190918,13.255782188535184,96.4129473614759,566.1906803183757,1.2686371520403972,20.254479255256197,574.3421909789803
5.4931640625,-19.979796059240012,2.417467960760403,17.554019320198332,94.88402865233566,574.4524049659044,-7.998038614283965,26.705430088355104,582.2907461793329
5.498046875,-18.55841245134411,2.4769465580189354,15.72589519410385,92.61756905883925,572.7967387793492,-8.904895863402594,24.451047352238813,580.304588319759
5.5029296875,-23.223069312162032,1.8559353860062375,16.76510062460157,80.92518210604257,563.1377536165155,-9.218067178485626,28.702335155654634,568.9973527264065
5.5078125,-28.768541937578178,2.5062918041926694,18.620715719661902,67.86058221264442,544.6495815242786,-4.486128852071698,34.36046503955413,548.8791767091262
5.5126953125,-30.817520781789096,-1.5268904985198033,30.651034202721032,74.7664640780261,492.6538370761965,4.305977372142241,43.491802439389055,498.3135245784121
5.517578125,-26.60905948992222,0.027620662825335048,28.229799091635165,80.51797626432457,454.04211573965995,3.8361159745103035,38.793870219318414,461.14217238593454
5.5224609375,-18.33666748975132,2.5032052098301945,28.61318289492447,80.7637833070902,416.8250479366605,3.8001931065065273,34.076585015676415,424.59433668988174
5.52734375,-10.33269224999519,1.3966229730747126,28.81041546720956,87.1329942402758,386.72039022077513,4.406228891749032,30.63911102260081,396.43944525088693
5.5322265625,4.061396292668814,-5.0370266756693995,22.862660269263387,90.12563855753065,378.1331939985516,-8.495873145537045,23.760635769382596,388.81811041855286
5.537109375,12.697324514807477,-17.314493665174247,6.2501655836657735,147.78383411413495,415.92945290044696,-46.49440415335944,22.3624307833234,443.8458077228118
5.5419921875,-20.738980208829766,-4.785107394173949,16.263734678649573,130.8741554826512,401.1434366135142,-99.75261031419234,26.786407347263268,433.5835381744708
5.546875,-30.961863363132352,-0.2743023141882939,40.46764618201611,125.6033108623306,288.3634545069438,-124.10541706631598,50.9543188767124,338.1298983230583
5.5517578125,-30.493331976421135,1.3123077120523947,43.165770013044146,113.38849342056885,164.12614247759217,-140.48921937154662,52.866332834558904,243.99090524933058
5.556640625,-26.844862378911063,1.5936582893018565,41.473854864985285,106.13931881501344,74.93383908749085,-149.9866071000634,49.429414524628946,198.4354241265753
5.5615234375,-18.880506436700422,8.026681608196082,37.619179908113026,81.63938932562972,-2.061177476121208,-153.7150152668533,42.84978223870705,174.06189778506598
5.56640625,-9.468283068280341,11.970221282527525,30.98265459634883,43.27740387729191,-60.81495359512717,-155.918244115261,34.537797666475704,172.86379353445253
5.5712890625,-1.1873851484208293,11.717548739780455,23.555568243866833,4.97064344597571,-99.53130554444328,-155.35138405969252,26.335824028332368,184.56771280186152
5.576171875,1.6370499860840846,10.403400830112513,19.47440019401141,-26.523739669087757,-118.36405656245057,-154.30159022010452,22.139623854199403,196.2715960000468
5.5810546875,2.198635550505788,9.242861696739997,16.82216314813902,-52.64885919141775,-133.14791892212867,-151.13337062999503,19.319670380511614,208.1863742069469
5.5859375,3.826990149722451,7.767744639230193,14.170564119598515,-67.39021404553309,-143.0993468617424,-144.8835633499704,16.606884050116534,214.49967587468498
5.5908203125,4.884931120923907,6.592042794284548,12.47054254214479,-74.28086321816882,-148.09472950008757,-137.99353549868155,14.927558794166337,215.61983068717566
5.595703125,5.116187195245843,5.312209029080771,11.331510767865462,-72.91942351631067,-152.59597692430785,-127.94210645270742,13.520283742129664,212.06592631300035
5.6005859375,4.429662604127434,3.942881968365166,10.955270953625604,-64.68879622163293,-158.07968827721763,-116.620532981939,12.457374951016648,206.81918894391248
5.60546875,3.34444524501623,2.5263078307367466,11.042998626517722,-48.247601661289764,-165.57621688290402,-101.64148513827581,11.811662199615505,200.18567921915718
5.6103515625,2.414579908876921,1.7682456030326745,11.050009711069523,-27.405957650037497,-173.82967607612298,-85.93720995113262,11.448126626820969,195.83933939234612
5.615234375,1.509588129073607,1.4573231837727818,10.853918581184953,-3.5291652360992347,-183.82759408234085,-67.84825263368106,11.054872036726321,195.98067440135358
5.6201171875,1.0916885314600058,1.7898606551551732,10.559778311047516,18.808135934173606,-194.43016510702742,-49.570449958522374,10.765886075612325,201.52931446803134
5.625,0.6077329606378936,2.6563087843227673,10.259477685960048,35.445764776558654,-204.25028175361751,-34.035600700586194,10.615187143796765,210.07856138139613
5.6298828125,-0.1300244148111491,3.9464241974670915,9.999469950596133,45.4905508503459,-214.15653529321034,-19.769670571294977,10.750840413087518,219.82550284249888
5.634765625,-0.7910600082116085,5.106571902725433,9.82003340004024,47.40184462253692,-224.49496857184386,-8.849748594963822,11.096662043704965,229.6154259580274
5.6396484375,-1.5580470700575462,6.189979540601945,9.659115082390798,40.47377765456378,-235.44691938227908,-0.11004925800335894,11.577644905612495,238.9003780555311
5.64453125,-2.446174181545006,6.816797439998952,9.639760106009852,27.931093548914628,-247.62354379041318,6.3814377492531875,12.057257995326,249.2755266244733
5.6494140625,-3.354669100811482,6.919503581118804,9.720228286841953,13.09269196360898,-259.63479266769065,11.102710897853392,12.394199148528223,260.20168011703913
5.654296875,-4.206442962350305,6.622959026603674,9.773599812964504,-3.3087736086061854,-273.43519860542096,14.546650142549264,12.533195999726377,273.84185372135636
5.6591796875,-4.780533587601928,5.86902575522615,9.716310577777495,-17.0531538677758,-286.58457823992023,17.614999797300438,12.316884993435998,287.63139390485503
5.6640625,-5.138924726511993,4.85018835187643,9.608808493114587,-28.03357670432085,-299.90299533923786,21.534026394042744,11.927366643596784,301.9791422085693
5.6689453125,-5.507334857650792,3.653444267423234,9.520464550034974,-33.16392080569799,-311.67978348099143,25.61805264880206,11.58954863219167,314.48436796680545
5.673828125,-5.721837198765136,2.538134356667833,9.291521730449462,-33.746849300457626,-322.52472577193487,30.6067448723686,11.20329964827705,325.7266053052035
5.6787109375,-5.955048438886388,1.5431242146673185,9.269168413355919,-30.363484047526413,-332.0538505384969,36.68395271991158,11.124806395013396,335.451059333703
5.68359375,-6.119933452766031,1.048079011103309,9.086114214718624,-25.37335364263009,-340.41530732374736,42.32556960918001,11.004977355847302,343.9736070952783
5.6884765625,-6.298608885966507,0.8223570668208613,8.897707019010163,-18.717238809308164,-347.6102447775201,47.653823131947775,10.932425862537059,351.36036225223677
5.693359375,-6.3994689216575225,0.8369880721064037,8.972484051988964,-14.736997114537678,-352.88283722880817,51.9428008243172,11.05256628911608,356.98953829500675
5.6982421875,-6.447428186922549,0.9476586199154112,8.854456097903702,-12.148910904400013,-356.8793870766639,55.436372037784786,10.99403383090699,361.3636455166596
5.703125,-6.961466952321842,1.0544586798074014,9.054211976614248,-12.028804425857281,-360.4572132574874,57.098027859874136,11.469640785707075,365.14966727460705
5.7080078125,-7.4992352794529955,1.1901997792675851,9.465438589817769,-12.847974976996609,-363.7670494921535,57.720211833515535,12.134645977067994,368.5419373848006
5.712890625,-8.364107364882805,1.2640437361411874,9.903592603076707,-15.09806912644037,-368.0544200390433,57.307615784890636,13.024486363226774,372.79507860025717
5.7177734375,-9.18089330305143,1.241659921499163,10.5396954764576,-18.820985088133234,-372.25239400419684,55.42875842174677,14.032665532219198,376.82677927891467
5.72265625,-10.017220182110979,1.0654384806067811,11.227783660808141,-22.69053070252848,-378.13911150671595,53.43195684202788,15.084528009412805,382.5689765867317
5.7275390625,-10.66655873124058,0.7109153736692558,11.808907440365623,-25.36639270440815,-382.84981250285506,50.38839537674165,15.928941294720328,386.98375056447577
5.732421875,-11.585299012814819,0.279966084322913,12.445460422013555,-26.134212994307376,-389.5310012716356,47.46732226235256,17.00549967923921,393.2817625103824
5.7373046875,-12.456309094159058,-0.2184317677858373,12.91305918414793,-24.964676581385977,-396.30067834647826,43.68448606625683,17.943089092453253,399.4819108014342
5.7421875,-13.188042906349427,-0.7651900935941848,13.329637600046606,-21.611692708828397,-402.72847289889074,40.38511738799627,18.76670536156052,405.32486458599556
5.7470703125,-13.813537169651505,-1.004427770851014,13.501446874743339,-15.182319576472858,-408.1376435921826,37.25924708884107,19.341968669081158,410.1159475542605
5.751953125,-14.285393449491762,-1.2824503827365643,13.547028541085727,-9.241486257863805,-411.1595829472722,34.25133571539704,19.72914410926015,412.6872444308376
5.7568359375,-14.545703431725967,-1.4310894736411235,13.296956781147175,-1.038028707655419,-412.45890211304214,30.56010730472879,19.759417123108335,413.5907924438968
5.76171875,-14.63747185163281,-1.5367402201113565,13.165102331284709,6.042042508131698,-410.6728944049656,27.108866866095887,19.74682435493487,411.6110094972993
5.7666015625,-14.637347489921487,-1.4501946536771817,13.094367478844674,13.576335011226421,-406.13183888397987,21.996251280184566,19.69308167213272,406.953587646062
5.771484375,-14.88176788459411,-1.2765443899875326,13.445650611034587,20.450196804339125,-398.822284564381,16.204492109307452,20.096818188573035,399.67488134608726
5.7763671875,-15.423925677007968,-1.140721170642232,14.218993347113322,26.218730703059677,-390.74322033446396,10.0458624089359,21.009009969160136,391.75069295224773
5.78125,-16.431740446262623,-0.979853452173259,15.61575718915925,32.227985967172984,-382.22607566533355,3.0276681760324546,22.68951474738624,383.5942944995477
5.7861328125,-18.27522481366985,-0.7259071428197192,17.71413150656953,37.67245592339213,-375.8945625343676,-3.4332305881702343,25.461760312323463,377.7932280368126
5.791015625,-20.858425105569143,-0.2973836438207798,20.156923888790608,42.87454917191184,-373.37886655790066,-10.374207621543265,29.007997441649547,375.9755698746026
5.7958984375,-24.047007424892477,0.3246386025241255,22.638979975548963,46.032731388059226,-376.90905965804814,-17.356224202553207,33.02858414537913,380.10615639572137
5.80078125,-26.88452461025784,1.3353666507486506,24.35041434791664,47.27793911056104,-385.5451066833734,-25.238570023769203,36.29743167948272,389.25212681612976
5.8056640625,-29.567712369352634,2.9179043752085754,25.275858884991482,45.33322652921407,-398.39354494745567,-33.28536493573601,39.008112272623926,402.34367598143575
5.810546875,-31.757534624411292,4.239606917835285,25.075292341151755,41.30651999529054,-413.1018366540712,-38.01441073162103,40.68520072744711,416.8986105330175
5.8154296875,-33.01634901125884,5.266016094721858,23.868275175441607,37.45159129643985,-428.3838249171627,-40.65956758131934,41.079250083146896,431.9357864048703
5.8203125,-33.488671734644754,5.8002751821088365,21.838027508010114,36.082075596134715,-439.7660813903819,-40.38060736973691,40.39843774429388,443.0877068621133
5.8251953125,-33.669412389100295,6.026039934834873,18.934958271395054,38.77930644955675,-447.58351253712914,-37.67042202672269,39.09571757447351,450.8368840273103
5.830078125,-34.08779693671335,5.77601238676606,15.265296214334034,46.569939391786185,-450.47718372388704,-31.248986322596256,37.79377577858609,453.9547901024386
5.8349609375,-34.38301798039704,4.967827687200097,11.136493940679458,60.73582968005953,-448.89887464912886,-22.83345353899146,36.48140258626042,453.5641159402899
5.83984375,-34.003692995707695,4.648916815984219,7.15535667025215,81.43245274395126,-440.72401275517973,-11.634744488029654,35.0579904442169,448.3349942378192
5.8447265625,-33.202593784265105,5.25274047086597,4.23222601757493,101.69657487335459,-426.71439103794376,-1.247088810883344,33.88089806249285,438.6672088159283
5.849609375,-31.795257343613322,6.042958216472831,1.2266759311088293,120.3518901257468,-406.85247679948753,8.272859449081983,32.38765918359329,424.36064324838327
5.8544921875,-31.037413588644462,2.4920253760009303,-1.4335796095810587,137.0768738326389,-383.5909952275645,21.8319595867269,31.170280448597364,407.93229268936176
5.859375,-30.111413263187718,-3.035724417541236,-4.305113383051333,171.41235908811282,-359.9843488998164,41.71422528118093,30.568723111812524,400.88777094317305
5.8642578125,-27.367161324973328,-5.85484822172058,-8.091745738145717,212.06335439183673,-332.29136756135813,66.28475786722386,29.132749883546865,399.72751763824294
5.869140625,-24.1282783871386,-11.180248085660658,-11.442754185763548,246.9371751462761,-304.3778584846667,106.97365753730874,28.950101701720975,406.2846448142531
5.8740234375,-27.76455456168201,-10.481411149993866,-13.698797840250402,274.5665196477932,-272.07590242500083,160.16072430516334,32.68619788185653,418.4059368625583
5.87890625,-31.994747857193147,1.8606533516218253,-17.11636634365843,250.61480931639167,-249.58688218482078,190.35573559196604,36.333124255293406,401.667400320451
5.8837890625,-34.98289671780689,12.820217597565032,-20.619551875458082,160.52610735200417,-222.86757487094678,184.88866589349533,42.58317697826651,331.09274508258375
5.888671875,-37.60636377490795,14.974170258637708,-23.283531303588184,40.21380407505717,-198.0430719216844,150.05261040629543,46.69675793104431,251.70219360209802
5.8935546875,-37.22984035809391,8.495459496248193,-25.313531468664454,-53.19014163841602,-170.9677780327861,110.36718323299421,45.81493992745835,210.33327703377822
5.8984375,-35.54799677410916,-1.4816112721462777,-26.56828262299849,-105.1877176043986,-134.68898072646908,76.49257937995787,44.40415395150942,187.23432421475775
5.9033203125,-31.199815287697763,-8.97245020877806,-26.753959529755132,-111.22812606734857,-95.55826823741121,53.69586926245937,42.067893782019034,156.16121488013005
5.908203125,-24.68258181659768,-12.817171270943572,-25.828240342210076,-83.62825498751023,-42.95999518550997,31.57270533952329,37.95533854014093,99.17702325161525
5.9130859375,-21.11221028303938,-13.179153315182765,-23.041776263015358,-39.83010085597127,10.197241837040051,14.180447971139946,33.91664721777824,43.49144490520096
5.91796875,-20.37024471707601,-11.058759991913487,-17.855711397875197,7.842899492933666,59.02939250779496,-0.6421514041867264,29.258664903179017,59.55159620632748
5.9228515625,-22.14760808872396,-7.2599339302487,-11.626120968950305,44.845383802465356,91.90550603210116,-10.929277671946185,26.045918557577373,102.84541602734419
5.927734375,-24.511702239811832,-3.368691417373065,-5.653256771191937,63.52811105202364,108.62333951958203,-16.10833776175569,25.37973484258074,126.86342785717027
5.9326171875,-25.52679182285071,0.3561978648502048,-1.2590757281002372,67.73421226192752,114.39934213663959,-19.813622654335326,25.560306128354036,134.41619186217176
5.9375,-25.199461767030822,3.1501388755204927,1.5956923159500032,59.79593889597925,114.83518431649402,-21.45233226330762,25.44567708374638,131.2359570582323
5.9423828125,-23.805464610724794,5.970772803677823,3.6602368746233607,41.5841535648186,112.40195197251062,-18.95459548316186,24.814262172870706,121.33720503152897
5.947265625,-22.279765355812177,7.944630503072963,4.927690352907765,17.1909865367772,108.66024579972958,-9.884777289206022,24.161689310860407,110.45491323351129
5.9521484375,-7.127311235078824,49.44720129356137,11.270822467231634,-106.96285975721185,82.69969105620937,37.005150608819335,51.21382352739845,140.1772928823169
5.95703125,13.643904332921252,32.469599974593145,2.853129455056614,-342.12194106100645,186.54144393327846,-2.9313552817494393,35.33512976689513,389.68413581239236
5.9619140625,28.527124169707154,-3.8173476821163788,3.1856232865545264,-315.0721937194909,182.79946960545078,-50.745932990636085,28.957160641953276,367.7788507491107
5.966796875,-3.5761273882504696,-0.5814065509616242,12.472868585263198,-293.9838625981629,172.74617234791887,-0.44339289054527464,12.98842451645856,340.98086181814926
5.9716796875,16.376872272850786,-13.703903352972818,12.09479975823653,-265.74697119902186,192.45426254591783,31.274301766845888,24.541456634452793,329.60306100603884
5.9765625,2.7686155559328305,-19.17207238691756,2.7400779310545076,-169.56249947655272,229.8133295166537,105.59720228359556,19.563783345099996,304.49363997034254
5.9814453125,-2.3102642816952614,-24.35274237968451,-4.043128840677157,-78.18348028183424,263.3994567122782,167.32140232421594,24.793956386282414,321.6961020296103
5.986328125,-12.443228358787628,-16.517693614672545,3.754332632659291,-3.0345974380669687,299.15999833544197,193.97485316334058,21.01816233293913,356.5559662176645
5.9912109375,-16.36967429773328,-13.175387388619969,15.40758235421556,4.269666134067277,303.2675453405969,170.41861407807593,26.0566817430004,347.8964474237982
5.99609375,-25.61938898424205,-21.16764752025202,25.374041541367447,3.6012693304590524,289.18246419905006,116.38054046283726,41.81225152524766,311.7433189972922
6.0009765625,-21.56385264010347,-29.317208534596798,22.978093835005318,-1.2052460989482978,257.30634028282964,59.95825940723775,43.040576822754616,264.2025704626054
6.005859375,-15.614904721532278,-27.190022474090856,15.013586732904892,23.201209137257546,249.23721444103725,21.83653463972235,34.763923227831384,251.26543616826837
6.0107421875,-12.479818023004206,-17.756621570712266,12.086001470636038,41.47824417911803,257.2847073309877,-13.132857534291242,24.8417974196917,260.9374203014787
6.015625,-16.02710957348868,-11.074371066600905,16.232213355062274,53.08102318134755,250.72460701807094,-32.3794155111641,25.357339888198876,258.3192794492689
6.0205078125,-18.859716807022448,-0.3398804088836544,18.787737389692904,59.47532176051563,228.88741648623613,-31.429373484206227,26.622988430255017,238.56774476418707
6.025390625,-16.138676892606966,11.056262952891855,15.538943333795874,52.53757544492235,206.8341181280411,-20.15269178882323,24.983126350766714,214.3517675265839
6.0302734375,-14.111304188246974,17.279589814080214,13.572980958231591,35.20139179350706,195.38884869501888,-5.997240903304479,26.11396067486927,198.6250414147653
6.03515625,-14.046974681301526,16.082028318177382,13.453604575138595,16.853919087612702,182.5717756604195,11.777744557246642,25.23784080677219,183.7259456997462
6.0400390625,-13.734493800214098,9.661698074698691,14.13686158140531,3.5156365700135215,167.50574910996968,24.770014362398577,21.95075363185896,169.36377799546736
6.044921875,-11.550742383428856,0.30890061823740933,13.160412533359922,-3.1790002083088518,154.52046788230447,22.98565726357841,17.513181528451767,156.25306869540006
6.0498046875,-8.365192428400718,-8.05527366221118,11.53244227935402,-0.223042531698137,143.4317049950225,10.517723272490093,16.366462753567674,143.8169887342479
6.0546875,-5.843935928889579,-10.777311307713207,10.14788733048833,9.754998750065539,137.57077172668596,-4.554711513202377,15.914824643602424,137.99138607557435
6.0595703125,-3.559339992102269,-6.189236951676181,9.437641149902403,14.618609704403465,138.8613375110635,-19.389954061667858,11.834045195861961,140.9685962318018
6.064453125,-6.195951439311741,1.1445212988650997,9.682859830502373,14.281334581692047,137.44746846150915,-26.429117040209796,11.552381474787852,140.69207984615514
6.0693359375,-8.554636081684821,8.102650308669608,9.859567283918173,7.9322461664424075,133.77088711177723,-23.282722111514715,15.363782331859467,136.0134402066167
6.07421875,-10.529632846114739,10.462809013047387,10.325497642145654,-4.442780794385173,127.85301056587224,-15.889367080482765,18.082019850543233,128.9131591349864
6.0791015625,-11.089222983549316,7.333414306116624,11.068290497031162,-14.985954130328714,119.28633942942335,-10.88125047869026,17.299042929905248,120.71541412615007
6.083984375,-20.3280586961264,27.539932468073903,18.085366294350475,-71.2486654038428,115.77966254802007,-43.92893158052761,38.71380018417282,142.86725871020562
6.0888671875,-21.219245159517687,-3.6392164040055217,18.57773828499012,-35.644563238632415,69.36440504941336,-30.853158132111584,28.436466393708013,83.86818790850933
6.09375,-3.4508587802389523,-3.780717893621593,6.803830473775532,-33.79020949190193,56.45823559256648,-22.24528541030621,8.514362173890616,69.45619732405699
6.0986328125,-1.9835028272969972,-3.768919214354778,7.402789036618325,-23.495250875057117,71.16914111909183,-27.391310696933523,8.540510583735863,79.79572271122697
6.103515625,-5.829054942798892,2.870606114279056,11.528981543448364,-29.81746046157836,66.5121307402177,-30.492568515606067,13.233883648373123,79.01101960271447
6.1083984375,-7.022267373230596,4.141740326217514,8.332321116943378,-33.87593685019911,59.55385444162435,-30.032435407281397,11.657350779092814,74.80767241951449
6.11328125,-6.585700348171375,1.6739645862578665,8.377253703338878,-34.46438585251627,55.67094312343272,-27.510256724006723,10.78665778274508,71.02015224895229
6.1181640625,-7.271692320295651,-2.7677148791583823,10.632050665346497,-31.0124789531663,50.66519398037542,-25.119812921056557,13.174910102306441,64.49605207358456
6.123046875,-8.834629339101769,-3.356056012216477,11.731741702801623,-24.71236560954916,39.78016184072798,-19.721340132231354,15.064778488172564,50.81430454808663
6.1279296875,-6.946447800093264,-0.9796236712909414,9.599583614467404,-19.054789185916903,32.786617478639194,-14.573908498205869,11.889693231867891,40.625682585335376
6.1328125,-5.365461491143352,0.9504424847852301,8.868574564781039,-17.53541225532789,31.877470399628262,-12.065344957339732,10.408800734998636,38.33061897469284
6.1376953125,-5.664845350781226,0.04708951320911865,9.649954818191125,-16.939269456546477,28.5421420210713,-9.977347973801798,11.18992038683261,34.6574695190347
6.142578125,-5.676324638650168,-0.6117600660963857,9.397382475062598,-14.997909362973882,24.939598837261336,-8.993193664238945,10.99571321763308,30.459783448114237
6.1474609375,-5.80996736176195,-0.1162246994528988,9.240513566773075,-12.499611498749568,22.828896034001726,-7.096112815219764,10.915874674217328,26.976908622695415
6.15234375,-5.738616880047336,-0.35683982153387567,9.062635462524579,-10.248750030794335,19.969684894595673,-5.012664206085057,10.732679995267008,22.99895637689058
6.1572265625,-5.777103594564748,-0.41445340384471224,9.166061062103838,-8.63492330191532,17.87554408172809,-4.093254169430012,10.84266447698662,20.26947720942305
6.162109375,-5.622487297687634,-0.04448273577992573,9.043645631205083,-6.831907319014423,16.46580603013748,-2.686083365482755,10.64903133760325,18.02811054115316
6.1669921875,-5.483407699330749,-0.14575321396190707,8.931600546087576,-5.972150665334621,15.009378462459932,-1.8273256413329344,10.481531009892203,16.256910665876394
6.171875,-5.589307807404287,-0.155187975493661,8.85591045439963,-4.583248853826653,13.609451033622141,-1.4599025631260467,10.473375532749364,14.43449489890395
6.1767578125,-5.680759099595086,-0.15503200597831823,8.780262370837171,-3.545791076849676,12.21288060585327,-0.5405097282959692,10.458874995488245,12.728677771861314
6.181640625,-5.488074532030585,-0.049581831980926055,8.856120661684171,-2.4476867566217346,11.004889411720885,-0.11192187389431739,10.418843198815049,11.274364191767264
6.1865234375,-5.396946523780433,-0.02095289575196723,8.59308414195267,-2.1680049018153653,10.122820524427821,0.13474884428683637,10.147342798736256,10.353255424025297
6.19140625,-5.348795762714335,0.01742329794296251,8.56969479715402,-1.4125322019111595,9.611068031900249,-0.04962027871892305,10.101959641520585,9.71443967026977
6.1962890625,-5.3391659183123465,0.03182811776844231,8.55089301634459,-1.0706343041854347,8.915892145777491,0.2573911077555864,10.080946240771224,8.983631824089132
6.201171875,-5.237917984875772,0.12301617194915446,8.593462381739148,-0.1940649031889533,8.589853257681447,0.1946000094418279,10.064716265310809,8.594248619793651
6.2060546875,-5.2765395455226045,0.12306165398721633,8.46160823741473,-0.2569765092463791,8.339985892074933,0.2567872063454516,9.972754268988622,8.347894421688386
6.2109375,-5.391821601255451,0.1713685397024097,8.470405820011353,-0.3839890753069386,7.777887012502249,0.319740490728813,10.042354410786688,7.7939212191693175
6.2158203125,-5.30029159502434,0.28659146678974556,8.376491496742974,-0.2730176857946823,7.46456957546107,-0.1695831996028224,9.916694784863035,7.4714855326931655
6.220703125,-5.1607325347273685,0.32961107425707703,8.381708960404973,-0.5166664098711179,6.966762761351625,-0.1065766864160768,9.848596288415902,6.986707818574659
6.2255859375,-5.285682541801176,0.3635064936571942,8.376386768079218,-0.8763302670313896,6.596859273840984,-0.2884037227911593,9.911328477660565,6.661057252651181
6.23046875,-5.203991746374546,0.34892291635204087,8.357962727084915,-0.8765131433734719,6.597041241184089,-0.34963748466699635,9.851843393255432,6.664193484516669
6.2353515625,-5.251835017340263,0.47403434145740186,8.310449520255828,-1.655617138878015,5.731109128947032,-0.22301869458700277,9.84225842146825,5.96962455239707
6.240234375,-5.290253616539246,0.44046704950800436,8.423228872619447,-1.075125844973061,5.284263231538368,-0.28475186965210353,9.956484278576387,5.40003862115705
6.2451171875,-5.232984154873107,0.3104973956796944,8.315592921118549,-0.9625255381300051,4.968968632957938,-0.16164190052026836,9.830036491673559,5.063914769313968
6.25,-5.213708826777577,0.28643406129030713,8.400384716837948,-1.1975884272578017,4.972264267197233,-0.09992308363227272,9.890968991598864,5.115429073556864
6.2548828125,-5.27608814962707,0.3538707201123177,8.37644971082698,-1.2527294720984334,5.160392306593096,0.08348171242682473,9.905919462987846,5.31092732811502
6.259765625,-5.237666895717,0.3634040651809554,8.315456637752355,-1.4373796004210249,4.661535481958938,0.20770366213659366,9.834227784601062,4.882531513112189
6.2646484375,-5.213678260570649,0.3152806844380044,8.367400273910752,-1.261106329488387,4.659151045580623,0.1459691378377185,9.863834460217204,4.829014871483808
6.26953125,-5.257369055177032,0.18069702781857,8.287552486283005,-1.3762396286623262,4.785773837033505,0.2685778165989847,9.816114659634488,4.98696308170655
6.2744140625,-5.295669717741796,0.272129237513157,8.244857707588094,-1.022503015488088,4.8433597430442585,0.20633743002620283,9.80284911133961,4.954414309709453
6.279296875,-5.2671552321271715,0.13261676710372136,8.240584524023442,-0.7873817241322306,4.776047793877669,0.5733365740741525,9.780988945082001,4.8743530171780005
6.2841796875,-5.224046485778504,0.03636856963372373,8.292716932872748,-0.3158485836631393,4.831743885067796,0.5719459694553488,9.801078434906353,4.875718561470531
6.2890625,-5.2481086800917085,0.06044471051672201,8.226716464539734,0.15920021854084096,5.010794741975828,1.1214645823407454,9.758338079253686,5.137226047707143
6.2939453125,-5.334387305202895,0.19524785916132284,8.188420532695508,0.9229294954422166,4.936415238098707,1.2421948234739686,9.774663189526597,5.173300903287558
6.298828125,-5.262323141639703,0.14703249442578467,8.231167911819881,0.3968269807038442,5.196207842670662,0.8142117331358257,9.770659578248907,5.274560488156589
6.3037109375,-5.2231961700143135,0.42106743748214065,8.235441484251139,0.27869412457828274,5.1343958236244385,1.0594820543565064,9.761228019971902,5.249970772511978
6.30859375,-5.266689178168767,0.3490077438967999,8.197785155545706,0.5677436802538713,4.816518482121596,1.1820767779071941,9.750051423516979,4.991842213447315
6.3134765625,-5.223333650732357,0.31529205494751983,8.33443673782965,0.04168513814488217,5.0122639212278575,1.1827629617900741,9.841009056172572,5.150092765238996
6.318359375,-5.203882466127307,0.4931484361024167,8.15541587732688,0.030471879896542695,4.450568975638372,0.5720103187901157,9.686815587872664,4.487280751990183
6.3232421875,-5.276103231091156,0.4115506734285192,8.244637713508979,0.2674152016910119,4.573031992280349,0.3873491093229443,9.7969735270105,4.597191732461058
6.328125,-5.271187117141201,0.4932774035917415,8.169231253052565,-0.3261630408607102,4.268754295868079,0.3284472592999463,9.73473551190069,4.293777261323336
6.3330078125,-5.2951557848025095,0.4789148012411501,8.263219333582173,-0.5050033348537706,4.1465542202105246,0.20663568884701947,9.825926313944224,4.182300632100044
6.337890625,-5.204154369573553,0.40177025393251564,8.108584226209697,-0.39079781673030384,4.021169798710397,-0.2830170204557727,9.64332827362178,4.05001581694312
6.3427734375,-5.319414784338957,0.4020120943817307,8.235063605555082,-0.8103143038497768,3.589545953690046,-0.4646975548977508,9.81193456762788,3.7090960141527853
6.34765625,-5.266479811766273,0.4644094284638092,8.141096654081057,-0.8120468092360178,3.5276855210324234,-0.7093913326509694,9.707159237185593,3.688796716889197
6.3525390625,-5.290640398629869,0.3442619485934592,8.287049194286592,-1.0540786910201791,3.156094627055616,-0.8916901819764708,9.83791524995971,3.4448696002062795
6.357421875,-5.348558773790964,0.277036259782641,8.239913255077463,-1.470423237559116,2.91232052442362,-1.0736203366122237,9.827512426709616,3.434591090904454
6.3623046875,-5.372645109233987,0.2338118423081319,8.291636508290138,-1.8305382986920606,2.478970457994496,-1.0104446123747244,9.882875059059952,3.2430176239522615
6.3671875,-5.3342227396689825,0.2529591459284791,8.21181015525602,-1.2951988826251535,2.783212374605559,-0.7063198642591488,9.795496240205313,3.150031590057157
6.3720703125,-5.238003278541906,0.18549076106053156,8.391093712368045,-1.2295320591406462,3.1575258949838267,-0.523949814774066,9.893509936225723,3.42873770801294
6.376953125,-5.170702397894034,0.1997817819002572,8.344325337312858,-1.2810722380295847,3.596964777258473,-0.5861010982125968,9.818545787584213,3.8630061073229274
6.3818359375,-5.276793443941176,0.04610725814042076,8.40063590452908,-0.7935264761247033,4.6562224579923726,-1.0185560366543367,9.920552329872411,4.831930074662548
6.38671875,-5.142280034301404,0.016991306031908644,8.349552643321806,-0.25573665165344994,5.02122855393971,-0.16355326592559366,9.806037018044428,5.030396316066292
6.3916015625,-5.204931952850864,-0.059826039851870114,8.387072105361135,-0.11963588310836136,6.0197360395555,0.38473423407567137,9.871062470138618,6.0332043858401025
6.396484375,-5.306172903382862,-0.1846610499665377,8.419825378605324,0.6704794294523578,7.511580311156926,0.37908547601068043,9.954045910592113,7.550965980217457
6.4013671875,-5.359091275557769,-0.15091784903300803,8.330162609874662,1.4415684246432594,7.747670749398485,1.2951370648202862,9.906272992597671,7.9863572159454925
6.40625,-5.291540824684814,-0.05005942329329119,8.320830208355375,1.817219599880487,8.992896903300299,1.9033898269279528,9.860990092351065,9.370025326584273
6.4111328125,-5.417552610808926,-0.4874236301519857,8.368269046847136,2.5404324954409185,9.920211141504858,2.4504842331505574,9.98075071958683,10.529447247260833
6.416015625,-5.387581888895078,-0.04024250678613186,8.41445103026909,2.914358487167705,11.039474608507058,3.242574740215486,9.991528622272932,11.869194411141896
6.4208984375,-5.214856033920265,-0.1704198191171608,8.349646557472095,3.7010729615612696,12.21539155541819,4.033753085009994,9.845829777320352,13.385996259890765
6.42578125,-5.243372193017294,-0.04532828653528935,8.382169660975988,3.900959871537147,13.462434037752988,4.887352936073965,9.887152008210126,14.843882135814207
6.4306640625,-5.219009491508282,0.1277301473159586,8.301944939042517,4.507100533803728,14.454259023881344,5.312024364763329,9.806970216834584,16.045471697744144
6.435546875,-5.002335596543711,0.23793276310628794,8.321460746880437,5.353908372333825,15.755522475818996,5.796377637960363,9.712192460102901,17.62097662069928
6.4404296875,-4.925073777968655,0.30514140788915783,8.462742234593323,6.090886687703431,17.62474057450117,5.544742214636699,9.796298746282323,19.454422304136532
6.4453125,-4.7805966412643635,0.35297797610306364,8.552625636255383,7.894570740376921,19.97970771755831,5.166769875276366,9.804392024598707,22.095440221863374
6.4501953125,-4.607652897926329,0.27090748697261924,8.577074859880975,10.292102346434625,22.702585843597987,4.541563189398262,9.740126757197206,25.33694083544259
6.455078125,-4.415009784265602,0.3475091388252867,8.676511434874655,13.785080726203851,27.602162669034623,3.7855871725325567,9.7414026031285,31.084377183348042
6.4599609375,-4.405606887892568,0.18882662377647294,8.81799167650633,16.445174662937188,31.886542647465635,3.4007369769261597,9.85910770564092,36.03831826943911
6.46484375,-4.2652963277830125,0.5155833423230517,8.888433860877289,18.41682331477677,37.05464844976937,3.9950646290794665,9.872326749346895,41.571467307929154
6.4697265625,-4.211150071967736,0.9771631489830208,9.019344780599436,11.360551469458624,39.96281566156077,8.536775844889831,10.001860477915624,42.41421114574689
6.474609375,-3.768174532055275,-0.9327442448961489,9.298236507571639,15.215142075719347,48.61200797422817,9.056881271885283,10.076028646304799,51.73639885074893
6.4794921875,-4.477784102069022,0.10723645709068563,8.944838147810492,17.83174475702992,56.96208674315553,10.622055168894926,10.00360832964772,60.625724764539406
6.484375,-4.440514652347634,-0.4266087557150158,9.007309514395727,18.068188950061177,63.463339963920355,13.728390270387568,10.051457113090148,67.39824679268234
6.4892578125,-4.042028421375077,-0.8456652545184955,9.325069882372022,21.721789891015767,74.05497062855623,14.85602047191071,10.198532825511005,78.59183275078645
6.494140625,-4.179723111289721,-0.16252050531775847,9.435846742382527,22.997358922878142,83.05015509513943,16.789753755082447,10.321419570360906,87.79580063938538
6.4990234375,-4.141340233171124,-0.249131493258784,9.539671071951561,24.341284664017095,92.60852216404098,18.66089893386955,10.402792393816416,97.55544918415616
6.50390625,-4.2033785560272605,-0.10472524661375748,9.651957669070372,25.5903547138481,103.61130808019936,19.855130683465962,10.52804091500762,108.55595622041226
6.5087890625,-4.164096501934906,0.14530233552022445,9.83970374371785,26.41476272093203,113.9328773096198,20.562098108177292,10.68553144257548,118.74864251966136
6.513671875,-3.8044936941610086,-0.2785612364497094,9.809278796617091,27.79025141911899,125.43455821068933,21.87746131447562,10.524909459996552,130.32555306237927
6.5185546875,-3.8378673349565116,-0.29286879135915156,10.086644993017464,29.658969784446946,138.18004401896292,23.73921331458626,10.796082855593626,143.30711532423186
6.5234375,-3.621411597207663,-0.32691068528947365,10.21464606280826,32.55403062400384,152.60427838782323,24.798302399865527,10.842531380678171,157.99615974463433
6.5283203125,-3.5342520700028968,-0.2356367367022394,10.548743379874864,34.52531324707797,167.9163896585062,26.71456326744931,11.12755360627201,173.49806644838063
6.533203125,-3.4378285518954983,-0.1396355432416579,10.56776587694425,37.266315851621684,183.65839880149827,27.770943334932895,11.11376798691927,189.44764723056093
6.5380859375,-3.3991052517334714,0.03338447112875683,10.43116717285163,40.6723834667881,200.5834126626092,28.026889849961464,10.971065564622794,206.5755425187355
6.54296875,-3.2020330267949197,0.07626274415343451,10.27202873995039,42.72765865915297,217.71817184665602,27.734697320003928,10.759805107212586,223.59800670438761
6.5478515625,-3.0243190176369894,-0.10196108648622916,10.461316356394288,45.77142143793162,237.59398256141446,27.677811317027306,10.890180966915144,243.54051985068816
6.552734375,-3.096184104422149,-0.3084757444334124,11.115180230587363,49.34762851492204,257.650242705653,27.557404987425674,11.542475681231487,263.77688787300843
6.5576171875,-2.8070269299331003,0.31598979929977666,10.38139670028598,53.717409281964585,279.32035867319314,28.167124315559914,10.758840420200487,285.83003642286366
6.5625,-1.9790479788946316,3.0024907646071375,9.777132867827595,52.98585447062233,305.9628178163625,25.347602397955132,10.417480924363275,311.5497514161027
6.5673828125,-2.1577321827858778,2.5604576014067684,10.02658370937854,51.83375487456196,335.7511402305733,20.74603424060285,10.570909714041017,340.36151992732454
6.572265625,-3.6090636416694544,2.2508840310924265,11.422443612881429,55.16527285924278,369.73331751076296,16.1829089815244,12.18868480930174,374.17618837955695
6.5771484375,-5.102703681673178,2.7875718095867237,11.913278670818212,55.39164426102743,397.49555218783655,11.950039777915382,13.256483324967288,401.51432317384024
6.58203125,-6.348570574814729,4.083729205021398,13.029037757087847,51.71690894219548,420.6151953564473,8.288507599703905,15.057789261341416,423.86375239398336
6.5869140625,-7.277012992219105,5.65810063547901,13.618829393620008,46.94711288266165,437.8556661978616,6.604106908447023,16.445106717277998,440.41483859839326
6.591796875,-11.663421741909925,0.5499367372823226,15.021804147748934,54.625263616525906,453.79143604070106,3.791418655836843,19.026098838122252,457.0831015302146
6.5966796875,-12.968454939362875,-0.07765337697858274,14.678867131419764,74.73017334921889,463.13531173347434,5.616395367554579,19.587138479704404,469.15931162046803
6.6015625,-13.919013715300453,0.5877507600986828,14.649749274394015,90.33025333305304,470.4140665333357,7.885623775407589,20.216318843086313,479.07320079709154
6.6064453125,-16.118591729220068,0.6692716160525013,16.883336944370075,104.66709418065156,469.25953700769696,9.01320735187622,23.35174490710419,480.8751933544373
6.611328125,-14.033665171663445,1.09762830313839,14.253075834302235,105.06302559259241,473.4849425618814,-1.6501674048019055,20.03244160806616,485.0040754797445
6.6162109375,-16.898742562485143,4.185208702742649,12.804090116690945,92.74997455248341,477.4614574091817,-12.46473302083859,21.61083514802245,486.54637051371265
6.62109375,-15.262958905887677,0.8350079921884063,12.122507921327829,80.8027743997036,474.5262641804849,-18.365118193016446,19.509237586653416,481.7069039509608
6.6259765625,-18.03733307044555,1.5573160121861016,14.97298925036227,79.4404302852158,466.1348315699311,-12.771706786159156,23.49385078158674,473.02809605863786
6.630859375,-24.40249935503406,0.959026555142556,17.47678608338802,85.28868648489869,444.9010151365395,-1.0397446169448312,30.03064698787576,453.00348164303455
6.6357421875,-24.5933306620897,-0.25168323484240646,21.278675885936828,97.1676285867248,406.38309026153996,0.6123316076368219,32.52195112480694,417.83865192880893
6.640625,-23.18217504582517,0.8468410858862331,20.93910101699619,107.54060191276385,369.5180862015848,1.0434031184014634,31.250221296496367,384.8502121344211
6.6455078125,-16.40592417535589,1.6178224597621897,20.111007288575124,114.10542392534323,340.5374593392869,1.7085153177551793,26.004313329137524,359.15000766675445
6.650390625,-8.220158509411721,-0.06609153284118935,20.686541582625278,102.65070859141488,321.4876697212315,-2.504774804482741,22.260017445191995,337.4874274012713
6.6552734375,-2.1706017859950615,-0.7752200195683205,18.240668227121375,138.06716329869843,304.4180456304301,-0.9601440124859868,18.385713354776847,334.2660765966609
6.66015625,5.613223285267089,-1.7378464475367048,14.890519945315788,158.4061887585986,293.5936811922059,-2.0859687270437535,16.00799706919413,333.6077360292258
6.6650390625,3.1335382895506148,-7.418048883682864,11.322524496181167,184.98926939366447,298.45234306225075,-36.20355738054503,13.89410207316079,352.9950827379265
6.669921875,-21.245615342837073,-2.503457644861297,22.53981371673644,149.5953423222662,258.0541403428066,-85.25128112211442,31.075499575398442,310.22328527295093
6.6748046875,-23.6358765008804,1.7881261213740216,34.16476247082615,129.94266263429756,167.0098887455091,-103.17836424576132,41.58224438000889,235.42126785766234
6.6796875,-16.254217812463338,1.8215878660214262,30.28393651440024,114.91851293671388,81.39056438676,-116.88820932341117,34.41852102948151,183.01240959458073
6.6845703125,-10.642919054082217,3.551098899059542,26.391675801399348,100.98252247831161,32.47311094657678,-133.26272665245097,28.677562326474266,170.32594369466227
6.689453125,-5.348394764875779,7.570231963471762,22.455395060740738,71.14236005012374,-7.889618434575525,-146.12801515848034,24.29317817568668,162.71717268531216
6.6943359375,-0.8319668335551154,8.181207247502883,18.005848329464975,38.15008532609675,-37.64231481044828,-151.60017959576928,19.794819900732264,160.79486101286588
6.69921875,1.8987769564340466,7.516601388409538,14.731775169344699,6.937201237471703,-56.78306490449603,-153.36822346494955,16.647217485293034,163.68950238103875
6.7041015625,2.650391495706404,7.048336567119023,12.807824753084287,-18.375021555156657,-68.05652261580622,-154.55940769020194,14.857455985114632,169.87625553106082
6.708984375,3.0698927906269655,6.3354870658080475,11.113411446056528,-38.355701532229965,-77.34608066734839,-154.36083827510114,13.15562815209919,176.863914995743
6.7138671875,3.667385865401344,5.492531001541644,9.749273325188092,-52.044302713635986,-83.60342042307643,-152.10434511117572,11.775650566226297,181.20119523084247
6.71875,3.7367445167875446,4.693970160987642,8.998835354438967,-58.77324654469573,-89.09337978461802,-147.78622326054355,10.815528336252687,182.29836152984203
6.7236328125,3.345033174215076,3.886757976186221,8.749632784079594,-60.21511877104071,-95.42222631803486,-140.72456266727988,10.141607779750064,180.3736797373663
6.728515625,2.67495661549115,3.1955269388368825,8.7247090455414,-56.961075203960895,-102.5774960809199,-132.08105304091447,9.668884798204187,176.6694975456128
6.7333984375,1.9764325708160924,2.6582407037067095,8.732245523311713,-48.90725264157126,-111.50358027184345,-120.93501913355577,9.339413323395817,171.6107415846089
6.73828125,1.2262353503804526,2.6115686408907814,8.785512820741861,-38.815179983054996,-121.71467623747711,-109.24014810955921,9.247117357535071,168.09072124215916
6.7431640625,0.6639109777856437,2.73765157143674,8.773378300347382,-27.848152329501037,-132.63405368198417,-95.70885297021138,9.214536380850674,165.9141233323917
6.748046875,0.06860251550083249,3.1571353381313547,8.74164517801621,-17.830586557017757,-144.104694954424,-81.7452141992602,9.29454518880536,166.632448728805
6.7529296875,-0.3773231604253657,3.662918640221891,8.804435677318155,-11.409652253232338,-155.89415407522577,-68.93521495340714,9.543449760349302,170.83685580120692
6.7578125,-0.9236329116160096,4.4381807080964,8.828573800673446,-7.832750063283134,-168.9585454647282,-55.6861960407443,9.924427495179604,178.0710377590884
6.7626953125,-1.571105033724589,5.155917819198886,8.814772269629817,-8.598343854887768,-181.13814246328334,-44.26511667715602,10.332089321660074,186.66643706498996
6.767578125,-2.0842675343212163,5.777207086384399,8.712409579046092,-12.982408756878385,-195.01642100669048,-33.38161032294334,10.659567230739231,198.27828753331076
6.7724609375,-2.679433475318315,6.158260655332048,8.882992720089865,-20.59928139153485,-208.592446549283,-23.592998327886498,11.13602701652778,210.93072019353363
6.77734375,-3.4911627608290985,6.443551536287207,9.099871721161636,-28.993088315921653,-222.7167865928608,-14.964409913644607,11.68397360340164,225.093979849325
6.7822265625,-4.42371414158539,6.479004060544359,9.307364831446696,-39.48742724330839,-239.05980802504854,-7.9168943986472025,12.17266530093815,242.4283934282203
6.787109375,-5.2463484762919474,6.26897950642148,9.431219827884844,-49.51275895331567,-255.27976293205404,-2.2790697353139193,12.480872719025363,260.0470434761243
6.7919921875,-5.766554130330195,5.789112072010984,9.66515497845878,-59.32403447071771,-272.7559512490574,3.4223704998387574,12.65631012096172,279.153833266712
6.796875,-6.325748583022071,5.193860899614641,9.687535183855468,-66.1223821328422,-289.27013465534014,7.828193903597404,12.682256270813532,296.8343996949015
6.8017578125,-6.543893506774988,4.463313936121013,9.67407453010866,-71.16463951484965,-306.3762109676989,12.843273064697925,12.503256837099725,314.7947557174624
6.806640625,-6.450306401936807,3.525340785514454,9.370838007085,-72.1214729787573,-321.91429742190616,17.90561269916105,11.90995740075956,330.37998231641916
6.8115234375,-6.322884468243216,2.6354038026234776,9.119377476584408,-69.50189159138972,-334.5583996263029,22.15558956102605,11.405580509648273,342.41890404019887
6.81640625,-5.9740186627401215,1.8508468012578232,8.863948828344325,-62.856871551024604,-345.824216950633,27.249031539869748,10.848231270396125,352.54486955643154
6.8212890625,-5.812119969600739,1.239788284655513,8.743713542438078,-53.461687853846286,-354.43598479078895,32.02260151844064,10.572149263230054,359.8728475320239
6.826171875,-6.174458835636097,0.6969913638950065,8.399998859363711,-42.748147111458835,-361.56228742541884,36.36097632974433,10.448431447428868,365.89180418453805
6.8310546875,-6.381692439664843,0.5627054507738509,8.277109691285572,-31.610387871118373,-367.75105295314717,39.40961680811132,10.466765530018314,371.2050261869755
6.8359375,-6.146619252799822,0.6054299989298958,7.713674352219337,-20.510150124258264,-372.49486882781457,41.29172489777178,9.881712692371709,375.33731509963627
6.8408203125,-5.753463331903594,0.5227732595888833,6.887831754242094,-11.692998055686559,-372.81294824787216,41.08720886265938,8.989875331018007,375.2524208008853
6.845703125,-5.3072930120181905,0.48330017970423705,6.076234955563683,-5.383170975891997,-368.0758995764158,38.91719169902336,8.08217603212979,370.16671134568804
6.8505859375,-5.1981379501991345,0.0982906210280312,5.621357524664102,1.2804829559027349,-359.6435061842941,35.45110159121565,7.657020283085337,361.38880970661427
6.85546875,-6.2474478593250415,-0.4382952662014371,5.839000292246639,7.78211923587282,-350.13769714810576,30.3291471127893,8.56251317711196,351.53495631098934
6.8603515625,-7.546796493275336,-1.2580168927413138,6.64875796467458,15.734894638301569,-341.58843418595427,23.919404376281662,10.136208674162104,342.7862062344495
6.865234375,-8.768381936890538,-1.8181671475949195,7.637002511968214,24.69869170274555,-332.3006352658307,16.953833923492088,11.769199672687625,333.6482729681172
6.8701171875,-9.584649170402711,-1.8741086653106038,8.790517486672105,30.325605954002047,-325.27623395058356,8.409793844619445,13.13967201617231,326.7950357365625
6.875,-10.054525851873919,-2.0748758903204907,10.387947652611924,35.24570242290751,-317.85567533765,-3.073190721829516,14.605069547922044,319.81859605853197
6.8798828125,-10.981381492455736,-2.322883686589494,11.945863928830327,39.982916633028225,-310.61570662698415,-15.902137435188605,16.39177211622961,313.5819331544341
6.884765625,-12.956723118961424,-2.6218385839361966,13.433476528703158,46.235007675621446,-304.21138664293017,-28.977339986015913,18.84698923406242,309.06622256507467
6.8896484375,-14.418538817474625,-3.037296752586894,14.298077067140687,54.10238463208092,-299.9037905903313,-40.45884406513008,20.531790984037215,307.4187204716288
6.89453125,-16.511209615328244,-3.7593762497082093,14.995990910790962,66.8765640104168,-297.8023223471924,-50.78350744414531,22.6192991965866,309.41503298571325
6.8994140625,-18.64624296914012,-4.053402544518759,15.603424507722897,84.11565701363251,-296.2737329022757,-59.46491764109401,24.649123826625683,313.67123711418964
6.904296875,-21.046083551904918,-4.298922448003039,15.823946323055662,102.7989388247113,-296.65361032199814,-65.81793893340432,26.67987339405219,320.7849551116823
6.9091796875,-22.560825626971205,-4.233598787549369,15.671402701353184,123.4927414810329,-296.63049520904633,-70.58501114941271,27.794011482557174,328.9716578756109
6.9140625,-23.310211505506516,-3.6215865072738396,15.06950603924277,139.56153084615525,-295.35044317300975,-74.97586256195606,27.992353626086725,335.15770189796467
6.9189453125,-23.91900264828173,-2.485685782213027,14.377717133066051,152.41149849739608,-292.89091205968924,-80.70861036916868,28.018138258186703,339.89444100941205
6.923828125,-24.71519012064375,-1.2628853107398161,13.628483995808756,158.35801247283106,-288.1346253850468,-87.04157747280493,28.251921669714154,340.110362484122
6.9287109375,-25.88750531918334,-0.534674799942298,12.986864014425601,160.97316569714326,-285.7118656683657,-92.56411149937145,28.967351375671573,340.7517351326714
6.93359375,-26.763361517191584,-0.4177892862123638,12.155050281172501,162.87884732889034,-283.8498887046233,-95.81753061119882,29.39723311683256,341.000406740583
6.9384765625,-26.904035181908075,-0.35525189580324357,10.969129304172657,165.01512116182664,-282.75435974929377,-95.76292640250061,29.056412556791635,341.1019733781324
6.943359375,-26.120822384714206,-0.04918374940376124,9.824328534666707,167.5177948257668,-281.42668074774247,-91.91391089647709,27.907296756440935,340.1637182832187
6.9482421875,-25.165311141859945,0.10259812740134382,8.294966299822374,171.1046745327676,-279.0601845059755,-85.06937440020502,26.497356040887468,338.2132384817538
6.953125,-23.892527676353215,0.20569950900247405,6.781203466667971,174.33477958575892,-273.94275808131533,-75.0467408544293,24.837067288825747,333.27055584207415
6.9580078125,-22.40335504935992,0.217064800879374,5.456707509768493,176.95735956783923,-266.81866242622766,-62.94588456295048,23.05933848666577,326.29479019370666
6.962890625,-21.548761452974553,0.027758368061230828,4.684844428233495,177.36168459251732,-258.5937526229088,-51.63848137090564,22.0521576722313,317.79620642069835
6.9677734375,-20.939498872759888,-0.32934524941515275,4.1803532150091955,176.07185650870557,-249.6536808718391,-40.573627304795494,21.355243719935924,308.1792956380242
6.97265625,-20.26747730493593,-0.6721023121250796,3.8595235266777017,172.1164393390594,-241.54545030163072,-31.214675183365493,20.642632576225243,298.23250862200905
6.9775390625,-19.836156911866876,-1.2692206294121149,3.8297907553690127,165.4450216778808,-234.1507776078989,-21.173670247446278,20.24231556092927,287.4838537450856
6.982421875,-19.948608170385153,-2.0336307763016928,3.8027560156883307,156.90962833496522,-229.23589653789904,-10.570466554922668,20.409399192154886,277.99543609372444
6.9873046875,-20.640065782483777,-5.47558437262956,3.4310335983172124,147.0326521717956,-228.01475682432627,5.618910184444277,21.627906308282,271.3685727677207
6.9921875,-20.54372508826528,-13.521039684673248,3.5196185996768232,151.59961870602663,-229.53685821716,29.31035630164124,24.84453400134364,276.63823065250114
6.9970703125,-21.03894051953696,-13.298982217043044,3.1266188871319067,157.2242552020529,-226.41667226825217,45.51541657604798,25.08536808299235,279.38437510168774
7.001953125,-22.883432413542284,-7.481953752200821,1.2105039155725967,134.35094721118918,-230.2340393680184,51.46264756842699,24.10594181327181,271.4890310767824
7.0068359375,-20.660124728516905,-3.0097616678146752,-2.3592148676044182,85.03242339576282,-226.59107443296554,41.233647690611704,21.01107598116879,245.50812968843923
7.01171875,-17.918732196196533,-0.774808089069749,-6.556687681786897,20.65479377279383,-210.71821197244822,18.5230616249854,19.096372546910427,212.53679487238267
7.0166015625,-15.831673459467352,-3.3953381229279156,-9.377791065583553,-31.94132819155971,-183.1697150717001,-6.695474426926799,18.711311305356162,186.05435319790388
7.021484375,-15.322543360503435,-9.196038035145603,-10.406946434910981,-53.42048157635598,-153.09161230876816,-26.366987059231104,20.679748177322153,164.27418427047394
7.0263671875,-15.567117197010715,-15.129697799503225,-10.079913844295284,-40.615584990034506,-121.0346938779588,-40.070365062465676,23.934233984779524,133.80828458078813
7.03125,-16.62684220650927,-18.33507203838641,-9.212153124848616,-3.535429938059344,-94.17619836028798,-49.29310685319315,26.410045694936528,106.35537591341377
7.0361328125,-18.122695251802053,-18.99568385851369,-8.168447959643027,45.42477683898057,-71.00528107793066,-57.61956987174668,27.49530197164022,102.10374686578461
7.041015625,-18.53362379260855,-16.05660048393866,-7.805134845737515,80.74781674088283,-53.76558431760425,-68.2241785200107,25.733825210156983,118.59800377815344
7.0458984375,-17.82602052358729,-11.633770038773534,-7.966935593584812,94.35536624856019,-36.18590450344075,-84.65266985002033,22.7284771987643,131.82727084093264
7.05078125,-16.21658599865255,-8.006151278467279,-8.386433236579336,82.39547431235026,-16.644923895451612,-106.10266374786748,19.935104268024276,135.36558991499862
7.0556640625,-15.023654829203705,-5.868407505953222,-8.296554288684083,57.77953398037485,2.076664352967282,-125.98749630215625,18.137839566719798,138.62047578301704
7.060546875,-13.724091593487618,-5.591826113160725,-7.802374594497413,27.234249185707423,21.194166123820995,-144.14357823555085,16.748022529812957,148.21696310794422
7.0654296875,-13.307502881503268,-6.900389267214657,-6.631333874328016,3.218432026399322,39.70218600002125,-158.518451476664,16.391448805188613,163.44638673414693
7.0703125,-13.77614721424942,-8.740936021866128,-4.748123865860155,-11.990000509938104,56.88229011162033,-170.52490465357008,16.992082710856245,180.161311461923
7.0751953125,-14.949848007054001,-10.007823204233242,-2.478891086382841,-16.517930059046563,68.88784052543986,-181.01554167284166,18.160379449211796,194.38364877943377
7.080078125,-15.967692904964284,-10.308470146149121,-0.4885750263874901,-14.505340351598802,74.59299050202662,-191.07880407141715,19.012376995465452,205.63469672240183
7.0849609375,-16.455906515963356,-10.138914861653307,1.1220733646836878,-8.19395874922965,77.35719009298228,-202.55402937315466,19.361133811574984,216.97790356247492
7.08984375,-16.14123361950938,-9.725740336464215,2.0960737766853805,-0.5645788090282219,77.90479146074365,-212.80210387689036,18.961091032143035,226.61467449440337
7.0947265625,-15.195888523496457,-8.611812061122,2.2670670707442055,8.00866891798647,78.43333152364539,-221.7048918578269,17.61300451648924,235.3061523747875
7.099609375,-13.984565428208034,-6.839574323852654,2.3813419474309327,13.2604885815783,80.25114944667129,-226.86745431866115,15.748607450118566,241.00815209026425
7.1044921875,6.121160803871189,31.238353108966532,3.631945107630705,-179.13538743171083,100.70678626286798,-214.8138305701293,32.03895035440722,297.2815595255049
7.109375,0.3195726766479797,11.779805472717392,12.5615517084533,-252.04590181429396,112.4740889858162,-260.88929473906387,17.22377789553931,379.79044409254976
7.1142578125,3.388831071963862,-13.163522185793163,19.373745676644656,-192.3575773502267,110.76231218660526,-235.382648203764,23.6665272888416,323.5347252465929
7.119140625,-2.984701832460023,-7.518851812174927,26.72679606154688,-135.46188161862796,83.88720685908704,-167.74808087103114,27.92424046089086,231.35773918802118
7.1240234375,4.686079480323811,5.867124636239424,16.652281193832813,-108.76015328392184,69.02293239239494,-114.56369182494882,18.266936288046704,172.38844399480246
7.12890625,9.518217020520085,6.864877706736312,1.6590088243370509,-96.420583112942,104.0371953651107,-75.90462024662294,11.85222812206176,160.8793903583116
7.1337890625,9.664610058146575,-1.580991436621738,-4.040775082078916,-57.6975518174967,152.66097102110925,-25.65790257451497,10.593964544147251,165.20504690645495
7.138671875,2.4139163013325375,-1.4799063438378965,0.5410829646324802,-11.146542426177007,194.5941644122425,24.2659870848349,2.8826871961740976,196.41785143046138
7.1435546875,-4.769691531701209,0.285888229888265,9.803833471202543,-2.126319299436726,215.36552402782152,30.79530413020987,10.90627526328958,217.56649771969361
7.1484375,-12.421426671774164,-3.636822507044066,16.852453608454336,-9.974380080679003,206.28087272971123,11.238661031781923,21.249082595140678,206.82745033943746
7.1533203125,-18.824804937087716,-9.712576770093612,18.38984306335777,-13.806535954613647,180.9759298939086,-8.954708887218759,28.051626625372226,181.72257550256597
7.158203125,-19.663863976047423,-9.461462249175463,15.83657672108896,-4.660579385435622,156.44062792239495,-18.40528821685525,26.96264038635691,157.58853289280498
7.1630859375,-16.36421804281284,-3.9667135829958915,13.628496195206964,5.332140633212573,142.95952697429047,-22.378028591173933,21.66237192333785,144.79859888849975
7.16796875,-14.150035381351232,2.761705458575768,14.150159917806517,6.626423605403927,135.5954186446333,-18.509334983770415,20.2009292863699,137.0132202699909
7.1728515625,-14.764695289927106,6.615014040743027,15.258368649399166,1.958446621472614,122.53905290447182,-8.854338954182067,22.23898494996097,122.87414015247327
7.177734375,-14.881343828138247,8.226166949220316,15.023881803167772,-5.864199319297467,103.50887250714882,2.9075567300330616,22.690113292869842,103.71561795359462
7.1826171875,-12.185549774090475,6.537533421686343,12.744243958605677,-11.940410123437081,87.0879165096521,13.375359863466034,18.80539073279148,88.91444678670183
7.1875,-7.5027428437559225,3.363994089353857,10.269588762540243,-14.48323406240767,78.52233439157689,19.40613295265874,13.155685453994073,82.17127882286714
7.1923828125,-5.1109528531461645,0.8008907573479275,8.874715040603872,-15.145159066119598,77.84669471261806,18.247820726153126,10.272479356231816,81.37853944420141
7.197265625,-4.515207536259953,-1.311386988307173,8.613864533652901,-15.73694816398572,78.43743888979489,12.921510533751437,9.813536423365603,81.03732961777634
7.2021484375,-4.6273550750438766,-1.8978895280674095,8.48297424301498,-14.468192763494676,77.811391514086,7.225627984558627,9.84760131498721,79.47421563608697
7.20703125,-4.666775170146686,-0.0849411005699446,8.083775250551223,-13.17652631125278,78.30602324584294,3.2409345197287824,9.334528792643374,79.47300031313026
7.2119140625,-4.666425939632509,2.1896227045727814,7.857751921797988,-14.088136621568836,80.32884112951011,1.584543998468113,9.39756584988771,81.57027087340795
7.216796875,-5.195457175723268,4.13823449001555,7.931129476357597,-17.833676865598736,81.19227195342968,3.3671660881256873,10.345074902091188,83.1959305673739
7.2216796875,-5.538730889088045,5.341117862180369,8.002247154219134,-23.70092450589048,81.5812351865059,6.626130786344041,11.101398082973535,85.21230759806733
7.2265625,-5.760057785369554,5.211723873243076,8.156766218443035,-32.82450444505035,81.15137105921619,7.0178185505216,11.263798940147224,87.81937652968031
7.2314453125,-5.578147786844872,2.9751909729533628,7.899086147042514,-40.87914512840109,81.52542260874748,5.936309133333744,10.117462923867054,91.39331925305183
7.236328125,-4.665961576814025,0.4055027658606522,7.777006007862849,-42.64265150485814,84.93257706498815,6.606675175221165,9.078405827884119,95.26587285663118
7.2412109375,-41.94830448913667,-9.805891915516384,32.12560186386291,-22.367856720827678,65.3042973461336,-14.719247842500385,53.73890639832137,70.58065261248765
7.24609375,-19.563028374427212,-10.26527387740624,13.209767486048676,-27.00034543320343,-17.351028268661445,-7.691633891736233,25.74074365655103,33.00360688495582
7.2509765625,5.996435619082404,-4.36677351604424,2.4019239148512117,-5.938150917444026,10.435044142233993,-2.667963758438679,7.797127007235404,12.299179370391162
7.255859375,-9.974574924261068,-4.041357014209491,12.88522337290334,8.413815555022772,11.822527270357789,8.122555562671382,16.788498825255715,16.629502461618642
7.2607421875,-4.66061252921138,-0.23853417227137935,9.5703047264228,-0.7298734949258319,4.585052620986457,1.3066736008623463,10.64748516107789,4.823154440301554
7.265625,-2.5569275967083778,1.637422617711153,7.703553686522302,1.5720625248667892,8.109609060297078,4.4159152933860115,8.280324327279233,9.36682697455779
7.2705078125,-8.374503290636435,-0.5827644523205691,8.877622006940424,-1.5854291475379512,5.71845247799398,3.6964663861858074,12.21818694691982,6.99129087287462
7.275390625,-3.9594634958093766,-2.1155402822868767,8.49106661064688,-0.07402003511742289,4.563864721072392,4.797012354106583,9.604742268643536,6.621606125654043
7.2802734375,-5.612815593638168,-2.0305812354715433,9.024521940060316,4.431445383078461,6.372427760137087,6.189296132632488,10.819840816235095,9.927382855455543
7.28515625,-4.75945040094066,-0.9213960712456755,8.673085089681404,5.777197217182232,5.9116687598549,6.676605783194562,9.935982277156853,10.625483518252219
7.2900390625,-5.924439191249401,0.581152570802042,8.612980469788628,5.601256974292493,5.977591581823566,6.431960509172078,10.469964212657176,10.415171472553746
7.294921875,-5.200676177797723,-0.36757192436493713,8.542965512165107,5.002350944285913,5.36028569395079,6.373919210320809,10.008216702686674,9.715092577544915
7.2998046875,-5.342139099923428,-1.2425141800617099,8.605404407433754,6.542580870852007,5.899795663451029,6.920013603810512,10.204669356038215,11.202657791749095
7.3046875,-5.60396447075583,-0.12635990277595727,8.597115230216106,7.431052678670813,6.262025241496983,6.977816043874701,10.263078236871088,11.963420112178675
7.3095703125,-5.563823041233549,0.6333470588801504,8.478050137378286,6.892283928646222,5.76957950113487,6.674122719352721,10.160442385204172,11.195335611136043
7.314453125,-5.488049698647046,0.07059454891246954,8.630110820971002,5.361559035276656,5.794873130639529,5.943156343499034,10.227535669328994,9.88169910553026
7.3193359375,-5.4313388363625235,-0.2757822231836532,8.485321888313456,5.384254377800378,7.173788150002064,5.633825794225325,10.07850112557891,10.592139760485187
7.32421875,-5.540883066130784,0.13319386797883426,8.554494403215726,5.149104112038455,7.241052959652353,5.266684123499741,10.193061377900715,10.32879870932848
7.3291015625,-5.478127445608759,0.3061669408544416,8.408594491215837,4.736882243788557,7.311728321822149,4.655345371007642,10.040322695198071,9.87783705914497
7.333984375,-5.454532844310111,0.0993477286108341,8.446774768778097,4.324526915292178,7.254846811338904,4.779015693052835,10.055337016495477,9.704294219134434
7.3388671875,-5.430551326494587,0.03680246054180515,8.522265245485478,4.625094268276557,7.690161489754394,4.409702318028826,10.105505778792258,9.99877768842647
7.34375,-5.488234231666002,0.07536924523885577,8.460789481722484,4.805337624047836,7.874601656227089,4.653802155262758,10.085204715759826,10.3324002741702
7.3486328125,-5.478362357770973,0.20518144662242757,8.413517675789954,4.912676122216034,7.374049047727486,3.98121801546547,10.042003447017432,9.713963296551466
7.353515625,-5.54537165646252,0.31111333210327274,8.464727100254613,3.7918434527614275,7.203109039142336,3.8619619837527535,10.124205805666692,9.009861650656752
7.3583984375,-5.598305802355231,0.3496606638171158,8.35153845337343,3.1917458057351316,6.523290853128023,3.742851198255972,10.060391889716838,8.170036715659098
7.36328125,-5.651218865107968,0.3353359709891259,8.365448243220756,2.35413437916969,5.786021571642922,3.134489592832418,10.100962785041665,6.988921183579096
7.3681640625,-5.569747208125746,0.21496276867164513,8.375473264951095,1.7537294822259835,5.106654041316949,2.8927635952916972,10.060658296863584,6.125484781857864
7.373046875,-5.5839574759065025,0.2438687002674787,8.502330550768724,1.265623987505021,4.112412296918913,2.651362490956604,10.17495345592487,5.0540540198982455
7.3779296875,-5.488149515949797,0.1955560706159029,8.286513514302152,0.7184983359765388,3.119160787350038,2.349294885470593,9.941042878334592,3.970464750509876
7.3828125,-5.396667099724604,0.22905370352411208,8.319760514957672,1.0059235956984236,2.803287732253388,1.8593940755315912,9.91942016503973,3.5110754361459064
7.3876953125,-5.396811563347224,0.1569252769234468,8.343433129897432,0.7052077421376707,2.4323103241993813,1.7386047620117957,9.937961409961597,3.071839512615837
7.392578125,-5.348500699366953,0.214556923178695,8.418766527497274,0.5861949471695111,2.3718189813431674,1.6164615472471127,9.976378313241796,2.929521757911236
7.3974609375,-5.3150755436507975,0.1567702334339679,8.334383804085952,0.6471245430920464,2.496194596538615,1.6161135585967454,9.886180169034752,3.0432845204385517
7.40234375,-5.338985310208124,0.18087296027535202,8.400069558680162,0.8170091410028155,2.118034948443661,1.5552951325409723,9.95483037329326,2.7518210204547353
7.4072265625,-5.300615282243742,0.17116984275394687,8.334415331012206,0.8210946564239955,2.3687309789654822,1.4935081757205297,9.878679081498477,2.9181585900123514
7.412109375,-5.233086606764483,0.27202447049960865,8.306270611931886,1.0599342340571516,2.552456692982288,1.6761194161666164,9.821065330456351,3.232316823476176
7.4169921875,-5.305237448501249,0.2769627792747476,8.277726801771369,0.8780266523579174,2.3062186713119184,1.1873935280110046,9.835802650055951,2.738517619538166
7.421875,-5.242590550398998,0.31051731167583385,8.324957099549767,1.2294660507332664,2.2387625501243296,1.0641037783566998,9.843073066340985,2.766940797497816
7.4267578125,-5.31959470018946,0.3058430744107092,8.277600944052033,0.9351153842812575,2.3076130234827374,0.5136870893577126,9.844303182522362,2.5423204113249422
7.431640625,-5.305121454201938,0.2914036565711011,8.348241549027545,0.7526235642804606,1.9340575677426526,0.6374465340141181,9.895573085769541,2.1710271736160887
7.4365234375,-5.3292898707725405,0.29142686060306405,8.239965772178365,0.9305462999427696,2.057511570573473,0.39190526970251566,9.817499481460173,2.291911869990096
7.44140625,-5.31015552490857,0.27214581852817327,8.193060863771308,0.7467930036592377,1.6855801761112104,0.02595523606312312,9.767193115871132,1.8437879473227332
7.4462890625,-5.324524779948564,0.29141025611539784,8.202362127230952,0.563102655563019,1.1855143022884878,0.5174976607843979,9.783364888211429,1.4107914766364331
7.451171875,-5.358236631600088,0.22416800976221324,8.296423520602808,0.7365223388102331,0.9948656062745999,0.5786718991746539,9.878845799486562,1.3664127842672666
7.4560546875,-5.377558434046604,0.17612000852418316,8.319959768847815,1.037095549054534,1.4301770416709594,0.2094348489704853,9.90812209877505,1.778998736467992
7.4609375,-5.334638683336633,0.04619067317373402,8.278103958286582,1.0381991327541895,1.4287519774672923,0.6381407828270156,9.848223626839504,1.877874679278499
7.4658203125,-5.324531473878175,0.23372650480514118,8.31536180698792,0.9696078527109535,0.8661191088512834,0.5783536021969838,9.87676594217364,1.422952770801025
7.470703125,-5.257342817163593,0.21915666001946288,8.231031684006059,1.2706264945675985,1.2366775687379377,0.8216883741600696,9.769215205016426,1.954235114295754
7.4755859375,-5.363080591013088,0.24820526815144636,8.216397774797615,1.6186117218236444,0.9817879031694775,0.5765449436619486,9.814959585986008,1.978943017091948
7.48046875,-5.247712549360388,0.19029961586076397,8.301682742404614,1.2645330538754975,0.9245900660707055,0.5162280934452269,9.82306659348545,1.6493641438695148
7.4853515625,-5.252244824905769,0.3201426407370588,8.273160283509169,1.377854479428681,0.6722897171196557,0.51655280616301,9.80478189904299,1.6178019754535435
7.490234375,-5.180259106530386,0.25268606591890885,8.287731111088918,1.438783867415573,0.7966791140244237,0.5160693904583672,9.776779716676229,1.7236949392587209
7.4951171875,-5.329268095378843,0.29143065859711914,8.258778089739398,1.5588786275351467,0.9198089549517241,0.6380017889557111,9.833282554506035,1.9191658009942585
7.5,-5.252123252331781,0.3826533107919595,8.24950863096787,1.5545694264801675,0.6692409530384649,0.6385817093928297,9.78701256085623,1.8089654929107348
7.5048828125,-5.261510086012049,0.4452009878162478,8.319876585882433,1.142449759773316,0.6759501823236511,0.45581566872064083,9.85403667077984,1.4035198703405412
7.509765625,-5.314422033109849,0.44049025353996724,8.314953095770266,1.01633561343612,0.17668083805728393,0.45739244945889823,9.878034125995246,1.1284334497422561
7.5146484375,-5.386796764885725,0.39251381034015315,8.201869149776654,0.9572408768821266,0.1779755099588841,0.3352609804558242,9.820504265441214,1.02975011703587
7.51953125,-5.252301494699881,0.30090522864850217,8.263796049525578,1.1266296734136165,-0.19957709550634317,0.09073193505685985,9.796302368547488,1.1477620494274858
7.5244140625,-5.358254502201511,0.25781306669914117,8.211694723183543,0.8884049146700443,-0.38415310754409915,0.1531451510482754,9.808633396884808,0.9799440492881601
7.529296875,-5.339138295791469,0.1760393950411115,8.277799975732686,0.8250464520386303,-0.6333479877638872,0.03139282273076597,9.851870890771636,1.040584850430325
7.5341796875,-5.26688221302599,0.2336089078253319,8.26858289518113,0.9413993686632862,-0.6975529557721131,-0.03001276207986435,9.806328796353242,1.1720553158079647
7.5390625,-5.2430363680198555,0.12777803830927972,8.315949226340045,0.9479670996961783,-0.3219521154812464,0.03024632579630038,9.831620879515167,1.0016035278459285
7.5439453125,-5.286371927971224,0.09900774416501727,8.325229360744107,1.3034287776245626,-0.2025113090159224,0.21275457052194244,9.862300674956254,1.3361144845772686
7.548828125,-5.2047079283855,0.041157555383116405,8.3727427620065,1.5430896285675866,-0.01975340967263127,0.7014794165483367,9.85867637783573,1.6951664139038214
7.5537109375,-5.267252374596375,0.04607594816211593,8.334834773414766,1.3141122863794985,0.3597123829539811,0.6399682592525103,9.8597941799418,1.505271893218854
7.55859375,-5.26726591700431,0.0701079960458482,8.273642335345254,1.4350642879298872,0.5456289078019265,0.7005032019389867,9.808270126009075,1.6875500441313172
7.5634765625,-5.19012553657699,0.1228748140338508,8.339705996411707,1.7324442798467148,0.6648583690444143,1.1891778951795247,9.823604094828834,2.203983643325332
7.568359375,-5.238039711998472,0.1999050523984993,8.329922236696998,2.3842001992829664,0.9049614306669721,1.431854699784659,9.841982855292251,2.924649323004583
7.5732421875,-5.16600053636753,0.17091285727381111,8.31148765895109,1.9864036823942663,1.661131397873601,1.8596430779356863,9.787624831971616,3.1880134077110025
7.578125,-5.1417459994508246,0.20935972992639268,8.414976506816162,2.285885028741175,2.033791630393055,1.4904172261556976,9.863732205897083,3.4033692524469816
7.5830078125,-5.146524632682734,0.23340838229779112,8.391387713694064,2.4089998380613267,2.280902172794699,1.979375124741888,9.8466533923599,3.863123195820455
7.587890625,-5.084176299441382,0.18038696431226214,8.358854323424243,2.2383595415822968,2.5960259919199937,2.1627685764587334,9.785286592682066,4.053044818828683
7.5927734375,-5.199578254265815,0.18060411780011895,8.363053638622922,2.423991065365767,3.0295798219676273,2.8348179836677976,9.84930952057475,4.805234602303287
7.59765625,-5.261857356533804,0.2672857846987963,8.386107501717609,2.202455354323504,3.8474310973415866,2.7721056743741683,9.903806518787377,5.228585421170512
7.6025390625,-5.213975844202866,0.19024984934306519,8.36767278509077,2.3219137171595623,3.907293327602713,3.0778453280656843,9.86101855527383,5.489203614492559
7.607421875,-5.30509813975209,0.25775954913268695,8.437673425837067,2.4479411271552114,4.342734887106305,3.4437676672728714,9.970197545618001,6.058984882623671
7.6123046875,-5.204149329003885,0.25756467365092917,8.40989574316315,1.977136597760266,4.350072354532608,3.322486484188266,9.893222741379988,5.819889608359046
7.6171875,-5.160795764024841,0.3007587541182971,8.38647492699062,1.5095641401736573,4.4812267498889105,3.629518110833835,9.85176280912192,5.961004847682056
7.6220703125,-5.2520701983549785,0.27691116070532096,8.51311166320541,0.9833927964572283,4.6772140414205525,3.5690303156936243,10.006697324770828,5.965012152185918
7.626953125,-5.19934459218479,0.22390681022039016,8.475833213196031,0.8701851643052693,4.929253837460102,3.6299774617259706,9.946007596310253,6.183162781856115
7.6318359375,-5.127155509082804,0.267043991194881,8.43842909990062,0.8201704232924165,5.430693423793759,3.751342810120555,9.877556468155523,6.651141515974805
7.63671875,-5.112722601344121,0.23337000976225766,8.513814709063316,0.592124109861367,5.8089359277957,4.057067005386868,9.933752305147049,7.110143476816313
7.6416015625,-5.213695976623361,0.20952619087068677,8.569863274074937,0.3694108078114248,6.564419962432535,3.933288690348342,10.03339840221935,7.66151641058954
7.646484375,-5.324537609980319,0.18084973277073926,8.41894484676514,-0.09262440898322692,7.008550585927934,4.3010096853208415,9.963033660427504,8.223566434940134
7.6513671875,-5.228605980566007,0.16620684701744964,8.240679077026014,0.33310291612590237,7.8802217570871935,3.991812922398019,9.760877873764246,8.839876860060086
7.65625,-5.25262196938073,0.1662566370077983,8.264089523104058,0.15942009924953854,8.071348832736001,3.808069779113411,9.793510834652121,8.926000346759482
7.6611328125,-5.2038550923364735,0.3537536330907401,8.466123071861618,0.17808139573461065,9.199247668817554,3.6212176612842435,9.94386692000998,9.88792637544136
7.666015625,-5.295237711381377,0.3827628722433765,8.390412101103767,0.3563361261413941,9.322307559908038,3.498114452276507,9.929001211740887,9.963392915946745
7.6708984375,-5.319339820542206,0.34434258554918074,8.418609476165921,0.009437375062344837,9.703943619953087,3.314352387960672,9.96428288713339,10.254342621292546
7.67578125,-5.199068649520019,0.39700269058130766,8.35787890526725,0.25600594083898753,10.389719254444188,3.1895871393218473,9.850993135408329,10.871304951441683
7.6806640625,-5.18506663248682,0.2623090329701742,8.268876840954777,-0.4351902104422581,11.213523183871201,3.43440811317048,9.763608258373756,11.735742490455937
7.685546875,-5.175084631542119,0.44982302613576447,8.197963863680178,-0.429039719132171,11.653492444062776,2.9434766809989545,9.705176619138438,12.027136658241055
7.6904296875,-5.169952705990104,0.42102911189190695,8.53666945714879,0.3936194932387431,11.77036403221953,1.8384916314701474,9.989014061250083,11.919582930430515
7.6953125,-4.977784168248506,0.34853464831792064,8.532963202732969,1.8164643176104232,12.50263262665392,1.3431585331490388,9.884901246139915,12.705095043304244
7.7001953125,-5.14574535580056,0.5219572201454621,8.470711191374564,2.3515757322666384,13.063388190124588,-0.12907573220364563,9.924922301664798,13.27398508267641
7.705078125,-4.67980554757175,0.21335601466016066,8.675650448847433,4.61221564311105,14.852939594163944,-2.0377696089620367,9.859665890011774,15.685498165683184
7.7099609375,-4.045606833732414,-0.09556808429770954,8.843699727310957,11.720788132682003,18.522040826592143,-6.78016032820194,9.72558958514694,22.943701639214385
7.71484375,-4.229952921027756,1.1791635249556762,8.976492895020797,16.757024696063038,21.407371203462517,-11.576751089743027,9.993015211989622,29.548173958828134
7.7197265625,-4.869949074311839,1.2235456605026676,8.498595852583325,17.956686872154577,23.280235130569057,-14.95136463253608,9.871149853754229,32.98416674003212
7.724609375,-4.689376625296007,0.18934768076662298,8.765019382909195,22.840293180462506,24.10164552917166,-19.86448054291145,9.942417737193411,38.6932280512111
7.7294921875,-4.134617457764077,-1.0331761239568114,8.652539483016822,32.776500636297904,28.4274254687412,-27.370464004551188,9.645151835524775,51.29873110093957
7.734375,-4.10761945628012,-0.10497757849192385,9.294943438903747,40.6721690153469,30.595189491585984,-36.27574714873176,10.16265375883764,62.49976626866471
7.7392578125,-3.3504274990887493,0.860181225944963,9.239695222595047,41.280840115124164,32.67123662724339,-41.79382437090645,9.86596391512578,67.21786383774739
7.744140625,-3.361062141184562,-2.0586032805011856,10.214870674747013,55.59688747532343,39.202643603961604,-53.603258411929126,10.948888942956765,86.60929785455518
7.7490234375,-3.072952605265495,-2.299559219163244,10.357746526895271,75.82721179186353,45.036892295722026,-70.81447213059637,11.045991283359665,113.1051598244731
7.75390625,-2.071665307470822,0.25686603015406256,10.191907716397495,89.32292284298481,49.279435627460686,-88.37277126577517,10.403497498590946,134.96960406761175
7.7587890625,-2.5921961877846242,-0.3047751228597621,10.313147141992173,104.63387767918881,53.188341304002755,-107.40321573165926,10.638297463591657,159.09965040299704
7.763671875,-2.2144050499702783,0.49774541152625273,11.009089765101338,122.13805216434461,58.51358361140642,-129.01600258952948,11.240613758869591,187.04724584374583
7.7685546875,-2.2093411455553595,0.8679108377095477,10.4674495730555,141.29586422176013,61.448747766563024,-155.09524018547953,10.733217508469552,218.62068378002192
7.7734375,-2.767066263063754,1.0660514689532203,10.12596326752914,158.48084802911703,65.53158979353411,-178.35557261795492,10.551220476039365,247.42934089710278
7.7783203125,-3.1793851738184316,1.4371696453333362,10.419645061754752,174.86383841701442,67.56215013910094,-202.52820238384302,10.98830969193689,275.9704311664223
7.783203125,-2.7900350342447666,-0.19877376611892758,9.503126303324095,195.39329289209832,71.41345183965197,-227.5100131927596,9.906221077653202,308.28432674049657
7.7880859375,-4.268592735432306,0.8811791403862868,9.442579667611492,213.69832200623912,72.03129970335658,-249.84652106515125,10.399984201797007,336.5691088819592
7.79296875,-3.4040114052788493,0.7880569429880354,8.792829006587871,232.4786364584122,76.33579807091338,-271.64193720011286,9.461615577254932,365.5992512608798
7.7978515625,-4.976965110944961,0.6515110704827521,8.616958316206032,246.83489812673488,75.48739530080928,-287.4735632174068,9.97229256559179,386.350699923591
7.802734375,-5.453065814495372,0.2630375905945598,9.377628127275308,262.4197807220315,74.30856722299461,-303.61517060291396,10.851037961630624,408.1275245522776
7.8076171875,-6.155718254767325,0.6151521768395262,8.141591633985053,276.41623734021215,72.4486417245864,-315.2787562621729,10.225301646764338,425.5060940847741
7.8125,-6.70192905558011,1.5394448447432378,7.944360108822044,285.51791131159564,73.2277217725734,-326.38679357652956,10.50707385691556,439.78530664053085
7.8173828125,-7.2331070297950735,2.6272503283668307,7.934958369019433,289.9357830186195,67.86311681288663,-334.1002926160635,11.05368019758334,447.5390110641962
7.822265625,-6.436178911503371,2.673595881057268,6.7108342051615395,293.499161777959,67.13606134679884,-338.6987797191034,9.675112900904734,453.1731149138654
7.8271484375,-6.709857172921239,2.4915201129305804,7.443716435657579,297.26308908092386,64.01968397982068,-341.2732426694977,10.32660496623256,457.09002420635176
7.83203125,-6.629826112946688,1.7315803427974634,7.525681647739564,302.0082127030482,59.56809128814554,-342.3152430053927,10.177860729770105,460.36620600739525
7.8369140625,-5.863410097357824,0.65287998685286,7.183359989432169,307.7698825203393,56.1035547387012,-343.3618762677741,9.29550918372983,464.5075753042442
7.841796875,-7.047895988795129,1.910267891394118,7.401187634026821,309.2063133954914,54.333577627342066,-344.95349313986696,10.397092847514507,466.42640826910036
7.8466796875,-7.410247241338566,1.0261801895404954,7.749569786465808,311.8869789232783,45.64359321067961,-343.16325547599445,10.771287844750734,465.95905950196317
7.8515625,-7.493626012932996,0.708794498761998,6.992708930814512,313.9826454282795,44.23171660093166,-342.3680312586824,10.273986502535147,466.64484912141904
7.8564453125,-8.984748881924679,0.2164008538168309,7.622197257878949,316.1568506363696,36.608749563541636,-338.8646986764907,11.784329969870871,464.89207216086476
7.861328125,-7.626684144914823,-0.997967835852078,7.720137247925868,317.18175401461565,30.950922985511216,-337.44527953354896,10.897833269714802,464.1460345547705
7.8662109375,-7.633541537843706,0.31481033324347274,7.4021275810391085,318.5886808745085,26.657367205596216,-333.70319947090275,10.637741991695512,462.13330127227414
7.87109375,-8.08686577653771,-0.059508484468645734,7.038834925112277,317.722830753739,19.823185120565135,-327.9888531646892,10.721293599675413,457.0748775099998
7.8759765625,-7.821834254266921,0.08910640596013693,7.21367840498135,318.13809976097946,15.854666035562515,-323.26565389528287,10.640779444349965,453.8324624164417
7.880859375,-6.4350541494206945,0.7165433757285912,7.556972254279555,315.6387242249128,10.178452663674179,-319.6337694369728,9.951441401486923,449.3296692779646
7.8857421875,-7.245169788209144,-0.16680433401324649,7.418985143279602,312.6188750580657,4.693017409921598,-314.22337894483377,10.371193253528139,443.2707043449735
7.890625,-7.114841094618037,0.020507234627775452,7.461470825737425,311.7109855945387,-0.8183516049276578,-310.59498067612634,10.3099433185478,440.03823727134363
7.8955078125,-7.1590395113903895,-0.5948531579537747,7.9329314466930025,312.4393635074475,-7.044034296832101,-306.5405885521794,10.702200630856584,437.76147240024494
7.900390625,-6.380590474449466,-0.9809591803119991,8.252276670071957,312.42139191845143,-15.639713892104755,-302.4174163789928,10.477322461177167,435.0954154070514
7.9052734375,-5.969274307214859,-1.7368028104989177,7.884184101540735,312.36784267258366,-22.79214111074452,-298.84766673351004,10.040372438526374,432.9007723998643
7.91015625,-5.657124177705113,-2.328706632306554,8.7475011788156,312.232968624416,-31.322295533660192,-294.9697308594093,10.674488531761352,430.6711680816187
7.9150390625,-6.2944205491706455,-3.6162076346373224,9.189628899840189,313.19413311375416,-41.18458664380173,-290.84528120595434,11.71093365293344,429.39225982039716
7.919921875,-5.777422988905691,-4.511667992288994,9.015128324929533,314.14775005670805,-51.48651148485433,-286.535811717964,11.619221281149944,428.3018107916945
7.9248046875,-7.3949737824827695,-5.133857978814797,8.699034942390487,315.51533759836354,-58.41512048636951,-281.0714188973778,12.51859991848843,426.5716787155842
7.9296875,-7.257222442896474,-5.610296922162699,8.211561039592391,317.3577425779204,-69.05921660583256,-272.04811732927266,12.311476103516597,423.66884510755165
7.9345703125,-6.568983735744181,-5.1067573637830765,7.696123375719539,322.2700620897215,-75.55188101332777,-263.1045925000619,11.334056339515918,422.835791104051
7.939453125,-6.8560235486021455,-4.279175245740207,7.26978405384957,321.9280845705861,-79.39082525568875,-256.35838861614894,10.870425928745773,419.11838206398704
7.9443359375,-7.360417273831572,-3.980113082314627,7.0976193931097775,317.99072990047335,-83.61355265570056,-249.96951128575083,10.97238550372608,413.0303706300307
7.94921875,-8.566169667717999,-2.0155841799606247,8.259120307986018,304.1927525485455,-89.62337087465919,-246.24724284775596,12.06875762555643,401.5012875696902
7.9541015625,-8.145199840205443,-1.4102441653598494,9.275490970373058,283.2247392955713,-98.72223269516356,-242.43778362746255,12.424483964506791,385.6661912944389
7.958984375,-7.588052173908771,-1.752691973226083,9.415059298095267,261.117476630464,-105.61101689425391,-238.8131710644983,12.218584473400464,369.28004842555555
7.9638671875,-6.806435553649621,-2.6293951942885547,9.326326687018032,240.9892822267787,-110.4660662081053,-233.9123559939156,11.841522431964485,353.544305877348
7.96875,-5.906272844123909,-4.011337503364749,8.834754528664137,225.84014163292605,-113.07672643848389,-229.09037770954325,11.35903935449154,340.98756105454197
7.9736328125,-5.222098413758743,-5.224563690410046,8.341870970477931,216.66995335023998,-113.52209379255929,-223.86034963890432,11.142404986637088,331.5819515659655
7.978515625,-4.402342927453862,-6.038907117790708,7.839299038865178,211.36507580089295,-111.391539580879,-219.3202539267378,10.830680119408884,324.32182186988973
7.9833984375,-3.8266789937287453,-6.472847000703197,7.546467166167647,209.07979975905036,-107.85955217449852,-216.38365506779206,10.653186711289893,319.6403163605386
7.98828125,-3.5770813148080527,-6.612793801560996,7.4443948634414365,206.3425962767244,-103.00020295743283,-214.98018703761718,10.580338722250138,315.28207951962713
7.9931640625,-3.5045506738852406,-6.487880053487635,7.533795713296058,203.34911673490478,-99.19812142785597,-214.73713983469,10.541941987316676,311.9345601180876
7.998046875,-3.417285347824292,-6.329291304065186,7.820715499670843,198.1770598378375,-95.16808726200372,-216.81617158700288,10.62550509326317,308.7723500262335
8.0029296875,-3.454821929274761,-6.127167540231039,8.210462957297343,191.57186258018828,-92.24092219625027,-219.9298743426423,10.81155301528002,305.9040959000511
8.0078125,-3.4878642076925668,-6.00682460450275,8.49694183889975,185.06906449303156,-90.19187944773816,-223.16398805238762,10.974750984610429,303.6236145527673
8.0126953125,-3.4154329405488295,-5.987679592474413,8.718259498064686,178.61853519838408,-88.58335720636467,-226.02968219895624,11.114204323707375,301.3984232296644
8.017578125,-3.2852513652914275,-5.8484625035532956,8.732631516173274,172.9376461562203,-86.80104812859258,-228.10155376713294,11.01164126667232,299.11899011138786
8.0224609375,-3.005704182023117,-5.536424999763442,8.648512239328237,167.20488738284993,-84.70712013941903,-229.50049469743612,10.69967398389536,296.3161278658207
8.02734375,-2.702229919423525,-5.286942259027753,8.592852645288003,162.07914471056378,-81.68637089315797,-229.7398791645598,10.444659954797675,292.7844333607048
8.0322265625,-2.7256726507937636,-5.084903440101615,8.695775230632714,157.7729460950632,-79.05672494155212,-229.00074702246528,10.435614081410245,289.1083022240058
8.037109375,-2.599860593456485,-4.820621820624646,8.832133811533343,153.7749019559354,-75.68180536449009,-227.71326324353765,10.392509682830267,285.0048883647556
8.0419921875,-2.69028094165641,-4.474190534518255,8.934448098456024,149.89107062116778,-72.62421176336032,-225.69041201861677,10.347963824261123,280.49558153978523
8.046875,-2.867037411441606,-4.1131381776517415,9.196257817906098,145.47532232934532,-69.81130478600907,-223.053453718627,10.474204840486035,275.29898455780693
8.0517578125,-3.072786424151614,-3.838580184717609,9.514567210577537,141.5763034144581,-67.88607120893438,-219.49718343767827,10.709981486797927,269.8728995096784
8.056640625,-3.475711787173953,-3.659794327815803,10.010942646902796,137.01808027605918,-66.76715869387529,-215.38627797385212,11.211317479626997,263.86181334558285
8.0615234375,-4.148160455214912,-3.619945323377716,10.586398937859798,133.95613983809386,-67.67648313245655,-210.7843064805666,11.932438215971287,258.7554398036765
8.06640625,-4.796132100929952,-3.407017945619591,11.18039517407875,131.05052169096703,-69.84269331403964,-205.68987800601627,12.633759957348728,253.69384493708844
8.0712890625,-5.391516064716522,-3.1221400431325605,11.360594097887667,128.5347581955912,-73.39521966968529,-199.91900670030904,12.956824540835157,248.7481689878313
8.076171875,-5.688744704514386,-2.857044786727363,11.59857329000485,125.9505112265601,-77.5106016726482,-194.14675145932668,13.230700041574535,244.0581605931204
8.0810546875,-5.904112270650781,-2.4526831848415815,11.648482184703038,123.29415524399482,-82.44021865750607,-188.12722171335085,13.287638379975498,239.5614533250539
8.0859375,-6.047254609203584,-1.9282679860750653,11.53383612338115,119.46130645554513,-87.41618885966918,-181.79827147216943,13.164986952354639,234.44232835621565
8.0908203125,-5.950197971441495,-1.4427989254307634,11.298043356238859,114.05590914381995,-91.36442900962383,-176.1413053594928,12.850381640948399,228.87107452149561
8.095703125,-5.589003140255195,-1.0011460651540722,10.861266965714261,108.0717688897948,-94.74021788026853,-170.54532879508614,12.255870823653119,223.02673671287488
8.1005859375,-5.343766631965071,-0.756455252553918,10.3538703493127,102.53158844056175,-96.17950733199919,-165.26121049887703,11.676073722634523,216.96656874810222
8.10546875,-4.9592613952531135,-0.5312849369952604,9.729547388016442,96.37403695356049,-95.98342732289062,-159.2446477854386,10.933463753375849,209.42691127857293
8.1103515625,-4.637252436796187,-0.40213234896690064,9.316799750995983,90.87919173798728,-94.72904635947468,-154.15107252564417,10.414824923579687,202.4726472290313
8.115234375,-4.555622236078404,-0.28213379952731465,8.968866679105142,86.4096116160552,-92.11422825783858,-148.2674351857334,10.063491588223751,194.7687972025559
8.1201171875,-4.541459712852278,-0.2533654747980294,8.681978919627962,82.35611955808793,-89.19105872923758,-142.75303301101718,9.801316664007151,187.3926461197262
8.125,-4.618434835491964,-0.19554518348298758,8.531018761954545,78.36222679197095,-86.2056693044961,-137.36154787043876,9.702909840109283,180.11177318930396
8.1298828125,-4.680779687342259,-0.06561304658229686,8.40818283315815,74.66491966372038,-83.03594208946114,-132.21626694465078,9.623489081883614,173.06345411973413
8.134765625,-4.8824066755960684,0.15594047850365597,8.242211331999213,70.84926773002525,-79.92751214742545,-126.94799449394374,9.581036479425244,165.90304168999435
8.1396484375,-4.983181861144627,0.33882715242627903,8.043842918369952,66.50946663223222,-76.433855555375,-122.16916970200441,9.468384983505507,158.71656955857222
8.14453125,-5.055197876874433,0.4735747906167986,7.864517575341932,61.98189379247984,-73.37081731950174,-118.91962669449556,9.361086227010498,152.8623878048231
8.1494140625,-5.276327564653944,0.5893661792020237,7.684583461696716,57.64144682401219,-69.68405556657123,-115.6720337027195,9.340225267224389,146.82786987862178
8.154296875,-5.473508532134728,0.594537759467104,7.650790827605065,53.93767327706292,-66.50556172285441,-113.09852603378604,9.425888344689302,141.85745990123525
8.1591796875,-5.8536017014903114,0.47023378781330605,7.724654385231929,51.110159268948436,-63.652315763460365,-110.77141095699444,9.703404457517701,137.60149406148136
8.1640625,-5.993512226076272,0.3069808295417522,7.66326199886762,49.62563046632481,-61.25489200243773,-109.24252748077741,9.73355076511755,134.71746287619487
8.1689453125,-6.191316695718547,0.05247203357267563,7.625332270144207,49.77841013268812,-59.31770442267253,-108.45145810381692,9.822466491217625,133.25989245890005
8.173828125,-6.307247664946352,-0.09641642335125913,7.479357962030805,50.82494085196532,-56.70474232347299,-107.6642628684872,9.784245742920435,131.8718920528251
8.1787109375,-6.553119853420921,-0.28353552546578253,7.318791530624954,53.33390074234187,-54.487400123185495,-107.43084121886803,9.827943919063037,131.73749422837722
8.18359375,-7.06809507505297,-0.4124360163424746,7.194548510170039,56.49088390286653,-52.21693065266037,-107.19917287234527,10.094037830459841,131.9450282330746
8.1884765625,-7.655056015060403,-0.47387993240101667,7.055734662135373,59.68808213264569,-50.9473238418124,-107.57744538924776,10.4215083556318,133.1585660473728
8.193359375,-8.044286467993633,-0.26160042836625624,6.851340871441519,62.47330855711299,-49.607509529460586,-108.44477621432559,10.569761175161524,134.62573591985645
8.1982421875,-8.356720060777732,-0.001420904025715923,6.426133380207612,64.25885856485175,-48.12505148131451,-110.10568691880381,10.541819691751124,136.26622390012295
8.203125,-8.510222680527594,0.3594487330585194,6.006101538943524,64.86744089864868,-46.68830942216606,-111.64111251676437,10.422396517114642,137.30011336273702
8.2080078125,-8.639779947065994,0.7683250799317602,5.402649740340306,63.90708329310395,-44.16448632934328,-112.86883608399489,10.218842653597079,137.01821523696103
8.212890625,-8.649101205835125,1.1144902312225595,4.9456544127913205,62.1351610266227,-41.003624781157576,-113.66763512741575,10.025394641361077,135.87643929856864
8.2177734375,-8.711335796209497,1.3501930031653022,4.700307833465128,60.25408359617903,-37.403763200553,-114.10005218671013,9.990159469670697,134.34440070426587
8.22265625,-8.874785099102427,1.49952039719427,4.431193725106179,57.96873718499508,-33.42322511454528,-114.16488401685264,10.03224051776434,132.32954020347088
8.2275390625,-9.375174292986195,1.3898483333792286,4.405736417573704,56.786823660809894,-30.400880507096105,-113.49549091328916,10.451606804448845,130.4997445772947
8.232421875,-9.866160745045644,1.2608933050196187,4.234567554089454,56.5407647129039,-27.641970683275556,-113.13381492420139,10.810297967395258,129.4611783388305
8.2373046875,-10.246190416251249,1.2615793400246678,4.105926186755209,57.04154826235604,-26.087884348535813,-111.73027705430593,11.110113875579232,128.1326295234014
8.2421875,-10.496503047224172,1.3389119754895642,3.7190144884845977,57.08290310320859,-23.901294904716092,-110.14317222029695,11.216074637057925,126.33783325497751
8.2470703125,-10.650296133275422,1.589172664804938,3.275708317851542,57.12191841960661,-21.90392588503209,-108.18822606623844,11.255422802750077,124.28752066266624
8.251953125,-13.290507709369628,6.123849963006254,2.0173595623060336,45.47164168621196,-19.23976175053847,-104.24513618507801,14.771894703992876,115.34681204134856
8.2568359375,-7.30074233148201,3.2649414957818546,-1.961966549676927,22.62208101028073,-1.9579540989108692,-113.71643599917296,8.234682404538916,115.96128642716563
8.26171875,-9.916426131712345,2.890136332676435,-1.0037228355536203,12.966151389609234,8.153831319273202,-115.9211090126409,10.377661334702326,116.92865158617883
8.2666015625,-11.378568209936013,0.5846689029573342,-0.6852424843036796,3.5355837116842452,16.866487636721285,-112.79469361285418,11.414167052244611,114.10355675700757
8.271484375,-12.25323874452025,0.5046790550472838,-0.08689035374986326,2.7521910225304294,25.446058810330484,-108.40548369310287,12.263935364000838,111.38592980775842
8.2763671875,-12.2377376125317,0.716342370899383,0.40653477998498977,3.29188027225943,31.994519245466332,-102.05552446821926,12.265424525586395,107.00381213750615
8.28125,-11.27303860880918,1.8735173651948576,0.5916269421201027,-3.545428520256891,37.14801642144819,-95.68356488675896,11.442966802015617,102.70292000171683
8.2861328125,-8.402678845758338,2.008316943759912,4.126439594736493,-3.894271747505072,43.396852469308094,-89.51913979398714,9.574228556941645,99.55967329266262
8.291015625,-9.68457423347963,2.194582357767098,9.637128067132348,0.39961417628531015,34.651672863548704,-78.00351092630066,13.83768070129927,85.3548231827692
8.2958984375,-8.863143368465092,2.885932921005989,11.637995844993014,10.366505387617016,23.8110151000365,-64.90170779150172,14.91062931209101,69.90465326642521
8.30078125,-5.578172981761166,5.322640418025168,11.35539577269816,12.475320840554696,14.52682849583571,-52.14965880447123,13.725579331622276,55.55402136339877
8.3056640625,-4.568392660436457,6.056195573356885,9.815590045887449,8.469170104346054,9.227620281472237,-42.26670731030141,12.405382874849208,44.08344774595192
8.310546875,-2.0322500920923106,6.142277952605413,7.202155415552832,9.078527147974917,12.056590149341373,-29.59784334500567,9.681356388112604,33.223686608821865
8.3154296875,-0.5076859105103706,6.90375570056992,5.829140528893218,7.466381302491179,22.432627798532828,-15.90233342725928,9.049777183028757,28.493049119626097
8.3203125,-0.6186641375380221,6.307843344438436,6.728245587120258,7.995739893089736,34.41289785201353,-3.932544482647802,9.243425861316528,35.547774910942984
8.3251953125,-3.109404295404278,5.375191515849872,8.765256045264366,7.112890726508512,43.16461699511202,5.966448193693695,10.742010633181598,44.151736985876276
8.330078125,-5.5162628690072735,3.6824237968902103,10.056510732979698,2.3499906395618497,46.10668450214409,9.461432781968496,12.04669287325063,47.126081123662196
8.3349609375,-7.421924540300994,0.6469429449842089,10.906101101544248,-2.008322550055055,46.11948373754486,6.717738254017629,13.207821178873207,46.64941743400679
8.33984375,-9.021135861477966,-2.77869910639429,11.433371340496285,-0.8533410902696087,42.048169035314196,1.9497662475394144,14.826464216555546,42.10199874897559
8.3447265625,-9.240609716132727,-4.124758751354006,11.538829265007548,1.8081230068843976,36.380529936001714,-0.7981425016988142,15.347543239546603,36.43417761779947
8.349609375,-8.345462920202204,-3.4773762912123463,10.84526272583786,6.563896878108345,29.108299746651625,-1.649333034931965,14.119441235955609,29.88474787960369
8.3544921875,-6.294588867413066,-1.673408955397785,9.19948274334682,9.939374851649546,26.85992821225801,-0.3658377414850412,11.271762474737566,28.642289595323067
8.359375,-3.7748280627974693,1.0578398405607345,7.7606514295164315,11.874636953030167,29.574821387122366,2.867817520615062,8.694599625193577,31.99845996572346
8.3642578125,-2.530730150040205,2.844280687903006,7.080221376874409,12.386196560097174,34.8133384448449,7.323375147195084,8.038909283568877,37.669858274849325
8.369140625,-3.0438525611180354,3.201198438397188,7.556913917250142,11.988153437944142,38.69515075951674,9.763598427363362,8.753265551127209,41.669633660547504
8.3740234375,-4.895227534534869,2.6037980992384475,8.744725015039688,7.9562774434241215,40.38826946883918,8.666939690199053,10.35438229664749,42.06697641901369
8.37890625,-6.551775433810208,1.2317145042961397,9.516510117333144,5.368642074217658,37.24019326530352,6.477029463926962,11.619244672889737,38.178609493207
8.3837890625,-7.842559503922335,0.06569574617204821,10.12953508206421,6.5643833628767,31.205099846516415,7.836009218104942,12.810836681590988,32.83675419148636
8.388671875,-9.351993198854704,-0.06598460032655876,10.814590311170791,8.761022445853257,28.918482506970342,7.713287468747334,14.297534555208253,31.18539639604135
8.3935546875,-15.508300209217897,-1.8764792711614875,13.46304435579516,1.1801653923717172,2.1741541349433313,3.3892190073750617,20.622369242170855,4.196015018537883
8.3984375,-7.879572744926519,-3.0409194464030103,9.473045801693434,12.884550579325659,-13.133224589349908,13.62534007309775,12.691471722502573,22.89417226835401
8.4033203125,-2.6357537774311193,-2.512797112848089,6.306084361326793,16.606512335138873,-5.045256694856604,13.046754074363003,7.282035929446548,21.712868509964835
8.408203125,-3.6489900338343118,-0.9091149657233922,8.358092977890113,18.76335956173376,0.7497997199826456,12.77931502155071,9.165115193764908,22.7142412174174
8.4130859375,-5.662855099753884,1.0136199246431712,9.379772571900904,15.028826841312346,-0.7563173531558207,11.444255324936558,11.003430680157289,18.90525408734762
8.41796875,-5.560923264240609,1.7442425663461043,8.696673711697953,12.611202468134326,-1.032962016943702,11.084296738000736,10.46892465006623,16.82174403552674
8.4228515625,-5.672549752754417,1.3789474776399386,8.56059820650513,10.807626760383735,0.1212381151240842,11.147633655097053,10.361619491989781,15.527048366659194
8.427734375,-5.406273878406788,-0.1026013040241277,9.011794407723265,11.799370754873387,-0.5865090859567738,12.493778542453214,10.509555781430695,17.19487264816857
8.4326171875,-5.168397362299365,-1.1562046162497688,8.97281158457508,12.73545854309711,-0.9778022419335658,13.043754208183724,10.419236447146455,18.25616403768289
8.4375,-5.205826088254954,-0.5406701902084641,8.604461877236142,14.200340572899517,-1.441320206175632,13.959903013832026,10.071231985836988,19.96511879450415
8.4423828125,-5.804185178452458,0.5328651615427061,8.745296259074394,15.317562701415232,-1.6499962770829895,15.181883498778705,10.509648782196944,21.62960474434667
8.447265625,-5.538744137591125,0.9267024599360439,8.769106657294408,16.4659091361163,-3.488155514582296,16.469083458767894,10.413150130385938,23.54833545167495
8.4521484375,-5.241632742173761,0.5894835244227501,8.578315477068276,16.92629481679551,-4.122250809417684,16.714639723432864,10.070238381165712,24.142733669677575
8.45703125,-5.251829284516874,0.38270458371170357,8.503474918041801,16.626329435288714,-4.366090809180966,16.042620165406372,10.00186279219371,23.51304406528992
8.4619140625,-5.289254643385197,0.8396124916438574,8.46468664759556,16.37440406630484,-5.30135299758535,15.800543813495981,10.016590430914047,23.36413141834795
8.466796875,-5.144381664924549,1.1086346724460172,8.441214008726783,16.13157826620068,-5.6723333524773585,15.373338007550256,9.947252258412203,22.994405939588315
8.4716796875,-5.144601784597641,1.041299932142014,8.389626872223186,15.778096602395824,-5.602204230388804,14.700603463867887,9.896316088620734,22.28095076147796
8.4765625,-5.019812861666689,1.0266039448899023,8.216190122922212,14.537586897253696,-5.832864694821277,14.214660939055367,9.682882678305171,21.15231261483248
8.4814453125,-5.053173806856689,1.0747880700650851,8.375843078976127,14.191410872083772,-5.3241104040476195,13.479304573193795,9.840959414685594,20.28383459584772
8.486328125,-5.183168059957797,0.9548311811968561,8.483709200217318,13.706729683928248,-6.130594891140956,13.298781360978529,9.987504969520886,20.05782186666023
8.4912109375,-5.111291218550898,0.8873556164084305,8.404218439991908,13.340312005341662,-6.875899613298131,12.995486029054305,9.876415619945686,19.85257104315111
8.49609375,-5.091739389963127,1.0411951416558158,8.36163928780278,12.915653871886578,-7.5571336294948805,12.508383963104771,9.845146465016999,19.503436953544313
8.5009765625,-4.995396971754624,1.1419890719145451,8.300698954038547,11.910962999499844,-7.7280306775514935,11.83782573943413,9.754985036962596,18.485876121132062
8.505859375,-4.725997336193611,1.247256180479977,8.184066832679356,11.035220799147263,-7.211411100695605,11.042789076125064,9.532557302383077,17.19661997977961
8.5107421875,-4.456797160566926,1.2755783881837512,8.053493172337095,9.456669283235458,-6.431957241543252,9.697856523248133,9.29241052858294,14.994902101548915
8.515625,-4.249889629616164,1.414614310669935,7.884780937020011,8.263392808512805,-3.8435928294366866,8.95984659215962,9.068211837879911,12.780286284012288
8.5205078125,-4.259674267510153,1.332886144522617,7.908432534008934,6.178707380278488,-1.7417830815547506,7.857828870975844,9.081008505916042,10.14670920840051
8.525390625,-4.207064097811808,1.2702478960171875,7.791222696763635,4.3983516673792264,0.9823140319324166,6.631187703579232,8.945170157744233,8.017673515887845
8.5302734375,-3.9953373064053324,1.313139022480776,7.8296765687771765,2.215530213310534,4.340595390006586,4.852637359120956,8.887681894395993,6.877312833147453
8.53515625,-4.187406181392891,1.4000715148555742,7.889788332278401,0.3221740790691738,7.380672580521166,3.3191633766267277,9.041201839514134,8.09907213196803
8.5400390625,-4.567866723181522,1.112269479917834,7.982820568240165,-1.2356627649546286,9.350207375739345,2.0325457953729367,9.26433883347452,9.64802999831126
8.544921875,-4.904668286651885,0.8725216766400881,8.306387793904099,-2.3958261317884593,10.435640201798677,1.1141560518520837,9.685718520637206,10.764939060813852
8.5498046875,-5.101636809617874,0.9257991306072392,8.357145776844776,-3.751414827858987,10.395763507376147,0.32169036388502875,9.834921845287619,11.05660421658433
8.5546875,-4.784105399247122,1.0934735312528192,8.151228793227167,-4.629796272522611,10.787690565935929,-0.6566553501321829,9.514508903469038,11.75757107230505
8.5595703125,-4.432779921671015,1.3332114000051454,7.912379967111825,-5.787491269983351,12.060930183951331,-1.6976814410892354,9.166937722872666,13.484925449467662
8.564453125,-4.398974408941345,1.4100837463847737,7.879437643414859,-7.465003826051007,13.906264556073678,-2.8613388685740073,9.133720468615321,16.04050298922324
8.5693359375,-4.427732039703944,1.424574876684408,7.93101413206211,-9.089924496628905,15.438883393282627,-4.391816892268935,9.194303114302365,18.446514668115793
8.57421875,-4.423344516756146,1.31393413245166,7.794886887501599,-11.527052665205558,17.673409331469017,-6.166607645348425,9.058292400186833,21.982934071587174
8.5791015625,-4.480865511104733,1.4342461507966267,7.705014467010123,-14.029561717216252,19.5331972754012,-8.001655387291708,9.027871603346943,25.345628552353855
8.583984375,-4.5965678386987205,1.2853975728102705,7.7565694932875555,-16.29401698569519,21.578144280960487,-10.02152912212301,9.107417478085933,28.83647596509724
8.5888671875,-4.84211283844037,1.1031424198824287,7.868771185317438,-18.0418761269884,22.735638793126775,-11.18330943019571,9.304866463610056,31.104420510992153
8.59375,-5.010834162069527,0.8245855049728351,8.080283011321749,-19.62793178961278,23.077416540265645,-12.649778659677771,9.543551424801418,32.830470003480876
8.5986328125,-5.188516603669387,0.805732680287593,8.32410842795007,-20.67605152510493,23.78396390423611,-13.200162562939061,9.841782908543845,34.16753338119125
8.603515625,-5.472635285076983,0.6139175963327275,8.365616970127352,-21.401221363563238,22.667873815841393,-13.379146265470999,10.015496945705657,33.92412613430167
8.6083984375,-5.631056922217928,0.6334883698501543,8.553005545177326,-21.66848173147116,20.79279681414703,-13.435270187602399,10.259825214487229,32.89939186239436
8.61328125,-5.602552766472685,0.498780979719546,8.52990956285241,-21.05034021868896,19.09228998146119,-13.432604584065315,10.217472149082752,31.433536644332747
8.6181640625,-5.732183417506765,0.5567421424643095,8.585654006429202,-20.396178721879643,16.012269493451473,-13.181817351946405,10.338343351971297,29.088781161916152
8.623046875,-5.7178588289091,0.5278561503372654,8.55756138780699,-18.96018896657223,13.858468618435374,-12.384133803114834,10.305551834272036,26.55019186653341
8.6279296875,-5.746876359766163,0.46058495601573546,8.552879104158079,-17.941768885777066,11.398473958086647,-11.829559716434044,10.314575481642038,24.32633886158163
8.6328125,-5.7177629365210825,0.556714167467128,8.581013897562892,-16.923716300260065,8.938829226535299,-11.397567149018046,10.326497139528016,22.27598209438195
8.6376953125,-5.554640264533605,0.40732980352733333,8.567943242506361,-15.836512124741521,7.10503846534465,-11.089668616483289,10.219080068383358,20.597510478077847
8.642578125,-5.400715161735193,0.45031194101234534,8.52148980339947,-14.74402958877882,5.5843226229175595,-10.782572570162717,10.098826346257066,19.100652839692145
8.6474609375,-5.405709586446705,0.39741284402654464,8.469850233123529,-14.050155051151396,4.757036898934404,-9.98620968506047,10.05574443157451,17.881852278027967
8.65234375,-5.425042968843788,0.2964871212555989,8.5922664417555,-12.942338617612192,4.112841589875004,-9.558944692543374,10.165925360388478,16.607017145515464
8.6572265625,-5.420496458636753,0.19548787103146,8.573695219552977,-11.070939067828537,3.3303870929225523,-8.643265136017208,10.145355936762375,14.434791382066036
8.662109375,-5.367497833365382,0.24347566126813966,8.564415140701287,-10.483756309857009,3.130671598024609,-7.72581685964355,10.11031750693743,13.393972419259983
8.6669921875,-5.357756746258785,0.3251962314273473,8.503138908590298,-9.727633540368698,2.554010509096637,-7.236428068570893,10.055579607352243,12.39014588969326
8.671875,-5.381839734737004,0.3108136896079665,8.498362321924489,-9.073238479144365,2.8547018960311448,-6.38157046769539,10.063943870806693,11.454144273964411
8.6767578125,-5.4203905253543185,0.3108715151267076,8.427648209673427,-7.79498888872481,1.8955094542911897,-6.198678543906261,10.02509495677122,10.137969400098541
8.681640625,-5.381789066618783,0.32524317292215466,8.512440116497569,-7.379502667793819,2.0124078094402544,-5.526600236256035,10.076262869539832,9.436638966647896
8.6865234375,-5.449196035097802,0.3349680584914271,8.418063703848858,-6.567571603708935,1.2468244122784882,-4.975563447502766,10.033430995985006,8.333294636878211
8.69140625,-5.304903989239933,0.3827723437558644,8.348042406242149,-5.857699195356893,1.4868197729708899,-4.97794762044913,9.898400528298263,7.829638268305704
8.6962890625,-5.362628482741376,0.3444217630481568,8.409014405813563,-5.269256022892139,1.4136760821209737,-4.428225248350408,9.9793754249427,7.026572276015811
8.701171875,-5.280810670892335,0.39234980529641805,8.371641791668221,-5.033733433977681,1.3456612915269015,-3.8775699469388574,9.905820814023055,6.494984625791042
8.7060546875,-5.271468214679433,0.22884986648809805,8.470804799986803,-4.2027537611540815,1.7076694447852565,-3.3907996243823924,9.979743651980579,5.663638071263005
8.7109375,-5.3387847346188595,0.2674318196887192,8.395177817703738,-3.6138997005322864,1.6979265994973107,-3.086012877283165,9.952545041930042,5.0464543257167565
8.7158203125,-5.276124851936141,0.27214732493021854,8.513017193531395,-3.257066692194253,1.8154921217490319,-2.352601422475443,10.019132664908973,4.408994050185087
8.720703125,-5.401117159716153,0.3637179501539683,8.35236760693635,-3.188956471835396,2.3145888513630495,-2.047625053255133,9.95321063585234,4.4406681128894405
8.7255859375,-5.324186011265075,0.349151926834995,8.37625029027972,-2.242872216124089,2.549927198996337,-1.6832814644164769,9.931285550016895,3.7902560581695224
8.73046875,-5.319459585207539,0.3443216965818776,8.315141729580246,-2.068432810204499,2.4218399127746997,-1.6221032946517757,9.877084068306807,3.574205079728805
8.7353515625,-5.256525433342451,0.5077121443567303,8.343276717418364,-2.242937047799879,2.549848243237368,-1.6833175707387549,9.874163135998852,3.7902573405893896
8.740234375,-5.189725790028361,0.3777092815530879,8.16043347602264,-1.8239759265538011,2.9182684807859736,-1.3176517405866126,9.678253592133645,3.685021738886706
8.7451171875,-5.232605336915743,0.47880433723651905,8.29641376158442,-1.8168277473496708,3.3570905159340763,-1.4414025731197453,9.82038153580007,4.0802648410992175
8.75,-5.237622652675887,0.4162874837049538,8.24479515370694,-1.8652863250198126,3.9846661387963858,-1.565198054620554,9.776637123648522,4.669764690234871
8.7548828125,-5.252050808819865,0.39708659210020275,8.282398743101982,-1.8120753172225237,3.607013678559386,-1.258280738498475,9.815286261734217,4.2281715965033735
8.759765625,-5.213744010152956,0.3585311544400177,8.221510482019672,-1.6807572125455408,4.35556168228586,-0.8929885026554053,9.741914893801386,4.753240036185362
8.7646484375,-5.266446167447044,0.42596024074656796,8.24935132965084,-1.4438357064081602,4.413884503453212,-0.6488473564580466,9.796361300060681,4.689140736734839
8.76953125,-5.213595776164315,0.41623959271163263,8.230790866409412,-1.0312971334419403,4.470610384596131,-0.7112654911230394,9.751961577157067,4.6428256037855675
8.7744140625,-5.112428519225422,0.46895851970631414,8.282850240178336,-1.3148798276913316,5.10141475690447,-0.773444137392279,9.744868165276372,5.324618044226155
8.779296875,-5.194194970702522,0.48833578330812927,8.226014529729278,-1.544168057535489,5.4812901079853455,-0.9573936806812202,9.74091619275352,5.7745648232242806
8.7841796875,-5.213581675928913,0.3970145241037551,8.282566664499175,-1.5377438055020618,5.857107846089967,-0.95836750679746,9.794894842508727,6.1309735450557765
8.7890625,-5.266669634084941,0.3297836247874361,8.254264033025727,-1.468385223626476,6.418685612087089,-0.592455337346135,9.796909767915212,6.611103045523365
8.7939453125,-5.223372873326261,0.305671449906214,8.320348462057337,-1.5244401322829768,6.543996663873941,-0.3477827965636785,9.828797369930276,6.728206516397505
8.798828125,-5.156221207895713,0.3007089171826487,8.184263503384175,-1.335874435428246,7.229628522370678,-0.16610550757776157,9.677768962444437,7.353888775223218
8.8037109375,-5.102939925907499,0.3920079453262236,8.330090713617915,-1.61242579586249,8.235400762189332,0.015590749529161238,9.776710971166283,8.391780843927128
8.80859375,-5.1416831935545675,0.2814739140493513,8.32075770102253,-1.0142393372020846,8.725706797582177,0.6252408583830229,9.785251266385421,8.806677391700656
8.8134765625,-5.334434337381347,0.11832954425805087,8.30616521663966,-0.5820707186272259,9.845381560549125,1.1113840741359018,9.87231341616503,9.924994657657345
8.818359375,-5.146595960539716,0.2285890595412573,8.339664321600457,-0.21103052572773007,10.840477285670516,1.5976984681769064,9.802535587089766,10.959613225800542
8.8232421875,-5.219273854222486,0.007511988487956764,8.321019286584335,0.5207805780612703,12.26851086782097,2.2047629587192956,9.822435439495134,12.475918845057777
8.828125,-5.161211573266239,0.1420591246235855,8.35389925083345,1.312834285660452,13.693468771124854,3.423769783795142,9.820688285043053,14.17592396917414
8.8330078125,-5.2334616543558266,0.0892975406137336,8.358402770795518,1.9816699987259927,14.935676713153455,3.663973696556461,9.862048053888943,15.505681478501444
8.837890625,-5.199833402765574,0.04596692014158052,8.419784064884498,2.5980829489768857,16.49042971223032,4.332054255662339,9.896117626299054,17.246767847274317
8.8427734375,-5.171236567170865,-0.04065548525426028,8.377770953006237,3.6863552587828625,18.036356074425832,5.550186269258077,9.845323084752547,19.227686370463154
8.84765625,-5.089788916892212,-0.18026040266921498,8.40665021709453,5.734083345169921,20.696510280904526,6.5181086159895125,9.829049440503633,22.44350662322576
8.8525390625,-4.859416859055053,-0.4307278948793938,8.539888990764943,8.380515103335675,23.97425902671363,7.482834542266174,9.835098510136236,26.476233532436765
8.857421875,-4.878359977970457,-0.3585377978206326,8.643115558663553,10.440417971805052,27.32268482699746,8.632601669141259,9.931283501518923,30.496774340239455
8.8623046875,-4.964830522283931,-0.3295195266957902,8.656784086495254,12.657752420818937,29.54099861704941,9.846129055226303,9.984890382656857,33.61302653751123
8.8671875,-5.181492837297935,-0.38684442095320387,8.538388318270371,14.529283654025194,32.20358812279075,10.875994142424302,9.995078374008298,36.96563836953882
8.8720703125,-5.215357540106552,-0.41085138928059567,8.41131064950702,17.295054300003844,35.47727567726505,12.514326019484502,9.905498471946288,41.404883147313555
8.876953125,-5.210593141536297,-0.4637438163041499,8.481993123727085,19.807481888468363,37.75387808358331,13.726878671003822,9.965417530878423,44.78971809646198
8.8818359375,-4.82099964436351,-0.5029122480017724,8.643681876736284,24.22061357582513,41.13004793737335,14.870380399250102,9.910004777312803,49.994471479739396
8.88671875,-5.0033832552361535,-0.4400203255246803,8.812058852558897,29.3517567991572,45.248282642762895,15.765460952374854,10.142970132392877,56.191480389442354
8.8916015625,-4.748515632340393,-0.31071028505158244,8.554218972971862,32.70482059098843,48.51392655128762,17.157391650818944,9.78874883881335,60.97198084015364
8.896484375,-4.79183499517274,-0.387546573960337,8.67647782473443,37.53689714677914,52.32295038943319,18.176514927574935,9.919331752243133,66.91110131940228
8.9013671875,-4.799792408517151,0.40589647912677207,8.477177112121113,40.12667995700883,55.91829295731982,17.977349988649085,9.750143122380123,71.13501981617239
8.90625,-4.2164379066666875,0.9290197583533307,8.704322283269816,42.44916852451668,60.9553458504579,18.693142776575375,9.716308596540875,76.59582027132542
8.9111328125,-4.011351735480809,2.323181918561345,8.53285346477868,38.71126758720555,65.82981950513388,19.853789834717624,9.710700552682118,78.90690936215836
8.916015625,-4.133755678818052,1.3424215998421314,8.661450018592626,36.54352132197563,69.80947012668301,19.666059765030308,9.690755811001607,81.21296064458973
8.9208984375,-4.052743227315912,0.9239416215375831,8.888466526627179,38.55067685777305,77.42862455343563,17.805062472111004,9.812401998569785,88.30836220916515
8.92578125,-4.261957736196249,2.030333472853794,8.65468139299675,36.427720606752544,84.16525731454114,16.99790524447346,9.85850129433464,93.27217243168856
8.9306640625,-4.278333015981391,1.0878716297872795,8.910639024596092,35.30015278958492,90.44590079327743,17.2302731795481,9.944198605477832,98.60752542842395
8.935546875,-4.538516653924447,0.761399942135968,9.135966087445158,36.415670594614795,97.25844414993769,17.026898714303236,10.229552269810355,105.238877336986
8.9404296875,-5.6114179719329105,0.599874693309481,8.971736940003503,37.199072749813986,104.94568351802178,19.02730845722177,10.599053024871052,112.95754056120825
8.9453125,-5.034897008391531,0.42084903579138727,8.894691215698574,37.549309862263854,111.3214869918445,21.582432239601438,10.22950798517025,119.44967776676793
8.9501953125,-5.040620310719499,-0.0023071022479630417,8.975544920690675,39.52085154677686,119.8073675508262,22.96491232115423,10.294088840829716,128.23061344452594
8.955078125,-4.972579933610825,0.2861051721222729,9.003428387523424,40.804356746987835,129.2403763890215,25.081407109326175,10.289321167838372,137.83013966943207
8.9599609375,-4.813328217043233,0.6175815630267384,8.8105716055393,40.96750211629539,138.69374792980054,26.037534788331257,10.058613598717793,146.94299970504645
8.96484375,-4.900169635303273,0.5936594457167557,8.612716854000938,41.15518142670779,149.52389169042578,27.357822846615882,9.926881967638618,157.47886720262574
8.9697265625,-5.054211559080967,0.43529176513946854,8.795811144206864,41.92858408229636,160.22063918094705,28.55406843552891,10.153857744192576,168.05949603315574
8.974609375,-4.751178362507527,0.4491603594712278,8.844132875514644,43.24503394209372,171.7232911624519,29.80812237720071,10.049583433189605,179.57601690640996
8.9794921875,-4.606688106796517,0.51622674378558,8.905755876038231,45.33572932970661,183.84218520719423,30.69131394751403,10.039947862807328,191.82083872050396
8.984375,-4.625760339017949,0.5547461474475411,8.96672809781914,47.725249969114515,196.20668111854238,31.75690456334551,10.104831259469828,204.4095452458453
8.9892578125,-4.240653489841993,0.8040558042219881,8.81266066955252,49.58459169603358,212.02481457386634,32.631714756964904,9.812881117892442,220.177161705579
8.994140625,-4.082345172166812,0.5585418127631689,8.992604903306548,50.36948673016275,226.98377008352819,33.021354234826816,9.891635557797882,234.8385124086208
8.9990234375,-4.220157933141926,1.0686182170598881,9.357725373563316,51.739871350006894,245.2542885795638,33.33974496693654,10.320789797371308,252.86007780676567
9.00390625,-4.1187204663616495,1.3857627821611853,9.098805041617483,50.88016503741877,263.935762530523,32.99003306621448,10.08327575512111,270.81214931851474
9.0087890625,-3.7868992273673956,1.5533864198452532,8.775374043767371,50.06723715280324,285.4369168568594,32.20469208236414,9.683016303591643,291.5786410781568
9.013671875,-4.089301784326058,1.6261516953094497,9.09370384331355,49.109545607571235,309.140880772622,29.086941487232366,10.102584224313386,314.36584070114276
9.0185546875,-4.9419230581879425,1.2044804063494876,8.67233686220006,51.678501397194914,328.7099399451039,29.278177475888484,10.053994390977325,334.03308788454376
9.0234375,-5.701213373096526,0.7493328194289676,10.019799913536525,54.23097118304355,354.3591610523777,28.533776096092698,11.552563521017946,359.6186725345376
9.0283203125,-7.088359636573509,1.2042281475488081,11.28728303509509,57.847419527225014,373.0951448866678,29.763103682300418,13.382741351572882,378.724376591692
9.033203125,-8.164701113477703,1.2015776989565001,11.9786474669311,62.31495067696196,389.80976566395157,32.220633913027605,14.546275412491973,396.0719325256643
9.0380859375,-9.295782550929278,2.0167222149709274,13.547454058780222,70.77641604243115,405.767175035621,37.36267404414379,16.553315474589347,413.5846597928029
9.04296875,-10.562110994918912,0.5422421838852612,10.996103331666372,72.42107047090823,422.6517136588072,38.913163596637695,15.256687180894021,430.57347434320343
9.0478515625,-13.743833480017285,3.5160261893247977,14.564148530540415,76.85082068171855,444.57831959157994,37.8638938011065,20.331498255418964,452.7577777842233
9.052734375,-15.881617720858639,3.4098362072162907,16.563263870044036,82.68635309709377,448.75413658279274,37.469624972314776,23.199018824515843,457.8441665940836
9.0576171875,-13.483486714984167,2.9965151003543395,16.22189791485927,87.55052480483579,459.10180329042583,31.002083056270934,21.305714930504482,468.4022729790612
9.0625,-9.99381646334844,4.499091067726099,11.916418804839035,94.06506934103218,480.52036038483243,21.751610880165135,16.19009651209987,490.1236441862242
9.0673828125,-16.48683168520127,2.7372777946483597,14.375175549635335,88.91726900463868,494.9376041896457,5.196520714492453,22.044363924233902,502.8881750407001
9.072265625,-17.89326861093394,2.1770995583575066,13.52842150809169,94.67297731730065,498.6925027655489,-0.3365352193376035,22.537236134243084,507.5995451186328
9.0771484375,-19.732212973701085,3.118374127753834,13.979240217596235,88.02499457939675,503.52137484500065,-9.88384048499722,24.382445388053306,511.25322972010196
9.08203125,-22.619420568130373,4.239470783259985,14.077067389776618,72.65039353295252,498.16208332540003,-6.218139583021028,26.977307605770942,503.4701641641435
9.0869140625,-27.141815000863392,2.2823756027625617,20.297885717399534,78.04819264688572,470.91590680137006,7.300590575585665,33.96897885615331,477.39565381008066
9.091796875,-27.1112793598987,-0.861933298889803,24.072053944516064,87.64259450601563,429.61641932404797,8.047464946688919,36.266074762095435,438.5387711669634
9.0966796875,-23.419461431271806,3.1079224204152753,23.157660906042345,90.86526806873458,397.35562736227143,11.546014415125946,33.08183208562352,407.7760439095725
9.1015625,-15.861352968802832,4.719147186384228,23.06951684031944,86.04330096288514,376.94133441379256,11.054247508449132,28.39111613539508,386.7950563518338
9.1064453125,-10.20918342430995,2.2661699999573695,25.709734796509537,77.68990064293185,357.22867208390176,4.445196374255268,27.755241234166295,365.6060784389971
9.111328125,-1.9216936736750323,-0.3992552878316069,24.79228979294315,62.885073389108946,345.18026074238225,0.7152804641390942,24.869860163209147,350.86244667600863
9.1162109375,7.460979208840099,-8.825017886509391,13.931159346983605,106.21675414967936,349.52689004864567,-11.884370028087488,18.10039646535411,365.50278245197524
9.12109375,-10.562907007162327,-8.037612690227691,7.196006277078988,113.07820988622535,393.56867113035065,-61.04228479956549,15.098368406547392,414.0158704445213
9.1259765625,-24.4817422219409,0.817953135731427,32.399551621160555,93.39779953718327,323.5628949915558,-93.18005515520598,40.61718472280008,349.42612760414994
9.130859375,-28.93553219902017,3.3378582527258533,38.822502406956424,78.428510831012,213.331099237715,-107.51257106879446,48.53445183057042,251.4361591954597
9.1357421875,-24.434117910782394,1.07339491317715,35.630200570280365,60.55292505711983,118.85602588073965,-119.90652871848975,43.21677321823159,179.36272536526153
9.140625,-20.385492187683454,2.816318820272729,35.982659866738615,47.98530460664379,45.65653250241589,-130.2288768811247,41.451800377268626,146.10499235842587
9.1455078125,-13.666564934820562,4.986277245357632,32.60219519772559,26.088823303530845,-12.759651026924537,-137.0699278024506,35.70071553338728,140.11281348777766
9.150390625,-6.5853742649887375,5.375600002038748,25.972693877817647,5.0765710383542055,-57.79581377844014,-140.20642040935672,27.32846605396507,151.73650842109447
9.1552734375,-1.4753670326023358,5.302411415666947,20.60543469799867,-14.038183064352584,-84.94831913240874,-141.73917788458672,21.327827216933574,165.84113498938783
9.16015625,1.5150686209405884,5.089170402035355,16.423815452261902,-30.019909378205227,-100.74234690527442,-144.104554844815,17.26084593283505,178.37134900560852
9.1650390625,3.1401901359867614,4.43150709351616,13.450604231139863,-42.35550180070025,-109.76251092365649,-146.129382486102,14.505785169813809,187.60488736390752
9.169921875,4.016895664564487,3.92456456051103,11.66367271133166,-50.00396338850741,-113.0907777462284,-147.44666496857445,12.945227649086707,192.43294774066382
9.1748046875,4.249843290626612,3.4766164130946575,10.273564481901627,-55.45468246104292,-115.26289538653357,-148.22160057166136,11.64878349195631,195.78151019891334
9.1796875,4.1847418350798895,2.885035454846875,9.254012569450671,-56.89074543252558,-116.81021423485234,-147.47783643546842,10.558041600483602,196.54743779847985
9.1845703125,3.73105120518152,2.30876368914249,8.989924791086976,-54.3887151505898,-118.79689385654903,-145.09060143480647,10.003493420670077,195.2488590246049
9.189453125,2.960684501123799,1.9927792041236343,8.789728787901556,-48.6582241828571,-121.46388083978914,-140.87303191770653,9.486630267721393,192.26624313950393
9.1943359375,2.176769292934492,1.8259881229201202,9.040640518480782,-41.12576440164238,-125.6027758996291,-135.30995462622843,9.476588951943855,189.1458950975776
9.19921875,1.4269877473139991,1.889946846338871,9.22535297125583,-30.805556754741538,-132.04269839059066,-128.4012430842493,9.524459593973262,186.73814755110584
9.2041015625,0.5718941435535745,2.1801105910896674,9.357377150531883,-21.837928978288005,-138.46265826308033,-121.48909636106994,9.624991025352097,185.4950226016015
9.208984375,-0.24339566359066303,2.994385191564406,9.563676070733033,-13.552550981718278,-147.06788136892794,-113.7741011432131,10.02444432925968,186.43277463848253
9.2138671875,-1.020395695866983,3.7172256833475297,9.803263610848578,-8.397508369618741,-156.31339277248514,-106.78434446830141,10.533895365954148,189.49219279534415
9.21875,-1.6815419540221213,4.62739622378372,10.042946148385676,-6.395051222121307,-167.64285843486562,-99.5978191432004,11.184862381558347,195.10189707541954
9.2236328125,-2.501493284444022,5.489774312477919,10.27733774276141,-8.055304710925132,-179.8567005355454,-92.7058418024625,11.917162486634524,202.5035648225036
9.228515625,-3.4369420386771576,6.280249673545934,10.581928981787906,-12.600432375614623,-192.0873611177928,-86.72495612926275,12.776201607477198,211.13394614053024
9.2333984375,-4.445074688268955,6.84484003478628,10.87258874638777,-19.070026657300414,-206.8590807482855,-80.36539398273207,13.594988419788388,222.73962771526666
9.23828125,-5.199095522848604,7.077147940709393,11.202708828113066,-26.02047167679732,-222.1223507947874,-74.73821046363851,14.234370457377945,235.79907500283525
9.2431640625,-6.040490405908975,7.011448556735537,11.439039333241869,-32.644967433839554,-239.21211942798388,-67.57631699870879,14.713923884371626,250.708377600539
9.248046875,-6.771885335112062,6.757969138671099,11.544575156230401,-37.636357861923024,-257.2689824973258,-59.43631717341388,14.993525049466818,266.71426768633637
9.2529296875,-7.253403006789916,6.475149968520697,11.561906847081175,-40.25595542297041,-274.16997835537774,-51.55011712852679,15.106856464345093,281.8636790265275
9.2578125,-7.427982075597702,5.975302509700751,11.322384196610717,-40.516112118724934,-290.9233444505808,-42.07798954738197,14.801200684184272,296.72968319984096
9.2626953125,-7.419476412863519,5.59054004892456,11.15395381484924,-38.85219432164285,-305.3272351735926,-31.88196401407806,14.515972374713911,309.4360566769038
9.267578125,-7.3198089631337035,5.244026179920121,10.731872109738317,-34.87853898421612,-318.9542954195156,-20.713762807912623,14.009014698123465,321.52358392176393
9.2724609375,-7.234529331299024,4.897545982903947,10.34264898983525,-30.85851336610378,-329.7610078002108,-10.16497107222105,13.538639496900146,331.3576568444975
9.27734375,-7.154103007518043,4.541453239847508,9.934613524594965,-25.457956089038397,-338.89573967988247,0.07005127994383631,13.057661860186354,339.8506066032366
9.2822265625,-7.174314368445115,4.286554159484034,9.615275668918091,-20.685111691268684,-346.829499217346,9.874991085270594,12.7396569580486,347.586091237796
9.287109375,-7.343009050782078,4.190663406555433,9.473658255082261,-16.223468332423458,-352.1234886405175,18.44937124239531,12.697702250446676,352.9795057455057
9.2919921875,-7.752184095947133,3.960621961889616,9.566438775605354,-13.180325851548258,-357.51487145165254,25.00679398213879,12.934436030606966,358.6306512889128
9.296875,-8.555223877958497,3.8034998632063113,9.892494853331648,-11.668722404338448,-362.7518267453772,29.66938088811361,13.620569783771705,364.15013257163815
9.3017578125,-9.392176087210645,3.4925766587564535,10.317504065406219,-10.483774449406647,-369.60608206603007,32.377291634972906,14.382696322669673,371.1695763940292
9.306640625,-10.108946034924053,3.1718085862749055,10.733652835464966,-10.299315373395984,-376.18846368675884,33.12763412994391,15.081858732837244,377.78469562862387
9.3115234375,-10.67699732566414,2.749755816606319,11.056610818316535,-9.903773557392757,-384.02321203427925,32.77843614301291,15.614354669050966,385.5468038873915
9.31640625,-11.274035715480613,2.241209632503866,11.440771553779731,-8.28229312800168,-392.2484469049283,31.386083484605514,16.217834494054255,393.5892868400881
9.3212890625,-11.665083909896472,1.6600365649937299,11.299247193032414,-5.111299935653745,-399.17900248405164,29.313647289607236,16.324916267818733,400.28651154968264
9.326171875,-11.580419547237522,1.0779118376211854,10.863506857989107,0.3736366082126929,-404.89031684088354,26.9875707257778,15.914892147711877,405.78890725290273
9.3310546875,-11.327860862263758,0.35600104987140363,10.36296202237262,7.624795768020882,-407.0572825639419,24.709567122419482,15.357022834503237,407.87783894963235
9.3359375,-10.950140995905036,-0.2219136916238885,9.683931478490264,16.892635090870673,-404.61508978343466,21.374264607701942,14.619622512117914,405.5312456374851
9.3408203125,-10.528661930646543,-0.7325291933825193,9.282424793415728,27.278266004352027,-398.5527913838387,17.047104789382217,14.055345286204194,399.8487652822677
9.345703125,-10.36640298240494,-1.1945115340269654,9.166567669723566,39.05928926718529,-389.94138249192207,12.342438950273337,13.889389167352135,392.08703836904675
9.3505859375,-10.693775411488833,-1.554482220152632,9.575094334742225,51.23800187139402,-378.51235434960006,6.343440247486341,14.43799428741217,382.0172436752347
9.35546875,-11.14552347454711,-1.6689544993906824,10.038977666742303,61.93157147031886,-367.81025003610546,-0.507332945804084,15.092686150452735,372.9881458748033
9.3603515625,-11.437583331935176,-1.4903293125514887,10.76628676720713,71.99951577033855,-355.5900068255346,-9.013994793246267,15.778223115691796,362.9179457225554
9.365234375,-11.964550426146909,-1.190965742029408,11.863848590963748,80.72390962382542,-343.04123580909544,-16.11011512053498,16.891411121863452,352.77921545859795
9.3701171875,-13.289053407338951,-0.8274954436836762,13.432800808554658,89.59797266014941,-332.12390728060967,-22.958002506703146,18.913588415071608,344.76246369238874
9.375,-15.704623336358878,-0.514769634109876,15.533254600181177,97.11861007692646,-325.01368648423994,-27.895131694364004,22.094845108919845,340.358721347927
9.3798828125,-18.879354816323705,0.03021517047725298,17.676919640552605,102.01212211623964,-323.88294065120425,-31.402365774823117,25.863186950098136,341.01721493171846
9.384765625,-21.918241321158284,1.3250311513054762,19.3163078439765,102.1446296232342,-329.51177089944395,-34.45185964933542,29.24525190330438,346.6965000623064
9.3896484375,-23.951965147938544,2.9352458769002188,20.442052501824413,96.88297923871804,-337.6315509650912,-36.93018574926675,31.625777670964364,353.1928856768468
9.39453125,-25.346925920315925,4.476828983904582,21.029881459810234,86.7626511422879,-348.06571245057984,-37.73667552697184,33.23799882024761,360.6959308015493
9.3994140625,-26.201087147307042,5.295912368761603,20.878567943755353,76.29072241165494,-359.0728495388738,-34.25363681636011,33.918405842556766,368.6826511204535
9.404296875,-26.5568620328659,5.618651356703579,20.269615189139532,68.10268090503385,-367.6809638466295,-27.7201661427694,33.87762482844182,374.9608965380551
9.4091796875,-27.09067519275202,6.1868539657378445,19.052654015557614,62.786480022843655,-373.8986176100174,-18.19878989157617,33.692513551664554,379.5701704268378
9.4140625,-27.936459776133653,7.010509827210466,17.819663738893464,58.3207183956583,-378.9475857643305,-5.988200127673831,33.86935855058644,383.45591336106605
9.4189453125,-29.134467514253906,7.599078131951844,16.040097548972344,55.2269160829116,-383.52971987496255,10.443645775916487,34.11521530307516,387.6262736509085
9.423828125,-30.406347519804335,7.384728327069147,14.407762327801127,53.73435779287862,-387.70427221456976,29.136097103517493,34.44798683891606,392.49317962898147
9.4287109375,-32.09080726103122,6.122573305528953,11.609564154433205,55.0997498367866,-394.51522980059156,55.60617312811856,34.67113777195854,402.2067819749492
9.43359375,-33.32720033375873,-1.0264356790983917,9.21186253569201,69.48186270125618,-398.86527762489817,94.65206286012526,34.59211273782363,415.7887106967918
9.4384765625,-28.428504749237696,-2.584507578349223,7.13437097254131,95.1804000287812,-393.7804656425733,127.21195653048197,29.423779683681275,424.62365166772554
9.443359375,-30.706416777572862,-0.9264287384911568,4.915071863191027,115.38847572822637,-382.3331479557254,155.05707989038808,31.111095013609575,428.41082430390605
9.4482421875,-31.125557189470886,-0.26243282922552763,2.8659597777403962,112.63688014981933,-373.83112780044075,172.37439387015127,31.25832539968358,426.7900075500084
9.453125,-31.90679068766767,0.14722194627291563,0.09155470665061803,100.13115295282478,-360.21280435020935,182.7859545230389,31.907261689972874,416.16128770033697
9.4580078125,-32.36435535752919,1.4794543458877158,-3.2948567337236394,78.23158247550914,-348.00048617369043,186.7347132939667,32.56526314596212,402.60945346914946
9.462890625,-31.25051860496056,2.4720805576068927,-6.866496958042013,42.446941552903006,-331.36148303447214,183.3599867335078,32.09135204127561,381.0814348940558
9.4677734375,-29.099857435923624,2.6933385107637906,-10.441332471539667,0.8580699236640376,-308.90953084948006,172.02551200736377,31.033485123425493,353.57970998776983
9.47265625,-27.436753501683665,1.8288223180127228,-13.4092220003073,-36.1850072316317,-281.11641674343,154.5428629801491,30.592928405704114,322.83012717080817
9.4775390625,-26.127739707030827,-0.3478486287854565,-16.31934549175105,-65.78179589361459,-246.89735848101054,130.84144919630972,30.80747990579623,287.0627720964185
9.482421875,-26.398527196221213,-3.9063944975185305,-18.60312253680649,-77.36831318780938,-212.06610711840992,106.90907402722367,32.5302678165937,249.77477811669107
9.4873046875,-27.80452728501,-8.145456690447512,-19.808656673028924,-67.5477015422263,-173.91460932258468,82.05588154595401,35.09733724128876,203.81891721758453
9.4921875,-29.65576447011244,-11.902649891353983,-20.307026027487915,-36.07302142656232,-135.58816934265943,58.92177800007964,37.86175836941549,152.1748680407694
9.4970703125,-31.14171863471923,-13.905198402249962,-20.412588087786013,7.402100729064413,-101.40300420843937,40.72577841280975,39.74713743870843,109.52602149731025
9.501953125,-31.915474580824416,-13.764272523436105,-20.32691295226733,56.477995525241276,-66.68065941289915,24.166194431956104,40.26457631700253,90.6646528235306
9.5068359375,-31.639753090926217,-11.158324147072948,-20.129185898689315,92.95105658134027,-36.66833314669219,10.404478972647748,39.12500860536543,100.46252414724903
9.51171875,-30.49885823812379,-6.952524533928457,-19.399743872094017,111.84379173315335,-6.273067080019354,-2.7636981868176007,36.808531803467766,112.05366191029735
9.5166015625,-29.099050738282394,-3.1463140944627193,-18.49898757848218,108.9827085813713,21.185077911798146,-15.379397134772015,34.6246528889314,112.08284503923913
9.521484375,-27.554119668281658,0.6020942584682873,-16.73210919743261,86.89525390826847,49.37171847646403,-29.540925941050997,32.24213867572801,104.21620815667939
9.5263671875,-26.265764662289616,3.3844971253673966,-14.461007079836333,52.24094595141052,75.3015093090991,-43.603784939960455,30.173928147483196,101.49248149107822
9.53125,-25.740383373397226,4.5093894628498346,-11.54998659902469,16.05309792487036,97.24039029214526,-56.060850193552405,28.57103638258114,113.38524763644581
9.5361328125,-26.05045590883532,3.8182181628963963,-7.975501331091493,-16.93458728698179,116.74530048657043,-66.37690437097002,27.510246536152437,135.3592954552916
9.541015625,-26.07147800962431,3.3477157030206985,-4.395535708453736,-40.67290383482337,125.94791076807573,-71.60918353290764,26.65051407006753,150.48267840336177
9.5458984375,-2.010830398600627,30.633397851768617,4.373810896392468,-232.97885315935477,169.4082034988337,-63.10985809589674,31.0093328627702,294.89174220556714
9.55078125,7.821382131311166,13.877726138860986,16.841236922887248,-277.2847431821685,168.28500577344857,-129.19943107243472,23.181729062389625,349.14060915226054
9.5556640625,-5.667710566852,2.8620065957024603,18.001111432430577,-254.42660693848515,186.48108139756528,-124.39683598383773,19.08806008022379,339.0909388943114
9.560546875,11.931342610102357,-10.274056804068207,23.783218514466594,-258.93628608256705,148.35551127501643,-92.82757581675288,28.52287963372091,312.5289055558214
9.5654296875,6.6981220560576435,-12.277170496782006,10.055369883823667,-182.19884785031397,162.6212123085741,-15.335325637311717,17.22510429534197,244.6982857788231
9.5703125,5.556254154379629,-16.471262328893083,-4.007270687226754,-100.22481008330853,208.00205697230084,63.10765723977895,17.839076806157323,239.35840211539883
9.5751953125,-2.2869398608167195,-11.344363017079822,-2.3596015668935353,-14.209192765904293,256.2308011573685,115.67290962485136,11.810689469491916,281.48951426631254
9.580078125,-15.565683958424204,-8.90821540271018,7.439467000757702,10.059824788534822,277.71816490274557,122.10159993041611,19.41629439439952,303.54139733698923
9.5849609375,-21.475570757895245,-16.661117629675893,19.18831667869228,17.353709355646366,261.1773558767054,92.66097439815499,33.27137624158403,277.6703416419604
9.58984375,-22.950501229091433,-22.884728951975855,24.834480017348305,17.818255650311855,232.88175642947536,48.33162079407224,40.831210165803334,238.51068797997158
9.5947265625,-15.546662857698506,-26.650769477736514,18.855101572702182,19.815858700786738,212.9725888804609,-2.318601398975147,36.1590527404039,213.90504384642895
9.599609375,-9.694387391607428,-23.277660239930483,12.04909965572691,41.5762108293709,218.27426688409017,-37.03928506671801,27.946581466394704,225.26461224295508
9.6044921875,-10.410379224232274,-13.43711238798789,12.993256989596608,61.09153018775264,227.44298072661655,-56.220327744869586,21.395249755902494,242.12230338039845
9.609375,-14.927838649573541,-3.718846504440579,16.06099521026548,72.7629843229689,218.11379561761183,-53.41601408670361,22.240183299951966,236.05370212563258
9.6142578125,-16.631389210392143,7.719968906719992,16.32480845720574,73.9531845726362,195.35205892169395,-34.20100810265106,24.54995719248259,211.66296177795724
9.619140625,-12.514733222807186,15.93464898500709,12.275438870483594,63.606414270715526,178.7009033254139,-12.089253015368348,23.69003979263017,190.06824780632456
9.6240234375,-8.124955122030123,19.085304155575557,9.503472762835822,46.050669791519304,175.02499067633153,2.5999314534021467,22.816216272638098,181.0004729083874
9.62890625,-7.972924529954806,16.156455077818702,9.78332709356614,19.45925022237984,174.02557965372256,7.385770430369157,20.501513487097338,175.26583922111416
9.6337890625,-8.872479810274477,9.387447509150167,10.960586118732518,3.1530931699448668,169.56825803193135,8.35799024104191,16.94046979239153,169.80339257326798
9.638671875,-9.281928599644518,2.857799774429641,11.321126267846646,-5.701650755972869,161.12876868427807,5.586576126449591,14.91606912199579,161.32637339217445
9.6435546875,-8.247731399784223,-2.8523899422480903,10.905460005504114,-6.982409110313026,156.0362170477919,-1.5597189962319813,13.967471480453234,156.2001529798118
9.6484375,-7.571014950873397,-5.3639273450924305,10.796334811546638,-3.3267060057475573,151.00137063323353,-10.61829259606636,14.235618332646904,151.41079566404608
9.6533203125,-6.389966895305566,-3.8466485300655764,10.205577342206038,1.9512116796930081,147.6233581160778,-16.9918044813664,12.640498041007165,148.61084922716682
9.658203125,-6.927189881417965,0.7853177711857852,10.141357194143346,-0.9623536395219343,146.7452497160558,-22.922993608510815,12.306494602207511,148.52797068138682
9.6630859375,-8.87487954114852,4.813988758949143,9.992355206377235,-5.863875649583853,142.05364816227979,-22.164607615514882,14.205109545920422,143.89195191043973
9.66796875,-9.648965292917744,6.772706219370443,10.205733681339016,-11.876719882599522,137.1150463646066,-17.422878740756694,15.592596984859448,138.72688678966693
9.6728515625,-10.911967525397724,5.111337938112416,10.914025738443973,-18.648525729197534,129.12241259958887,-13.52817926041477,16.257698748972416,131.1616429506467
9.677734375,-42.87016135299363,8.722932593777797,24.27392897064083,-58.17022472090642,86.50215035961723,-53.19088108805886,50.031629147360526,117.02848752266517
9.6826171875,-21.098570011900737,-4.57755124312788,16.75082998057077,-28.14267030206291,23.78265548112799,-14.653648938792667,27.325701033432377,39.65291944719859
9.6875,2.6332748324524813,-11.948614422929689,3.8853240936138675,-20.02077471940725,41.56567795793134,-13.1773009165715,12.837416651471878,47.98101982986181
9.6923828125,-5.350387736985905,-4.75693589288413,12.869332022080746,-4.781634583900961,48.096487680814555,-9.814109023123766,14.726669505344764,49.319903613474985
9.697265625,-6.895647294404363,3.4880484197565464,11.057375271539097,-15.944007874328339,35.422740570170305,-11.468856564463058,13.490069728620261,40.503291316811044
9.7021484375,-6.949471448732277,4.91082252970339,7.324499988170879,-14.908937751725778,33.834925657485805,-9.932554317220845,11.22762804031656,38.284908964198515
9.70703125,-8.393824766328008,1.0764784231105535,9.541738315748974,-12.759309795271495,24.646225378811458,-5.997577550839291,12.753817863270436,28.393790665446776
9.7119140625,-5.178862861937732,-3.7432847646976106,9.411112783490667,-9.958820144374446,19.78050773778921,-5.624765239146011,11.375493184735182,22.84916998554307
9.716796875,-5.7153335190926295,-0.9001950580130025,9.524826569156257,-7.145348922913121,19.109254765073864,-4.896420839414739,11.144402610702816,20.98081423451742
9.7216796875,-5.406728354879569,1.907443812157632,8.635849004439502,-6.823090538022534,17.092954853769715,-3.177725812449558,10.365758121212162,18.67676662225479
9.7265625,-5.351148502618714,1.056147164889549,8.55330062977461,-6.835668088606531,16.277580559701356,-2.746694675590546,10.144416631540992,17.86701762287368
9.7314453125,-5.402312763422273,-0.46327428399282694,9.022007646620786,-6.097215721139019,14.700963659272967,-2.683533617816162,10.52597873034751,16.13987994810738
9.736328125,-5.286560325537533,-0.3048032019681375,8.99394705489618,-4.764817598315835,13.490712342157773,-2.6227901676996277,10.437035436068674,14.545852828481738
9.7412109375,-5.203511437632029,0.4066892740329963,8.65413095428039,-4.419768402059909,12.918823666144133,-1.8260902767257066,10.106231247157114,13.775520438209407
9.74609375,-5.213489533784457,0.2528241357983891,8.659127451696756,-3.5980941715184804,12.780818583211301,-1.644104875572671,10.110632096325661,13.379039059886043
9.7509765625,-5.194411010912168,0.12778195366658424,8.781763987722078,-3.5532236666150623,11.901976554029908,-1.2747856499809833,10.203803835532158,12.486293396003013
9.755859375,-5.19467677825627,0.0892805435310851,8.631349296827672,-2.962564860218141,12.017890318169423,-1.0926810049204314,10.074364919430689,12.425796957501905
9.7607421875,-5.266712606922407,0.1471146143109016,8.593284034695095,-2.7346290819211774,11.57579984344674,-1.030889568712387,10.079902524062664,11.93901468020333
9.765625,-5.271421585779738,0.16156165161126973,8.649668553605848,-2.442537306292564,11.381922890940617,-0.5413766379825278,10.130683776998165,11.653636593445936
9.7705078125,-5.189467408867588,0.3056511178424423,8.53213396584149,-2.330323943138858,11.066943203348572,-0.5408192689017357,9.991061235154314,11.322549493277775
9.775390625,-5.150921369844978,0.3584681653610757,8.489858879534816,-2.628804323325766,10.820949230788013,-0.6006625868923274,9.936709424065855,11.15187652231319
9.7802734375,-5.102742273881824,0.4064630651002838,8.471151651727961,-2.7561885171888405,10.259207115428074,-0.6601982840743765,9.89765635105224,10.64348474672785
9.78515625,-5.131615475542519,0.3632514541193857,8.54166623232702,-3.1681473859227114,10.329822453896185,-1.210471846891696,9.971233175100409,10.872333322707878
9.7900390625,-5.324302139990639,0.28664220627860804,8.404605022211275,-3.4100062545684935,9.957998450057396,-1.3311353447130658,9.953277983242915,10.60951446077935
9.794921875,-5.266627891206203,0.2673014396879487,8.419008067274763,-3.9452300923157058,9.653506215559323,-1.573980322464204,9.934209391840293,10.546678946031324
9.7998046875,-5.329052996152961,0.31550258541843007,8.395114986060722,-3.7757885799267576,9.211876703422943,-1.3895945352311323,9.948683498151597,10.052175126395078
9.8046875,-5.300207148160639,0.31064060564672585,8.399954487698107,-4.027778169056429,8.276958774750776,-1.692827537839673,9.937199242980352,9.359311332086339
9.8095703125,-5.401376078581933,0.24350074082448023,8.376145033868426,-4.696059291421517,7.034218766191214,-1.7492074573897025,9.969652039136466,8.636720051510919
9.814453125,-5.42087989376257,0.12812464577204316,8.38101570134164,-4.476459182518877,6.090945023453311,-1.6249454383135373,9.982173056684031,7.731671602505127
9.8193359375,-5.324534397441766,0.16162276516583415,8.461314486074388,-4.247654070581319,5.711672532866435,-1.624745004421003,9.998531457169731,7.301065987608791
9.82421875,-5.334410599530283,0.04142357283545801,8.485049932657164,-3.785345140123952,5.1392462774353485,-1.073415917546331,10.022660560771918,6.4724733960082785
9.8291015625,-5.324983004199961,-0.04515140457999357,8.499389812763402,-3.375313157984189,4.943234846028677,-0.46165316544128854,10.029811056727853,6.003451782317845
9.833984375,-5.329668957582408,0.026982232526172538,8.45688389008796,-2.9670093090223486,4.685360877715421,-0.09463884307875767,9.99624851475387,5.546594207698161
9.8388671875,-5.2862058233811595,0.12307112549970424,8.41923854255311,-2.50082942168851,4.363760841288971,0.33358463689527856,9.941966412410196,5.040618532117112
9.84375,-5.310288119605658,0.16156440621621157,8.306175836719822,-2.3335385273839475,3.7968460089016456,0.518385479676539,9.859909735950387,4.486665262713174
9.8486328125,-5.2764581767712055,0.21440660370913514,8.343832109872885,-2.1568262361014656,3.793803976223697,0.6403281427722907,9.874538741666651,4.410767297554084
9.853515625,-5.252251384409129,0.3105277326868356,8.287290484078405,-1.690356900377009,3.5358653884938045,0.7622647821920986,9.816402377922968,3.992580380452093
9.8583984375,-5.247672634512764,0.25279604343795803,8.207484899009446,-1.924671831435509,3.602179945705047,0.7015864921590538,9.744987546737047,4.143945659144311
9.86328125,-5.26685220464653,0.2576485516971744,8.245015092233682,-1.1696019983695034,3.0270189412077433,0.7622617396136343,9.787052099224917,3.3334449845016474
9.8681640625,-5.334010295154187,0.3010650196305499,8.29636077228835,-1.4093824352603688,2.7804174539976616,0.6409617302199361,9.86772050875079,3.1824380601862186
9.873046875,-5.266570952559586,0.3826765382965723,8.230633342882891,-1.2386486948424253,2.465016387434439,0.5188675468804274,9.778882152694276,2.807094567477357
9.8779296875,-5.3050417589329415,0.3683276684654558,8.258715341424942,-1.4240367896684538,1.9672423960067311,0.3368522705007094,9.822703926417981,2.451814200773995
9.8828125,-5.3434007647742225,0.42610152824392195,8.23490624868568,-1.6708253357540077,1.2815935564841747,0.40042512196945573,9.825842211739614,2.1434737285358785
9.8876953125,-5.252088915758834,0.39707994561060633,8.249477187370175,-1.9156600987016248,0.7214047008069806,0.4023859999785219,9.787542302702137,2.0861670232947898
9.892578125,-5.2328999969843695,0.4258772417808869,8.150733593677966,-1.8006687166227753,0.5949891918109974,0.21881442851256358,9.695311852571656,1.909004902958894
9.8974609375,-5.2230942759504035,0.4547333833863717,8.254180433417552,-2.105947894409689,-0.09017861467647088,0.4048316237004916,9.778496351323401,2.1464010249861385
9.90234375,-5.204056938129385,0.39698036562990896,8.202656295214087,-2.108103424815084,-0.15136159510438632,-0.023559653052894914,9.722313115889836,2.113661618954558
9.9072265625,-5.20412184090926,0.3537071076635649,8.235672181738975,-2.5215550008862566,-0.2709178592198006,0.10022772348679744,9.748553181785988,2.5380468288615314
9.912109375,-5.180110180288025,0.3632703267264119,8.18872537631118,-2.5240126404549046,-0.39578280395813686,-0.021876030179360403,9.696428729117036,2.5549486096165444
9.9169921875,-5.204294505002683,0.32002881827865476,8.15579320049921,-2.4092667039211193,-0.5858069627509549,0.1008269834382168,9.680085870933123,2.4815120247179308
9.921875,-5.194766689090856,0.25269884893987005,8.217121949711103,-2.3454278099145527,-0.27309051423195474,-0.02262716382432184,9.72473911211851,2.361381381527935
9.9267578125,-5.252433820544466,0.28646150285660726,8.17917206409863,-3.054737451539455,-0.5139881478656186,0.22476301120707803,9.724658188643426,3.1058208456366194
9.931640625,-5.2477865319284565,0.20951423998498997,8.198173071022012,-2.6957730437500294,-0.20707205605894946,0.5292519863020102,9.73618002113132,2.7550279136180094
9.9365234375,-5.141909180477298,0.2574000882310128,8.175014645920688,-2.985286004427431,0.047326726359121336,0.6518047536956775,9.661073919948848,3.055981312802559
9.94140625,-5.064800481911839,0.2717063245196087,8.29289602987383,-2.569863836047171,0.2923659109562561,0.46626341279182965,9.721016037979544,2.6281323276845567
9.9462890625,-5.060163523165212,0.19956414192681857,8.29307423803695,-2.7358770623646955,0.7935488297608867,1.2002625924962993,9.71700370718808,3.091176691251098
9.951171875,-5.113239054568242,0.09868723617505784,8.344797324592507,-2.189684779043787,1.7880359702753104,1.1351782224362914,9.787266992795898,3.046378449777379
9.9560546875,-5.151758855577415,0.08432982085731734,8.330551608622235,-1.8683610172818639,3.2845073217764513,1.8042677520291952,9.795193766772798,4.187379056010349
9.9609375,-5.050444480304816,0.18514322757190427,8.410724646740393,-1.796981390710934,4.03533781617608,1.7408355466141878,9.812316573910742,4.74801030007072
9.9658203125,-4.964091180371841,0.08400127733896562,8.444244130799742,-1.6479917375224684,5.785139972905834,2.348433918097878,9.795637621012018,6.457465690247823
9.970703125,-5.0460926784374065,-0.04567579655126679,8.491201084112536,-0.8601390815267895,7.087860391488972,2.710625111175448,9.877531748802639,7.637086660641141
9.9755859375,-5.094036996664599,-0.04075404531849425,8.603854606533003,-0.06440052567858501,8.82832116602107,3.2552757880628396,9.99885933024146,9.409581419726992
9.98046875,-5.161381293673613,-0.006983818886296655,8.514128867278396,0.5038277940929832,11.074271517091024,3.493356685955231,9.956419838527976,11.623118041887997
9.9853515625,-4.992843925113484,0.09368637786125883,8.509940338816996,1.1202813362627249,12.692788584007896,3.7938728393866605,9.866932257199505,13.29493826356992
9.990234375,-4.9736682597719915,0.055185014671059435,8.538326625450992,1.5753119440961105,15.19080982650226,4.092699301501798,9.881469673433852,15.811151080129582
9.9951171875,-5.027409170641501,-0.2909589254754041,8.520038062313484,2.1992730676523586,17.18406657289836,4.759916425966334,9.896996951026841,17.96623918325947
