time_s,acc_x_mps2,gyr_x_degps,acc_y_mps2,gyr_y_degps,acc_z_mps2,gyr_z_degps,acc_norm_mps2,gyr_norm_degps
0.0,-3.782817171,-0.54878,-0.7805112734999999,3.78049,8.8872765625,-0.60976,9.69033478759299,3.868471453442561
0.005000000000000001,-3.8115506555,-0.4878,-0.809244758,3.84146,8.9015942715,-0.67073,9.717055935425842,3.929967239621725
0.009999999999999998,-3.806745397,-0.4878,-0.818855275,3.96341,8.8633483365,-0.60976,9.680949241325116,4.039600837421935
0.015000000000000003,-3.806745397,-0.54878,-0.7996342409999999,4.14634,8.8633483365,-0.60976,9.679342393525381,4.2267129239634915
0.019,-3.8115506555,-0.54878,-0.7901217905,4.32927,8.90639953,-0.73171,9.719884949486266,4.424831945441544
0.024999999999999998,-3.7733047204999997,-0.42683,-0.7948289824999999,4.63415,8.8729588535,-0.85366,9.674656605847755,4.731412629120398
0.030000000000000002,-3.830673623,-0.54878,-0.7709007564999999,4.81707,8.8872765625,-0.97561,9.708348627891462,4.945415831393757
0.035,-3.782817171,-0.54878,-0.7901217905,5.0,8.892081821,-0.97561,9.695520476198997,5.123765642620669
0.039999999999999994,-3.782817171,-0.67073,-0.775706015,5.0,8.868153594999999,-0.91463,9.672413026511586,5.127029039297515
0.045,-3.7972329465,-0.60976,-0.8140500165,5.42683,8.844225369,-0.97561,9.659294894401553,5.547441390280748
0.05,-3.7876224295,-0.4878,-0.8379782425,5.85366,8.9015942715,-1.09756,9.710132428435593,5.9756106122470865
0.05499999999999999,-3.7780119125,-0.60976,-0.7469725305,6.28049,8.858543078,-1.21951,9.659457926669342,6.426785085701871
0.06,-3.7972329465,-0.67073,-0.8715169855,6.70732,8.892081821,-0.97561,9.708122321919864,6.8110083825671515
0.065,-3.8259664309999994,-1.03659,-0.924178696,7.2561,8.90639953,-0.73171,9.737354773307963,7.366200211927449
0.06999999999999999,-3.8211611724999996,-1.21951,-0.8522959514999999,7.68293,8.8776660455,-0.79268,9.702609726799716,7.819396371037856
0.075,-3.8211611724999996,-1.21951,-0.842783501,8.29268,8.848932561,-0.60976,9.67549296960653,8.404020078515996
0.08,-3.792427688,-0.85366,-0.8954452115,8.65854,8.8537378195,-0.42683,9.673313975673068,8.710983536667946
0.08499999999999999,-3.7780119125,-0.67073,-0.8810294359999999,9.32927,8.9015942715,-0.30488,9.710199145871933,9.358317652238568
0.09,-3.8020382049999997,-0.97561,-0.8331729839999998,10.18293,8.8872765625,-0.30488,9.702234610228146,10.234101331890358
0.095,-3.7780119125,-0.91463,-0.8283677254999999,11.21951,8.925620563999999,-0.30488,9.727603484524932,11.260857182799185
0.09999999999999999,-3.7110324929999994,-0.85366,-0.8235624669999999,12.13415,8.9208153055,-0.36585,9.696956378987995,12.169641647994407
0.104,-3.7349607189999996,-0.79268,-0.7996342409999999,13.35366,8.930327755999999,-0.4878,9.712883213620794,13.386057142340308
0.11,-3.768499462,-0.91463,-0.7421672719999999,14.63415,8.939938273,-0.4878,9.73010260890256,14.67081603386124
0.115,-3.7636942035,-0.79268,-0.7134337874999999,16.03658,8.983087532999999,-0.73171,9.765768963688732,16.072823000422172
0.12000000000000001,-3.7205449434999998,-0.73171,-0.751777789,17.7439,8.987794724999999,-0.97561,9.756437799697949,17.785758392775946
0.12499999999999999,-3.653565524,-0.97561,-0.6847003029999998,19.57317,9.011821017499999,-1.34146,9.74834722373718,19.643327458773374
0.13,-3.643955007,-1.34146,-0.6177208835,21.46342,9.021333468,-1.52439,9.749074044431568,21.559259678850292
0.135,-3.6248320394999998,-1.58537,-0.7660954979999999,23.78049,9.030943985,-1.82927,9.761365626122673,23.903374895815443
0.14,-3.643955007,-1.70732,-0.761388306,26.52439,9.0357492435,-2.19512,9.772557732598193,26.669772370024084
0.14400000000000002,-3.629637298,-1.64634,-0.6751878524999999,29.14634,9.045261693999999,-2.86585,9.769693171443002,29.33313258098596
0.15000000000000002,-3.6248320394999998,-1.70732,-0.670382594,32.31707,9.121949697,-3.59756,9.838637426570932,32.56148634385261
0.155,-3.4907751339999997,-1.95122,-0.5506433974999999,35.67073,9.241590827,-4.39024,9.894226609546276,35.9928110249658
0.16,-3.481164617,-2.92683,-0.392658266,39.39024,9.3613300235,-5.36585,9.995358293397661,39.86163176952243
0.165,-3.552949295,-4.7561,-0.42619700899999996,43.23171,9.380452990999999,-6.52439,10.039820262319559,43.97918714126263
0.17,-3.5577545534999997,-5.85366,-0.5745716235,47.86586,9.423602251,-7.86585,10.08920360576263,48.85977369122477
0.17500000000000002,-3.4524311324999997,-6.89024,-0.46444294399999997,52.80488,9.524120413499999,-9.5122,10.141196064751632,54.095403759580165
0.18000000000000002,-3.4620416494999997,-7.7439,-0.36873004,57.92683,9.5576591565,-10.73171,10.172047128139909,59.419316897647015
0.185,-3.4859698755,-9.02439,-0.42619700899999996,63.59756,9.619931384,-12.62195,10.240933048128094,65.46298858613316
0.19,-3.4763593585,-10.54878,-0.46924820249999993,69.63415,9.691716062,-14.7561,10.307018409385364,71.95786331542162
0.195,-3.4524311324999997,-11.64634,-0.46924820249999993,76.7683,9.715644288,-17.07317,10.321493037887093,79.50158648816073
0.2,-3.3853536465,-13.04878,-0.46444294399999997,84.5122,9.80665,-19.69512,10.384927095680654,87.75238093717344
0.20500000000000002,-3.2992512595,-14.81707,-0.4931764285,92.98781,9.80665,-22.62195,10.358506942867796,96.84023437488933
0.21000000000000002,-3.4476258739999994,-16.52439,-0.5075922039999999,102.31708,9.768305998499999,-25.97561,10.371286134948111,106.84836283009021
0.215,-3.653565524,-18.29268,-0.5698644315,111.70732,9.7635988065,-29.57317,10.440361495788277,116.99452921830874
0.22,-3.8881405919999996,-19.45122,-0.8810294359999999,120.67074,9.725254805,-33.65854,10.510681764397216,126.77805317391335
0.225,-4.103690759,-19.45122,-1.029502117,129.57318,9.7061318375,-38.29268,10.588160732692934,136.50600088048586
0.229,-4.41495383,-18.41463,-0.8379782425,138.17073,9.816260517,-43.59756,10.795971257536218,146.05134872613604
0.23500000000000001,-4.912935516999999,-17.37805,-0.4310022675,146.21951,9.955122680999999,-49.08537,11.109777942990165,155.21441709609164
0.24000000000000002,-5.3390344595,-16.34146,-0.0048052584999999995,152.07318,10.2280417505,-53.59756,11.537683914036162,162.06786796955652
0.24500000000000002,-5.8466266634999995,-15.18293,0.9336911465,156.5244,10.390832140499999,-56.70732,11.959273183243596,167.17095830414837
0.25,-6.4595422885,-14.20732,1.5610225469999999,159.32927,10.764367439,-58.47561,12.650457870407918,170.31459475097077
0.255,-6.799538844,-15.36585,1.733423454,159.51219,11.03248125,-59.87805,13.074942749149752,171.07199939388417
0.26,-6.7947335854999995,-16.21951,1.575340256,157.62195,10.927157829,-60.97561,12.963521112721336,169.78155565701093
0.26499999999999996,-7.671055829499999,-14.7561,1.3120317034999998,156.21951,11.381990255999998,-63.10976,13.788264100965499,169.13048098763184
0.26899999999999996,-8.513741264,-12.19512,0.7230443045,151.46342,12.2152613065,-65.48781,14.907018218365547,165.4646240394209
0.27499999999999997,-8.260043228499999,-11.64634,0.474053461,142.80489,11.927926461499998,-68.96342,14.516489606358922,159.01203458041815
0.27999999999999997,-7.838651478,-11.89024,0.7326548214999999,135.67073,10.764367439,-72.92683,13.336148111160966,154.48704579944365
0.285,-7.14904785,-13.90244,1.154046572,132.01219,10.002979132999998,-76.82927,12.34910118944565,153.37285573165352
0.29,-7.0628473965,-14.81707,0.924178696,128.90244,10.3572933975,-80.36585,12.570260384347023,152.62389867763503
0.295,-6.2967518985,-13.29268,0.38304774899999994,122.68293,11.381990255999998,-84.14635,13.013282146981837,149.35998417678613
0.3,-5.5066301079999995,-13.78049,0.7948289824999999,113.65854,12.061983367,-85.91463,13.283304220092933,143.14150085704915
0.305,-5.1283876175,-13.53659,1.4077446075,103.78049,12.397174664,-85.97561,13.489701408296485,135.44532065870825
0.31,-3.51470336,-11.58537,1.6615407094999999,92.2561,12.9095721265,-85.12196,13.482244239273623,126.0601319192095
0.315,-2.427734274,-11.15854,1.9249473284999998,80.36585,12.737171219499999,-83.59756,13.108579121991548,116.49778924558053
0.32,-1.2162207329999999,-11.58537,2.442051983,69.63415,12.157794337499999,-81.09756,12.460127363394017,107.51720737729845
0.32499999999999996,-0.1005181625,-13.35366,3.18912258,61.34146,11.516145228,-77.19512,11.949987767510281,99.4996557890609
0.32999999999999996,0.0048052584999999995,-14.39024,2.6910428265,55.2439,10.673361726999998,-71.40244,11.007378667964264,91.41813787439119
0.33499999999999996,-0.8858346944999999,-11.70732,2.442051983,50.73171,11.008553024,-64.7561,11.310904502995049,83.09103578796271
0.33999999999999997,-0.44531997649999994,-3.23171,2.6863356345,42.62195,12.119450336,-55.79268,12.421585465206324,70.28440590137332
0.345,0.148472681,5.30488,2.7820485385,30.54878,12.339707695,-45.4878,12.650305300885647,55.05006503304787
0.35,0.9289839544999999,12.19512,2.98318293,18.65854,11.587929906,-36.09756,12.00177116462112,42.42518007857598
0.354,1.570633064,16.52439,3.0837010924999997,9.93902,10.7738798895,-27.43903,11.31603236664637,33.537142853460246
0.36,1.9679985219999998,18.04878,3.0597728665,3.59756,10.409955108,-19.5122,11.02734752910867,26.82213351472996
0.365,2.188255881,18.90244,2.8395155074999994,-1.70732,10.098790103499999,-12.19512,10.716196791428086,22.55965716384892
0.37,2.197866398,19.5122,2.4564677584999997,-6.46341,9.8593117105,-5.30488,10.395714403388059,21.22836238343646
0.375,2.0734200095,20.4878,2.044686525,-10.97561,9.820967709,1.40244,10.243594108638444,23.284776178131924
0.38,1.905824361,22.31707,1.733423454,-15.79268,9.80665,8.10976,10.139393847186248,28.517162590708427
0.385,1.75735168,24.57317,1.5083608364999999,-20.85366,9.80665,14.7561,10.076399235976401,35.446555635978235
0.38999999999999996,1.75735168,24.57317,1.5083608364999999,-20.85366,9.80665,14.7561,10.076399235976401,35.446555635978235
0.39399999999999996,1.5897560314999999,26.76829,1.297615928,-26.15854,9.9024609705,21.21951,10.112856402054057,43.02415797079357
0.39999999999999997,1.1300202794999998,28.90244,1.072651377,-37.31707,10.041323134499999,33.53659,10.161481048553215,57.90179289250549
0.40499999999999997,0.9050557284999999,28.41463,0.9193734375,-43.04878,10.1274255215,39.14634,10.209266432158618,64.7535681867872
0.41,0.6655773355,27.07317,0.7709007564999999,-48.84146,10.1848924905,44.2683,10.235688360288567,71.26097903951714
0.415,0.392658266,25.18293,0.545838139,-54.32927,10.17538004,48.84146,10.197572198630198,77.27443145730287
0.42,0.392658266,25.18293,0.545838139,-54.32927,10.17538004,48.84146,10.197572198630198,77.27443145730287
0.425,0.20113439149999998,22.92683,0.2729190695,-59.81707,10.1370360385,53.35366,10.142703757272447,83.36866577215567
0.43,0.009610516999999999,20.79268,0.0048052584999999995,-65.0,10.084374327999999,57.56098,10.084380052327049,89.27822780579149
0.435,-0.18191335749999998,18.78049,-0.22986787599999997,-69.69512,10.070056619,61.34146,10.074322409964822,94.72534650971777
0.44,-0.7901217905,16.40244,-0.7230443045,-78.04878,10.17538004,67.92683,10.23159051509213,104.76023258513173
0.445,-1.0917743444999999,15.60976,-0.9289839544999999,-82.13415,10.223236492,70.85366,10.323252722780127,109.58980034143552
0.44999999999999996,-1.436478092,14.81707,-1.096579603,-86.15854,10.199308266000001,73.53659,10.358177698775377,114.23865215917334
0.45499999999999996,-1.436478092,14.81707,-1.096579603,-86.15854,10.199308266000001,73.53659,10.358177698775377,114.23865215917334
0.45999999999999996,-1.7046899695,13.84146,-1.1635590225,-90.0,10.247164718,75.60976,10.452952800466436,118.35717900570796
0.46499999999999997,-1.9440702959999998,12.92683,-1.2067082825,-93.65854,10.204113524499999,77.43903,10.457508642871275,122.2122269501763
0.47,-2.1691329135,11.58537,-1.292908736,-97.07317,10.1227183295,78.96342,10.432937121177783,125.6687822411843
0.475,-2.3654620465,9.93902,-1.3598881554999998,-100.12196,10.041323134499999,80.06097,10.405425353167743,128.5805191704517
0.479,-2.5617911795,8.41463,-1.422160383,-102.7439,9.979050907,80.73171,10.400325533695385,130.9378630678346
0.485,-2.7724380215,6.76829,-1.5179713535000001,-104.93903,9.8449940015,81.15854,10.339949540625256,132.83342343625944
0.49,-3.031039382,5.79268,-1.608878999,-106.70732,9.792332291,81.15854,10.376196946185027,134.18910499029494
0.495,-3.2896407425,5.54878,-1.699884711,-107.86586,9.888045194999998,81.28049,10.558635424323072,135.17525945108483
0.5,-3.663176041,5.97561,-1.8339416165,-109.14635,9.9742456485,81.46342,10.782753675045546,136.3265287143005
0.505,-4.0078797884999995,6.95122,-1.9105315529999998,-110.79269,10.0317126175,81.7683,10.9703459040353,137.87456074930756
0.51,-4.319142859499999,8.04878,-1.896213844,-112.31708,10.0795690695,82.0122,11.128716664996382,139.30509778200798
0.515,-4.5058614755,8.23171,-1.790890423,-113.47561,10.0221021005,82.31708,11.133400498339878,140.42997106786927
0.519,-4.706995867,7.86585,-1.5993665485,-114.45123,9.9885633575,82.56097,11.157292744891459,141.3409686257891
0.525,-4.855468548,6.46341,-1.470016835,-114.93903,9.9167786795,82.56097,11.13907642912941,141.66534528073512
0.53,-5.075725907,4.39024,-1.355082897,-114.87805,9.854506451999999,82.2561,11.167387364699161,141.35878666099995
0.535,-5.2337110385,1.82927,-1.297615928,-114.57317,9.854506451999999,81.95122,11.23329140295157,140.87710946804026
0.54,-5.396501428499999,-0.85366,-1.259369993,-114.20732,9.825772967499999,81.82927,11.280693899575729,140.4993598053418
0.5449999999999999,-5.578512852499999,-2.92683,-1.201903024,-113.17073,9.830578226,81.64635,11.366822105677265,139.57903471117822
0.5499999999999999,-5.8226984375,-4.5122,-1.1587537639999999,-112.07317,9.897655711999999,81.58537,11.541668682341186,138.69725296748237
0.5549999999999999,-6.100422765499999,-5.67073,-1.0343073754999998,-110.54878,9.955122680999999,81.52439,11.721323187192006,137.4751472197553
0.5599999999999999,-6.469152805499999,-6.40244,-0.9289839544999999,-109.08537,10.074763810999999,81.52439,12.00890565605635,136.33354448140267
0.565,-6.923985232499999,-7.19512,-0.842783501,-108.17073,10.189697749,81.89024,12.34835194450707,135.8627542331043
0.57,-7.302325789499999,-7.56098,-0.7134337874999999,-107.86586,10.251969976499998,82.31708,12.606975771540165,135.8981744977702
0.575,-7.680568279999999,-8.17073,-0.545838139,-107.7439,10.323754654499998,82.5,12.879013104428441,135.9476326235323
0.58,-8.0684212875,-9.08537,-0.37353529849999995,-108.29269,10.347780946999999,82.5,13.126900670718312,136.44083206823754
0.585,-8.336633164999999,-10.30488,-0.268113811,-109.14635,10.29502117,82.56097,13.249860317534484,137.24223124635435
0.59,-8.489813038,-11.89024,-0.1340569055,-110.0,10.093984845,82.56097,13.190277734952994,138.04959824135128
0.595,-8.638285718999999,-13.59756,-0.06227222749999999,-110.48781,9.8832399365,82.19512,13.126396673719169,138.3780602131859
0.6,-8.8729588535,-15.12195,-0.08620045349999998,-110.67073,9.6486648685,81.40244,13.10853016469481,138.21375144495934
0.604,-9.11233918,-16.28049,-0.18191335749999998,-110.79269,9.4858744785,80.42683,13.154833044279112,137.8714963142313
0.61,-9.2703243115,-17.31707,-0.2586013605,-110.54878,9.1553903735,79.2683,13.031767355014319,137.1290525664175
0.615,-9.3948687665,-17.62195,-0.43570945949999995,-109.57317,8.825004335,77.80488,12.897057935266623,135.5374931798054
0.62,-9.5145098965,-17.0122,-0.6751878524999999,-108.41463,8.489813038,76.34147,12.769444100153882,133.68308415292415
0.625,-9.653470127,-15.48781,-0.962424631,-107.07317,8.1594269995,74.63415,12.676434657402943,131.43360429763578
0.63,-9.7443777725,-13.35366,-1.1348255379999999,-105.36586,7.8290409610000005,72.68293,12.551279199504124,128.69768064079514
0.635,-9.820967709,-10.60976,-1.3120317034999998,-103.53659,7.469921437999999,70.60976,12.40856801658039,125.77015020800167
0.64,-9.9503174225,-7.7439,-1.5083608364999999,-101.34147,7.2927152725,67.92683,12.428502132893922,122.24612780296887
0.644,-10.1801852985,-4.20732,-1.7956956814999998,-99.2683,7.182586592999999,64.87805,12.587702167524327,118.66363511318411
0.65,-10.304631687,-0.60976,-2.001537265,-97.80488,6.847395295999999,61.46342,12.533092514124,115.51587924250241
0.655,-10.309436945499998,3.10976,-2.150009946,-96.15854,6.5601585175,57.9878,12.407365259226756,112.3330778133903
0.66,-10.271092944,6.70732,-2.303189819,-94.14635,6.3302906414999995,54.08537,12.2830213389253,108.7830437519644
0.665,-10.400442657500001,10.12195,-2.4133184985,-91.82927,6.167500251499999,50.0,12.330100283428376,105.04793525117664
0.6699999999999999,-10.620700016499999,12.92683,-2.5330576949999997,-89.5122,5.9472428925,45.67073,12.433235626701263,101.31807568949284
0.6749999999999999,-10.7499516635,14.93902,-2.5617911795,-87.07317,5.588025302999999,41.21951,12.383467268980795,97.48825189246857
0.6799999999999999,-10.793100923499999,16.34146,-2.6001351809999997,-84.57317,5.262444522999999,36.58537,12.28596975667705,93.58500786353228
0.6849999999999999,-10.797808115499999,17.56098,-2.7581203125,-81.40244,4.9320584845,31.58537,12.187086963335872,89.06391443536995
0.69,-10.907936795,18.47561,-2.973572413,-77.80488,4.57774422,26.21951,12.197580094543872,84.15705687181914
0.695,-11.042091766999999,19.02439,-3.1843173215,-74.08537,4.2138194385,20.54878,12.240259051798477,79.20114786035238
0.7,-11.147415187999998,19.63415,-3.409379939,-70.06097,3.9121668845,14.26829,12.296088267180224,74.14596053115436
0.705,-11.2143946075,20.30488,-3.663176041,-65.85366,3.4381134235,7.7439,12.288292356260587,69.34667024753244
0.71,-11.204882156999998,20.73171,-3.816355914,-61.52439,2.9305212194999997,0.91463,12.194339311029502,64.92989228724393
0.715,-11.19527164,21.28049,-3.9600233365,-56.70732,2.4229290155,-6.15854,12.119673136399541,60.88108910946075
0.72,-11.1665381555,21.82927,-4.127618985,-51.46342,2.0063425235,-13.41463,12.07287137284143,57.48871997936813
0.725,-11.19527164,22.86585,-4.228137147499999,-45.4878,1.6568335174999997,-20.67073,12.081239511580305,54.947849128017744
0.729,-11.310205577999998,23.96342,-4.2520653735,-39.39024,1.4412833504999998,-28.10976,12.168734850162874,53.99995474638474
0.735,-11.391600773,25.18293,-4.1467419525,-33.10976,1.2067082825,-35.4878,12.182782189265794,54.67924761262265
0.74,-11.228810382999999,26.21951,-3.9743410455,-26.64634,0.962424631,-42.5,11.95022303280027,56.601591320701395
0.745,-11.0708252515,27.62195,-3.782817171,-19.7561,0.8858346944999999,-49.5122,11.732756735074771,60.03943335719034
0.75,-10.271092944,26.76829,-1.824429166,-10.97561,-1.9679985219999998,-56.34146,10.615880096752798,63.33534147162862
0.755,-15.1649054935,-3.84146,0.6177208835,40.42683,-6.263213155499999,-65.42683,16.41900657006771,77.00490557509566
0.76,-7.072457913499999,-41.64634,0.08139519499999999,77.43903,-4.280798858,-64.81708,8.26749810877825,109.23586802173953
0.765,-1.9105315529999998,-51.70732,-2.7245815695,87.5,-5.674225756499999,-67.80488,6.578017442937931,122.17773403282939
0.769,0.0383440015,-26.40244,-5.2959832659999995,112.2561,-1.1635590225,-64.57317,5.422432905536427,132.1673753579623
0.775,1.072651377,-12.07317,-1.8339416165,138.35367,6.880934038999999,-52.62195,7.20147041085218,148.5145415712559
0.78,-2.3654620465,-13.41463,2.6192581484999997,150.79269,14.671630998499998,-40.06098,15.090151758616004,156.59907334985542
0.785,-3.078895834,-13.41463,4.022295564,141.58537,18.114549680499998,-35.42683,18.80944898948662,146.5654446993653
0.79,-3.8354788815,-15.36585,4.118008468,122.07317,17.3435508575,-34.14634,18.233695410959378,127.68688544822056
0.7949999999999999,-5.669420497999999,-22.98781,3.5673650704999997,103.41463,14.863154873,-33.90244,16.302815557692778,111.231293009596
0.7999999999999999,-5.113971842000001,-31.15854,3.2273685149999998,89.87805,10.5632330475,-34.14634,12.17170932729575,101.0687440415171
0.8049999999999999,-3.667883233,-30.06098,2.044686525,91.46342,7.091580881,-31.76829,8.241639993848546,101.38266107269477
0.8099999999999999,-3.0454551574999997,-28.10976,0.16279038999999998,103.90244,6.1866232189999995,-27.31707,6.897507135283704,111.04997955243441
0.815,-5.0996541330000005,-24.69512,-1.59456129,119.57317,8.537767556499999,-22.43903,10.071870374097077,124.14145964585803
0.82,-8.441956586,-24.69512,-1.6711512265,125.67074,13.374015070499999,-19.26829,15.90357370302984,129.51544635095112
0.825,-12.938305610999999,-37.43903,0.6320385924999999,112.56098,19.5510277725,-22.13415,23.452972345251034,120.67135443892143
0.83,-18.6029208505,-73.59756,4.304727084,83.65854,24.401691061999998,-28.10976,30.984542373948035,114.91523293342271
0.835,-20.245338592499998,-64.57317,2.796464314,37.19512,19.000384375,-29.87805,27.905349913272712,80.28617008841437
0.84,-11.726792069999998,-20.30488,-2.9113982519999997,2.56098,11.492217002,-16.76829,16.675279417623603,26.457934913724845
0.845,-0.3782424905,-6.89024,-2.0302707494999996,-5.30488,7.058140204499999,-7.2561,7.354074370325216,11.325552802490481
0.85,0.2825295865,-10.91463,-1.340765188,9.45122,6.971939751,-3.90244,7.105309152188557,14.956060493288332
0.854,-1.6376124834999999,-18.04878,-1.0630408599999999,21.21951,9.3948687665,-5.42683,9.595592199333078,28.380918730326545
0.86,-4.6447236395,-18.71951,-0.46444294399999997,24.02439,10.994137248499998,-6.70732,11.944045327041279,31.186207064896493
0.865,-5.975976377,-10.79268,-0.7901217905,18.53659,11.334133803999999,-3.59756,12.837413103474564,21.74924247793702
0.87,-4.1132032095,-5.91463,-1.4269656414999998,10.18293,9.5576591565,-2.37805,10.502548268705596,12.013743514171592
0.875,-4.103690759,-5.54878,-1.7956956814999998,7.62195,8.848932561,-1.89024,9.918084910666261,9.615408912183609
0.88,-4.2377476645,-6.46341,-0.9864509235,6.21951,9.619931384,-1.70732,10.558156587459639,9.130877014317957
0.885,-3.5243138769999995,-7.2561,0.07178467799999999,3.41463,9.251201344,-1.58537,9.900033719681854,8.17459988524209
0.89,-3.481164617,-6.40244,0.5267151715,2.56098,8.997405242,-1.03659,9.66174089133579,6.9731180502053745
0.894,-3.9648285949999997,-5.2439,0.06707748599999999,2.19512,9.308668312999998,-0.4878,10.118086327873863,5.705697842017224
0.9,-4.199403663,-4.39024,-0.8235624669999999,0.79268,9.399674025,-0.42683,10.327977441790267,4.481599344977193
0.905,-3.931289852,-4.14634,-1.110897312,-0.4878,9.308668312999998,-0.67073,10.165649930019095,4.22847052354631
0.91,-3.8211611724999996,-4.14634,-0.7805112734999999,-0.91463,9.246396085499999,-0.54878,10.035253416044453,4.281336581127441
0.915,-3.744571236,-4.02439,-0.39746352449999994,-1.09756,9.1171444385,-0.60976,9.864183377617126,4.215703984306773
0.9199999999999999,-3.7780119125,-3.59756,-0.406975975,-1.40244,9.1075339215,-0.54878,9.868443524005814,3.900055819549254
0.9249999999999999,-3.7636942035,-2.86585,-0.73746008,-1.40244,9.11233918,-0.18293,9.886554847792842,3.195840665771684
0.9299999999999999,-3.7397659775,-2.37805,-1.0007686325,-1.58537,9.169806149,0.12195,9.953528632223883,2.860662797657214
0.9349999999999999,-3.7062272344999996,-1.95122,-1.0391126339999999,-1.58537,9.136267406,0.60976,9.91399301461454,2.586979857459273
0.94,-3.6104162639999995,-1.28049,-0.7805112734999999,-1.15854,9.06918992,0.97561,9.79257418927454,1.9833518204796645
0.945,-3.4859698755,-0.36585,-0.45973575199999994,-0.79268,8.939938273,1.64634,9.606551892308223,1.8634975719061186
0.95,-3.4381134235,1.15854,-0.40226878299999996,0.12195,9.169806149,2.43902,9.801417698316166,2.7029438200783975
0.955,-3.605709072,3.23171,-0.6559668185,1.52439,9.284740087,2.86585,9.981875017351243,4.5804814832831715
0.96,-3.7733047204999997,4.39024,-0.9384964049999999,1.89024,9.174611407499999,3.10976,9.96454206145845,5.702439984147137
0.965,-3.6726884914999998,4.63415,-0.761388306,1.70732,9.126656889,3.04878,9.867330889234497,5.803907932875917
0.97,-3.5002875845,4.87805,-0.42619700899999996,1.64634,8.9925999835,2.9878,9.659218991612603,5.9525419812127325
0.975,-3.4907751339999997,4.87805,-0.36392478149999996,1.82927,8.892081821,2.86585,9.559658539618516,5.94598156387152
0.979,-3.629637298,4.7561,-0.5315204299999999,2.13415,9.011821017499999,2.80488,9.729835503953542,5.919665129625154
0.9849999999999999,-3.6918114589999997,4.32927,-0.6512596264999999,2.13415,9.011821017499999,2.62195,9.760457417629942,5.4928860135542585
0.99,-3.6726884914999998,3.65854,-0.555448656,1.82927,8.987794724999999,2.19512,9.725102466492913,4.642164956019982
0.9949999999999999,-3.5864880379999997,3.29268,-0.40226878299999996,1.58537,8.896887079499999,2.07317,9.601006005928099,4.201567977338937
1.0,-3.466846908,2.62195,-0.38304774899999994,1.46341,8.8537378195,1.82927,9.516008955332467,3.516023231365231
1.005,-3.4428206154999996,2.37805,-0.34950900599999996,1.64634,8.925620563999999,1.70732,9.572976171927232,3.35864537879485
1.01,-3.5338263275,2.7439,-0.44531997649999994,2.2561,9.007015759,1.64634,9.685688993420985,3.915279021423633
1.015,-3.596098555,2.86585,-0.5698644315,2.7439,8.9925999835,1.46341,9.701727926034934,4.228906745318464
1.019,-3.5625598119999995,2.7439,-0.555448656,2.92683,9.030943985,1.15854,9.724109464816681,4.175827581510041
1.025,-3.5577545534999997,2.31707,-0.6177208835,2.9878,8.997405242,1.09756,9.694972802521473,3.937054759398198
1.03,-3.5769755874999998,2.2561,-0.5602539145,3.23171,9.021333468,1.03659,9.72075595533292,4.07534729344629
1.035,-3.5769755874999998,2.86585,-0.588987399,3.65854,9.021333468,1.15854,9.722454322371933,4.789595607741848
1.04,-3.643955007,3.23171,-0.6799931109999999,3.90244,9.050066952499998,1.28049,9.779801151801626,5.226149836906707
1.045,-3.6918114589999997,3.04878,-0.7039213369999999,3.90244,9.073995178499999,1.28049,9.821525624714768,5.115051522917438
1.05,-3.6871042669999996,2.92683,-0.6416491095,3.53659,9.054872211,1.40244,9.79781415485065,4.800066731890297
1.055,-3.643955007,2.80488,-0.6320385924999999,3.59756,9.06918992,1.40244,9.794288472394477,4.772486534459788
1.06,-3.643955007,2.80488,-0.6320385924999999,3.59756,9.06918992,1.40244,9.794288472394477,4.772486534459788
1.065,-3.5864880379999997,2.2561,-0.565059173,3.47561,9.030943985,1.46341,9.73345455508558,4.394476181548831
1.07,-3.596098555,1.89024,-0.541130947,3.53659,9.016528209499999,1.52439,9.722269718115388,4.290016428616561
1.075,-3.5769755874999998,1.70732,-0.5123974625,4.02439,8.930327755999999,1.58537,9.63369396144238,4.650167146608819
1.08,-3.5864880379999997,1.52439,-0.6225261419999999,4.26829,8.9208153055,1.52439,9.634904304612139,4.78182279766827
1.085,-3.6391497484999995,1.09756,-0.6559668185,4.69512,8.9782822745,1.34146,9.709956537471294,5.0048281388675075
1.09,-3.6391497484999995,1.09756,-0.6559668185,4.69512,8.9782822745,1.34146,9.709956537471294,5.0048281388675075
1.095,-3.5816827795,0.67073,-0.5937926575,4.93902,8.94954879,1.03659,9.657922385153974,5.091003449360451
1.1,-3.605709072,0.73171,-0.5506433974999999,5.2439,8.954354048499999,0.79268,9.668753926385849,5.353711639274196
1.104,-3.663176041,0.60976,-0.5027869455,5.36585,8.882471304,0.4878,9.621327865024925,5.422370544337596
1.1099999999999999,-3.5673650704999997,-0.06098,-0.5075922039999999,5.30488,8.848932561,0.18293,9.554441420664583,5.308383347093538
1.115,-3.6344425565,-0.06098,-0.588987399,5.42683,8.8537378195,0.0,9.588782624980276,5.427172598075355
1.1199999999999999,-3.6344425565,-0.06098,-0.588987399,5.42683,8.8537378195,0.0,9.588782624980276,5.427172598075355
1.125,-3.596098555,-0.73171,-0.5315204299999999,5.30488,8.8729588535,-0.2439,9.588734932236083,5.360656540807292
1.13,-3.596098555,-0.97561,-0.44051471799999997,5.18293,8.8058813675,-0.42683,9.52205464658397,5.29119666104937
1.135,-3.6152215224999997,-1.46341,-0.46444294399999997,5.06098,8.8201990765,-0.4878,9.543659971628811,5.290844566654742
1.14,-3.6344425565,-1.76829,-0.5075922039999999,4.87805,8.868153594999999,-0.79268,9.597446052287621,5.248863011072017
1.144,-3.6487602655,-2.2561,-0.5363256885,4.63415,8.916010046999999,-0.91463,9.648644043462353,5.234680646362298
1.15,-3.67749375,-3.23171,-0.5171046545,3.65854,8.839420110499999,-0.67073,9.587841539935171,4.9273464652488155
1.155,-3.67749375,-3.23171,-0.5171046545,3.65854,8.839420110499999,-0.67073,9.587841539935171,4.9273464652488155
1.16,-3.6871042669999996,-3.71951,-0.4931764285,3.47561,8.896887079499999,-1.03659,9.643265036839527,5.195107153880466
1.165,-3.6391497484999995,-4.14634,-0.46924820249999993,3.23171,8.8872765625,-1.03659,9.614951350158716,5.35822766852996
1.17,-3.6583707824999996,-4.39024,-0.4931764285,3.10976,8.8872765625,-1.15854,9.623439326469487,5.503365283787731
1.175,-3.701421976,-4.57317,-0.5602539145,2.86585,8.896887079499999,-1.34146,9.652409481497475,5.561159501668695
1.18,-3.7205449434999998,-4.81707,-0.5793768819999999,2.37805,8.882471304,-1.40244,9.647612591433328,5.552127803013904
1.185,-3.7205449434999998,-4.93902,-0.588987399,2.2561,8.9208153055,-1.58537,9.683506934351174,5.6566159324546685
1.19,-3.7349607189999996,-5.06098,-0.5698644315,1.89024,8.954354048499999,-1.64634,9.718803088274303,5.647739478198335
1.195,-3.7301554605,-4.93902,-0.541130947,1.70732,8.916010046999999,-1.70732,9.67998541421959,5.497617822766512
1.2,-3.7062272344999996,-4.93902,-0.5698644315,1.46341,8.916010046999999,-1.76829,9.672440278556557,5.446314066650949
1.205,-3.701421976,-4.69512,-0.5698644315,1.64634,8.9686717575,-1.76829,9.719173998261512,5.28028756168639
1.21,-3.663176041,-4.63415,-0.5841821405,1.64634,8.987794724999999,-1.82927,9.72319811067189,5.247095420420711
1.215,-3.7158377515,-4.7561,-0.6081103664999999,1.28049,8.973477015999999,-1.70732,9.731420151755733,5.212972609989429
1.22,-3.6871042669999996,-4.69512,-0.6033051079999999,1.46341,8.9351330145,-1.64634,9.684798238263735,5.186150406428645
1.225,-3.7062272344999996,-4.5122,-0.612915625,1.58537,8.973477015999999,-1.52439,9.728056107660919,5.019672474275588
1.229,-3.7158377515,-4.57317,-0.636843851,1.40244,8.983087532999999,-1.28049,9.742118964145792,4.951805372043615
1.2349999999999999,-3.7540836864999996,-4.32927,-0.6177208835,1.52439,8.963866499,-1.09756,9.73784504020535,4.719214082726063
1.24,-3.7876224295,-4.02439,-0.670382594,1.70732,8.930327755999999,-1.03659,9.723489616406942,4.492791479982128
1.2449999999999999,-3.768499462,-3.90244,-0.7087265955,1.40244,8.939938273,-0.79268,9.727609053992328,4.2218736941789246
1.25,-3.7876224295,-3.53659,-0.6320385924999999,1.28049,8.9686717575,-0.54878,9.756158544459955,3.801089706465765
1.255,-3.782817171,-3.35366,-0.6895055615,1.28049,8.930327755999999,-0.42683,9.722956211879998,3.615089747793269
1.26,-3.7636942035,-3.23171,-0.69431082,1.03659,8.954354048499999,-0.18293,9.737962723183783,3.398813283647691
1.265,-3.7349607189999996,-3.10976,-0.627233334,0.91463,8.973477015999999,-0.18293,9.739950871766961,3.246631897736483
1.269,-3.7540836864999996,-2.68293,-0.6177208835,0.73171,8.954354048499999,-0.18293,9.729089363401169,2.7869295459160783
1.275,-3.7158377515,-2.43902,-0.6081103664999999,0.67073,8.9351330145,-0.18293,9.696073968371177,2.536170474987831
1.28,-3.7205449434999998,-2.31707,-0.6225261419999999,0.67073,8.939938273,-0.18293,9.703220589017185,2.419122878793056
1.285,-3.663176041,-2.2561,-0.612915625,0.79268,8.94954879,-0.30488,9.689630943194691,2.4106597866144446
1.29,-3.6726884914999998,-2.2561,-0.6225261419999999,0.79268,8.8729588535,-0.54878,9.623179223571283,2.4534645464730076
1.295,-3.6871042669999996,-2.31707,-0.6033051079999999,0.79268,8.858543078,-0.73171,9.614182252997402,2.555886243830112
1.3,-3.6966167175,-2.43902,-0.6225261419999999,0.67073,8.8729588535,-0.91463,9.632336828074376,2.6898411347512705
1.305,-3.67749375,-2.5,-0.5745716235,0.60976,8.8776660455,-1.34146,9.626372486416889,2.9019514450107535
1.31,-3.667883233,-2.5,-0.646454368,0.67073,8.9112047885,-1.58537,9.658200735303348,3.0353379992679566
1.315,-3.7301554605,-2.2561,-0.636843851,0.91463,8.9208153055,-1.76829,9.69023093454937,3.008884306682462
1.32,-3.653565524,-2.13415,-0.5937926575,0.97561,8.939938273,-1.89024,9.675930295496785,3.0132073198172074
1.325,-3.6822990085,-1.95122,-0.6512596264999999,1.15854,8.954354048499999,-2.0122,9.703809639260104,3.032890248591267
1.33,-3.6918114589999997,-1.76829,-0.6081103664999999,1.28049,8.944743531499999,-2.07317,9.695757160271679,3.010737121221313
1.335,-3.67749375,-1.64634,-0.6416491095,1.70732,8.896887079499999,-2.13415,9.648330092113621,3.190607026962111
1.34,-3.7349607189999996,-1.52439,-0.6559668185,2.0122,8.94954879,-2.07317,9.719806972570828,3.266611020767548
1.345,-3.7110324929999994,-1.40244,-0.636843851,2.13415,8.9351330145,-2.2561,9.696078291838724,3.407553577876656
1.35,-3.6918114589999997,-1.21951,-0.5841821405,2.37805,8.9112047885,-2.2561,9.663348871104064,3.4974724663104926
1.354,-3.7110324929999994,-1.21951,-0.6559668185,2.43902,8.916010046999999,-2.07317,9.679736039235767,3.4255009924681095
1.3599999999999999,-3.7110324929999994,-1.28049,-0.6751878524999999,2.68293,8.954354048499999,-2.13415,9.71638292916421,3.6595579306112915
1.365,-3.6966167175,-1.15854,-0.6895055615,2.9878,8.9351330145,-1.95122,9.694173253158196,3.751855975380718
1.3699999999999999,-3.7540836864999996,-1.46341,-0.646454368,3.10976,8.8872765625,-1.89024,9.669267411418176,3.922395102905876
1.375,-3.7588889449999994,-1.34146,-0.6416491095,3.35366,8.882471304,-1.82927,9.666398302726243,4.048799706098093
1.38,-3.7636942035,-1.15854,-0.612915625,3.53659,8.90639953,-1.82927,9.688395750010052,4.146795448608479
1.385,-3.7062272344999996,-1.28049,-0.636843851,3.41463,8.90639953,-1.76829,9.66776308110052,4.052925141314604
1.39,-3.7349607189999996,-1.21951,-0.6416491095,3.71951,8.925620563999999,-1.95122,9.696821520719807,4.37369623643435
1.394,-3.6871042669999996,-1.15854,-0.6081103664999999,3.90244,8.9208153055,-2.13415,9.671891325300209,4.5962864475247835
1.4,-3.6822990085,-1.28049,-0.612915625,4.02439,8.90639953,-2.43902,9.657067056790765,4.8769035332473
1.405,-3.6918114589999997,-1.34146,-0.612915625,4.20732,8.882471304,-2.80488,9.638642740477328,5.231482421685081
1.41,-3.7301554605,-1.58537,-0.612915625,4.39024,8.8776660455,-3.04878,9.648972988784386,5.575182937168968
1.415,-3.7253502019999996,-1.76829,-0.5745716235,4.45122,8.892081821,-3.59756,9.658027013289596,5.990212597738081
1.42,-3.67749375,-1.70732,-0.555448656,4.45122,8.9112047885,-3.84146,9.656192535017443,6.1225089630314145
1.425,-3.6822990085,-1.76829,-0.5985979159999999,4.81707,8.8729588535,-4.02439,9.625333462740066,6.521252010243126
1.43,-3.667883233,-1.34146,-0.6033051079999999,5.12195,8.9112047885,-4.39024,9.65540860071943,6.8780879604509275
1.435,-3.6822990085,-1.46341,-0.627233334,5.67073,8.916010046999999,-4.26829,9.666849683401814,7.246864638248737
1.44,-3.6966167175,-1.58537,-0.588987399,6.58537,8.896887079499999,-4.26829,9.652278540202582,8.006172343754537
1.445,-3.701421976,-1.03659,-0.6320385924999999,7.19512,8.9112047885,-4.14634,9.670034550579974,8.36877565944386
1.45,-3.6391497484999995,-1.21951,-0.646454368,8.04878,8.94954879,-4.26829,9.68275465384228,9.191755199775503
1.455,-3.620026781,-1.34146,-0.6320385924999999,9.20732,8.90639953,-4.26829,9.634729849121397,10.236823532624756
1.46,-3.6726884914999998,-1.34146,-0.6416491095,10.30488,8.896887079499999,-4.20732,9.646499574492951,11.211226887740699
1.465,-3.6104162639999995,-1.34146,-0.6416491095,11.34146,8.9015942715,-4.20732,9.627315293137515,12.170857465503406
1.47,-3.643955007,-1.34146,-0.6655773355,12.5,8.959061240499999,-4.14634,9.69464695559364,13.2378869283281
1.475,-3.6822990085,-1.15854,-0.636843851,13.53659,9.0261387265,-4.14634,9.769138978875242,14.20470412065313
1.479,-3.6726884914999998,-1.34146,-0.6847003029999998,14.69512,8.959061240499999,-4.39024,9.70681377031383,15.39546277328486
1.4849999999999999,-3.5912932964999995,-0.97561,-0.7134337874999999,16.28049,8.944743531499999,-4.45122,9.665133840508547,16.906197946333172
1.49,-3.4859698755,-0.67073,-0.660772077,17.9878,8.963866499,-4.63415,9.640513903445754,18.58725837221294
1.4949999999999999,-3.4715540999999996,-0.73171,-0.6847003029999998,20.2439,8.987794724999999,-4.5122,9.659242019583777,20.753574043381057
1.5,-3.596098555,-0.18293,-0.9384964049999999,22.7439,9.045261693999999,-4.32927,9.779031620381168,23.152991800797583
1.505,-3.505092843,0.97561,-0.8475887595,24.81707,9.007015759,-4.5122,9.702083045725537,25.2427955483738
1.51,-3.3710359375,1.52439,-0.6991160785,27.80488,8.925620563999999,-4.57317,9.56657457168622,28.21965627954033
1.515,-3.6009038135,1.95122,-0.73746008,31.40244,8.94954879,-4.32927,9.674956288700374,31.759456484248904
1.519,-3.605709072,2.86585,-0.7134337874999999,33.65854,8.954354048499999,-4.39024,9.679389552391102,34.064418656593865
1.525,-3.643955007,3.65854,-0.73746008,35.73171,8.983087532999999,-4.26829,9.722042845419576,36.17123600293194
1.53,-3.6009038135,4.26829,-0.7996342409999999,38.59756,9.021333468,-3.78049,9.74630087439924,39.016432975322076
1.535,-3.6871042669999996,5.79268,-1.0007686325,41.82927,9.064482728,-3.23171,9.836723176837694,42.35194115786666
1.54,-3.67749375,7.13415,-0.6991160785,44.7561,8.8729588535,-3.17073,9.630271148228918,45.431906323259206
1.545,-3.7588889449999994,8.17073,-0.761388306,47.86586,8.9015942715,-2.80488,9.692643541767044,48.63916872323066
1.55,-3.8020382049999997,8.96342,-0.785316532,50.73171,8.944743531499999,-2.5,9.750930899766606,51.578089317272116
1.555,-3.7972329465,9.39024,-0.751777789,53.47561,8.925620563999999,-2.37805,9.728866858299504,54.34586087212347
1.56,-3.806745397,9.93902,-0.7996342409999999,56.64634,8.959061240499999,-1.89024,9.767062186143267,57.54272292143986
1.565,-3.9025563675,10.12195,-0.8619064684999999,60.2439,8.916010046999999,-1.21951,9.770776024459973,61.10047924241347
1.57,-3.9696338534999995,10.36585,-0.7805112734999999,63.47561,8.882471304,-0.73171,9.760404051334007,64.32059787205573
1.575,-3.9935620794999998,11.15854,-0.69431082,66.46342,8.8872765625,-0.67073,9.768023868518712,67.39695165035954
1.58,-4.0174903055,12.19512,-0.6512596264999999,69.69512,8.939938273,-0.4878,9.822772713493151,70.75569696122568
1.585,-4.0318080145,12.68293,-0.6559668185,73.47561,8.9015942715,-0.4878,9.794087446370952,74.5637976976562
1.59,-4.0318080145,13.29268,-0.6320385924999999,77.80488,8.9112047885,-0.60976,9.801250911530687,78.93457101077068
1.595,-4.084469725,13.59756,-0.6655773355,82.19512,9.040554501999999,-0.60976,9.942711492726986,83.31448371697205
1.6,-4.0557362405,13.71951,-0.6559668185,86.52439,8.954354048499999,-0.67073,9.851890445258027,87.60790431373815
1.604,-4.084469725,14.5122,-0.636843851,91.7683,9.0357492435,-0.79268,9.936459501070233,92.91207227972262
1.6099999999999999,-4.141936694,15.18293,-0.5985979159999999,96.95123,9.0596774695,-1.03659,9.979564864938206,98.13835580814414
1.615,-4.16586492,15.36585,-0.5123974625,101.7683,8.9112047885,-1.46341,9.850205707184413,102.93220001506137
1.6199999999999999,-4.185085954,16.09756,-0.5315204299999999,107.13415,8.8729588535,-1.95122,9.824808253893789,108.35434829144837
1.625,-4.228137147499999,16.76829,-0.5267151715,112.80488,8.8776660455,-2.80488,9.847209098286749,114.07884928045559
1.63,-4.3669993115,17.31707,-0.5698644315,118.96342,8.8298095935,-3.59756,9.867166052843892,120.27102165291065
1.635,-4.4628102819999995,17.56098,-0.7039213369999999,125.79269,8.954354048499999,-4.26829,10.02958809162655,127.08425227194988
1.64,-4.3526816025,17.56098,-0.7996342409999999,133.10976,9.050066952499998,-4.63415,10.074173112313199,134.34311136802103
1.644,-4.477127991,16.58537,-0.660772077,141.5244,9.1650008905,-4.93902,10.221474262962479,142.5784843935343
1.65,-4.290409374999999,14.26829,-0.555448656,150.48781,9.011821017499999,-5.42683,9.996452063907215,151.2600923640109
1.655,-4.2520653735,12.56098,-0.36392478149999996,160.30489,8.8776660455,-6.21951,9.850150029442755,160.91649474529515
1.66,-4.300019892,11.03659,-0.277724328,170.79269,8.8298095935,-8.47561,9.825112687975816,171.35864507265543
1.665,-4.4723227324999995,9.5122,-0.08620045349999998,181.58537,8.781953141499999,-12.5,9.855546769272701,182.26348659804822
1.67,-4.453199765,7.37805,0.0383440015,192.5,8.8298095935,-16.89024,9.889286924086676,193.3803656761981
1.675,-4.8075140295,3.41463,0.009610516999999999,204.08537,8.5616957825,-21.34146,9.819109846516364,205.22659637826038
1.68,-5.066115389999999,-0.12195,-0.19152387449999997,216.82927,8.499423555,-25.36585,9.896585638824492,218.30797866032725
1.685,-5.22890578,-5.30488,-0.06707748599999999,230.54878,8.3892948755,-29.63415,9.885657466923282,232.50605273309617
1.69,-4.975109678,-12.86585,0.1436674225,245.24391,8.307899680499998,-33.90244,9.68470720970278,247.91022755478284
1.695,-5.2001722955,-18.29268,0.22025735899999999,259.39026,8.3461456155,-38.35366,9.836079088854932,262.84773607517644
1.7,-5.9950993445,-20.60976,0.6655773355,271.46341,8.2743609375,-42.56098,10.239592680569938,275.5514147934032
1.705,-6.880934038999999,-19.20732,0.809244758,281.76831,8.317412131,-45.54878,10.825039255555856,286.07165714437156
1.71,-7.484239146999999,-17.5,0.5745716235,291.03659,8.2839714545,-48.59756,11.17891547597483,295.58462334292983
1.715,-8.307899680499998,-15.36585,0.2393803265,300.73172,8.236016936,-50.67073,11.70087496779818,305.357494814052
1.72,-9.346914248,-11.76829,0.0048052584999999995,308.78049,8.260043228499999,-51.7683,12.473698055775735,313.3110922694155
1.725,-9.346914248,-11.76829,0.0048052584999999995,308.78049,8.260043228499999,-51.7683,12.473698055775735,313.3110922694155
1.729,-11.137804671,-5.2439,0.07178467799999999,314.69513,9.188929116499999,-49.57317,14.439261208157653,318.61892994104386
1.7349999999999999,-15.591004435999999,20.42683,0.07178467799999999,303.96341,12.387564146999999,-39.20732,19.913219675868767,307.16156000427435
1.74,-16.017201444999998,32.80488,-0.42619700899999996,290.12195,12.387564146999999,-33.65854,20.253003024643785,293.90441190725346
1.7449999999999999,-14.235921538999998,38.17073,-0.6177208835,278.17075,11.2718615765,-35.0,18.168596658912683,282.95047408388524
1.75,-13.0052850305,41.03659,0.10532342099999999,270.97562,10.783490406499999,-37.37805,16.894738740052656,276.60243486819667
1.755,-13.0052850305,41.03659,0.10532342099999999,270.97562,10.783490406499999,-37.37805,16.894738740052656,276.60243486819667
1.76,-11.942244170499999,45.0,0.5027869455,266.40244,10.534499562999999,-37.43903,15.93253500178969,272.7580264727227
1.765,-10.783490406499999,53.53659,0.9336911465,263.59756,10.002979132999998,-35.4878,14.73821685413006,271.3101989524568
1.769,-11.080337702,61.52439,0.46444294399999997,262.19513,11.037286508500001,-34.7561,15.646446379587609,271.55022233060134
1.775,-11.817797781999998,66.21951,2.4947136935,250.18294,12.416297631499999,-36.52439,17.321904852029785,261.362885728934
1.78,-12.9478180615,69.32927,0.612915625,240.06097,13.350086844499998,-39.14634,18.607699397635557,252.91945937683286
1.785,-13.0723625165,67.37805,-0.2250626175,226.46342,12.478569858999998,-48.41463,18.07351710848039,241.18345427896958
1.79,-13.0723625165,67.37805,-0.2250626175,226.46342,12.478569858999998,-48.41463,18.07351710848039,241.18345427896958
1.795,-12.794638188499999,60.54878,0.5027869455,217.37805,9.7108390295,-57.92683,16.070343983376592,232.96971694866227
1.8,-11.851336524999999,56.28049,1.120507829,214.93903,8.456274294999998,-66.09756,14.601996102448702,231.80847182520012
1.805,-10.740341146499999,52.86586,1.5801455144999998,213.59756,8.7627321075,-72.92683,13.951245886228469,231.81250899237963
1.81,-9.830578226,49.39024,1.9392650375,210.18294,9.9885633575,-78.96342,14.148230104503067,229.8945100962561
1.815,-7.1970023685,42.62195,1.618489516,194.81708,11.3389390625,-89.08537,13.527301669907597,218.41824197984425
1.82,-7.1970023685,42.62195,1.618489516,194.81708,11.3389390625,-89.08537,13.527301669907597,218.41824197984425
1.825,-6.833077586999999,36.82927,1.6807617434999997,187.07318,11.2671543845,-94.08537,13.284000800682469,212.61426728251845
1.83,-5.770036727,28.47561,2.1308869785,177.19513,10.419565624999999,-98.29269,12.099642596364214,204.62264627363487
1.835,-4.319142859499999,17.7439,2.6383811159999997,166.64635,9.677398353,-100.79269,10.920993033450864,195.56333580957502
1.84,-0.06227222749999999,15.67073,1.144436055,154.57318,11.836920749499999,-99.81708,11.892279198885527,184.6669683884254
1.845,-3.7253502019999996,13.90244,-0.138862164,133.41464,10.5775507565,-99.7561,11.215261781807232,167.16465981628176
1.85,-14.202382795999998,5.0,3.3231794855,110.12196,14.470594673499999,-101.15854,20.54627239140208,149.61582900606874
1.854,-13.32135336,15.06098,3.4236976479999996,63.29268,20.240533334,-90.42683,24.471602942424287,111.3993179691496
1.8599999999999999,-9.102728663,24.20732,1.838746875,8.96342,19.0626566025,-79.32927,21.20437539583189,83.42343986201779
1.865,-6.6080149695,29.26829,1.7142024200000001,-29.81707,16.1369406415,-70.0,17.521564001000723,81.52110440192159
1.8699999999999999,-4.3669993115,31.15854,2.542668212,-57.31707,13.7092063675,-61.03659,14.610892643834575,89.33961297848005
1.875,-1.848357392,27.19512,3.3471077114999996,-77.07317,10.625505274999998,-53.90244,11.292515992018634,97.9046532276015
1.88,0.12454445499999998,20.54878,3.366230679,-86.82927,7.819430443999999,-47.80488,8.514136055646873,101.22687903929321
1.885,1.1970977655,11.46342,3.1268503525,-88.65854,6.038150538,-43.17073,6.904310110839761,99.27466263735627
1.89,1.709495228,0.36585,2.9448389285,-86.34147,5.0134536794999995,-39.69512,6.060459392311435,95.02992076076777
1.894,1.7956956814999998,-11.89024,2.868248992,-81.64635,4.5154719925,-36.52439,5.64277082431306,90.23045683388841
1.9,1.4317708999999998,-22.62195,2.4852012429999997,-76.15854,4.3909275375,-32.56098,5.244658022013577,85.86089479672628
1.905,1.0439178924999999,-30.12195,1.9345578454999999,-71.95122,4.453199765,-27.68293,4.966212517690247,82.76868094077494
1.91,0.718239046,-33.96342,1.4556991259999998,-69.87805,4.673457124,-21.70732,4.947335521520903,80.67009056323973
1.915,0.3303860385,-34.63415,1.1396307964999999,-69.57317,5.090043615999999,-14.45122,5.226514832998113,79.04927633798933
1.92,-0.129251647,-32.62195,0.9768404065,-70.97561,5.631174562999999,-6.09756,5.716734218677788,78.35119063950593
1.925,-0.6751878524999999,-28.84146,0.8906399529999999,-74.39024,6.1914284775,2.56098,6.291494635938377,79.82666372052387
1.93,-1.0246968585,-24.26829,0.8763222439999999,-80.0,6.622332678499999,11.64634,6.758197572716999,84.40726944357162
1.935,-1.1970977655,-20.12195,0.9384964049999999,-86.46342,6.809149360999999,20.60976,6.976985995597936,91.13494432519559
1.94,-1.3503757049999998,-17.19512,1.1157025704999999,-93.41463,6.962329234,29.08537,7.1792990697620045,99.33742496102967
1.945,-1.5131660949999999,-15.79268,1.2881034774999998,-100.36585,7.091580881,36.64634,7.364740429341001,108.00771649840812
1.95,-1.7621569384999998,-16.03658,1.3838163815,-107.62196,7.2304430449999995,43.53659,7.569640115659417,117.19681241896514
1.955,-2.0541989755,-17.92683,1.4317708999999998,-114.57317,7.398038693499999,49.87805,7.810293070785195,126.2386723215208
1.96,-2.370267305,-20.97561,1.38862164,-121.70732,7.6375170865,55.18293,8.11653278209407,135.26937465605212
1.965,-2.7868537969999996,-24.39024,1.2784929605000002,-129.51219,7.88650793,59.93903,8.461566383705458,144.77906783507967
1.97,-3.1459733199999995,-28.17073,1.1587537639999999,-137.68294,8.097154772,64.32927,8.763776230453306,154.55884631592397
1.975,-3.5721703289999995,-31.76829,0.9097629205,-145.97562,8.322217389499999,68.04878,9.10205315898566,164.16072107357746
1.979,-3.9887568209999995,-34.39024,0.612915625,-154.69513,8.437151327499999,71.09756,9.352612953799497,173.6897662239434
1.9849999999999999,-4.3669993115,-36.34146,0.3207755215,-163.78049,8.513741264,73.53659,9.57378557479597,183.1730894219994
1.9899999999999998,-4.654334156499999,-37.19512,-0.028733484499999996,-172.5,8.394100134,74.87805,9.59815446391195,191.69363401953885
1.995,-4.7214116425,-36.46342,-0.5267151715,-180.7317,8.1833552255,75.48781,9.462370713332943,199.22835601786835
2.0,-4.7453398684999994,-34.14634,-1.0486250844999998,-187.92683,7.8817026715,74.87805,9.259541135355922,205.15649719432966
2.005,-4.673457124,-29.81707,-1.5610225469999999,-193.53659,7.6518347955,73.29269,9.101020196644617,209.08679475196203
2.01,-4.673457124,-23.71951,-2.092542977,-197.62196,7.445993211999999,70.85366,9.036744574989848,211.27540170184815
2.015,-4.7261188345,-16.52439,-2.4707854675,-200.48781,7.3741104674999995,67.68293,9.100466210646458,212.24843094085077
2.019,-4.798001578999999,-8.41463,-2.6719198589999995,-202.43903,7.307131048,63.84146,9.140795317566772,212.43375174465427
2.025,-4.9224479675,-0.60976,-2.7916590555,-203.78049,7.3549875,59.39024,9.28006979499919,212.2594179751638
2.03,-5.1762440695,6.21951,-2.7868537969999996,-204.69513,7.517777889999999,54.5122,9.543429213666336,211.92064198467548
2.035,-5.4396506884999996,12.07317,-2.7197763109999995,-205.79269,7.747645765999999,49.14634,9.84951763845281,211.92393783308341
2.04,-5.7652314685,16.40244,-2.604842373,-207.01221,8.001441867999999,43.59756,10.200302428876423,212.1882239074339
2.045,-6.129156249999999,19.08537,-2.3893902725,-208.65854,8.21208871,37.92683,10.522078843657328,212.93445493112992
2.05,-6.430808804,20.36585,-2.150009946,-210.36586,8.3748791,32.31707,10.775734062286412,213.80588371966522
2.055,-6.627137937,20.97561,-1.905824361,-212.19513,8.4850077795,27.19512,10.933731327830458,214.95656296657566
2.06,-6.761194842499999,20.79268,-1.7429359045,-213.78049,8.5760134915,22.62195,11.058914443643818,215.97728137011308
2.065,-6.880934038999999,20.67073,-1.618489516,-214.93903,8.6574086865,18.65854,11.17664917260788,216.73533816848
2.07,-6.938401008,20.97561,-1.422160383,-215.67073,8.743609139999998,15.48781,11.252317516666583,217.24113848947002
2.075,-6.991062718499999,21.64634,-1.2545647344999997,-216.28049,8.834614852,13.59756,11.335753622509207,217.78592247431718
2.08,-7.02940672,22.62195,-1.0821638275,-216.40245,8.939938273,12.56098,11.4239281208252,217.94391757139127
2.085,-7.110801915,24.32927,-0.842783501,-216.28049,9.045261693999999,12.5,11.536487637789467,218.00324248362222
2.09,-7.182586592999999,26.09756,-0.6033051079999999,-215.67073,9.188929116499999,13.47561,11.67861059918275,217.66152274014487
2.095,-7.297520531,27.92683,-0.3543142645,-214.69513,9.423602251,15.36585,11.924077485635816,217.048418620796
2.1,-7.484239146999999,29.87805,-0.153179873,-213.29269,9.686910803499998,18.23171,12.242284941870311,216.1454712196457
2.104,-7.838651478,31.70732,0.009610516999999999,-211.64635,10.036517875999998,21.89024,12.734843557376593,215.1248805163236
2.11,-8.293483905,33.23171,0.1436674225,-210.42683,10.405247915999999,25.54878,13.306829066468246,214.5612674572496
2.1149999999999998,-8.743609139999998,34.69512,0.3782424905,-210.0,10.778685148000001,29.26829,13.884301267778186,214.84967803405826
2.12,-9.2128573425,35.36586,0.6416491095,-210.0,11.089948218999998,32.80488,14.431749910980287,215.46903305429763
2.125,-9.734865322,34.93903,0.9145681789999999,-210.42683,11.406016548499998,36.40244,15.023356858444565,216.39159928043279
2.13,-10.405247915999999,33.59756,1.192292507,-211.15854,11.7219868115,40.0,15.719278622909215,217.52407924844826
2.135,-11.003747765499998,31.89025,1.4412833504999998,-212.37805,12.004516398,43.53659,16.34833864749032,219.12749447682987
2.14,-11.52085242,30.06098,1.618489516,-214.51221,12.162501529499998,47.56098,16.830804860490527,221.76834214153493
2.144,-11.990198689,28.29268,1.8435521334999998,-216.89024,12.196040272499998,52.19512,17.201946035233092,224.86925645951337
2.15,-12.3541234705,26.28049,2.0063425235,-218.78049,12.0667886255,57.31707,17.385544707556893,227.6857779323625
2.155,-12.751488928499999,24.57317,2.241015658,-220.42683,11.8129925235,63.10976,17.526249268834622,230.5963353458927
2.16,-13.187296454499998,22.98781,2.4564677584999997,-221.21951,11.669325101,69.81708,17.77954358076289,233.11142330002323
2.165,-13.661349915499999,21.03659,2.6671146004999997,-221.58537,11.420334257499999,77.2561,18.004722057253762,235.60797801448703
2.17,-14.202382795999998,19.20732,2.7054586019999998,-221.46342,11.161732896999998,85.2439,18.26503393359083,238.0787475330144
2.175,-14.700364483,17.37805,2.5762069549999995,-220.36586,10.86969086,93.29269,18.46314538750117,239.93047927009647
2.18,-15.294157140499998,15.97561,2.2601386254999998,-218.41464,10.477032593999999,101.40244,18.675858245888524,241.335098813155
2.185,-15.739477117,15.48781,1.9010191024999998,-215.73172,10.0221021005,109.45123,18.756000214797478,242.40383458449537
2.19,-16.122524866,15.85366,1.331154671,-212.2561,9.495386929,117.07317,18.7582023057738,242.9199820032401
2.195,-16.4721319385,16.64634,0.8763222439999999,-207.62196,9.073995178499999,124.14635,18.82648293691953,242.47947362191238
2.2,-16.941380141,16.95122,0.4310022675,-202.37805,8.844225369,130.24391,19.11586896832374,241.2627096618518
2.205,-17.640496219499997,15.97561,0.153179873,-197.80489,8.623869943499999,134.57318,19.636234459439738,239.77475971856714
2.21,-18.248606586,13.47561,0.05746696899999999,-194.45122,8.3318279065,137.19513,20.060765215879997,238.35975482467128
2.215,-18.6603878195,8.90244,-0.1340569055,-192.13416,7.7715739919999995,138.53659,20.214485082266798,237.03834214254726
2.22,-18.794444724999998,2.37805,-0.43570945949999995,-190.30489,6.98625746,138.10976,20.05564231211715,235.1508283782394
2.225,-18.799249983499998,-4.93902,-0.9384964049999999,-188.29269,6.0908122485,135.97562,19.783593437260084,232.3099228625004
2.229,-18.669998336499997,-12.13415,-1.5562172884999999,-185.54878,5.075725907,132.37805,19.410142802589835,228.25322665301664
2.235,-18.1815291,-17.68293,-2.1260817199999997,-181.64635,3.9648285949999997,127.19512,18.729871587440062,222.45602044791192
2.2399999999999998,-17.506439314,-21.21951,-2.6096476315,-175.85367,2.715069119,120.48781,17.90690588952502,214.22439920724506
2.245,-16.606188844,-23.04878,-3.0693833834999995,-167.98781,1.5131660949999999,112.7439,16.95512588890314,203.62302805747316
2.25,-15.571881468499999,-22.86585,-3.7301554605,-157.56097,0.41178123349999995,103.65854,16.0177125711749,189.9826288861563
2.255,-15.212761945499999,-19.45122,-4.7214116425,-144.39024,-0.6177208835,93.96342,15.940559369052878,173.36670864050689
2.26,-15.519219757999998,-12.56098,-5.521045883499999,-130.24391,-1.192292507,83.53659,16.515135208863963,155.24051075501072
2.265,-16.165674126,-3.35366,-6.0286380875,-116.82927,-1.5179713535000001,71.34147,17.319865304560775,136.9303863497412
2.269,-17.065826529499997,6.95122,-6.3638293845,-105.48781,-1.8770908764999998,58.04878,18.310222001075005,120.60538287146598
2.275,-17.764942608,17.7439,-6.531425032999999,-96.52439,-2.1835486889999998,44.02439,19.053099057750853,107.56370562115363
2.28,-18.1624061325,27.80488,-6.588892002,-89.08537,-2.7102638605,30.0,19.509793041686155,98.02711104511496
2.285,-18.124062131,36.7683,-6.478665255999999,-81.70732,-3.4045746804999997,16.21951,19.545993461135495,91.05529381157638
2.29,-17.702768447,43.23171,-6.196233735999999,-72.92683,-4.228137147499999,3.59756,19.226504282820443,84.8542616568349
2.295,-15.265423656,45.06098,-4.280798858,-60.36586,-6.818661811499999,-8.41463,17.25840511633178,75.79798790295756
2.3,-20.0250812335,12.0122,-1.4844326104999999,-6.64634,-13.632616430999999,-27.92683,24.270468667460065,31.11871813048378
2.305,-18.215067843,-38.35366,-1.4077446075,49.57317,-10.726023437499999,-43.65854,21.185325586047465,76.38436053392148
2.31,-8.2504327115,-77.7439,-3.1747068045,60.73171,-13.9055355005,-60.54878,16.477630921257873,115.7523621626034
2.315,-13.7427451105,-93.47561,-5.793964953,101.58537,-15.404285819999998,-77.13415,21.441200868258683,158.13587246141054
2.32,-20.6379968585,-89.7561,-9.524120413499999,146.09756,-10.314242204,-82.5,24.960356091712274,190.2811197285837
2.325,-7.422064985999999,-77.0122,-9.1553903735,165.97562,-0.842783501,-77.0122,11.816027487152416,198.51867502092693
2.33,4.730924093,-48.84146,-3.5434368444999995,175.12195,4.4723227324999995,-62.62195,7.4121021355836865,192.28805009291816
2.335,-3.629637298,-20.54878,0.6177208835,200.60976,14.1975775375,-44.57317,14.667210162067951,206.5267431849805
2.34,-5.559291818499999,-14.69512,1.6232947745,192.5,22.764078578499998,-33.84146,23.48923338417588,196.0036759011065
2.345,-4.381415087,-25.54878,2.255333367,160.60976,23.8414371475,-32.5,24.34537845298544,165.84476225297558
2.35,-3.342302453,-45.06098,4.4340767974999995,128.65854,17.4010178265,-38.59756,18.265471363521623,141.68021552582985
2.354,-2.437344791,-53.47561,4.673457124,122.07317,6.430808804,-51.89024,8.31487540457974,143.01781954000907
2.36,-2.140399429,-55.73171,1.316836962,147.2561,2.011147782,-56.89024,3.218708545549975,167.41231105863065
2.3649999999999998,-3.6104162639999995,-58.23171,-2.0781272014999996,182.80489,5.4635789145,-49.20732,6.870546762808542,198.0654442325026
2.37,-14.226311021999999,-41.52439,-4.5394002185,202.5,15.318085366499998,-29.7561,21.392471080587626,208.84432109129062
2.375,-21.9309055945,-57.37805,1.4269656414999998,172.56097,29.659330326499997,-18.10976,36.91445145946687,182.7498081979869
2.38,-25.689794539499996,-125.18293,9.7635988065,114.39024,34.2131463205,-30.48781,43.884311391247266,172.29451392670225
2.385,-31.301748068499997,-73.65854,-7.216125336,41.03659,19.881413811,-35.85366,37.77753978401619,91.62459914867459
2.39,-12.655776024499998,-3.04878,-7.900825639,-1.76829,13.6660571075,-13.41463,20.232469681816898,13.86990292141225
2.394,-12.655776024499998,-3.04878,-7.900825639,-1.76829,13.6660571075,-13.41463,20.232469681816898,13.86990292141225
2.4,1.608878999,-2.7439,-3.5098981014999997,9.81707,7.4747266965,-1.58537,8.413050309115377,10.315873624264693
2.405,-2.4707854675,-7.92683,-0.17240090699999996,20.42683,11.2718615765,-2.31707,11.540769744645315,22.033130306034593
2.41,-4.855468548,-9.5122,1.929752587,18.17073,11.042091766999999,-1.89024,12.21586306645992,20.596853760477593
2.415,-4.357486861,-6.64634,0.9529121805,12.07317,9.2224678595,-0.91463,10.244493486114548,13.812017132967943
2.42,-4.697385349999999,-4.63415,-0.6416491095,7.56098,9.0357492435,-0.79268,10.204014263882993,8.903488437983171
2.425,-4.697385349999999,-4.63415,-0.6416491095,7.56098,9.0357492435,-0.79268,10.204014263882993,8.903488437983171
2.43,-4.3766098285,-4.93902,-1.4412833504999998,4.02439,9.260811860999999,-0.79268,10.343821712123114,6.420122663540004
2.435,-3.701421976,-6.40244,-0.69431082,1.52439,9.351719506499999,-1.09756,10.081530136216298,6.672304008309274
2.44,-3.744571236,-6.21951,0.09100571199999999,0.06098,8.954354048499999,-0.60976,9.706212042139999,6.249626425483366
2.445,-3.7349607189999996,-6.40244,-0.2393803265,-0.79268,8.8872765625,-1.34146,9.64317993255078,6.589316692009878
2.45,-3.596098555,-7.37805,-0.2346731345,-1.70732,8.983087532999999,-2.19512,9.678990542555,7.884739386897959
2.455,-3.596098555,-7.37805,-0.2346731345,-1.70732,8.983087532999999,-2.19512,9.678990542555,7.884739386897959
2.46,-3.5864880379999997,-7.92683,-0.0048052584999999995,-1.64634,9.169806149,-2.80488,9.846230971669543,8.5681048697422
2.465,-3.5912932964999995,-7.5,-0.0765899365,-1.40244,9.174611407499999,-2.92683,9.85275332272599,8.172097148376297
2.47,-3.6871042669999996,-6.64634,-0.6559668185,-1.21951,9.2560066025,-2.80488,9.984923062709408,7.316309988655484
2.475,-3.8259664309999994,-5.97561,-1.005573891,-1.21951,9.342207056,-2.5,10.145246702696586,6.591291187028532
2.479,-3.864212366,-5.85366,-0.8619064684999999,-1.46341,9.227273118,-2.31707,10.04079624154155,6.463413773587453
2.485,-3.806745397,-4.63415,-0.842783501,-2.2561,9.2224678595,-1.46341,10.012767248201119,5.3578822552012095
2.4899999999999998,-3.806745397,-4.63415,-0.842783501,-2.2561,9.2224678595,-1.46341,10.012767248201119,5.3578822552012095
2.495,-3.7253502019999996,-4.26829,-0.9336911465,-2.43902,9.265519053,-0.85366,10.029947986211091,4.989574478860899
2.5,-3.6966167175,-3.65854,-0.90025047,-2.68293,9.2703243115,-0.12195,10.020695530013056,4.538490951737152
2.505,-3.67749375,-2.9878,-0.8475887595,-2.92683,9.246396085499999,0.73171,9.986901799680895,4.246019572847021
2.51,-3.6391497484999995,-2.43902,-0.7805112734999999,-3.04878,9.160195631999999,1.40244,9.887456333991066,4.148579998312676
2.515,-3.6248320394999998,-2.0122,-0.7901217905,-3.17073,9.0932162125,1.82927,9.820910387824618,4.177164864570226
2.519,-3.5769755874999998,-1.52439,-0.7901217905,-3.47561,9.136267406,2.31707,9.843293600788908,4.446621541024151
2.525,-3.5243138769999995,-1.40244,-0.6895055615,-3.59756,9.169806149,2.56098,9.847921152872438,4.63334592574308
2.53,-3.4859698755,-1.09756,-0.6512596264999999,-3.59756,9.088410954,2.68293,9.755784886045285,4.620085420433263
2.535,-3.4715540999999996,-0.73171,-0.6751878524999999,-3.17073,9.045261693999999,2.7439,9.712071129184244,4.256514473956361
2.54,-3.433308165,-0.54878,-0.7039213369999999,-2.86585,9.021333468,2.80488,9.678200646060013,4.047419860269009
2.545,-3.4236976479999996,-0.67073,-0.6847003029999998,-2.19512,9.007015759,2.5,9.660064853442929,3.3938813396021965
2.55,-3.4428206154999996,-1.34146,-0.565059173,-1.58537,8.997405242,2.07317,9.650160970070514,2.9344414830423866
2.555,-3.4045746804999997,-1.64634,-0.4310022675,-0.85366,8.954354048499999,1.21951,9.589439406742196,2.2195439692198033
2.56,-3.35191297,-1.64634,-0.46444294399999997,-0.2439,9.011821017499999,0.67073,9.62621139691729,1.7943804887760009
2.565,-3.4236976479999996,-1.64634,-0.5745716235,0.4878,9.054872211,0.30488,9.69755375819037,1.7439426739431545
2.57,-3.399769422,-1.52439,-0.6847003029999998,0.91463,9.050066952499998,-0.18293,9.691798515880688,1.7871139566071326
2.575,-3.3949641634999996,-1.21951,-0.6033051079999999,1.21951,9.021333468,-0.2439,9.657857747225574,1.7418083965235673
2.58,-3.3806464544999995,-1.09756,-0.5363256885,1.58537,9.050066952499998,-0.36585,9.675749456202398,1.962621260712316
2.585,-3.433308165,-0.85366,-0.6512596264999999,2.13415,9.064482728,-0.54878,9.714761509330783,2.363152789495423
2.59,-3.4763593585,-0.4878,-0.7278495629999999,2.68293,9.064482728,-0.54878,9.735485940722228,2.781586186566938
2.595,-3.505092843,-0.36585,-0.6416491095,2.9878,9.064482728,-0.67073,9.739724664690593,3.0839380336511306
2.6,-3.457236391,-0.12195,-0.6320385924999999,3.35366,9.064482728,-0.97561,9.721975281385692,3.494813595916097
2.604,-3.4524311324999997,0.36585,-0.7039213369999999,3.71951,9.11233918,-0.85366,9.769826574955268,3.833710507876149
2.61,-3.4285029064999994,0.30488,-0.6799931109999999,4.20732,9.078800437,-0.91463,9.728393504878275,4.3163690103720285
2.6149999999999998,-3.4620416494999997,0.4878,-0.627233334,4.69512,9.064482728,-1.15854,9.723373959915547,4.860485118380675
2.62,-3.5098981014999997,0.85366,-0.6799931109999999,5.18293,9.078800437,-1.09756,9.75737632198288,5.366203195379392
2.625,-3.5002875845,1.15854,-0.7278495629999999,5.60976,9.078800437,-1.21951,9.75737646785423,5.856520027226066
2.63,-3.529021069,1.28049,-0.6895055615,5.67073,9.0357492435,-1.15854,9.724925296175604,5.927819861011297
2.635,-3.466846908,1.58537,-0.6655773355,5.91463,9.0932162125,-1.21951,9.754414475524058,6.2436728544903755
2.64,-3.481164617,1.70732,-0.660772077,6.21951,9.0836056955,-1.21951,9.750231754154138,6.563874683645324
2.644,-3.51470336,1.82927,-0.6320385924999999,6.46341,9.045261693999999,-1.15854,9.724678483330356,6.816458940872453
2.65,-3.5769755874999998,2.13415,-0.670382594,6.70732,9.0357492435,-1.09756,9.741094988106827,7.123719236361018
2.655,-3.5912932964999995,2.07317,-0.6847003029999998,6.76829,8.997405242,-1.28049,9.711822853367085,7.193569212366
2.66,-3.5816827795,2.07317,-0.7134337874999999,6.76829,8.9686717575,-1.15854,9.683724097468472,7.172865417990219
2.665,-3.5577545534999997,1.89024,-0.670382594,6.76829,9.016528209499999,-1.15854,9.716213832455388,7.122146566401172
2.67,-3.6009038135,1.64634,-0.6655773355,6.95122,9.007015759,-1.03659,9.72295399281949,7.218338708601862
2.675,-3.653565524,1.46341,-0.6655773355,7.0122,8.959061240499999,-1.21951,9.698263377467228,7.266341741770752
2.68,-3.653565524,1.15854,-0.7134337874999999,6.82927,8.959061240499999,-1.28049,9.701665172450417,7.044203170309613
2.685,-3.667883233,1.09756,-0.6895055615,6.58537,8.997405242,-1.21951,9.740743627620585,6.786673753069319
2.69,-3.6726884914999998,0.91463,-0.7087265955,6.21951,8.9686717575,-0.97561,9.717407433906622,6.361656038257648
2.695,-3.6966167175,0.54878,-0.73746008,6.09756,8.954354048499999,-0.91463,9.715414502304181,6.190149067583106
2.7,-3.6918114589999997,0.36585,-0.7278495629999999,5.4878,8.9015942715,-0.97561,9.664244275139398,5.5858401279127206
2.705,-3.643955007,0.30488,-0.6177208835,5.06098,8.882471304,-0.73171,9.620721576333858,5.122681904910747
2.71,-3.605709072,0.36585,-0.6320385924999999,5.0,8.8729588535,-0.54878,9.598437868227126,5.0433129697551
2.715,-3.5769755874999998,0.2439,-0.6033051079999999,4.7561,8.930327755999999,-0.30488,9.638956646675709,4.772098724293118
2.72,-3.5864880379999997,0.30488,-0.565059173,4.7561,8.973477015999999,-0.30488,9.680158990036722,4.775603714589392
2.725,-3.5864880379999997,0.42683,-0.6081103664999999,4.81707,8.973477015999999,-0.30488,9.682767394771089,4.845544246851947
2.729,-3.5912932964999995,0.42683,-0.7087265955,4.93902,9.0357492435,-0.30488,9.749074075011723,4.966795166271708
2.735,-3.6104162639999995,0.12195,-0.809244758,5.0,9.0836056955,-0.42683,9.808255456962069,5.019666886497549
2.7399999999999998,-3.6152215224999997,-0.2439,-0.7996342409999999,5.2439,9.073995178499999,-0.73171,9.800338263323777,5.300318287055976
2.745,-3.5816827795,-0.42683,-0.7134337874999999,5.36585,8.997405242,-0.85366,9.710341929658425,5.450070225877829
2.75,-3.5338263275,-0.67073,-0.5985979159999999,5.67073,8.954354048499999,-1.09756,9.645035220457208,5.814782491151324
2.755,-3.5625598119999995,-0.73171,-0.627233334,6.09756,8.939938273,-1.40244,9.64405259185206,6.299402783701007
2.76,-3.6344425565,-0.79268,-0.7087265955,6.28049,8.930327755999999,-1.82927,9.667586043746972,6.5893190054359945
2.765,-3.596098555,-0.85366,-0.6655773355,6.58537,8.9925999835,-2.2561,9.707820170875054,7.013260343271167
2.769,-3.6104162639999995,-0.4878,-0.6895055615,7.13415,8.973477015999999,-2.43902,9.697103344575398,7.555320219745818
2.775,-3.6248320394999998,-0.18293,-0.718239046,7.43902,8.997405242,-2.56098,9.72669397742901,7.86963153557395
2.78,-3.667883233,0.0,-0.670382594,7.92683,8.9686717575,-2.68293,9.71287049882983,8.368557058047701
2.785,-3.6344425565,0.36585,-0.636843851,8.29268,8.9686717575,-2.62195,9.698031546702294,8.70499911587589
2.79,-3.605709072,0.91463,-0.636843851,8.47561,9.011821017499999,-2.9878,9.727262001915767,9.03324203976623
2.795,-3.5912932964999995,0.97561,-0.6177208835,8.65854,9.002210500499999,-3.04878,9.711784621103904,9.231315685865152
2.8,-3.529021069,0.79268,-0.6320385924999999,9.26829,8.94954879,-2.92683,9.640948399013748,9.751711385977336
2.805,-3.6583707824999996,1.03659,-0.660772077,9.93902,8.963866499,-3.10976,9.704184619631217,10.465622038182918
2.81,-3.6583707824999996,0.97561,-0.6751878524999999,10.54878,9.030943985,-3.04878,9.767164618179676,11.02377584355288
2.815,-3.620026781,1.21951,-0.6559668185,11.03659,9.002210500499999,-2.92683,9.724951426996572,11.48302474599354
2.82,-3.6009038135,1.34146,-0.6033051079999999,11.70732,8.954354048499999,-3.04878,9.67010557094937,12.17193148199578
2.825,-3.6726884914999998,1.40244,-0.6177208835,12.56098,8.963866499,-3.10976,9.706756536423642,13.015977249964752
2.83,-3.744571236,1.34146,-0.612915625,13.04878,8.9208153055,-3.23171,9.694247006327554,13.509778826616666
2.835,-3.6152215224999997,1.28049,-0.6177208835,13.29268,8.944743531499999,-3.29268,9.667463089713365,13.754153474674478
2.84,-3.5769755874999998,1.15854,-0.6081103664999999,14.26829,8.973477015999999,-3.35366,9.679248024929208,14.70283475562791
2.845,-3.6871042669999996,1.21951,-0.670382594,15.2439,8.9686717575,-3.35366,9.720145255696846,15.65601249506719
2.85,-3.667883233,1.09756,-0.5793768819999999,15.79268,8.973477015999999,-3.53659,9.71145379121987,16.221000226992786
2.854,-3.653565524,0.79268,-0.660772077,16.64634,8.9015942715,-3.71951,9.64487124591645,17.075237381017576
2.86,-3.643955007,1.03659,-0.7565830474999999,17.56098,8.9686717575,-3.78049,9.710195625968762,17.99318320999928
2.8649999999999998,-3.481164617,1.52439,-0.7805112734999999,18.84146,8.983087532999999,-3.84146,9.66558671598643,19.28940628260238
2.87,-3.5673650704999997,1.70732,-0.5123974625,21.15854,8.954354048499999,-3.96341,9.652414264404955,21.594151415188787
2.875,-3.643955007,1.76829,-0.69431082,22.86585,8.983087532999999,-3.84146,9.718865017755387,23.253618227669428
2.88,-3.7205449434999998,1.76829,-0.670382594,24.14634,8.983087532999999,-3.96341,9.746164841848387,24.533267286437816
2.885,-3.744571236,1.89024,-0.670382594,25.2439,8.9112047885,-4.02439,9.689210357217044,25.632463973244946
2.89,-3.744571236,1.89024,-0.6655773355,26.46342,8.925620563999999,-4.08537,9.70213942300921,26.843543979715122
2.894,-3.629637298,1.70732,-0.6559668185,28.10976,8.939938273,-4.20732,9.670938719020814,28.474112636259626
2.9,-3.7205449434999998,1.58537,-0.6559668185,29.87805,8.8872765625,-4.20732,9.656936980323433,30.214447064637806
2.905,-3.8498946569999997,1.89024,-0.718239046,31.52439,8.839420110499999,-4.08537,9.668138605083605,31.844158336602334
2.91,-3.864212366,2.37805,-0.7278495629999999,32.7439,8.868153594999999,-3.84146,9.700827303916817,33.05412113404469
2.915,-3.8690176244999996,2.62195,-0.7469725305,33.96342,8.9208153055,-3.78049,9.752343874928542,34.27361411551166
2.92,-3.864212366,2.9878,-0.7805112734999999,35.30488,8.9015942715,-3.47561,9.735487436795836,35.601142755907425
2.925,-3.830673623,3.35366,-0.73746008,36.82927,8.844225369,-3.35366,9.666345232465305,37.133397360383015
2.93,-3.9168740764999996,3.84146,-0.6751878524999999,38.23171,8.8633483365,-3.23171,9.713738976391047,38.559880886483555
2.935,-3.9887568209999995,4.32927,-0.7230443045,39.5122,8.834614852,-3.41463,9.720256870398172,39.89506517866339
2.94,-3.9552180779999997,4.5122,-0.7134337874999999,40.91463,8.7867584,-3.29268,9.662290670107952,41.29417196723165
2.945,-4.0174903055,4.81707,-0.6991160785,42.43903,8.743609139999998,-2.92683,9.647781736704827,42.81170125765502
2.95,-4.060541498999999,4.93902,-0.7326548214999999,43.96342,8.801076109,-2.62195,9.720273711628646,44.317613185496576
2.955,-4.0510290485,5.18293,-0.7278495629999999,45.60976,8.7962708505,-2.56098,9.711590097069896,45.974684220806786
2.96,-4.141936694,5.67073,-0.69431082,47.13415,8.781953141499999,-2.31707,9.734495779000289,47.530559520589485
2.965,-4.1467419525,5.97561,-0.7565830474999999,48.71951,8.781953141499999,-2.19512,9.74117999566221,49.13366586493013
2.97,-4.199403663,6.28049,-0.718239046,50.18293,8.7484143985,-2.13415,9.73065326377931,50.61941933929606
2.975,-4.2616758905,7.31707,-0.7134337874999999,51.82927,8.686142170999998,-1.89024,9.701542917476587,52.37734003722793
2.979,-4.357486861,7.7439,-0.7230443045,53.47561,8.714875655499998,-2.0122,9.770339937836557,54.070859073276246
2.985,-4.319142859499999,8.41463,-0.73746008,54.81707,8.6766297205,-2.19512,9.720223542544037,55.502573933433034
2.9899999999999998,-4.3478763439999994,9.20732,-0.7134337874999999,56.34146,8.6430909775,-2.19512,9.701342078145853,57.13101966820126
2.995,-4.3862203455,9.39024,-0.6895055615,58.17073,8.6334804605,-2.07317,9.708312505294257,58.96022786454781
3.0,-4.496349025,10.12195,-0.7230443045,59.87805,8.628675202,-2.0122,9.756740406636741,60.76087303886441
3.005,-4.553815994,10.67073,-0.7469725305,61.58537,8.604746976,-1.70732,9.764060558472224,62.52629221657238
3.01,-4.5968671875,11.09756,-0.73746008,63.17073,8.614357493,-1.52439,9.791945175822473,64.15622130049898
3.015,-4.5872566704999995,11.34146,-0.7565830474999999,64.63415,8.532962298,-1.09756,9.717344660343203,65.63083649556587
3.019,-4.6159901549999995,11.52439,-0.73746008,66.95122,8.5616957825,-0.85366,9.754683344564743,67.9411963373924
3.025,-4.687872899499999,11.58537,-0.7421672719999999,69.02439,8.571208233,-0.73171,9.797580066268479,69.99373266538298
3.03,-4.74053461,11.64634,-0.7326548214999999,71.15854,8.4803005875,-0.60976,9.742943576272415,72.10788346349379
3.035,-4.8267350635,11.76829,-0.6751878524999999,73.41463,8.427638877,-0.42683,9.735417148253367,74.35309496860168
3.04,-4.788391062,12.0122,-0.636843851,75.54878,8.437151327499999,-0.36585,9.722128448870288,76.49865982192694
3.045,-4.8315403219999995,11.95122,-0.6799931109999999,77.86585,8.451567103,-0.36585,9.758850291434497,78.77852563950026
3.05,-4.893714483,12.07317,-0.660772077,80.36585,8.432346069,-0.2439,9.771873996641924,81.26801810848718
3.055,-4.855468548,11.95122,-0.588987399,83.10976,8.3989053925,-0.06098,9.719264003460529,83.96468058241155
3.06,-4.855468548,11.95122,-0.588987399,83.10976,8.3989053925,-0.06098,9.719264003460529,83.96468058241155
3.065,-4.903325,11.40244,-0.38304774899999994,89.63415,8.394100134,-0.91463,9.728835423279488,90.36112566924453
3.07,-4.8602738064999995,10.85366,-0.359119523,93.29269,8.3892948755,-1.82927,9.702138775241275,93.93973691449536
3.075,-4.893714483,10.30488,-0.29214010349999997,97.68293,8.437151327499999,-3.53659,9.758038214945254,98.28862006370524
3.08,-4.8075140295,9.32927,-0.26340661899999995,102.56098,8.451567103,-5.30488,9.726796013450892,103.1209564012461
3.085,-4.845858031,7.86585,-0.31126307099999995,107.62196,8.499423555,-7.0122,9.788739731102487,108.13662108325791
3.09,-4.903325,6.28049,-0.335191297,113.47561,8.4228336185,-8.65854,9.751875482497883,113.9786336751051
3.095,-4.903325,6.28049,-0.335191297,113.47561,8.4228336185,-8.65854,9.751875482497883,113.9786336751051
3.1,-4.893714483,5.06098,-0.33999655549999996,119.93903,8.537767556499999,-10.42683,9.846700663049516,120.4977311809239
3.104,-4.9272532259999995,3.10976,-0.29684729549999994,126.70732,8.489813038,-12.37805,9.820532984017103,127.34846552135011
3.11,-4.9847201949999995,-1.82927,-0.1340569055,142.98781,8.580818749999999,-17.43902,9.924507901992149,144.05894438003284
3.1149999999999998,-4.9559867104999995,-4.69512,-0.17240090699999996,151.58537,8.523351781,-20.18293,9.860986356854111,152.9951607510388
3.12,-5.171438811,-7.56098,-0.3064578125,161.89024,8.441956586,-23.41463,9.90476283242906,163.74939121674592
3.125,-5.171438811,-7.56098,-0.3064578125,161.89024,8.441956586,-23.41463,9.90476283242906,163.74939121674592
3.13,-5.190659845,-11.15854,-0.2154521005,173.29269,8.427638877,-26.52439,9.900225566886196,175.6656275064641
3.135,-5.3343272675,-14.5122,-0.22025735899999999,185.30489,8.394100134,-29.32927,9.948089151219268,188.1720284353788
3.14,-5.425234913,-16.46342,-0.17720616549999998,197.62196,8.360561391,-31.40244,9.968127339626294,200.7774800875128
3.144,-5.444455947,-17.62195,-0.11012867949999999,209.87805,8.3989053925,-33.71951,10.00978724434429,213.298697483705
3.15,-6.071689281,-19.81707,0.16279038999999998,236.82927,8.465884812,-39.5122,10.419362604600098,240.91914274494212
3.155,-6.071689281,-19.81707,0.16279038999999998,236.82927,8.465884812,-39.5122,10.419362604600098,240.91914274494212
3.16,-6.4499317715,-21.28049,0.25379610199999997,250.36586,8.2265044855,-42.68293,10.45664422118048,254.86811417194698
3.165,-7.263981788,-20.54878,0.148472681,264.39026,8.0205648355,-45.85366,10.82205783729962,269.1226859217773
3.17,-8.614357493,-17.80488,0.4213917505,277.37805,8.5616957825,-47.86586,12.15266887134974,282.04031081949347
3.175,-9.849701193499998,-13.65854,0.2393803265,286.95123,8.959061240499999,-47.92683,13.3168575442174,291.24653671295977
3.18,-11.482606485,-7.56098,-0.0048052584999999995,292.5,9.816260517,-45.97561,15.106596086395056,296.18773629816695
3.185,-12.919084577,3.53659,0.05266171049999999,292.07318,11.003747765499998,-41.95122,16.970208733253056,295.0917735275399
3.19,-13.996541212499999,18.84146,-0.25379610199999997,286.64636,12.109839819,-35.18293,18.50988381423393,289.4114283845165
3.195,-13.623005913999998,35.2439,-1.1970977655,277.37805,11.5591964215,-30.42683,17.906265805685518,281.25879024994293
3.2,-12.794638188499999,48.29268,-1.0486250844999998,270.91464,10.002979132999998,-28.53659,16.274580562266376,276.66091533995206
3.205,-11.899192976999998,59.08537,-0.20593965,268.29269,9.6965213205,-25.54878,15.35108238406137,275.9072101539962
3.21,-10.5775507565,71.64634,0.3064578125,266.95123,8.7484143985,-21.15854,13.730012778036958,277.2072168051188
3.215,-10.314242204,84.93903,1.072651377,268.47562,9.725254805,-15.91463,14.216706870493264,282.04090625255446
3.22,-10.941475538,92.5,0.3064578125,266.89026,10.6924846945,-15.97561,15.301602278245616,282.91673863124413
3.225,-10.443493851,92.2561,-0.014317708999999998,261.70734,9.816260517,-21.09756,14.332680815195701,278.2930592649396
3.229,-10.548817271999999,87.92683,0.277724328,258.78049,10.443493851,-27.62195,14.8465901962802,274.7024600550412
3.235,-11.3293285455,84.87805,0.9336911465,252.74391,11.381990255999998,-31.28049,16.086490190113334,268.44410306156976
3.2399999999999998,-12.239189532500001,86.7683,0.023928225999999997,242.37805,11.4299447745,-35.4878,16.746401718595457,259.87543353601643
3.245,-12.919084577,87.5,-0.287334845,231.28049,10.386026882,-42.37805,16.578747299312365,250.88406521029307
3.25,-13.125024226999999,84.39024,0.8715169855,223.71951,8.3461456155,-49.87805,15.578316643671158,244.25386718269212
3.255,-12.550452603499998,81.82927,1.5131660949999999,220.91464,7.527388407,-56.70732,14.712753257415672,242.3118398606327
3.26,-11.832115490999998,78.65854,1.6376124834999999,218.35367,8.063714095499998,-64.39024,14.411947011158572,240.85596136416905
3.265,-11.0133582825,75.42683,1.4844326104999999,212.37805,9.303863054499999,-71.64634,14.493428461572412,236.4885638694755
3.269,-9.586392641,72.19512,1.3743039309999998,203.47562,10.453104368,-78.47561,14.249737755147695,229.7234960796803
3.275,-8.2265044855,69.45122,1.1731695395,194.93903,10.8313468585,-84.7561,13.651731669920123,223.62534262475555
3.28,-7.5465113745,66.82927,0.8906399529999999,187.92683,10.740341146499999,-90.73171,13.156671364541207,219.12299733735364
3.285,-6.497886289999999,63.17073,1.0343073754999998,179.81708,10.208918783,-96.21951,12.145548184527277,213.5015632099667
3.29,-4.979914936499999,57.80488,1.4269656414999998,170.0,8.638285718999999,-99.93903,10.072525198770993,205.4974789849143
3.295,-3.8929458505,50.30488,1.8866033269999998,161.46342,6.751682391999999,-102.2561,8.018697813910652,197.62926639827614
3.3,-2.140399429,49.57317,0.8810294359999999,153.35367,8.039687803,-103.71951,8.366247818016687,191.65746539323194
3.305,0.8283677254999999,61.28049,-3.7253502019999996,132.86586,9.346914248,-107.13415,10.096000850616885,181.34597129355313
3.31,-11.9039982355,56.89024,-0.36392478149999996,110.91463,10.50096082,-117.13415,15.877902675748834,171.05251723233133
3.315,-14.9589658435,64.14634,1.9776090389999998,75.91463,19.4360938345,-112.37805,24.60575827243743,150.0220320660769
3.32,-11.3964060315,78.23171,0.7230443045,20.12195,19.8622908435,-103.29269,22.910946315088413,131.12769779403092
3.325,-8.2504327115,86.64635,0.9097629205,-25.0,16.572650101,-95.85366,18.535102909578928,131.60742419680625
3.33,-5.4778966235,86.89024,2.4229290155,-56.40244,13.843263273,-88.23171,15.083563056436471,136.07344963193702
3.335,-3.040649899,79.69512,3.816355914,-79.14635,11.0133582825,-80.42683,12.045919845712193,138.1446048674569
3.34,-1.398232157,68.65854,4.242552923,-94.2683,8.312704939,-72.68293,9.436915379094998,137.41657765061134
3.345,-0.3064578125,54.2683,4.3287533765,-101.64635,6.6702871969999995,-65.67073,7.957685183259296,132.62606693989457
3.35,0.1579851315,36.82927,4.218624697,-103.78049,5.602441078499999,-59.32927,7.014919790986754,125.08695980039606
3.354,0.49798168699999995,17.07317,4.2856041165,-102.37805,5.008648420999999,-52.80488,6.610669210385201,116.45219451545685
3.36,0.6512596264999999,-3.04878,4.290409374999999,-98.47561,4.544205477,-45.42683,6.283434978050908,108.4911872375328
3.3649999999999998,0.5506433974999999,-20.42683,3.744571236,-93.96342,4.323948118,-37.13415,5.746437959279179,103.07921603392121
3.37,0.42619700899999996,-33.65854,2.9640599625,-90.91463,4.314337601,-27.86585,5.251742976115499,100.87057479359875
3.375,0.24418558499999998,-42.19512,2.2936773684999996,-89.57317,4.41495383,-17.37805,4.981204652664107,100.52749652441267
3.38,-0.18191335749999998,-45.67073,1.6902741940000001,-89.7561,4.788391062,-5.85366,5.081221140944444,100.87734334992422
3.385,-0.6895055615,-44.45122,1.1157025704999999,-91.82927,5.157121102,6.64634,5.321288209245336,102.23844493935195
3.39,-1.072651377,-39.87805,0.627233334,-95.54878,5.449163139,19.20732,5.589041201073498,105.30313087877919
3.394,-1.316836962,-33.35366,0.392658266,-100.18293,5.655102788999999,31.40244,5.819658723026899,110.15988079484336
3.4,-1.4987503194999998,-26.15854,0.277724328,-105.42683,5.832308954499999,43.10976,6.028201312440161,116.86546584016212
3.405,-1.6902741940000001,-19.32927,0.22986787599999997,-110.67073,6.0525663135,53.53659,6.2883563091346915,124.44998041901775
3.41,-1.9728037804999998,-13.71951,0.11012867949999999,-116.34147,6.2967518985,63.04878,6.599482370130771,133.03650347137585
3.415,-2.427734274,-10.30488,0.06707748599999999,-122.2561,6.588892002,71.40244,7.0222425839828375,141.9544045705451
3.42,-3.1843173215,-8.35366,0.028733484499999996,-128.78049,6.9575239755,78.17073,7.651656179337501,150.8802878734283
3.425,-3.9264845935,-8.65854,-0.047856451999999994,-136.5244,7.287910014,83.35366,8.27847835505731,160.19274248756466
3.43,-4.5872566704999995,-11.09756,-0.11012867949999999,-145.30489,7.517777889999999,86.82927,8.807498878255277,169.63486971904862
3.435,-5.0948488745,-15.06098,-0.2250626175,-154.81708,7.694984055499999,88.90244,9.231517635263938,179.1613943243365
3.44,-5.396501428499999,-19.69512,-0.474053461,-164.2683,7.7141070229999995,89.39024,9.426261269134573,188.04942739599608
3.445,-5.59763582,-24.39024,-0.8522959514999999,-172.92683,7.565634342,88.65854,9.449802016928192,195.85430568674792
3.45,-5.664713306,-27.92683,-1.3263494125,-180.54878,7.359792758499999,86.64635,9.381616547870712,202.20128526213625
3.455,-5.746108501,-29.7561,-1.9249473284999998,-187.01221,7.187391851499999,83.84147,9.401158798242498,207.09510923258182
3.46,-5.7796472439999995,-29.32927,-2.518739986,-192.2561,7.005478493999999,80.12196,9.424707014652952,210.33816234859643
3.465,-5.8178931789999995,-26.76829,-2.9017877349999996,-196.5244,6.86661633,75.91463,9.456144717836853,212.37093066830263
3.47,-5.9615606015,-22.5,-3.18912258,-199.81708,6.756389584,71.03659,9.558216771260557,213.25879249999167
3.475,-6.167500251499999,-17.13415,-3.3231794855,-202.5,6.6702871969999995,65.67073,9.67338164943174,213.57077017924388
3.479,-6.3638293845,-11.64634,-3.2800302254999996,-204.51221,6.617527419999999,60.18293,9.749286736457753,213.5014434093236
3.485,-6.593599193999999,-6.64634,-3.0981168679999995,-205.97562,6.617527419999999,54.63415,9.842029649079269,213.20182976701327
3.4899999999999998,-6.8522005544999995,-2.62195,-2.8395155074999994,-207.2561,6.651066163,49.02439,9.962538926449755,212.99144683269466
3.495,-7.125119623999999,-0.06098,-2.4947136935,-208.17073,6.7372666164999995,43.65854,10.118383642195607,212.6996113353875
3.5,-7.441187953499999,1.15854,-2.059004234,-208.84146,6.789928326999999,38.65854,10.281726668256672,212.3925148040646
3.505,-7.738035248999999,0.85366,-1.642417742,-209.2683,6.876128780499999,34.32927,10.48121522343775,212.06708584553735
3.51,-7.991831350999999,-0.54878,-1.2210259915,-209.63416,6.923985232499999,30.79268,10.644333906573163,211.88433481495605
3.515,-8.1929657425,-2.7439,-0.8283677254999999,-209.51221,6.991062718499999,28.47561,10.80212195267343,211.45627323672903
3.519,-8.2839714545,-5.4878,-0.4549304935,-209.20732,6.9767450095,27.19512,10.84002378874097,211.03884297028546
3.525,-8.3892948755,-8.59756,-0.153179873,-208.41464,7.019796202999999,27.07317,10.939893569557066,210.34147650459263
3.53,-8.427638877,-11.58537,0.0765899365,-207.07318,7.005478493999999,27.92683,10.959365492098135,209.26879965058862
3.535,-8.4467618445,-13.78049,0.2346731345,-205.30489,7.010185686,29.87805,10.979324227381044,207.92474031330352
3.54,-8.5616957825,-15.12195,0.33999655549999996,-203.04878,7.091580881,32.43903,11.122443603884664,206.17897831406526
3.545,-8.6191627515,-15.54878,0.5075922039999999,-200.7317,7.091580881,35.67073,11.173098754337193,204.46853284334804
3.55,-8.671824461999998,-15.18293,0.627233334,-198.47562,7.110801915,39.57317,11.231984020171591,202.9510504570454
3.555,-8.695752687999999,-14.08537,0.7948289824999999,-195.79269,7.19219711,44.02439,11.312628659660563,201.1748543440385
3.56,-8.729291431,-12.56098,0.9672298894999999,-192.92683,7.240053562,48.96342,11.382198299410405,199.4391046171881
3.565,-8.848932561,-10.91463,1.1587537639999999,-190.12195,7.3501822415,54.20732,11.561639016072597,197.99979434691795
3.57,-8.983087532999999,-9.20732,1.4030374155,-187.13416,7.460310921,59.87805,11.760978473444494,196.6960839780256
3.575,-9.11233918,-8.04878,1.5897560314999999,-184.08537,7.5465113745,65.67073,11.937834120832454,195.61403601546132
3.58,-9.308668312999998,-7.19512,1.7812799059999997,-180.97562,7.733229990499999,71.64634,12.232216068682657,194.7745949080485
3.585,-9.5001921875,-6.76829,1.9728037804999998,-177.86586,7.728522798499999,77.7439,12.404663276474915,194.23230393081812
3.59,-9.576782124,-7.13415,2.0302707494999996,-174.32927,7.6614453125,83.59756,12.431190588325379,193.46871197407864
3.595,-10.160964264499999,-7.68293,1.9584860714999999,-170.06097,7.536900857499999,89.81708,12.801786477382356,192.47563167957705
3.6,-11.391600773,-8.59756,1.733423454,-164.51219,7.7715739919999995,95.2439,13.898585804153685,190.2881477753139
3.604,-11.147415187999998,-9.69512,1.6568335174999997,-162.01219,8.9015942715,100.18293,14.36134893569424,190.731655798914
3.61,-11.7076691025,-11.28049,1.59456129,-161.58537,8.513741264,104.93903,14.563513718589205,193.0007286774273
3.6149999999999998,-11.865654233999999,-13.41463,1.4412833504999998,-159.51219,8.360561391,108.96342,14.586638916143446,193.64172575849813
3.62,-12.0811063345,-16.40244,1.5993665485,-157.13416,8.810686625999999,113.53659,15.037928795001394,194.55267036380485
3.625,-12.219968498499998,-18.65854,1.8435521334999998,-156.5244,9.1171444385,118.59756,15.357364268836506,197.2648223790679
3.63,-13.216029939,-20.79268,1.8291363579999997,-156.5244,8.930327755999999,123.59756,16.054903954688914,200.52077242743707
3.635,-13.934268985,-23.65854,1.5322890624999999,-155.18294,8.638285718999999,127.62196,16.466078527702624,202.30876416066803
3.64,-14.50403535,-26.46342,1.1635590225,-153.65854,9.160195631999999,131.34146,17.193897029161324,203.86720831943424
3.644,-14.920621842,-28.29268,0.8906399529999999,-154.57318,9.3709405405,134.63416,17.641789089869363,206.92921677665626
3.65,-15.1217562335,-30.12195,0.588987399,-155.97562,9.136267406,137.13416,17.67726788436253,209.86067698616742
3.655,-15.255813138999999,-32.2561,0.359119523,-157.07318,8.925620563999999,138.59756,17.678673700715912,211.9474545741845
3.66,-15.389968110999998,-35.30488,0.1436674225,-158.17073,8.6430909775,138.78049,17.65148096991373,213.36456778290858
3.665,-15.5814919855,-38.96342,-0.08139519499999999,-158.84146,8.269555679,137.80489,17.640155010658237,213.86665289600458
3.67,-15.787333569,-43.35366,-0.287334845,-159.14635,7.738035248999999,135.48781,17.58407381828204,213.45736626388467
3.675,-15.777821118499999,-48.47561,-0.5267151715,-158.96342,7.086873688999999,131.82927,17.304359184989003,212.1278154596926
3.68,-15.61022547,-53.29268,-0.8906399529999999,-157.86586,6.3685365765,126.64635,16.88285037771569,209.2869739459303
3.685,-15.3276958835,-57.31707,-1.3455704465,-155.60976,5.588025302999999,120.18293,16.369937315412216,204.80131978097063
3.69,-14.839226646999998,-60.06098,-1.766962197,-152.19513,4.8075140295,112.43903,15.69831182103672,198.52761616867866
3.695,-14.269460281999999,-60.73171,-2.241015658,-147.43903,4.1945984045,103.90244,15.041087184575808,190.32163619730312
3.7,-13.85287379,-59.7561,-2.6192581484999997,-141.40244,3.7780119125,94.39024,14.59575278980651,180.20809896456154
3.705,-13.402748554999999,-57.07317,-2.925715961,-134.7561,3.4955803924999995,84.02439,14.1567144844217,168.75026321736806
3.71,-12.9478180615,-51.7683,-3.1843173215,-128.04878,3.18912258,73.10976,13.709718165884242,156.27374684071538
3.715,-12.416297631499999,-44.2683,-3.4763593585,-120.79269,2.9113982519999997,61.95122,13.21838723313747,142.78833986644182
3.72,-12.105132627,-34.69512,-3.8020382049999997,-113.04878,2.6958480849999997,50.97561,12.971404215694525,128.77224400535582
3.725,-12.306168951999998,-22.98781,-4.1324242435,-105.36586,2.7341920865,40.36586,13.266293030432974,115.15123323558154
3.729,-12.306168951999998,-22.98781,-4.1324242435,-105.36586,2.7341920865,40.36586,13.266293030432974,115.15123323558154
3.735,-12.741976478,3.41463,-4.4628102819999995,-93.23171,2.542668212,18.65854,13.738260509079943,95.1417498393455
3.7399999999999998,-12.670093733499998,16.52439,-4.553815994,-88.35366,2.3990007894999996,7.86585,13.67566159682623,90.22913219404363
3.745,-12.617432023000001,29.63415,-4.8267350635,-83.84147,2.2936773684999996,-2.68293,13.702478538535113,88.9650102645321
3.75,-12.6126267645,42.31707,-5.056504873,-79.5122,2.1787434305,-12.98781,13.762031767409978,91.00333823998437
3.755,-12.62704254,54.20732,-5.166731618999999,-75.0,2.044686525,-23.41463,13.795581246009919,95.45511217121532
3.76,-12.62704254,54.20732,-5.166731618999999,-75.0,2.044686525,-23.41463,13.795581246009919,95.45511217121532
3.765,-12.607821505999999,63.59756,-5.1044593915,-70.73171,1.8291363579999997,-34.02439,13.724372795242271,101.02120347902118
3.769,-12.445031116,69.57317,-4.8985197414999995,-66.58537,1.5466067714999998,-44.69512,13.463516912074759,106.16822139275104
3.775,-12.176917305,71.09756,-4.175475436999999,-57.13415,1.0678461184999999,-66.21951,12.917128377104344,112.71289916782462
3.78,-12.210456048,67.5,-3.8786281414999997,-51.46342,0.9720351479999999,-76.95122,12.848495845394622,114.56973360178857
3.785,-12.196040272499998,62.0122,-3.629637298,-45.91463,0.8331729839999998,-87.62196,12.751934851807471,116.7530473740129
3.79,-12.196040272499998,62.0122,-3.629637298,-45.91463,0.8331729839999998,-87.62196,12.751934851807471,116.7530473740129
3.795,-12.085911593,55.73171,-3.4859698755,-39.87805,0.646454368,-98.10976,12.595203382899841,119.67375392534572
3.8,-11.760330813,48.47561,-3.284835484,-32.9878,0.6751878524999999,-108.17073,12.229121130494468,123.04058900397463
3.805,-11.468190709499998,41.40244,-3.131655611,-24.93903,0.7469725305,-117.80488,11.91153361144951,127.33462611210236
3.81,-11.257543867499999,36.28049,-3.270517775,-17.62195,0.8571012100000001,-126.40244,11.754284449912774,132.68151308451453
3.815,-12.4402258575,-20.4878,6.928790490999999,23.23171,-4.965597227499999,-147.98781,15.08060054770828,151.19475588445584
3.82,-11.286277351999999,-86.82927,0.29684729549999994,70.73171,-1.6376124834999999,-152.01219,11.408328073351889,188.81208339736392
3.825,-11.286277351999999,-86.82927,0.29684729549999994,70.73171,-1.6376124834999999,-152.01219,11.408328073351889,188.81208339736392
3.83,-2.1739381719999997,-106.28049,-5.286372749,77.37805,-1.4605043845,-154.81708,5.899560752648645,203.10399660314172
3.835,-0.6991160785,-72.37805,-7.0820684305,94.87805,-1.0198915999999998,-139.14635,7.189202697187812,183.30884651845776
3.84,-4.754852319,-11.76829,-7.3119363065,117.86586,5.8801654065,-103.35366,10.519000823919155,157.2031572153031
3.845,0.2825295865,29.26829,-0.9672298894999999,118.59756,13.101096000999998,-66.7683,13.139789688340075,139.21213999636564
3.85,-1.7716693889999997,38.47561,5.492312398999999,118.78049,15.978857443499997,-33.29268,16.989060983816145,129.21911588884439
3.854,-5.310300975,19.57317,9.9742456485,116.28049,16.395542002,-16.40244,19.91227436133435,119.05167523576726
3.86,-4.5633284445,-8.84146,10.740341146499999,103.29269,14.063520632,-22.07317,18.274613730590133,105.99422652303568
3.8649999999999998,-7.043724429,-29.69512,7.5943678265,99.02439,12.397174664,-37.31707,16.154826404687647,109.90993440117866
3.87,-15.207956687,-70.2439,9.021333468,94.87805,19.220641733999997,-50.67073,26.11703415017309,128.46623189673386
3.875,-12.3541234705,-122.68293,13.15856297,71.21951,20.173553914499998,-56.15854,27.069252366865477,152.5683503645386
3.88,-15.945416767,-76.40244,1.355082897,42.5,12.148183820499998,-31.76829,20.091563793486173,93.02046596033423
3.885,-14.987699327999998,-23.59756,-7.709301764499999,23.47561,9.7779165155,-7.37805,19.485176833345445,34.093763720484134
3.89,-7.7715739919999995,-16.76829,-7.852969187,12.80488,12.4929856345,-8.47561,16.67756509293025,22.737116488477604
3.894,-5.664713306,-9.81707,-7.2591765295,1.82927,14.068325890499999,-3.17073,16.813756691677494,10.47733844307322
3.9,-2.61445289,-4.87805,-3.8498946569999997,-5.73171,11.985393430499999,-2.9878,12.857165646747303,8.097828114167402
3.905,-2.327118045,-3.23171,1.283298219,-2.2561,9.509802704499998,-2.62195,9.874141997802578,4.733767900584058
3.91,-3.294446001,-2.56098,3.4476258739999994,2.19512,8.686142170999998,-0.42683,9.909014301907316,3.399905031570735
3.915,-3.8354788815,-2.56098,1.5226785454999998,3.59756,8.667019203499999,1.70732,9.599305708080987,4.734553632223422
3.92,-4.0366132729999995,-1.95122,-1.527483804,2.07317,9.356524765,2.62195,10.303980258390462,3.8703895333415734
3.925,-4.012685047,-1.89024,-2.7724380215,-0.54878,9.758793548,1.89024,10.909725266108339,2.7289510812031788
3.93,-3.7397659775,-3.17073,-1.5658278055,-2.43902,9.356524765,0.97561,10.197167349857596,4.117543219615309
3.935,-3.5482421029999998,-4.39024,0.26340661899999995,-3.10976,8.8298095935,0.4878,9.51971336364176,5.402107306894227
3.94,-3.5195086184999997,-4.69512,1.0246968585,-3.17073,8.6909474295,0.4878,9.43236512174164,5.6864425950940545
3.945,-3.529021069,-3.90244,0.42619700899999996,-3.17073,8.8058813675,0.54878,9.496271913462152,5.058035802057948
3.95,-3.643955007,-3.17073,-0.73746008,-3.17073,9.073995178499999,0.67073,9.80610238382586,4.533975760709358
3.955,-3.7349607189999996,-2.80488,-1.0630408599999999,-3.10976,9.145877922999999,0.54878,9.936149678065508,4.223638071662864
3.96,-3.5673650704999997,-2.7439,-0.46924820249999993,-3.10976,9.136267406,0.42683,9.819249947715504,4.1691459936658495
3.965,-3.6104162639999995,-1.52439,-0.26340661899999995,-2.62195,9.1314621475,1.21951,9.822835109962604,3.2688822729948535
3.97,-3.6487602655,-0.54878,-0.612915625,-2.2561,9.1410726645,1.58537,9.861456611278573,2.811502220397487
3.975,-3.6487602655,-0.2439,-0.9193734375,-2.0122,9.203344891999999,1.52439,9.942849500710281,2.536178408964953
3.979,-3.596098555,0.06098,-0.90025047,-1.95122,9.217662600999999,1.58537,9.935173856147781,2.514831224098349
3.985,-3.5195086184999997,0.42683,-0.5698644315,-1.03659,9.217662600999999,1.28049,9.883167013253326,1.701868771997418
3.9899999999999998,-3.5769755874999998,1.70732,-0.4931764285,0.06098,9.193734375,1.03659,9.877384729838948,1.9982940151289048
3.9949999999999997,-3.6248320394999998,3.47561,-0.521909913,0.73171,9.217662600999999,0.91463,9.91852313087727,3.667671254774615
3.9999999999999996,-3.6248320394999998,4.87805,-0.6512596264999999,1.09756,9.184123858,0.85366,9.89503296885763,5.07235104775882
4.005000000000001,-3.5912932964999995,5.91463,-0.7421672719999999,1.21951,9.0979234045,0.97561,9.809200277049227,6.117341542622906
4.010000000000001,-3.605709072,6.09756,-0.7039213369999999,1.28049,9.0979234045,1.34146,9.81166924813183,6.373335667082034
4.015000000000001,-3.5912932964999995,6.15854,-0.6416491095,1.34146,9.064482728,1.58537,9.771077128311816,6.499271336088378
4.019,-3.4955803924999995,6.15854,-0.6177208835,1.40244,9.045261693999999,1.95122,9.71686268727135,6.610727068454725
4.025,-3.4620416494999997,5.97561,-0.5123974625,1.58537,9.011821017499999,2.19512,9.667533376922153,6.56047747678475
4.03,-3.399769422,5.97561,-0.36873004,1.70732,8.930327755999999,2.56098,9.562695634325532,6.721716671721592
4.035,-3.366230679,6.09756,-0.38304774899999994,1.95122,8.892081821,2.62195,9.515637323564484,6.918245387704891
4.04,-3.4045746804999997,5.67073,-0.41178123349999995,2.37805,8.983087532999999,2.56098,9.615433124144978,6.661149982983418
4.045000000000001,-3.390158905,5.54878,-0.3303860385,2.7439,9.002210500499999,2.5,9.62507798570479,6.675922909860478
4.050000000000001,-3.4428206154999996,5.91463,-0.29684729549999994,3.35366,8.94954879,2.56098,9.593516334063747,7.265569626182106
4.055000000000001,-3.481164617,6.28049,-0.2393803265,3.59756,8.94954879,2.7439,9.605739616289755,7.740541312059513
4.0600000000000005,-3.4045746804999997,7.0122,-0.20113439149999998,3.96341,9.040554501999999,2.80488,9.662463945711684,8.529180469570333
4.065,-3.4045746804999997,7.80488,-0.32558077999999996,4.57317,9.078800437,3.23171,9.701636407033531,9.605934893980908
4.07,-3.4620416494999997,8.17073,-0.588987399,5.4878,9.0836056955,3.47561,9.738815686230717,10.438229852086991
4.075,-3.4620416494999997,8.10976,-0.636843851,6.40244,9.121949697,3.47561,9.777590129885153,10.901344416323154
4.08,-3.653565524,7.92683,-0.751777789,6.64634,9.169806149,3.47561,9.899447241762205,10.912760151153329
4.085000000000001,-3.6966167175,7.62195,-0.8715169855,6.40244,8.9208153055,3.47561,9.695641429372197,10.543492050938342
4.090000000000001,-3.5482421029999998,6.58537,-0.541130947,5.97561,8.94954879,3.47561,9.642472103557958,9.54750636454881
4.095000000000001,-3.505092843,5.91463,-0.4165864919999999,5.91463,8.963866499,2.92683,9.633801054374187,8.861829942099995
4.1000000000000005,-3.552949295,5.73171,-0.42619700899999996,6.09756,8.925620563999999,2.56098,9.616225612776626,8.751648761124958
4.104,-3.605709072,5.18293,-0.46924820249999993,6.09756,8.896887079499999,2.2561,9.611239852007992,8.314624979426313
4.11,-3.6344425565,4.81707,-0.474053461,5.67073,8.9208153055,2.19512,9.644420412613055,7.757570104884648
4.115,-3.6104162639999995,4.26829,-0.5027869455,5.30488,8.896887079499999,2.13415,9.614702284381714,7.135450060157383
4.12,-3.620026781,3.78049,-0.545838139,5.06098,8.930327755999999,1.95122,9.651595049458312,6.6115718773148044
4.125,-3.5816827795,3.23171,-0.49798168699999995,4.93902,8.868153594999999,1.58537,9.577086481705468,6.111568221119683
4.130000000000001,-3.6391497484999995,2.5,-0.4931764285,4.7561,8.8729588535,1.58537,9.602917926210743,5.602132205410722
4.135000000000001,-3.67749375,2.2561,-0.5123974625,4.5122,8.94954879,1.28049,9.689217459911609,5.204766151336677
4.140000000000001,-3.629637298,1.76829,-0.4931764285,4.02439,8.925620563999999,0.91463,9.648014943871118,4.489890024610848
4.144,-3.620026781,1.03659,-0.521909913,3.78049,8.9351330145,0.60976,9.654718320036723,3.9671691072854456
4.15,-3.6487602655,0.42683,-0.5315204299999999,3.84146,8.925620563999999,0.18293,9.657259854384092,3.869426593876669
4.155,-3.7062272344999996,-0.2439,-0.6847003029999998,3.29268,8.892081821,-0.36585,9.657849342893918,3.321908339328465
4.16,-3.6726884914999998,-1.52439,-0.5841821405,2.37805,8.801076109,-1.21951,9.554519883557012,3.076701369112706
4.165,-3.4428206154999996,-2.9878,-0.028733484499999996,1.46341,8.753219657,-1.82927,9.405992439255654,3.796675703954711
4.170000000000001,-3.4188923895,-3.29268,-0.17720616549999998,1.40244,8.743609139999998,-2.0122,9.389937592399843,4.10579205221112
4.175000000000001,-3.629637298,-3.47561,-0.5027869455,1.70732,8.9208153055,-2.13415,9.644065913422669,4.42147064640262
4.180000000000001,-3.5625598119999995,-4.08537,-0.33999655549999996,1.40244,8.9208153055,-2.2561,9.611887212544287,4.87309687985987
4.1850000000000005,-3.4955803924999995,-4.26829,-0.40226878299999996,1.64634,8.8298095935,-2.0122,9.505074429570312,4.997767877733019
4.19,-3.596098555,-4.57317,-0.46444294399999997,2.0122,8.8537378195,-1.95122,9.567460762498536,5.363775925344011
4.195,-3.629637298,-4.81707,-0.483663978,1.89024,8.848932561,-1.95122,9.576628071914119,5.530319170798373
4.2,-3.6344425565,-5.18293,-0.49798168699999995,1.82927,8.8729588535,-2.07317,9.601383091669119,5.874268121791855
4.205,-3.6344425565,-5.4878,-0.5123974625,1.64634,8.868153594999999,-1.82927,9.597701393593473,6.0143672126417425
4.210000000000001,-3.643955007,-5.60976,-0.541130947,1.64634,8.868153594999999,-1.82927,9.602883888673906,6.12585270685641
4.215000000000001,-3.653565524,-6.15854,-0.5363256885,1.46341,8.8298095935,-1.76829,9.5708789429065,6.57236892480938
4.220000000000001,-3.663176041,-6.76829,-0.565059173,0.97561,8.858543078,-1.70732,9.602704621153855,7.0481562112796565
4.2250000000000005,-3.663176041,-7.56098,-0.5841821405,0.54878,8.844225369,-1.95122,9.590643870893068,7.82795232083078
4.229,-3.6487602655,-8.53659,-0.6512596264999999,-0.12195,8.848932561,-2.37805,9.593810402823612,8.862469319162692
4.235,-3.67749375,-10.06098,-0.7660954979999999,-1.03659,8.858543078,-2.80488,9.622091667518381,10.495960613631322
4.24,-3.7636942035,-12.07317,-0.809244758,-2.5,8.777147883,-3.47561,9.584289024015362,12.809812595077258
4.245,-3.7253502019999996,-14.69512,-0.7660954979999999,-4.39024,8.733998623,-4.45122,9.526167560260694,15.96978768050471
4.25,-3.653565524,-17.37805,-0.5363256885,-5.91463,8.8201990765,-5.54878,9.562013283372798,19.177289415550888
4.255000000000001,-3.5195086184999997,-19.08537,-0.20593965,-7.5,8.9351330145,-6.15854,9.605516854492826,21.410954275055094
4.260000000000001,-3.5769755874999998,-18.90244,-0.043051193499999994,-8.71951,8.963866499,-6.28049,9.651295787132796,21.743427679043613
4.265000000000001,-3.605709072,-17.62195,-0.26340661899999995,-9.14634,9.030943985,-5.97561,9.727716598413206,20.73394733450917
4.269,-3.5434368444999995,-15.54878,-0.3064578125,-9.14634,9.1553903735,-5.18293,9.821966908566678,18.76919972372024
4.275,-3.4859698755,-12.92683,-0.5123974625,-8.29268,9.2224678595,-3.47561,9.87261113140695,15.746470725321279
4.28,-3.552949295,-10.67073,-1.0630408599999999,-6.58537,9.1553903735,-2.37805,9.877989545147686,12.76270733709349
4.285,-3.596098555,-9.7561,-0.7996342409999999,-5.18293,9.136267406,-2.0122,9.851026436396905,11.229122825710832
4.29,-3.505092843,-8.41463,-0.5937926575,-4.20732,9.1075339215,-1.15854,9.776780640344954,9.478911042461576
4.295000000000001,-3.5434368444999995,-7.13415,-0.6320385924999999,-3.10976,9.064482728,-0.42683,9.752961836261834,7.7941572558551835
4.300000000000001,-3.5434368444999995,-6.64634,-0.660772077,-2.5,9.073995178499999,0.0,9.763705900330276,7.100974256790402
4.305000000000001,-3.4763593585,-6.15854,-0.565059173,-2.2561,9.0932162125,0.12195,9.751458729118163,6.559914172007131
4.3100000000000005,-3.4476258739999994,-5.67073,-0.5363256885,-1.95122,9.007015759,0.2439,9.659197808001117,6.0019934547865015
4.315,-3.4285029064999994,-4.93902,-0.588987399,-1.40244,9.0836056955,0.4878,9.726943547043941,5.157393271217544
4.32,-3.4715540999999996,-4.57317,-0.5841821405,-0.60976,9.088410954,0.30488,9.746392681976916,4.623704458645687
4.325,-3.4620416494999997,-4.32927,-0.5315204299999999,-0.30488,9.06918992,0.30488,9.722060077751507,4.3506875734416965
4.33,-3.4524311324999997,-3.84146,-0.483663978,0.18293,9.064482728,0.18293,9.711748488015962,3.850161256544977
4.335000000000001,-3.4428206154999996,-3.23171,-0.5315204299999999,0.4878,9.078800437,-0.06098,9.724204087373453,3.2688861902030175
4.340000000000001,-3.5002875845,-2.92683,-0.5985979159999999,1.09756,9.054872211,-0.4878,9.726306770649607,3.163687823174088
4.345000000000001,-3.552949295,-2.80488,-0.69431082,1.64634,9.0357492435,-0.79268,9.733975580358772,3.3475556444068255
4.3500000000000005,-3.5195086184999997,-2.5,-0.636843851,2.19512,9.0932162125,-1.09756,9.771340342733188,3.503311257653251
4.354,-3.481164617,-2.0122,-0.612915625,2.56098,8.997405242,-1.34146,9.666823353242313,3.5223688523492256
4.36,-3.5338263275,-1.89024,-0.588987399,3.10976,8.9925999835,-1.76829,9.679963281560376,4.046043010065513
4.365,-3.5577545534999997,-1.58537,-0.6081103664999999,3.53659,9.016528209499999,-2.13415,9.712115970966574,4.424416694605064
4.37,-3.5002875845,-1.21951,-0.6033051079999999,4.14634,9.011821017499999,-2.13415,9.686532314455905,4.82015936024941
4.375,-3.4715540999999996,-1.15854,-0.5698644315,4.87805,9.0261387265,-2.19512,9.687497801266263,5.473220126077518
4.380000000000001,-3.5002875845,-0.67073,-0.6033051079999999,5.54878,9.050066952499998,-2.37805,9.722124360049934,6.07403984377778
4.385000000000001,-3.5195086184999997,-0.60976,-0.627233334,6.34146,9.030943985,-2.5,9.71279114524678,6.843677533987117
4.390000000000001,-3.4428206154999996,-0.42683,-0.627233334,7.07317,9.06918992,-2.56098,9.720938290660122,7.534622502700451
4.394,-3.4428206154999996,-0.42683,-0.627233334,7.07317,9.06918992,-2.56098,9.720938290660122,7.534622502700451
4.4,-3.596098555,0.4878,-0.6416491095,9.20732,9.054872211,-2.43902,9.76393102979201,9.537374323303032
4.405,-3.5721703289999995,0.97561,-0.660772077,10.12195,9.064482728,-2.62195,9.765340123279945,10.501443161637358
4.41,-3.5816827795,1.03659,-0.612915625,10.79268,9.073995178499999,-2.56098,9.77453352318039,11.14069472568475
4.415,-3.5338263275,1.15854,-0.6751878524999999,11.52439,9.0932162125,-2.56098,9.779079109832814,11.862225691837937
4.420000000000001,-3.6248320394999998,1.34146,-0.6655773355,12.2561,9.045261693999999,-2.68293,9.76724933730376,12.617829271570447
4.425000000000001,-3.67749375,1.46341,-0.6655773355,12.92683,9.002210500499999,-2.68293,9.747140471242465,13.283170407018801
4.430000000000001,-3.67749375,1.46341,-0.6655773355,12.92683,9.002210500499999,-2.68293,9.747140471242465,13.283170407018801
4.4350000000000005,-3.6152215224999997,1.46341,-0.6655773355,13.47561,8.954354048499999,-2.86585,9.679528721594188,13.85448410886165
4.44,-3.7110324929999994,1.70732,-0.718239046,14.45122,9.045261693999999,-2.86585,9.803284582436874,14.83124395636792
4.445,-3.5912932964999995,1.46341,-0.612915625,15.0,9.050066952499998,-2.92683,9.755857981212497,15.352781594128146
4.45,-3.6009038135,1.40244,-0.6177208835,16.09756,8.9686717575,-3.10976,9.684273873542043,16.45505646191468
4.455,-3.667883233,1.46341,-0.646454368,16.95122,8.973477015999999,-3.23171,9.715686307076256,17.318469269557283
4.460000000000001,-3.667883233,1.46341,-0.646454368,16.95122,8.973477015999999,-3.23171,9.715686307076256,17.318469269557283
4.465000000000001,-3.67749375,1.34146,-0.6751878524999999,17.5,9.016528209499999,-3.17073,9.761025554221334,17.835443466998516
4.470000000000001,-3.6391497484999995,1.28049,-0.6512596264999999,18.17073,9.007015759,-3.04878,9.736215017962106,18.46916735701423
4.4750000000000005,-3.6583707824999996,1.28049,-0.6895055615,19.20732,9.054872211,-2.9878,9.790291387856088,19.480445196722275
4.479,-3.6583707824999996,0.97561,-0.6751878524999999,20.18293,9.040554501999999,-2.80488,9.776051407498105,20.400240931699802
4.485,-3.5721703289999995,0.85366,-0.9433016634999999,23.29268,9.073995178499999,-2.07317,9.797326542847854,23.4003356990215
4.49,-3.5721703289999995,0.85366,-0.9433016634999999,23.29268,9.073995178499999,-2.07317,9.797326542847854,23.4003356990215
4.495,-3.366230679,2.31707,-1.1587537639999999,25.30488,9.203344891999999,-2.13415,9.867916521278818,25.500203164324006
4.5,-3.2464914824999997,3.96341,-0.38304774899999994,28.23171,8.939938273,-2.80488,9.51887224670072,28.646211270717806
4.505000000000001,-3.6391497484999995,3.84146,-0.5171046545,31.15854,8.892081821,-2.68293,9.621846352289765,31.50888038709246
4.510000000000001,-3.7205449434999998,4.57317,-1.0007686325,32.62195,8.954354048499999,-2.62195,9.748048469221297,33.04512259704751
4.515000000000001,-3.6966167175,4.57317,-0.6416491095,34.08537,8.892081821,-2.62195,9.651207584918133,34.49059224902205
4.519,-3.7588889449999994,4.45122,-0.761388306,35.85366,8.882471304,-2.13415,9.675084222875798,36.191889852652075
4.525,-3.6248320394999998,4.39024,-0.7326548214999999,37.62195,8.9015942715,-2.0122,9.639220454811403,37.93065090266841
4.53,-3.6966167175,4.26829,-0.6416491095,39.81707,8.892081821,-1.89024,9.651207584918133,40.08977887400478
4.535,-3.8402841399999996,4.14634,-0.636843851,41.89024,8.834614852,-1.95122,9.654210063473398,42.14014240770432
4.54,-3.7062272344999996,5.30488,-0.775706015,43.84146,9.06918992,-1.64634,9.827921750832488,44.19192010019026
4.545000000000001,-3.481164617,7.2561,-0.6416491095,46.34146,8.94954879,-1.82927,9.62416979354403,46.94175253305419
4.550000000000001,-3.6487602655,7.5,-0.44051471799999997,49.63415,8.896887079499999,-1.95122,9.626115748173833,50.2355064243499
4.555000000000001,-3.7876224295,7.86585,-0.7087265955,52.7439,9.007015759,-1.82927,9.796668308077743,53.35856831067902
4.5600000000000005,-3.792427688,8.59756,-0.6895055615,55.54878,8.9015942715,-2.07317,9.700325059628161,56.248404699963714
4.565,-3.8546999154999995,9.14634,-0.6559668185,58.71951,8.868153594999999,-1.95122,9.69191168397856,59.45959678238745
4.57,-3.9025563675,9.7561,-0.7326548214999999,61.95122,8.9351330145,-1.64634,9.777695601510095,62.7363178876
4.575,-3.830673623,10.12195,-0.7230443045,65.18293,8.90639953,-1.46341,9.722181136977548,65.9803743852329
4.58,-4.0892749835,10.79268,-0.8235624669999999,69.02439,8.868153594999999,-1.21951,9.800233324377611,69.8737115165253
4.585000000000001,-4.108496017499999,11.46342,-0.761388306,72.56097,8.882471304,-0.91463,9.816198253127855,73.46659726347886
4.590000000000001,-4.1802806955,11.70732,-0.7805112734999999,76.15854,8.90639953,-0.54878,9.869543916980904,77.05508235024085
4.595000000000001,-4.151547211,12.43902,-0.8331729839999998,79.32927,8.848932561,-0.2439,9.809848568431388,80.29895257413573
4.6000000000000005,-4.1898912125,13.90244,-0.8763222439999999,83.10976,8.8776660455,0.12195,9.855763971572042,84.26461248361437
4.604,-4.161157727999999,14.87805,-0.7421672719999999,87.37805,8.939938273,0.54878,9.888808938490632,88.63735754800794
4.61,-4.16586492,15.73171,-0.6799931109999999,91.89024,8.8633483365,0.60976,9.817115915421972,93.22915163209038
4.615,-4.2712864075,15.97561,-0.5841821405,96.7683,8.930327755999999,0.2439,9.916446449094423,98.07845577379416
4.62,-4.223331889,16.34146,-0.43570945949999995,101.58537,8.973477015999999,-0.42683,9.927218378499706,102.89223924484003
4.625,-4.242552923,17.19512,-0.450125235,106.64635,8.8776660455,-1.09756,9.8496102687905,108.02925880561479
4.630000000000001,-4.2377476645,17.86585,-0.5363256885,112.37805,8.94954879,-1.95122,9.916681605089005,113.80607179546001
4.635000000000001,-4.300019892,18.10976,-0.545838139,118.59756,8.9208153055,-2.7439,9.918117566374464,120.00364007987925
4.640000000000001,-4.2520653735,17.13415,-0.4931764285,125.42683,9.021333468,-3.59756,9.985376330965329,126.64284905996469
4.644,-4.3862203455,16.21951,-0.5267151715,132.68292,9.0596774695,-4.63415,10.079390539240572,133.7509069523979
4.65,-4.2520653735,15.06098,-0.36392478149999996,140.91464,9.06918992,-6.21951,10.023108649123639,141.85362593014707
4.655,-4.1945984045,12.86585,-0.148472681,149.93903,9.11233918,-8.47561,10.032518389885977,150.72849358510652
4.66,-4.20901418,10.12195,-0.047856451999999994,159.69513,9.1410726645,-11.46342,10.063662358461169,160.4256787911954
4.665,-4.1324242435,6.15854,-0.1005181625,170.18294,9.121949697,-15.18293,10.014839005388819,170.96982788012656
4.670000000000001,-4.371804569999999,2.68293,-0.10532342099999999,181.82927,9.007015759,-18.96342,10.012497246149852,182.83515209120537
4.675000000000001,-4.2856041165,-1.64634,-0.12454445499999998,194.57318,9.064482728,-23.47561,10.027300787891193,195.99116581004387
4.680000000000001,-4.3478763439999994,-7.80488,0.1579851315,208.35367,9.073995178499999,-28.41463,10.06311962086962,210.42708749664385
4.6850000000000005,-4.5585231859999995,-14.02439,0.0383440015,223.59756,8.939938273,-32.9878,10.03514325880806,226.45252769988173
4.69,-4.864980998499999,-20.85366,0.1579851315,240.24391,8.623869943499999,-37.9878,9.902733573107165,244.1210445175174
4.695,-4.965597227499999,-28.65854,0.5937926575,259.02438,8.5616957825,-43.04878,9.915259967239127,264.13659119630586
4.7,-5.291178007499999,-33.41463,0.8858346944999999,276.21951,8.7580249155,-48.35366,10.270553453127555,282.4036678906147
4.705,-6.4020753195,-34.7561,0.6991160785,291.40244,8.8298095935,-52.80488,10.928900637540488,298.18068998004884
4.710000000000001,-7.331059273999999,-36.28049,0.40226878299999996,306.70734,8.868153594999999,-56.58537,11.513053393309226,313.9865768827588
4.715000000000001,-8.671824461999998,-37.2561,0.38304774899999994,320.73172,9.232078376499999,-60.48781,12.671958657902668,328.5051420601578
4.720000000000001,-11.080337702,-35.85366,0.17720616549999998,332.98782,10.280703461,-61.95122,15.116155240949043,340.5940793132441
4.7250000000000005,-13.7235240765,-31.40244,0.5745716235,337.92685,12.741976478,-60.06098,18.735613419226816,344.6563368160181
4.729,-14.6669238065,-22.62195,-0.019122967499999997,332.2561,13.8480685315,-54.93903,20.171465531455144,337.5265406251091
4.735,-14.298193766499999,-10.2439,-0.6225261419999999,321.89026,13.1776859375,-49.14634,19.454492808840794,325.78158282117977
4.74,-13.6995958505,6.21951,-0.8763222439999999,312.98782,12.607821505999999,-41.34146,18.63877759590264,315.76759505675074
4.745,-13.148952452999998,24.26829,-1.5993665485,305.73172,11.750720295999999,-35.42683,17.70684476247933,308.73272388512913
4.75,-11.477801226499999,38.04878,-1.072651377,301.03659,10.251969976499998,-30.06098,15.427034399737439,304.9170390399279
4.755000000000001,-9.998173874499999,51.95122,-0.40226878299999996,301.34146,9.596003157999998,-23.10976,13.863930813692651,306.6588752697003
4.760000000000001,-9.562464414999999,63.71951,-0.2346731345,304.51221,9.9024609705,-18.10976,13.767880390258812,311.63412104739393
4.765000000000001,-10.0795690695,70.0,0.8571012100000001,306.52438,10.7595621805,-17.56098,14.76822648211526,314.90567405644634
4.769,-11.856043716999999,64.5122,1.5418995795,305.67075,11.7555255545,-22.86585,16.76709897373961,313.2399694333802
4.775,-12.804150639,54.02439,2.4803959845,297.98782,13.1633682285,-29.20732,18.530323821919872,304.2506255125976
4.78,-13.939074243499999,44.32927,1.2641752515,283.84146,15.07870504,-36.82927,20.573363252410424,289.6333090692391
4.785,-14.7865649365,30.12195,-0.023928225999999997,263.41464,14.2885832495,-47.62195,20.56226365114558,269.3741905972705
4.79,-13.474533232999999,14.26829,0.565059173,247.68294,10.8170291495,-58.10976,17.28844866774765,254.8080985248022
4.795000000000001,-11.262349125999998,5.18293,0.751777789,243.65854,8.628675202,-64.93903,14.207734281776121,252.21701864794412
4.800000000000001,-9.543243381,-0.06098,0.9816456649999998,246.09756,8.21208871,-70.12196,12.628361866114032,255.89275493994666
4.805000000000001,-7.6471276034999995,-0.54878,1.292908736,247.43903,9.524120413499999,-72.92683,12.28246893888538,257.9625888780739
4.8100000000000005,-6.105228024,2.56098,1.398232157,245.24391,10.888813827499998,-73.47561,12.561653114135057,256.0269502914109
4.815,-6.325485383,6.89024,1.1731695395,241.64635,11.999711139499999,-73.29269,13.615475002011411,252.61087126847136
4.82,-6.071689281,11.89024,1.120507829,233.47562,12.74668367,-72.92683,14.163293864878511,244.88888393614542
4.825,-5.037381905499999,17.19512,1.0486250844999998,219.63416,12.315779468999999,-71.95122,13.347406300804037,231.75809468108855
4.83,-3.5577545534999997,17.62195,1.5610225469999999,202.01221,10.687679435999998,-70.60976,11.371934777419785,214.72122465686573
4.835000000000001,-0.2825295865,13.23171,1.9010191024999998,185.0,9.193734375,-70.73171,9.392467639197614,198.50202253137925
4.840000000000001,-0.2393803265,18.65854,-0.19152387449999997,167.68294,10.266385752,-70.36585,10.270962016485473,182.8033433178882
4.845000000000001,-15.126561492,22.0122,0.9672298894999999,139.87805,14.791370194999999,-66.46342,21.17859835956888,156.42183996724657
4.8500000000000005,-16.7067070065,22.68293,4.5825494785,83.29269,21.3419181955,-58.78049,27.488020863411588,104.43818040094867
4.854,-11.602345681500001,34.69512,4.175475436999999,19.26829,22.4959647675,-44.57317,25.65379993799385,59.68069901724844
4.86,-8.0876423215,35.36586,3.0645781249999997,-32.5,19.124928829999998,-32.2561,20.989628394931422,57.85715202764132
4.865,-5.252834006,27.37805,3.620026781,-69.81708,15.380357594,-21.58537,16.65089363094548,78.03787849221557
4.87,-2.6288686654999998,14.57317,4.639918381,-95.12196,12.100327368499999,-12.92683,13.22337761192879,97.09617650525381
4.875,-0.545838139,-0.06098,4.639918381,-110.42683,9.188929116499999,-6.76829,10.308404346182298,110.63407364792005
4.880000000000001,0.7901217905,-14.87805,3.8450893985,-117.07317,7.091580881,-2.92683,8.1055243086456,118.05104760018142
4.885000000000001,1.436478092,-30.79268,3.040649899,-117.2561,5.8083807284999995,-1.03659,6.71165462492632,121.23636685260945
4.890000000000001,1.5993665485,-45.91463,2.197866398,-114.39024,5.0709206485000005,0.42683,5.753505564723299,123.26176389758261
4.894,1.5083608364999999,-57.43903,1.446088609,-110.0,4.639918381,2.43902,5.088729434790987,124.11764977593357
4.9,1.4030374155,-63.29268,0.6512596264999999,-105.48781,4.41495383,5.42683,4.67808405348103,123.13850691001332
4.905,1.1348255379999999,-63.96342,-0.1005181625,-102.37805,4.510666734,9.08537,4.652316335751857,121.05836678204362
4.91,0.6081103664999999,-60.06098,-0.7565830474999999,-101.21951,4.903325,13.59756,4.9984809873834815,118.48039568280527
4.915,-0.18191335749999998,-52.43903,-1.2641752515,-102.92683,5.5353635924999995,18.59756,5.68079938365337,117.00279244164815
4.920000000000001,-0.9911581154999999,-42.37805,-1.5466067714999998,-107.5,6.224967220499999,24.02439,6.490346971608733,118.02254207004101
4.925000000000001,-1.709495228,-32.07317,-1.5370943209999999,-114.45123,6.674994389,28.59756,7.059786326751449,122.25216857101309
4.930000000000001,-2.0781272014999996,-23.35366,-1.331154671,-122.98781,6.948011525,32.07317,7.373292993993401,129.2288012706169
4.9350000000000005,-2.2169893655,-17.37805,-1.029502117,-131.95122,7.086873688999999,34.14634,7.4965788957022275,137.40121402915804
4.94,-2.327118045,-14.45122,-0.7996342409999999,-140.85367,7.1347301409999995,35.18293,7.547136377437349,145.89870690085706
4.945,-2.4564677584999997,-14.63415,-0.6895055615,-149.2683,7.206514818999999,35.54878,7.64483535495409,154.13922113012282
4.95,-2.6671146004999997,-16.82927,-0.6320385924999999,-157.5,7.273592305,35.06098,7.772909242617263,162.23053549592106
4.955,-2.9065929935,-19.93902,-0.7087265955,-165.18294,7.2304430449999995,34.08537,7.824952577749029,169.83751244539854
4.960000000000001,-3.1172398354999995,-22.86585,-0.8571012100000001,-172.74391,7.187391851499999,32.92683,7.881015689821973,177.3343781452415
4.965000000000001,-3.3135689685,-25.48781,-1.1060920534999998,-179.51221,7.0963861395,31.64634,7.909606512381618,184.05366834995655
4.970000000000001,-3.5769755874999998,-26.52439,-1.379011123,-185.42683,7.129924882499999,30.42683,8.095199494825394,189.76945099928466
4.9750000000000005,-3.8690176244999996,-25.97561,-1.632807225,-191.40245,7.139535399499999,29.45122,8.283014097139848,195.38936649767558
4.979,-4.0940802419999995,-23.59756,-1.8004028735,-197.07318,7.1059966564999995,28.59756,8.396316574369441,200.53055515611481
4.985,-4.2520653735,-19.7561,-1.9488755544999998,-202.2561,7.091580881,27.86585,8.49521602192729,205.12030389662186
4.99,-4.319142859499999,-15.12195,-2.0159530405,-206.82927,7.1059966564999995,27.13415,8.556532602898221,209.14894787389656
4.995,-4.477127991,-10.0,-2.0877377184999997,-210.67073,7.144340657999999,26.40244,8.685903940672791,212.5540997409518
5.0,-4.7214116425,-4.93902,-2.164327655,-214.2683,7.139535399499999,25.42683,8.828873530459362,215.8282233335096
5.005000000000001,-4.951181451999999,-0.18293,-2.1355941704999997,-217.31708,7.144340657999999,24.39024,8.950785645364002,218.68157336723388
5.010000000000001,-5.214588071,4.14634,-2.035076008,-219.7561,7.19219711,23.10976,9.11378968254398,221.00677960158416
5.015000000000001,-5.516240625,7.56098,-1.9249473284999998,-221.95122,7.216125336,21.82927,9.284761586344628,223.1502397641143
5.019,-5.8130879205,10.42683,-1.7956956814999998,-223.65854,7.297520531,20.4878,9.501069416249273,224.83685473609634
5.025,-6.220161961999999,12.86585,-1.766962197,-224.63416,7.5465113745,19.5122,9.937927558832204,225.84676637926015
5.03,-6.603209711,15.12195,-1.6568335174999997,-225.54878,7.690178797,18.71951,10.270653617077372,226.8288905451221
5.035,-6.962329234,16.76829,-1.4987503194999998,-226.64635,7.7859897675,18.23171,10.55186796460357,227.9959183129617
5.04,-7.302325789499999,17.56098,-1.316836962,-227.43903,7.958292608,18.04878,10.88082913913428,228.82888551358567
5.045000000000001,-7.512972631499999,17.7439,-1.1492413135,-228.29269,8.101960030499999,17.9878,11.108882468283781,229.6866544740597
5.050000000000001,-7.6566400539999995,17.37805,-0.9097629205,-228.65854,8.106765288999998,18.29268,11.188004689799206,230.04640114184897
5.055000000000001,-7.6471276034999995,16.76829,-0.69431082,-228.65854,8.164232258,19.20732,11.207823895009616,230.07569320994796
5.0600000000000005,-7.6853735384999995,15.91463,-0.541130947,-228.17073,8.1929657425,20.36585,11.246442850335198,229.6299747920386
5.065,-7.699789313999999,15.36585,-0.42619700899999996,-227.31708,8.2743609375,22.13415,11.310766918935911,228.90846380632456
5.07,-7.738035248999999,15.30488,-0.30165255399999996,-225.97562,8.3318279065,24.45122,11.374864396626158,227.80931136739605
5.075,-7.738035248999999,15.73171,-0.1436674225,-224.2683,8.394100134,27.31707,11.417475504798471,226.47291095801944
5.08,-7.843358669999999,16.34146,0.009610516999999999,-222.43903,8.5281570395,30.67073,11.586536586861259,225.13742261340164
5.085000000000001,-8.025370094,16.89024,0.22025735899999999,-220.42683,8.7580249155,34.45122,11.88099654365668,223.74126608785178
5.090000000000001,-8.197771001,17.56098,0.42619700899999996,-218.29269,9.040554501999999,38.29268,12.211335675467673,222.32052507040123
5.095000000000001,-8.197771001,17.56098,0.42619700899999996,-218.29269,9.040554501999999,38.29268,12.211335675467673,222.32052507040123
5.1000000000000005,-8.5999417175,17.68293,0.6320385924999999,-216.5244,9.519315155,42.31707,12.844291780671243,221.32834482309266
5.104,-9.040554501999999,17.62195,0.7805112734999999,-215.60976,10.0317126175,46.34146,13.526865179774719,221.23659878960285
5.11,-9.979050907,16.46342,1.3455704465,-216.82927,10.931963087499998,54.2683,14.862699410855829,224.12278980888868
5.115,-10.510571336999998,14.63415,1.8291363579999997,-218.59756,11.252738608999998,58.10976,15.506191532700822,226.66229459580103
5.12,-10.979819539499998,12.2561,2.2840668515,-220.60976,11.4107237405,62.43903,15.99931294725237,229.60294131785093
5.125,-10.979819539499998,12.2561,2.2840668515,-220.60976,11.4107237405,62.43903,15.99931294725237,229.60294131785093
5.130000000000001,-11.472995968,9.87805,2.6096476315,-222.37805,11.492217002,67.7439,16.447217055277033,232.67747845637103
5.135000000000001,-11.889582459999998,7.86585,2.5762069549999995,-224.20732,11.40121129,74.02439,16.672931122851598,236.24225755075446
5.140000000000001,-12.234384274,6.95122,2.102153494,-225.36586,11.2336156415,81.7683,16.741963094487705,239.8419170994053
5.144,-12.7036324765,7.80488,1.699884711,-226.03659,11.137804671,90.36585,16.98006416413161,243.55583141625863
5.15,-13.761868077999997,9.32927,1.632807225,-226.40245,10.8265416,104.7561,17.586047749475096,249.63762763643103
5.155,-14.38439422,8.59756,1.3120317034999998,-225.42683,10.6542387595,110.79269,17.948399031996995,251.32885604171796
5.16,-14.38439422,8.59756,1.3120317034999998,-225.42683,10.6542387595,110.79269,17.948399031996995,251.32885604171796
5.165,-15.0068222955,7.0122,0.9336911465,-223.84146,10.395637399,115.79269,18.279654578171215,252.115285576277
5.170000000000001,-15.634153696,5.36585,0.541130947,-221.70732,10.117913071,120.12196,18.630398530473368,252.21461766132134
5.175000000000001,-16.1944076105,3.59756,0.06227222749999999,-218.90245,9.8114552585,123.78049,18.934818984476337,251.50116253925387
5.180000000000001,-16.673266329999997,1.15854,-0.44531997649999994,-215.73172,9.294252537499998,126.46342,19.093958474433915,250.069018127369
5.1850000000000005,-17.209493952,-2.0122,-0.8044394995,-212.07318,8.7627321075,127.68293,19.32871643384764,247.55204147317653
5.19,-17.597346959499998,-5.91463,-1.1874872484999999,-207.74391,8.188160483999999,127.62196,19.445377807852257,243.88497219871218
5.195,-17.7793583835,-10.30488,-1.6615407094999999,-202.80489,7.4315774365,125.73171,19.34152644578378,238.83985609451912
5.2,-17.9086100305,-15.54878,-2.1548152044999997,-197.13416,6.627137937,121.89024,19.216672423343596,232.2947959073806
5.205,-18.057082711499998,-21.40244,-2.542668212,-190.30489,5.9711711185,115.97561,19.187972331975985,223.88469735722853
5.210000000000001,-18.320391263999998,-26.21951,-2.98318293,-182.86586,5.4778966235,108.47561,19.353125532524288,214.2296511294639
5.215000000000001,-18.6029208505,-30.06098,-3.342302453,-175.7317,5.056504873,99.45123,19.565477029399773,204.14661410849627
5.220000000000001,-18.780127015999998,-33.17073,-3.51470336,-169.81708,4.635211189,89.20732,19.660404197587575,194.66916532939084
5.2250000000000005,-18.617336625999997,-35.2439,-3.5098981014999997,-165.18294,4.20901418,77.86585,19.4072256671621,185.98555521995814
5.229,-18.128867389499998,-36.03659,-3.5386315859999997,-160.60976,3.5625598119999995,65.91463,18.811421497100923,177.31009354834427
5.235,-17.5351727985,-35.06098,-3.653565524,-155.36586,2.6288686654999998,53.65854,18.103639870806738,168.06862195850718
5.24,-17.4106283435,-31.28049,-3.9121668845,-148.84146,1.7764746475,41.70732,17.932955451371484,157.70779882794037
5.245,-17.4584847955,-24.5122,-4.1802806955,-142.19513,0.9289839544999999,29.87805,17.975996474064882,147.35331966521622
5.25,-17.0179700775,-15.79268,-4.2616758905,-134.93903,-0.287334845,17.56098,17.545818540823493,136.9902864347823
5.255000000000001,-16.433787936999998,-4.39024,-4.41495383,-125.42683,-1.38862164,5.54878,17.07306279899405,125.62624268278861
5.260000000000001,-16.041129671,9.14634,-4.764462836,-113.96342,-2.403806048,-5.97561,16.905508887752035,114.48591419193934
5.265000000000001,-15.677204889499999,23.78049,-5.051797681,-100.73171,-3.1507785785,-17.0122,16.769699419126574,104.88948494965642
5.269,-15.3755523355,39.20732,-5.171438811,-86.21951,-3.7062272344999996,-27.13415,16.63993717870852,98.52552939439097
5.275,-15.212761945499999,54.02439,-5.056504873,-71.58537,-4.0174903055,-36.09756,16.526844704779922,96.67540406361175
5.28,-15.188833719499998,65.91463,-4.6782623825,-57.2561,-3.9743410455,-44.45122,16.382374535581853,97.97402918495952
5.285,-15.370747076999999,73.90244,-4.141936694,-43.04878,-3.6822990085,-52.37805,16.339364469593296,100.29071850996233
5.29,-15.6389589545,77.37805,-3.552949295,-30.67073,-3.155583837,-59.7561,16.34497461685739,102.46388528523306
5.295000000000001,-15.696425923499998,75.97561,-2.858638475,-20.30488,-2.7197763109999995,-67.13415,16.184770121461405,103.40007525581885
5.300000000000001,-15.4904862735,70.42683,-2.2169893655,-10.36585,-2.346339079,-74.14635,15.823258637520736,102.78652853557172
5.305000000000001,-14.4274454135,61.89024,-1.2162207329999999,-1.03659,-2.2601386254999998,-80.73171,14.653961943357784,101.73045426817774
5.3100000000000005,-14.623774546499998,24.87805,4.0366132729999995,26.21951,-8.973477015999999,-88.71951,17.62589908229652,95.79943387662946
5.315,-20.374688306,-41.64634,4.2952146335,100.30488,-6.5026915485,-86.58537,21.814256569716488,138.89749056497348
5.32,0.7469725305,-71.58537,-2.662309342,107.68293,-4.228137147499999,-84.7561,5.052029565619294,154.6081339989323
5.325,7.489044405499999,-42.37805,-4.323948118,124.20732,-3.1507785785,-83.59756,9.203788300772734,155.60176573978362
5.33,-5.190659845,6.28049,-5.22890578,167.13416,6.488275773,-63.65854,9.817439981436687,178.9572063608429
5.335000000000001,-2.5569859210000003,26.03659,-1.824429166,171.46342,18.1480884235,-43.53659,18.41792149535659,178.81007545927775
5.340000000000001,0.186718616,20.73171,4.2520653735,149.2683,22.270902149999998,-25.42683,22.67394995048179,152.8311253255141
5.345000000000001,-2.5139347275,5.73171,7.417259727499999,127.92683,19.474437836,-19.57317,20.990220072870894,129.54240740862392
5.3500000000000005,-2.3511443374999996,-13.84146,5.726887467,106.15854,11.463483517499998,-33.90244,13.02829897229236,112.29691477425726
5.354,-1.0821638275,-25.2439,2.844320766,106.46342,3.67749375,-50.4878,4.773384485953057,120.50200095494846
5.36,-0.20113439149999998,-22.68293,0.17240090699999996,133.65854,1.905824361,-52.31707,1.9241475024434995,145.31413022036568
5.365,-1.0630408599999999,-12.80488,-0.9336911465,166.15854,4.884202032499999,-41.46342,5.085003886071195,171.7318856964029
5.37,-5.975976377,-5.97561,-0.2346731345,187.86586,9.7061318375,-28.78049,11.400717538183692,190.15153397501638
5.375,-12.076399142499998,-12.19512,-0.9097629205,187.92683,15.8017493445,-25.06098,19.90885147784516,189.98228102700446
5.380000000000001,-16.83605672,-29.39025,-0.809244758,164.2683,23.7265032095,-32.80488,29.104203090066243,170.07063630082325
5.385000000000001,-26.7863741425,-84.7561,4.118008468,127.62196,32.704785484,-44.63415,42.4743549332885,159.57182867810377
5.390000000000001,-20.020275975,-98.41463,9.418796992499999,58.47561,23.3195272345,-48.41463,32.14538127541306,124.29325307894192
5.394,-13.364404553499998,-34.32927,0.612915625,17.62195,7.694984055499999,-27.86585,15.433591748111645,47.59766272368739
5.4,-3.3806464544999995,-25.73171,-1.632807225,17.56098,6.837882845499999,-16.15854,7.800735330282574,35.094263534317115
5.405,-0.809244758,-32.80488,-0.7565830474999999,26.82927,9.734865322,-11.28049,9.79769859832364,43.85452468317722
5.41,-3.9887568209999995,-29.20732,-2.2936773684999996,31.15854,13.934268985,-2.80488,14.674296882446397,42.7994101399587
5.415,-7.010185686,-20.36585,-3.7588889449999994,23.10976,13.828945564,0.2439,15.953422355880816,30.80403124089605
5.420000000000001,-7.0389191705,-12.7439,-2.9353264779999995,11.28049,10.7738798895,-2.13415,13.199962594441427,17.152581090687196
5.425000000000001,-4.429271539,-10.42683,-0.4165864919999999,4.63415,8.8633483365,-3.90244,9.917203961079434,12.059152873440159
5.430000000000001,-3.596098555,-10.06098,1.2401489589999999,4.39024,8.983087532999999,-1.34146,9.755293736393686,11.05879924537922
5.4350000000000005,-3.4188923895,-8.29268,0.7948289824999999,4.26829,9.4666534445,0.60976,10.096440249942884,9.346584850312976
5.44,-3.629637298,-6.89024,-0.406975975,3.84146,9.184123858,0.85366,9.883725380560952,7.934794111052914
5.445,-4.228137147499999,-6.58537,-1.2641752515,3.29268,9.346914248,0.42683,10.336347941320469,7.3750270147437424
5.45,-4.204208921499999,-6.82927,-1.0103791494999999,1.46341,9.284740087,-0.30488,10.242198844218427,6.990954825730174
5.455,-3.6871042669999996,-6.89024,-0.277724328,-0.18293,9.0932162125,-0.91463,9.816233990964431,6.953086989201272
5.460000000000001,-3.4907751339999997,-6.58537,0.08139519499999999,-0.54878,8.925620563999999,-1.15854,9.58430167860035,6.7089844579414555
5.465000000000001,-3.466846908,-6.52439,-0.07178467799999999,-0.67073,8.781953141499999,-1.34146,9.441762626914873,6.694554394177405
5.470000000000001,-3.4620416494999997,-6.52439,-0.3160683295,-0.4878,8.9351330145,-1.58537,9.587608333604031,6.7319396721153115
5.4750000000000005,-3.596098555,-6.40244,-0.555448656,-0.54878,9.0836056955,-1.76829,9.785312486479178,6.664776587860993
5.479,-3.6152215224999997,-6.21951,-0.5793768819999999,-0.91463,8.983087532999999,-1.95122,9.700585851054733,6.582257376113455
5.485,-3.6391497484999995,-5.97561,-0.545838139,-1.28049,8.9782822745,-2.0122,9.703138810024079,6.434012616726828
5.49,-3.701421976,-5.42683,-0.6033051079999999,-1.40244,9.021333468,-1.52439,9.76979832128645,5.808707831747092
5.495,-3.7733047204999997,-4.7561,-0.7948289824999999,-1.40244,9.1314621475,-0.85366,9.912274339241971,5.031506788150047
5.5,-3.768499462,-4.08537,-0.957717439,-1.64634,9.169806149,-0.2439,9.960128297280974,4.4113683412859555
5.505000000000001,-3.7205449434999998,-3.59756,-0.8954452115,-1.70732,9.1553903735,0.30488,9.922975848735003,3.9937865929966763
5.510000000000001,-3.6871042669999996,-3.10976,-0.7230443045,-1.76829,9.021333468,0.73171,9.772511881950125,3.651418396431721
5.515000000000001,-3.5816827795,-2.92683,-0.6033051079999999,-2.0122,8.930327755999999,0.97561,9.64070445641239,3.683354118327479
5.519,-3.4907751339999997,-2.68293,-0.588987399,-1.89024,9.007015759,1.28049,9.677745092489667,3.5228930274136907
5.525,-3.5386315859999997,-2.2561,-0.670382594,-1.82927,9.016528209499999,1.46341,9.709227944408571,3.2523506531430466
5.53,-3.596098555,-2.37805,-0.6655773355,-1.82927,9.050066952499998,1.70732,9.761077289497146,3.451998278939316
5.535,-3.5482421029999998,-2.62195,-0.5602539145,-2.0122,8.997405242,1.76829,9.687992958243905,3.7483890095079513
5.54,-3.5625598119999995,-2.56098,-0.541130947,-2.31707,9.0357492435,1.52439,9.72776539125453,3.7750757366442333
5.545000000000001,-3.6009038135,-2.7439,-0.6320385924999999,-2.19512,9.002210500499999,1.21951,9.716263425401797,3.7195085245903123
5.550000000000001,-3.596098555,-2.86585,-0.612915625,-2.19512,8.983087532999999,1.15854,9.695537736824205,3.7912877717867843
5.555000000000001,-3.6104162639999995,-3.17073,-0.5841821405,-2.31707,8.9925999835,1.09756,9.707895180515655,4.077619412279669
5.5600000000000005,-3.5673650704999997,-3.41463,-0.5123974625,-2.5,8.997405242,0.73171,9.692365335384803,4.2947756124156236
5.565,-3.51470336,-3.71951,-0.4549304935,-2.56098,9.007015759,0.36585,9.679175292636547,4.53069745436616
5.57,-3.51470336,-3.71951,-0.483663978,-2.43902,8.983087532999999,0.12195,9.658308970930163,4.449544359032731
5.575,-3.5386315859999997,-3.71951,-0.5937926575,-2.5,9.002210500499999,-0.06098,9.690938918229246,4.482016644380072
5.58,-3.5338263275,-3.71951,-0.612915625,-2.5,9.045261693999999,-0.30488,9.73038299293738,4.491960201793868
5.585000000000001,-3.529021069,-3.84146,-0.5937926575,-2.2561,9.0596774695,-0.67073,9.740859062573113,4.505183778104951
5.590000000000001,-3.5721703289999995,-3.78049,-0.6559668185,-1.82927,9.06918992,-0.60976,9.769385811369647,4.243835603625569
5.595000000000001,-3.552949295,-3.53659,-0.73746008,-1.46341,9.021333468,-0.54878,9.723772601377076,3.8665484795357212
5.6000000000000005,-3.5434368444999995,-3.23171,-0.718239046,-1.21951,8.997405242,-0.2439,9.69665473691459,3.46275055038621
5.604,-3.552949295,-2.9878,-0.6751878524999999,-0.85366,9.0596774695,-0.12195,9.754849213615271,3.109751764707273
5.61,-3.5195086184999997,-2.7439,-0.7039213369999999,-0.4878,9.073995178499999,-0.06098,9.758065108607386,2.7875893905666955
5.615,-3.5482421029999998,-2.68293,-0.7278495629999999,-0.18293,9.016528209499999,0.12195,9.716870275997843,2.69192283921735
5.62,-3.5195086184999997,-2.62195,-0.7087265955,0.2439,8.9925999835,0.36585,9.682772782943374,2.6585626257434676
5.625,-3.529021069,-2.43902,-0.7134337874999999,0.60976,9.054872211,0.42683,9.744418311635258,2.5500607182771162
5.630000000000001,-3.529021069,-2.37805,-0.7087265955,0.91463,9.054872211,0.36585,9.744074807294684,2.574007782020093
5.635000000000001,-3.51470336,-2.37805,-0.6991160785,1.28049,9.06918992,0.42683,9.751518282044191,2.7344030960156553
5.640000000000001,-3.5195086184999997,-2.13415,-0.6991160785,1.64634,9.054872211,0.54878,9.739939166363053,2.7506710284037967
5.644,-3.4859698755,-2.07317,-0.7039213369999999,1.89024,9.0357492435,0.4878,9.710419950392886,2.847628828780184
5.65,-3.5002875845,-2.31707,-0.6847003029999998,2.0122,9.016528209499999,0.42683,9.696319334254746,3.0983779746506075
5.655,-3.4715540999999996,-2.19512,-0.6512596264999999,2.13415,8.963866499,0.2439,9.63466292001076,3.0712595538150147
5.66,-3.4476258739999994,-2.31707,-0.5841821405,2.43902,9.002210500499999,0.06098,9.657493817531847,3.3647214603440805
5.665,-3.51470336,-2.56098,-0.6225261419999999,2.62195,8.9782822745,-0.18293,9.661792334079095,3.669700770880372
5.670000000000001,-3.5338263275,-2.68293,-0.69431082,2.62195,9.0261387265,-0.30488,9.718085013917312,3.763733120427111
5.675000000000001,-3.5195086184999997,-2.92683,-0.7134337874999999,2.62195,8.9925999835,-0.67073,9.683118461946366,3.986330942646383
5.680000000000001,-3.529021069,-3.10976,-0.6799931109999999,2.62195,9.021333468,-0.79268,9.710861850387444,4.14410070371124
5.6850000000000005,-3.4763593585,-3.10976,-0.69431082,2.68293,9.050066952499998,-0.97561,9.719611810609114,4.221437612306974
5.69,-3.5434368444999995,-3.23171,-0.6655773355,2.80488,9.045261693999999,-1.03659,9.737335209051556,4.402933132197218
5.695,-3.552949295,-3.10976,-0.6512596264999999,2.9878,9.030943985,-1.03659,9.726537773234503,4.435321287764845
5.7,-3.5002875845,-2.9878,-0.6751878524999999,2.86585,8.997405242,-0.97561,9.677871299988313,4.2534527074601405
5.705,-3.5386315859999997,-2.86585,-0.69431082,2.9878,9.016528209499999,-0.97561,9.710909430579363,4.2534527074601405
5.710000000000001,-3.51470336,-2.86585,-0.627233334,3.10976,9.0596774695,-1.03659,9.737777837650743,4.354104076408832
5.715000000000001,-3.5243138769999995,-2.56098,-0.6512596264999999,3.04878,9.040554501999999,-1.09756,9.725047717536205,4.130171425304281
5.720000000000001,-3.5195086184999997,-2.19512,-0.6799931109999999,3.23171,8.997405242,-1.15854,9.685175921761685,4.074888497873285
5.7250000000000005,-3.5243138769999995,-2.07317,-0.6655773355,3.47561,8.983087532999999,-0.97561,9.67262338348217,4.162897259493682
5.729,-3.5243138769999995,-2.07317,-0.6655773355,3.47561,8.983087532999999,-0.97561,9.67262338348217,4.162897259493682
5.735,-3.4907751339999997,-1.76829,-0.660772077,3.53659,8.987794724999999,-0.97561,9.664501269731067,4.07260766884069
5.74,-3.5195086184999997,-1.52439,-0.6655773355,3.71951,9.002210500499999,-0.91463,9.688639120151988,4.122507434693114
5.745,-3.505092843,-1.21951,-0.6895055615,3.84146,8.944743531499999,-0.97561,9.631694067073575,4.146786037861129
5.75,-3.5338263275,-1.21951,-0.6847003029999998,3.96341,8.954354048499999,-1.03659,9.650761599156242,4.274382095262426
5.755000000000001,-3.5002875845,-1.03659,-0.7134337874999999,4.39024,8.987794724999999,-1.09756,9.671683150418506,4.642560073849341
5.760000000000001,-3.505092843,-0.97561,-0.69431082,4.45122,8.9925999835,-0.97561,9.676497187312313,4.660149056907945
5.765000000000001,-3.505092843,-0.97561,-0.69431082,4.45122,8.9925999835,-0.97561,9.676497187312313,4.660149056907945
5.769,-3.4955803924999995,-0.79268,-0.6512596264999999,4.93902,8.9925999835,-1.03659,9.67006079840161,5.108500657815363
5.775,-3.5434368444999995,-0.54878,-0.69431082,5.54878,8.997405242,-0.97561,9.69491172082027,5.66055949963429
5.78,-3.5769755874999998,-0.30488,-0.6991160785,5.91463,8.997405242,-1.03659,9.70756502597625,6.012513507627238
5.785,-3.5625598119999995,-0.18293,-0.7039213369999999,6.15854,9.045261693999999,-1.03659,9.747004502702616,6.24784740087336
5.79,-3.6009038135,-0.30488,-0.6799931109999999,6.21951,9.007015759,-1.15854,9.72395144928031,6.333835440402599
5.795000000000001,-3.6009038135,-0.30488,-0.6799931109999999,6.21951,9.007015759,-1.15854,9.72395144928031,6.333835440402599
5.800000000000001,-3.5673650704999997,-0.06098,-0.6895055615,6.64634,8.9782822745,-1.40244,9.6856111870219,6.792966355694691
5.805000000000001,-3.6344425565,0.18293,-0.73746008,7.2561,9.0357492435,-1.28049,9.767178940589892,7.3704888057034585
5.8100000000000005,-3.5864880379999997,0.30488,-0.6799931109999999,6.95122,8.983087532999999,-1.40244,9.696450314587526,7.0978341243227145
5.815,-3.620026781,0.60976,-0.7039213369999999,7.68293,8.9925999835,-1.58537,9.719411175945037,7.868457198167884
5.82,-3.6822990085,0.67073,-0.7087265955,7.80488,8.9686717575,-1.58537,9.721043795238618,7.992460733979241
5.825,-3.6822990085,0.67073,-0.7087265955,7.80488,8.9686717575,-1.58537,9.721043795238618,7.992460733979241
5.83,-3.663176041,0.79268,-0.6847003029999998,7.92683,8.973477015999999,-1.70732,9.716530397676166,8.147264388351466
5.835000000000001,-3.6104162639999995,0.91463,-0.660772077,8.10976,8.973477015999999,-1.70732,9.695102634514956,8.33784725675039
5.840000000000001,-3.6248320394999998,1.15854,-0.6320385924999999,8.53659,8.9782822745,-1.76829,9.703011527231945,8.794454689393767
5.845000000000001,-3.6104162639999995,1.21951,-0.7134337874999999,9.20732,8.997405242,-1.89024,9.720977032030852,9.478130273429459
5.8500000000000005,-3.6726884914999998,1.09756,-0.6751878524999999,9.5122,8.9208153055,-1.89024,9.670856482577081,9.760102153727695
5.854,-3.620026781,1.15854,-0.69431082,10.06098,9.0357492435,-2.0122,9.75865901655228,10.325428917580131
5.86,-3.5816827795,1.46341,-0.6991160785,10.91463,8.973477015999999,-2.19512,9.687130874560554,11.228947799299808
5.865,-3.629637298,1.64634,-0.7469725305,11.52439,8.930327755999999,-2.2561,9.668660129818313,11.857992556824279
5.87,-3.6918114589999997,1.28049,-0.7230443045,12.0122,9.002210500499999,-2.13415,9.75664177934119,12.267322434117398
5.875,-3.768499462,1.46341,-0.751777789,12.62195,8.973477015999999,-2.07317,9.761662143088556,12.874518417381676
5.880000000000001,-3.620026781,1.58537,-0.6416491095,13.04878,8.925620563999999,-2.31707,9.653134720254299,13.347391914160609
5.885000000000001,-3.6391497484999995,1.40244,-0.6799931109999999,13.53659,8.954354048499999,-2.56098,9.689492140917572,13.84791411520522
5.890000000000001,-3.6248320394999998,1.28049,-0.612915625,14.08537,8.963866499,-2.80488,9.688445463016725,14.418899212193695
5.894,-3.6918114589999997,1.09756,-0.5602539145,14.69512,8.959061240499999,-2.9878,9.70608750262152,15.035895005220008
5.9,-3.7349607189999996,0.91463,-0.6751878524999999,15.06098,8.963866499,-3.35366,9.734305975288175,15.456930548880008
5.905,-3.7349607189999996,1.09756,-0.6033051079999999,15.60976,8.8729588535,-3.78049,9.64589588590484,16.098489054917543
5.91,-3.7540836864999996,1.03659,-0.5937926575,15.91463,8.896887079499999,-4.20732,9.674726546560391,16.493984007734458
5.915,-3.7110324929999994,0.97561,-0.646454368,16.34146,8.9208153055,-4.32927,9.683522661142025,16.933331288810244
5.920000000000001,-3.744571236,0.79268,-0.670382594,16.82927,8.925620563999999,-4.69512,9.702470253307474,17.48990629276498
5.925000000000001,-3.806745397,0.91463,-0.7039213369999999,17.43902,8.963866499,-4.63415,9.764103562445406,18.067410241088787
5.930000000000001,-3.768499462,0.73171,-0.7039213369999999,18.04878,8.925620563999999,-4.69512,9.714102938320028,18.663815548459002
5.9350000000000005,-3.5864880379999997,1.21951,-0.7709007564999999,19.14634,8.9351330145,-4.93902,9.65887086619845,19.810690512854414
5.94,-3.6344425565,1.21951,-0.5123974625,21.15854,8.959061240499999,-5.30488,9.681761315334317,21.8474889034438
5.945,-3.7492784279999998,1.09756,-0.660772077,22.43903,8.896887079499999,-5.42683,9.677205597370714,23.11201395688831
5.95,-3.663176041,1.21951,-0.785316532,23.84146,8.9208153055,-5.79268,9.675563367454734,24.565373214223715
5.955,-3.529021069,1.70732,-0.7901217905,25.54878,8.973477015999999,-5.85366,9.674790535507684,26.266336563487496
5.960000000000001,-3.5434368444999995,1.82927,-0.6081103664999999,27.86585,8.9208153055,-6.03659,9.618039748495944,28.570828545624995
5.965000000000001,-3.6248320394999998,2.2561,-0.785316532,30.12195,8.963866499,-5.79268,9.700877897484986,30.756739108606748
5.970000000000001,-3.6152215224999997,2.68293,-0.718239046,32.43903,8.973477015999999,-5.91463,9.700978493978143,33.08279959076469
5.9750000000000005,-3.7062272344999996,2.62195,-0.6559668185,34.87805,8.925620563999999,-5.79268,9.686749466834693,35.45290023661534
5.979,-3.7972329465,3.17073,-0.7230443045,37.07317,8.930327755999999,-5.85366,9.731008423891067,37.666149232134146
5.985,-3.67749375,3.29268,-0.6655773355,39.2683,8.930327755999999,-5.97561,9.68079063405486,39.85660599379355
5.99,-3.701421976,3.47561,-0.7134337874999999,41.89024,8.944743531499999,-5.73171,9.706593081914653,42.42316079282401
5.995,-3.7876224295,3.53659,-0.7134337874999999,44.81707,8.9112047885,-5.85366,9.70899800289316,45.33588609047583
6.0,-3.7158377515,4.02439,-0.6751878524999999,47.62195,8.916010046999999,-6.03659,9.682900597953129,48.171425715902366
6.005000000000001,-3.7972329465,4.45122,-0.6991160785,50.4878,8.925620563999999,-5.97561,9.724939269409447,51.03468647107083
6.010000000000001,-3.9264845935,5.12195,-0.73746008,53.53659,8.9351330145,-5.91463,9.787631512240043,54.10530185358455
6.015000000000001,-3.9839515624999997,5.60976,-0.7421672719999999,56.40244,8.868153594999999,-6.28049,9.750222074213772,57.027617869338535
6.019,-4.0557362405,6.28049,-0.7901217905,59.39024,8.925620563999999,-6.09756,9.8356490049629,60.031869868023435
6.025,-3.9216793349999994,7.62195,-0.8619064684999999,62.43903,8.9015942715,-5.30488,9.765287099794342,63.125813586502
6.03,-3.9887568209999995,8.41463,-0.7901217905,65.79269,8.8872765625,-4.93902,9.773339148891681,66.51223927995056
6.035,-4.060541498999999,8.96342,-0.842783501,69.2683,8.8872765625,-4.7561,9.80724048818121,70.00757651994817
6.04,-4.1324242435,10.06098,-0.9097629205,72.43903,8.8776660455,-4.57317,9.83450828029581,73.27721521557844
6.045000000000001,-4.151547211,11.03659,-0.8283677254999999,75.48781,8.810686625999999,-4.20732,9.774954534696679,76.40626491987813
6.050000000000001,-4.276091665999999,11.82927,-0.9050557284999999,79.2683,8.8537378195,-3.78049,9.8738421692961,80.2351987488222
6.055000000000001,-4.204208921499999,12.7439,-0.9336911465,83.04878,8.892081821,-3.10976,9.880094681936573,84.0784006386658
6.0600000000000005,-4.2856041165,13.78049,-0.90025047,87.37805,8.90639953,-2.62195,9.924757233307078,88.49689343838631
6.065,-4.1802806955,14.87805,-0.8379782425,92.31708,8.973477015999999,-2.07317,9.934799644922569,93.53126571033773
6.07,-4.137229501999999,16.03658,-0.7039213369999999,98.17073,8.916010046999999,-1.95122,9.85430912642322,99.4910618413418
6.075,-4.141936694,17.0122,-0.541130947,104.2683,8.9925999835,-2.19512,9.915408047183382,105.66982485811357
6.08,-4.204208921499999,18.35366,-0.6177208835,110.79269,9.0261387265,-2.7439,9.976378704497701,112.33612945104393
6.085000000000001,-4.175475436999999,19.08537,-0.588987399,117.92683,9.1506831815,-3.65854,10.075539884758438,119.51725187945628
6.090000000000001,-4.0892749835,19.14634,-0.6033051079999999,126.21951,9.1171444385,-4.63415,10.010418056029893,127.74749463789182
6.095000000000001,-4.20901418,18.65854,-0.5985979159999999,135.79268,9.2367855685,-5.60976,10.168201781580187,137.18331700236584
6.1000000000000005,-4.16586492,17.56098,-0.48837116999999997,145.97562,9.404381217,-6.82927,10.297345434918466,147.1866453917532
6.104,-4.022295564,15.91463,-0.41178123349999995,156.46342,9.322986021999998,-8.23171,10.162012288658394,157.48599396662993
6.11,-3.9982692715,13.59756,-0.34480181399999993,168.59756,9.2560066025,-10.67073,10.088543189374887,169.48125369680298
6.115,-3.9456075609999997,10.73171,0.019122967499999997,181.70732,9.3852582495,-14.39024,10.180926142700091,182.59189124483075
6.12,-3.8881405919999996,6.82927,0.2393803265,194.93903,9.3134735715,-19.39024,10.09533209809872,196.0200136550638
6.125,-3.9264845935,1.09756,0.42619700899999996,209.7561,9.136267406,-25.42683,9.953406817136099,211.29446232453066
6.130000000000001,-4.371804569999999,-4.87805,0.5506433974999999,225.85367,9.380452990999999,-32.37805,10.363820804406261,228.21484120467252
6.135000000000001,-4.3287533765,-12.2561,0.483663978,242.62196,9.31827883,-39.93903,10.286027269641137,246.19251324683393
6.140000000000001,-4.1228137264999996,-23.29268,0.4310022675,262.98782,8.719680914,-48.17073,9.65485324694181,268.37578437457375
6.144,-4.3095323425,-33.10976,0.25379610199999997,285.79269,8.810686625999999,-55.97561,9.811456583709637,293.0989368448234
6.15,-4.683067641,-40.67073,0.541130947,307.07318,8.8872765625,-63.04878,10.060200292754825,316.10630302721535
6.155,-5.7509137594999995,-43.17073,0.3064578125,328.29269,8.801076109,-67.37805,10.517883158528587,337.90472600715646
6.16,-7.1970023685,-42.56098,0.023928225999999997,349.81708,9.174611407499999,-69.57317,11.66065650513826,359.1989037596519
6.165,-8.1115705475,-40.12195,-0.047856451999999994,369.93903,9.2224678595,-71.28049,12.282254695558873,378.8740754443137
6.170000000000001,-9.854506451999999,-36.52439,-0.6991160785,388.10977,9.078800437,-71.03659,13.417327531166489,396.2441441247468
6.175000000000001,-13.661349915499999,-30.06098,-0.047856451999999994,402.07318,11.1186817035,-67.43903,17.614194690007132,408.79643755934774
6.180000000000001,-16.366808517499997,-13.90244,0.44531997649999994,401.28049,14.087448858,-58.90244,21.59923485350224,405.81868726137697
6.1850000000000005,-18.028349227,5.12195,-0.7230443045,387.31708,14.676436256999999,-50.79268,23.25815878617062,390.6669312510483
6.19,-17.583029250499997,28.23171,-0.9384964049999999,369.45123,13.589467170999999,-42.92683,22.24224159381925,373.00664006406896
6.195,-16.1512583505,51.15854,-0.636843851,356.34146,12.042860399499999,-35.2439,20.156864909925794,361.71613845261754
6.2,-14.858447680999998,68.29269,-0.09100571199999999,347.56097,12.603114314,-29.87805,19.483845614774886,355.46479044566354
6.205,-13.2686916495,81.15854,0.9097629205,338.84146,12.325389986,-23.71951,18.13287304781062,349.23181238899656
6.210000000000001,-12.0189321735,93.17073,0.1675956485,331.15854,11.185661123,-19.63415,16.419556438929256,344.57548286244486
6.215000000000001,-11.760330813,98.35366,0.9145681789999999,326.58539,11.453873000499998,-18.29268,16.441807154227888,341.5641689908795
6.220000000000001,-13.182491196,101.7683,2.298482627,319.14636,14.575918094499999,-17.92683,19.786826042011153,335.45872655214754
6.2250000000000005,-15.437824563,103.53659,0.287334845,298.10977,18.186334358499998,-24.93903,23.856901432295746,316.56155113282773
6.229,-15.576686726999998,87.92683,0.5315204299999999,268.84146,15.6532766635,-41.34146,22.08938101583381,285.8600608054789
6.235,-13.924658468,72.31708,1.2449542175,249.7561,11.688448068499998,-56.34146,18.22267386263982,266.0492993072299
6.24,-11.645396875,59.93903,1.144436055,241.7683,9.073995178499999,-69.14634,14.807511295274603,258.50689456497383
6.245,-8.8776660455,49.20732,1.608878999,240.12196,9.174611407499999,-80.48781,12.867592646935789,257.98876637253045
6.25,-6.3350959,41.03659,1.8674803594999998,236.89024,10.70690047,-88.35366,12.580089054923311,256.1393307586348
6.255000000000001,-5.5114353665,35.54878,2.001537265,231.89024,12.143378562,-93.59756,13.484943979206287,252.58127880882145
6.260000000000001,-5.0469924225,30.36585,1.8578698425,222.98781,12.914279318499998,-98.23171,13.989368219497269,245.5506406107357
6.265000000000001,-3.4236976479999996,23.96342,1.8196239074999998,208.84146,11.784259038999998,-101.58537,12.405704246350526,233.47074401531535
6.269,-0.785316532,14.45122,2.9065929935,194.0244,9.1985396335,-103.41463,9.678746627242914,220.33812936685584
6.275,2.322410853,6.76829,1.0391126339999999,184.45122,8.834614852,-105.2439,9.193680809091079,212.4719764962488
6.28,-5.655102788999999,2.31707,-1.211513541,171.82927,8.0109543185,-112.68293,9.880452505187995,205.49479203985365
6.285,-14.0779364075,-5.2439,2.0877377184999997,145.42683,13.690083399999999,-117.37805,19.74753973977055,186.96007058423302
6.29,-14.571112836,5.42683,2.6958480849999997,90.60976,20.886987702,-107.19512,25.609591590658788,140.4648455768236
6.295000000000001,-10.6542387595,22.43903,1.7956956814999998,24.14634,21.159906771499998,-94.02439,23.758766405341024,99.63504261859178
6.300000000000001,-7.8099179935,35.60976,1.628100033,-27.98781,18.0092262595,-81.09756,19.697151043958463,92.88803342631009
6.305000000000001,-5.942437634,41.46342,2.437344791,-66.03659,15.672399630999998,-68.04878,16.93745331677591,103.49242907774897
6.3100000000000005,-3.6918114589999997,40.60976,3.7588889449999994,-96.89024,12.818566414499998,-56.40244,13.859089539814448,119.23970166210917
6.315,-1.4987503194999998,36.89024,4.2377476645,-118.84147,9.7779165155,-45.79268,10.76161740503091,132.59394533914775
6.32,-0.06707748599999999,29.87805,4.2616758905,-131.46342,7.460310921,-37.0122,8.592009067894942,139.80426180463493
6.325,0.5698644315,18.78049,4.1945984045,-137.80489,5.7987702115,-29.69512,7.179494216941923,142.2135530263083
6.33,1.0198915999999998,4.69512,4.0892749835,-139.7561,4.5872566704999995,-23.35366,6.229387813218585,141.77166527349533
6.335000000000001,1.4030374155,-9.93902,3.9264845935,-138.04878,3.768499462,-17.31707,5.6202654249937405,139.4852346717519
6.340000000000001,1.709495228,-23.59756,3.7588889449999994,-133.65854,3.236979032,-10.79268,5.246870809254373,136.1540748360753
6.345000000000001,1.6663459679999997,-35.42683,3.3758411959999997,-128.47562,3.0215269315,-3.35366,4.82728056605998,133.3127610307014
6.3500000000000005,1.3120317034999998,-44.81707,2.8251977985,-124.08537,3.0262341234999997,4.87805,4.342955533029802,132.0209990237322
6.354,0.8044394995,-50.60976,2.2840668515,-121.21951,3.4188923895,13.90244,4.1896192501775085,132.0938880109572
6.36,0.09581097049999998,-51.95122,1.6950794525,-120.60976,3.9648285949999997,23.78049,4.313042995390322,133.45843986569787
6.365,-0.636843851,-49.5122,1.1396307964999999,-122.56098,4.572938961499999,34.39024,4.755638673037769,136.58455393878916
6.37,-1.3263494125,-44.69512,0.7134337874999999,-126.89024,5.1762440695,44.93903,5.390889833804769,141.8390044254855
6.375,-1.9201420699999998,-38.10976,0.38304774899999994,-133.17073,5.688641532,54.87805,6.016171010417935,148.99126654872427
6.380000000000001,-2.4707854675,-31.03659,0.09581097049999998,-141.09756,6.0764945395,63.65854,6.5603160333211585,157.87400378692274
6.385000000000001,-2.9305212194999997,-24.32927,-0.033538742999999996,-150.24391,6.3206801245,70.91463,6.9670708839132045,167.91078172308622
6.390000000000001,-3.3614254205,-19.32927,-0.08620045349999998,-160.12195,6.411685836499999,76.46342,7.239912060359704,178.49177613725456
6.394,-3.653565524,-16.64634,-0.09581097049999998,-169.81708,6.349413609,80.30488,7.3261704838465205,188.58370832852026
6.4,-3.9025563675,-16.46342,-0.1579851315,-178.53659,6.200940928,82.43903,7.3284769151465134,197.3386729312463
6.405,-4.1228137264999996,-17.86585,-0.34480181399999993,-186.03659,5.96636586,83.04878,7.2604409569755495,204.51381683040145
6.41,-4.343071085499999,-19.57317,-0.660772077,-192.19513,5.774841985499999,82.2561,7.255872528438093,209.97176707066072
6.415,-4.5633284445,-21.21951,-1.110897312,-196.95122,5.626369304499999,80.60976,7.328989758541856,213.8644058074791
6.420000000000001,-4.836247513999999,-21.64634,-1.5179713535000001,-200.85367,5.4396506884999996,78.47561,7.43527582942397,216.72374616718074
6.425000000000001,-5.1379981345,-20.4878,-1.9872195559999997,-203.78049,5.401306687,75.67073,7.71506191296643,218.33986679535414
6.430000000000001,-5.1379981345,-20.4878,-1.9872195559999997,-203.78049,5.401306687,75.67073,7.71506191296643,218.33986679535414
6.4350000000000005,-5.549779367999999,-17.80488,-2.499518952,-206.09756,5.353450235,72.31708,8.105990096435303,219.14145671117183
6.44,-6.2440901879999995,-9.45122,-2.7868537969999996,-209.81708,5.425234913,64.39024,8.728596119821635,219.67848239295628
6.445,-6.512203999,-4.93902,-2.7677308294999996,-210.97562,5.4971176575,60.30488,8.960325742379828,219.48071602024447
6.45,-6.9575239755,-0.60976,-2.7054586019999998,-211.89024,5.6838362735,56.34146,9.382571124204041,219.25374735553964
6.455,-7.417259727499999,2.86585,-2.5857194055,-212.74391,5.832308954499999,52.19512,9.783532820505766,219.07193998804362
6.460000000000001,-7.819430443999999,5.36585,-2.4468572415,-213.59756,5.908898890999999,48.41463,10.10176662435319,219.0814606081788
6.465000000000001,-7.819430443999999,5.36585,-2.4468572415,-213.59756,5.908898890999999,48.41463,10.10176662435319,219.0814606081788
6.470000000000001,-8.173842774999999,7.19512,-2.207476915,-214.32927,6.0429557965,44.93903,10.402017823438419,219.10801479610052
6.4750000000000005,-8.523351781,7.86585,-1.8339416165,-214.7561,6.114838540999999,41.89024,10.649043047049135,218.94484760023494
6.479,-8.7580249155,7.31707,-1.4317708999999998,-214.57318,6.095617507,39.45122,10.766128418435779,218.29243653453892
6.485,-8.94954879,1.76829,-0.6512596264999999,-212.62196,6.114838540999999,36.52439,10.858628505856455,215.74349535649458
6.49,-8.939938273,-1.82927,-0.3543142645,-210.60976,6.1482792175,36.21951,10.855845073480959,213.70931224593514
6.495,-8.939938273,-1.82927,-0.3543142645,-210.60976,6.1482792175,36.21951,10.855845073480959,213.70931224593514
6.5,-8.939938273,-5.54878,-0.24418558499999998,-208.10976,6.210551444999999,36.7683,10.888207941436626,211.40569777476674
6.505000000000001,-9.078800437,-8.47561,-0.1436674225,-205.60976,6.373341835,38.04878,11.093455000536142,209.27235610949216
6.510000000000001,-9.265519053,-10.48781,-0.0765899365,-202.98781,6.526619774499999,40.06098,11.333687617927957,207.16883763190015
6.515000000000001,-9.404381217,-11.52439,0.0383440015,-200.85367,6.7133383905,42.31707,11.55477255001043,205.58633887183723
6.519,-9.461848186,-11.89024,0.2729190695,-198.71951,6.847395295999999,45.0,11.682802671152634,204.0975782852352
6.525,-9.4331147015,-12.0122,0.49798168699999995,-196.5244,6.9814522015,48.04878,11.746161652815442,202.66923299723715
6.53,-9.4331147015,-12.13415,0.7039213369999999,-194.45122,7.091580881,51.70732,11.822422662555422,201.57420841291503
6.535,-9.3374017975,-12.31707,0.9384964049999999,-192.13416,7.1970023685,55.91463,11.82644033183057,200.48364397208914
6.54,-9.294252537499998,-12.5,1.120507829,-189.69513,7.302325789499999,60.54878,11.872768420283125,199.51603220093693
6.545000000000001,-9.351719506499999,-12.98781,1.2641752515,-187.37805,7.5609271499999995,65.54878,12.092163419436769,198.9368226093073
6.550000000000001,-9.351719506499999,-13.47561,1.3934268984999998,-184.87805,7.8720921545,70.73171,12.303094372500617,198.40478884391553
6.555000000000001,-9.4523357355,-14.45122,1.5179713535000001,-182.62195,8.1451092905,76.03659,12.569554218063836,198.3461050792755
6.5600000000000005,-9.60071035,-16.03658,1.584950773,-180.85367,8.3414384235,80.97561,12.816602636832922,198.80209069684707
6.565,-9.8114552585,-17.80488,1.570633064,-179.39024,8.499423555,85.54878,13.075616363237573,199.54063675993518
6.57,-10.0652513605,-20.0,1.5801455144999998,-178.17073,8.729291431,89.45123,13.416656576225375,200.36549497666957
6.575,-10.290313978,-22.0122,1.5322890624999999,-177.2561,8.882471304,92.92683,13.679794150617282,201.34462413955558
6.58,-10.582356014999998,-24.14634,1.4556991259999998,-176.82927,8.892081821,95.91463,13.898720728362106,202.61108733770075
6.585000000000001,-10.730828696,-25.85366,1.3598881554999998,-176.21951,8.9351330145,98.59756,14.029846124786047,203.57604544245697
6.590000000000001,-10.912742053499999,-27.0122,1.168364281,-175.91464,8.9208153055,101.28049,14.143336237754763,204.77635891335134
6.595000000000001,-11.0947534775,-27.37805,0.9959633739999999,-175.36586,8.834614852,103.59756,14.21745115525377,205.51203593292462
6.6000000000000005,-11.3246213535,-27.2561,0.8235624669999999,-174.81708,8.839420110499999,105.67073,14.389602212261154,206.08301634455302
6.604,-11.554391163,-27.07317,0.6416491095,-174.45122,8.810686625999999,107.62196,14.544547691451593,206.75751731818337
6.61,-11.6837408765,-26.34146,0.38304774899999994,-173.84146,8.791465592,108.90244,14.62690649804431,206.81989064840164
6.615,-11.6837408765,-25.12195,0.08620045349999998,-172.98781,8.844225369,109.63415,14.653926223543088,206.33841529541004
6.62,-11.736402586999999,-23.65854,-0.2825295865,-171.58537,8.7484143985,109.81708,14.64096045822371,205.0879244926305
6.625,-11.7459150375,-21.40244,-0.7278495629999999,-169.57318,8.5856240085,109.39024,14.567402811409435,202.92696326640186
6.630000000000001,-11.621468648999999,-18.78049,-1.1157025704999999,-167.07318,8.5042288135,108.23171,14.44386490859956,199.95063723198436
6.635000000000001,-11.669325101,-16.09756,-1.4987503194999998,-163.84146,8.4467618445,106.15854,14.483341689359229,195.88974211994054
6.640000000000001,-11.927926461499998,-13.47561,-1.7860851644999998,-160.36586,8.523351781,103.23171,14.76865110524569,191.19515440495817
6.644,-12.387564146999999,-11.58537,-1.8866033269999998,-157.37805,8.6766297205,99.14635,15.241224390322163,186.36542098297608
6.65,-13.000479771999998,-10.79268,-1.9345578454999999,-154.93903,8.753219657,93.71951,15.791575055182367,181.39992148169028
6.655,-13.5368054605,-10.97561,-2.102153494,-153.29269,8.8154918845,87.68293,16.290397433870186,176.9389980634374
6.66,-13.996541212499999,-11.52439,-2.2936773684999996,-152.43903,8.868153594999999,81.03659,16.72747051913383,173.02427098832436
6.665,-14.465789415,-12.13415,-2.4900065015,-152.56097,8.9351330145,73.53659,17.184172885636542,169.79316014607744
6.670000000000001,-14.8536424225,-12.31707,-2.6192581484999997,-153.96342,8.777147883,65.67073,17.45077452218172,167.8364968956818
6.675000000000001,-14.920621842,-12.13415,-2.7677308294999996,-156.15854,8.556890524,57.62195,17.42141399359573,166.8922296961623
6.680000000000001,-14.700364483,-10.91463,-2.877859509,-158.53659,8.140304032,49.2683,17.04838235786566,166.37411127262257
6.6850000000000005,-14.235921538999998,-8.47561,-3.0215269315,-160.30489,7.541706115999999,40.54878,16.39110790039696,165.57082255721448
6.69,-13.6421288815,-4.63415,-3.1795120629999998,-160.67073,6.775610617999999,32.07317,15.560394488089731,163.9062142165583
6.695,-13.244763423499998,0.91463,-3.3326919359999994,-159.0244,5.928021858499999,24.39024,14.888654634976817,160.8865443430696
6.7,-13.211224680499999,7.7439,-3.466846908,-155.97562,5.22890578,16.82927,14.625215919714787,157.07191458159315
6.705,-13.1920036465,15.12195,-3.4763593585,-152.19513,4.5394002185,8.47561,14.37776717513598,153.17919875881157
6.710000000000001,-12.9574285785,22.80488,-3.409379939,-147.43903,3.620026781,-0.54878,13.87888399081646,149.19326820819933
6.715000000000001,-12.794638188499999,31.34146,-3.5577545534999997,-141.70732,2.8969824765,-9.5122,13.592383577089068,145.4432315556623
6.720000000000001,-12.660581282999999,40.2439,-3.7062272344999996,-135.12195,2.221794624,-18.65854,13.377698235811522,142.2169257646364
6.7250000000000005,-12.5886985385,48.59756,-3.8354788815,-127.13415,1.7238129369999997,-27.68293,13.272443640318578,138.89261876558092
6.729,-12.727560702499998,56.89024,-4.012685047,-118.90244,1.283298219,-36.09756,13.406688518837463,136.665004603098
6.735,-12.914279318499998,64.5122,-4.108496017499999,-111.03659,0.818855275,-43.90244,13.576777003525008,135.7143047199583
6.74,-13.311742843,70.91463,-4.118008468,-103.35366,0.3303860385,-51.28049,13.938064650270393,135.4272957644529
6.745,-13.747550369,75.79269,-3.9409003689999995,-96.40244,-0.26340661899999995,-57.92683,14.30367854481879,135.62256423338485
6.75,-14.130598117999998,78.35366,-3.7492784279999998,-89.63415,-0.9768404065,-63.84146,14.652136672951913,135.09000294821857
6.755000000000001,-14.34124496,78.29269,-3.5386315859999997,-82.13415,-1.699884711,-69.08537,14.868854311440872,132.84785377150624
6.760000000000001,-14.413127704499999,75.48781,-3.2464914824999997,-73.23171,-2.4852012429999997,-73.78049,14.981795032317697,128.4712166703511
6.765000000000001,-14.2311162805,70.42683,-2.9592547039999997,-62.62195,-3.2657125164999994,-78.04878,14.897876937090166,122.3644518033722
6.769,-13.915146017499998,64.02439,-2.6431863745,-49.81707,-3.7876224295,-81.89024,14.661644060852794,115.26870514374056
6.775,-13.5846619125,56.7683,-2.4803959845,-34.93903,-3.9743410455,-85.67073,14.36978741188602,108.5488354657193
6.78,-13.335671069,49.69512,-2.2792615929999998,-19.32927,-3.8259664309999994,-89.5122,14.059629276799136,104.19049658863952
6.785,-10.165769523,37.37805,2.394195531,-2.2561,-5.674225756499999,-93.47561,11.885784794078345,100.69706189300958
6.79,-16.606188844,-44.32927,8.667019203499999,56.70732,-11.449067742,-105.2439,21.953675818808403,127.50326587003684
6.795000000000001,-10.70690047,-112.80488,1.8052081319999997,116.64635,-5.5066301079999995,-100.54878,12.174541848490943,190.896225943902
6.800000000000001,7.704496506,-131.7683,-2.9353264779999995,121.70732,-4.5872566704999995,-105.48781,9.434952660425003,208.09429277389734
6.805000000000001,2.542668212,-87.07317,-5.343839717999999,156.46342,-0.809244758,-93.78049,5.9729943618205485,202.13193472726027
6.8100000000000005,-7.3933315015,-31.76829,-5.4109172039999995,185.60976,11.7219868115,-63.41463,14.877645999572492,198.69983028381932
6.815,-0.7996342409999999,-7.9878,1.029502117,169.0244,19.8479731345,-30.91463,19.89073470428181,172.01385726806114
6.82,0.06227222749999999,-3.53659,7.412454468999999,152.07318,19.397847899499997,-2.68293,20.765954401795558,152.1379560054801
6.825,-3.2609072579999996,-19.5122,8.236016936,140.91464,15.145684459499998,2.92683,17.545861302942516,142.28924080554543
6.83,-1.3359599294999998,-44.57317,4.7357293515,128.17073,6.98625746,-19.32927,8.545157384231954,137.06977854842657
6.835000000000001,0.5027869455,-54.87805,-0.1675956485,145.79268,2.0734200095,-38.96342,2.1400826034890184,160.5778752240834
6.840000000000001,-0.9959633739999999,-50.42683,-3.8929458505,184.63416,4.343071085499999,-39.69512,5.91686039137149,195.4695392499018
6.845000000000001,-8.4467618445,-38.71951,-5.9950993445,214.63416,12.3109742105,-29.26829,16.08878764294319,220.0537568256216
6.8500000000000005,-19.7330391965,-41.15854,-5.4157224625,206.82927,25.325869758,-18.41463,32.55952341052632,211.68720070354138
6.854,-28.179801041,-125.12196,7.436382694999999,157.74391,38.398232274499996,-32.31707,48.20607032421636,203.91919730548813
6.86,-31.943397177999998,-120.48781,2.442051983,72.19512,26.939554015499997,-43.71951,41.85790023057982,147.10827055285029
6.865,-24.554969001499998,-18.41463,-6.325485383,5.67073,13.1920036465,-21.52439,28.582988440756885,28.888668048940918
6.87,-2.3654620465,4.32927,-4.0414185315,-10.85366,9.538536188999998,-5.97561,10.626012754982284,13.124497285633458
6.875,3.907361626,-4.20732,-3.2082455475,-0.85366,7.287910014,-2.92683,8.869833523891664,5.195826289138235
6.880000000000001,-0.670382594,-8.71951,-1.412549866,18.71951,10.721218179,1.34146,10.834631013006158,20.694188174746067
6.885000000000001,-5.7652314685,-12.37805,0.8906399529999999,21.09756,12.382856955,1.03659,13.688180294664969,24.48259950626567
6.890000000000001,-6.1339615085,-7.5,0.20113439149999998,11.82927,9.8593117105,0.06098,11.613439035703683,14.006617981986228
6.894,-4.362194053,-4.26829,-0.6655773355,5.4878,8.4228336185,-0.06098,9.508725272637424,6.952551109089383
6.9,-3.136362803,-6.15854,-0.6081103664999999,3.41463,8.9351330145,0.2439,9.489108063284695,7.046048550677181
6.905,-3.5098981014999997,-7.92683,-0.11493393799999999,2.92683,9.43791996,0.0,10.070100677966625,8.449909330744324
6.91,-4.1228137264999996,-7.07317,0.196329133,2.31707,9.356524765,-0.12195,10.226470252728438,7.4440190110114575
6.915,-4.242552923,-5.97561,0.1005181625,0.4878,8.9351330145,0.0,9.891711742274746,5.995486945369826
6.920000000000001,-3.9696338534999995,-5.54878,-0.3878530075,-1.03659,8.858543078,-0.2439,9.715050609804447,5.650041196885205
6.925000000000001,-3.5816827795,-5.67073,-0.41178123349999995,-1.70732,9.0979234045,-0.54878,9.786226320261477,5.94754401443991
6.930000000000001,-3.466846908,-5.67073,-0.196329133,-1.82927,9.007015759,-0.73171,9.653181107533829,6.003233044776789
6.9350000000000005,-3.5816827795,-5.91463,0.0383440015,-1.76829,8.939938273,-1.09756,9.63080568387028,6.270114473803488
6.94,-3.67749375,-5.4878,-0.11973919649999999,-1.70732,8.94954879,-1.34146,9.676400224311621,5.901729013941592
6.945,-3.6152215224999997,-4.93902,-0.46444294399999997,-1.89024,8.959061240499999,-1.34146,9.67214103577941,5.45586297020004
6.95,-3.5386315859999997,-5.36585,-0.6512596264999999,-1.76829,9.045261693999999,-1.52439,9.734619238341555,5.8517485095226025
6.955,-3.6966167175,-5.18293,-0.6225261419999999,-1.58537,9.016528209499999,-1.64634,9.764747559782748,5.664503227768521
6.960000000000001,-3.8211611724999996,-4.87805,-0.6559668185,-1.46341,9.0596774695,-1.15854,9.854406173106552,5.22294510426828
6.965000000000001,-3.8881405919999996,-4.5122,-0.751777789,-1.64634,9.1075339215,-0.79268,9.931262821940873,4.868133709954977
6.970000000000001,-3.7540836864999996,-4.02439,-0.924178696,-1.76829,9.188929116499999,-0.30488,9.96913581487619,4.406304144132585
6.9750000000000005,-3.7636942035,-3.65854,-0.9720351479999999,-1.89024,9.1650008905,0.30488,9.955274366348357,4.129270396038506
6.979,-3.7636942035,-3.17073,-0.8571012100000001,-2.13415,9.227273118,1.03659,10.002129060145565,3.9601317886529985
6.985,-3.6871042669999996,-2.7439,-0.7230443045,-2.31707,9.1314621475,1.58537,9.874266144540808,3.9257099525818258
6.99,-3.6871042669999996,-2.43902,-0.6799931109999999,-2.68293,9.0836056955,1.95122,9.826953797492745,4.117546773711259
6.995,-3.620026781,-2.5,-0.6895055615,-2.86585,9.064482728,2.13415,9.784930196005845,4.360927933937914
7.0,-3.5673650704999997,-2.43902,-0.6895055615,-2.92683,9.011821017499999,2.2561,9.716708780086888,4.42776914701975
7.005000000000001,-3.620026781,-2.7439,-0.636843851,-3.10976,9.045261693999999,2.07317,9.763550742360971,4.636553495485629
7.010000000000001,-3.701421976,-2.92683,-0.5602539145,-3.17073,9.030943985,2.0122,9.776111617270745,4.761177524709618
7.015000000000001,-3.6487602655,-3.47561,-0.588987399,-3.35366,9.007015759,1.52439,9.735845649667354,5.0646485702168915
7.019,-3.5912932964999995,-4.20732,-0.6081103664999999,-3.29268,9.054872211,0.67073,9.760015190401633,5.384529867843617
7.025,-3.5769755874999998,-4.5122,-0.4788587195,-3.10976,9.030943985,0.12195,9.72532823543863,5.481370987271341
7.03,-3.5625598119999995,-4.81707,-0.4213917505,-2.80488,8.94954879,-0.30488,9.641775094144096,5.582514398879773
7.035,-3.529021069,-4.7561,-0.44051471799999997,-2.43902,8.963866499,-1.09756,9.64359608932866,5.456550533441434
7.04,-3.529021069,-4.81707,-0.5075922039999999,-2.19512,8.997405242,-1.58537,9.678064922275349,5.525949080130942
7.045000000000001,-3.5098981014999997,-4.81707,-0.4931764285,-2.13415,9.030943985,-1.52439,9.701574971763554,5.484753821230266
7.050000000000001,-3.505092843,-4.87805,-0.48837116999999997,-1.70732,8.954354048499999,-1.40244,9.628324810870545,5.355105165960795
7.055000000000001,-3.5098981014999997,-4.32927,-0.5506433974999999,-1.09756,9.054872211,-1.70732,9.726937009750998,4.781438932884116
7.0600000000000005,-3.5386315859999997,-4.08537,-0.6847003029999998,-0.73171,9.011821017499999,-1.52439,9.705856276383855,4.42147174966662
7.065,-3.5098981014999997,-3.96341,-0.7087265955,-0.30488,8.983087532999999,-1.28049,9.670446716446058,4.176269301972755
7.07,-3.4955803924999995,-3.84146,-0.6081103664999999,0.18293,9.030943985,-1.03659,9.70292892679746,3.9830637886682156
7.075,-3.5338263275,-3.53659,-0.6512596264999999,0.85366,9.054872211,-0.91463,9.741805703850856,3.751366719023881
7.08,-3.4859698755,-2.92683,-0.69431082,1.46341,9.011821017499999,-0.60976,9.687464660019012,3.3286198242815295
7.085000000000001,-3.4763593585,-2.80488,-0.6512596264999999,2.07317,9.030943985,-0.4878,9.698822750764505,3.5218368081584925
7.090000000000001,-3.5243138769999995,-2.5,-0.5937926575,2.43902,9.011821017499999,-0.2439,9.694652963111697,3.501186337571881
7.095000000000001,-3.481164617,-2.13415,-0.5506433974999999,2.68293,8.9925999835,-0.2439,9.65860081508224,3.4368876643556447
7.1000000000000005,-3.481164617,-2.13415,-0.5506433974999999,2.68293,8.9925999835,-0.2439,9.65860081508224,3.4368876643556447
7.104,-3.5002875845,-1.82927,-0.541130947,3.23171,8.925620563999999,-0.36585,9.602683912766556,3.731490919123347
7.11,-3.4715540999999996,-1.21951,-0.5075922039999999,3.53659,8.944743531499999,-0.67073,9.60821391097739,3.800598926629854
7.115,-3.4620416494999997,-1.09756,-0.5363256885,3.84146,8.9686717575,-0.79268,9.628626626928463,4.0730571402326285
7.12,-3.4428206154999996,-0.97561,-0.5506433974999999,4.08537,8.9208153055,-0.97561,9.577952164036173,4.312061894395766
7.125,-3.457236391,-1.03659,-0.5267151715,4.20732,8.963866499,-1.34146,9.62189248261679,4.536030791573179
7.130000000000001,-3.457236391,-1.03659,-0.5267151715,4.20732,8.963866499,-1.34146,9.62189248261679,4.536030791573179
7.135000000000001,-3.4907751339999997,-0.97561,-0.5793768819999999,4.45122,9.011821017499999,-1.46341,9.68163760213134,4.786098953072325
7.140000000000001,-3.5243138769999995,-0.97561,-0.5698644315,4.57317,8.973477015999999,-1.64634,9.657578554202074,4.957432209985327
7.144,-3.5098981014999997,-0.91463,-0.5698644315,4.69512,9.054872211,-1.89024,9.728044043421171,5.143316742035241
7.15,-3.505092843,-0.79268,-0.6081103664999999,4.5122,8.954354048499999,-2.2561,9.635140397616576,5.1066894983345135
7.155,-3.5434368444999995,-0.67073,-0.660772077,4.87805,8.963866499,-2.37805,9.661442284700433,5.468123292126834
7.16,-3.5434368444999995,-0.67073,-0.660772077,4.87805,8.963866499,-2.37805,9.661442284700433,5.468123292126834
7.165,-3.505092843,-0.42683,-0.6033051079999999,5.30488,9.002210500499999,-2.31707,9.679330905940821,5.804545550531928
7.170000000000001,-3.5243138769999995,-0.18293,-0.5745716235,5.67073,9.011821017499999,-2.37805,9.6934946693956,6.151891084886013
7.175000000000001,-3.5721703289999995,0.06098,-0.5793768819999999,6.21951,8.997405242,-2.56098,9.697905934765148,6.726413736970095
7.180000000000001,-3.5816827795,0.42683,-0.6081103664999999,6.58537,9.007015759,-2.68293,9.712084360923043,7.12372060588426
7.1850000000000005,-3.6391497484999995,0.60976,-0.5841821405,7.07317,9.021333468,-2.62195,9.745210988282587,7.568101671423291
7.19,-3.620026781,0.79268,-0.5698644315,7.56098,9.016528209499999,-2.86585,9.73278584569471,8.12464499933997
7.195,-3.620026781,0.79268,-0.5698644315,7.56098,9.016528209499999,-2.86585,9.73278584569471,8.12464499933997
7.2,-3.653565524,0.85366,-0.612915625,8.04878,9.0357492435,-2.92683,9.765703814520556,8.60685359076707
7.205,-3.663176041,1.15854,-0.660772077,8.23171,8.983087532999999,-3.23171,9.723751337351205,8.918924485598025
7.210000000000001,-3.653565524,1.21951,-0.660772077,8.53659,8.9686717575,-3.17073,9.706813785670477,9.187714743128456
7.215000000000001,-3.6487602655,1.15854,-0.6225261419999999,9.02439,8.9925999835,-3.10976,9.72459997818981,9.615219033454204
7.220000000000001,-3.629637298,1.09756,-0.6177208835,9.08537,8.973477015999999,-3.23171,9.699439971546038,9.705283896651348
7.2250000000000005,-3.629637298,1.15854,-0.73746008,9.45122,8.987794724999999,-3.23171,9.721037408803864,10.055432558776374
7.229,-3.67749375,1.09756,-0.69431082,9.81707,9.016528209499999,-3.04878,9.762366964459357,10.338015323402262
7.235,-3.7110324929999994,1.09756,-0.6320385924999999,9.87805,8.925620563999999,-3.10976,9.686998368896882,10.413986605219923
7.24,-3.701421976,1.21951,-0.636843851,10.18293,8.954354048499999,-3.04878,9.710126217555597,10.699267615748287
7.245,-3.7158377515,1.21951,-0.636843851,10.42683,9.011821017499999,-3.04878,9.768620083588255,10.931653487803207
7.25,-3.7397659775,1.52439,-0.5937926575,10.60976,9.011821017499999,-3.23171,9.775037459673603,11.195299087286593
7.255000000000001,-3.701421976,1.70732,-0.5602539145,10.97561,8.9925999835,-3.41463,9.740701389344226,11.62061334402793
7.260000000000001,-3.6344425565,1.70732,-0.5937926575,11.34146,8.9782822745,-3.47561,9.704190590523254,11.984303124758652
7.265000000000001,-3.5482421029999998,1.76829,-0.6081103664999999,12.0122,8.944743531499999,-3.53659,9.642004826987886,12.64623529720209
7.269,-3.7349607189999996,1.82927,-0.627233334,13.41463,9.002210500499999,-3.35366,9.76642959955511,13.94795906810025
7.275,-3.6152215224999997,1.89024,-0.6033051079999999,14.08537,9.021333468,-3.29268,9.737466880608274,14.58809092639952
7.28,-3.6966167175,2.07317,-0.6559668185,14.93902,9.002210500499999,-3.41463,9.753720393695215,15.463895060630746
7.285,-3.7253502019999996,2.37805,-0.670382594,15.79268,8.997405242,-3.59756,9.761196035253501,16.370898000369436
7.29,-3.7540836864999996,2.31707,-0.6847003029999998,16.52439,8.9925999835,-3.47561,9.76876723509256,17.04418209035271
7.295000000000001,-3.782817171,2.2561,-0.6895055615,17.0122,8.9782822745,-3.41463,9.767019825369086,17.497560803920642
7.300000000000001,-3.7492784279999998,2.19512,-0.588987399,17.68293,8.925620563999999,-3.53659,9.699004966456435,18.16623334726822
7.305000000000001,-3.6487602655,1.89024,-0.565059173,18.47561,8.954354048499999,-3.35366,9.68572143776453,18.872419228209722
7.3100000000000005,-3.5386315859999997,2.0122,-0.948106922,20.06098,8.9208153055,-3.35366,9.643742320895154,20.438661961977843
7.315,-3.830673623,2.0122,-0.46444294399999997,22.13415,8.8633483365,-3.59756,9.66688736814062,22.51470592781749
7.32,-3.9839515624999997,1.82927,-0.6416491095,22.68293,8.834614852,-3.65854,9.712569341592744,23.048784285714508
7.325,-3.8977511089999997,2.2561,-0.7278495629999999,22.56098,8.892081821,-4.02439,9.736084829408005,23.02788571802674
7.33,-3.7301554605,1.70732,-0.5698644315,22.80488,8.848932561,-4.08537,9.619896709368183,23.230749911135028
7.335000000000001,-3.8738228829999994,2.37805,-0.7134337874999999,23.78049,8.930327755999999,-4.26829,9.76044288583182,24.27725532194074
7.340000000000001,-3.5338263275,2.62195,-0.555448656,25.2439,8.839420110499999,-4.69512,9.535816672540227,25.810332443168956
7.345000000000001,-3.7733047204999997,2.19512,-0.48837116999999997,27.37805,8.7962708505,-4.5122,9.583877909739394,27.83408203007421
7.3500000000000005,-3.9887568209999995,2.31707,-0.7230443045,28.53659,8.848932561,-4.45122,9.73327188115435,28.97445671106535
7.354,-3.907361626,2.5,-0.588987399,28.96342,8.868153594999999,-4.5122,9.708683186561892,29.419205409670738
7.36,-3.8259664309999994,2.56098,-0.646454368,30.12195,8.892081821,-4.32927,9.701806094351909,30.53904171868855
7.365,-3.8450893985,2.31707,-0.7087265955,31.34146,8.882471304,-4.26829,9.7049112482294,31.71552029906809
7.37,-3.9216793349999994,2.37805,-0.6512596264999999,32.80488,8.839420110499999,-4.26829,9.69221624797893,33.16675403383635
7.375,-3.979146304,2.5,-0.646454368,34.14634,8.8058813675,-4.5122,9.684784727448866,34.5337875744263
7.380000000000001,-3.8786281414999997,2.7439,-0.5698644315,35.4878,8.801076109,-4.81707,9.634699912645704,35.918200114077266
7.385000000000001,-3.8498946569999997,2.80488,-0.5267151715,37.19512,8.7723426245,-5.06098,9.594431346541857,37.64250021171814
7.390000000000001,-3.9216793349999994,2.68293,-0.5841821405,39.20732,8.839420110499999,-5.0,9.687940207792211,39.615805620576495
7.394,-3.9552180779999997,2.2561,-0.555448656,40.91463,8.834614852,-5.4878,9.695498586311546,41.342627929135084
7.4,-4.0366132729999995,1.64634,-0.5075922039999999,42.56098,8.791465592,-5.79268,9.68719586963334,42.984911254280846
7.405,-4.0653467574999995,1.70732,-0.6033051079999999,44.02439,8.801076109,-6.09756,9.713390859450948,44.477433541157694
7.41,-4.1563524695,2.0122,-0.660772077,45.54878,8.738803881499999,-6.28049,9.699411263977886,46.023742383344924
7.415,-4.266481149,1.95122,-0.6895055615,46.58537,8.7962708505,-6.28049,9.800645906748583,47.047300795745976
7.420000000000001,-4.276091665999999,2.19512,-0.7469725305,47.86586,8.7723426245,-6.15854,9.78759025598108,48.310316913528936
7.425000000000001,-4.175475436999999,2.68293,-0.718239046,49.2683,8.7580249155,-5.91463,9.729001124098408,49.694530346022994
7.430000000000001,-4.3287533765,2.9878,-0.7087265955,51.15854,8.738803881499999,-5.18293,9.777887934571996,51.50714442828781
7.4350000000000005,-4.338265827,3.41463,-0.7709007564999999,52.86586,8.7580249155,-4.87805,9.803970562104267,53.20013367820611
7.44,-4.323948118,4.02439,-0.751777789,54.57317,8.719680914,-4.7561,9.761891846008403,54.92765319883055
7.445,-4.3669993115,4.57317,-0.7326548214999999,56.40244,8.686142170999998,-4.39024,9.749693938218432,56.75758389026175
7.45,-4.429271539,5.06098,-0.6799931109999999,58.41463,8.681336912499999,-4.39024,9.769669778735507,58.797591139900454
7.455,-4.4915437664999995,5.60976,-0.6799931109999999,60.48781,8.6430909775,-4.5122,9.764188531707813,60.91473150801619
7.460000000000001,-4.458005023499999,6.21951,-0.718239046,62.5,8.647896236,-4.5122,9.75580777923454,62.970566564706246
7.465000000000001,-4.510666734,6.76829,-0.7278495629999999,65.06097,8.662213945,-4.39024,9.793356411390631,65.55923866338443
7.470000000000001,-4.438882056,7.31707,-0.73746008,67.80488,8.614357493,-4.20732,9.71877956812879,68.32819920634304
7.4750000000000005,-4.544205477,7.68293,-0.7805112734999999,70.67073,8.5760134915,-3.65854,9.736889065386716,71.1812082438153
7.479,-4.6159901549999995,7.9878,-0.775706015,73.84147,8.623869943499999,-3.47561,9.812248352705243,74.35353055150105
7.485,-4.6207954135,8.59756,-0.718239046,77.0122,8.4803005875,-3.10976,9.684168298567227,77.55299861418126
7.49,-4.673457124,9.5122,-0.751777789,80.73171,8.667019203499999,-2.2561,9.875403445314921,81.32146663442624
7.495,-4.7214116425,8.41463,-0.6847003029999998,83.84147,8.628675202,-2.2561,9.859745338723135,84.29287085517849
7.5,-4.951181451999999,9.26829,-1.211513541,87.13415,8.652603427999999,-1.76829,10.042385618611373,87.64352882712278
7.505000000000001,-4.7453398684999994,9.20732,-0.48837116999999997,90.48781,8.5616957825,-1.76829,9.800989314316235,90.97222295680479
7.510000000000001,-4.788391062,9.26829,-0.8522959514999999,94.93903,8.729291431,-1.46341,9.99277870459037,95.40158376931223
7.515000000000001,-4.6159901549999995,8.96342,-0.521909913,100.06098,8.499423555,-1.40244,9.68607019567964,100.47143601347797
7.519,-4.8028068374999995,9.02439,-0.5171046545,106.03659,8.623869943499999,-2.0122,9.884608416343308,106.43893546320444
7.525,-4.7214116425,9.57317,-0.46924820249999993,111.7683,8.552085265499999,-2.9878,9.780086101965882,112.21731335929809
7.53,-4.5825494785,9.81707,-0.34950900599999996,118.41463,8.647896236,-4.93902,9.79326429628031,118.92347699248538
7.535,-4.5968671875,9.39024,-0.3303860385,125.91463,8.638285718999999,-6.70732,9.790828516373331,126.44231410756804
7.54,-4.53459496,7.5,-0.40226878299999996,134.51219,8.6430909775,-8.90244,9.768694553028855,135.01493508701066
7.545000000000001,-4.6207954135,5.42683,-0.37353529849999995,144.14635,8.6909474295,-11.34146,9.850068329457455,144.69363986403482
7.550000000000001,-4.592061929,3.41463,-0.36873004,154.39024,8.733998623,-13.53659,9.874498799875134,155.0201444139522
7.555000000000001,-4.57774422,0.06098,-0.21064684199999997,165.48781,8.8154918845,-16.52439,9.935442184496537,166.31077668638494
7.5600000000000005,-4.8028068374999995,-3.96341,-0.05266171049999999,177.56097,8.628675202,-20.4878,9.875412017515991,178.78298754358312
7.565,-4.7021906085,-8.29268,0.06227222749999999,191.21951,8.710070396999999,-25.42683,9.898474663789322,193.08079456556885
7.57,-4.5825494785,-14.69512,0.20593965,207.56097,8.667019203499999,-31.28049,9.806089574146286,210.4185635199409
7.575,-4.673457124,-21.52439,0.34480181399999993,224.63416,8.590429267,-36.95122,9.785477237832307,228.66831407798088
7.58,-4.788391062,-26.52439,0.268113811,241.58537,8.5616957825,-42.13415,9.813419824422509,246.66236206428314
7.585000000000001,-5.0134536794999995,-29.7561,0.11012867949999999,259.26831,8.5760134915,-47.07317,9.934528349596196,265.1817591602314
7.590000000000001,-5.3390344595,-33.71951,0.20113439149999998,278.59756,8.667019203499999,-51.95122,10.181501160291162,285.3989051346941
7.595000000000001,-5.9615606015,-37.0122,0.287334845,298.65854,8.6430909775,-56.40244,10.503608321136605,306.1830526037083
7.6000000000000005,-6.9767450095,-38.04878,0.268113811,320.42685,8.638285718999999,-61.09756,11.107062442712358,328.41130872484354
7.604,-8.360561391,-37.43903,-0.11493393799999999,341.21951,8.9782822745,-65.36585,12.268730544900924,349.4354437062782
7.61,-10.8648856015,-37.13415,0.023928225999999997,359.20734,9.639054351499999,-67.37805,14.524382275499795,367.3535896488567
7.615,-13.704401108999999,-31.95122,0.4931764285,370.36588,11.889582459999998,-64.93903,18.149821040966987,377.3709622440546
7.62,-16.132135382999998,-21.15854,0.17240090699999996,369.39026,14.111377083999999,-60.2439,21.433769554024213,374.86821082216244
7.625,-17.453777603499997,-5.79268,-0.9384964049999999,359.63416,14.164136861,-52.5,22.497508776568463,363.4921377148177
7.630000000000001,-16.309341548499997,11.76829,-1.4269656414999998,346.82928,13.115413709999999,-45.85366,20.97724790033492,350.0451403037015
7.635000000000001,-14.595041062,26.40244,-1.3263494125,338.10977,12.028444624,-39.93903,18.95937515948613,341.48269579108603
7.640000000000001,-12.8281769315,43.59756,-0.359119523,333.35367,11.137804671,-33.35366,16.992403688325496,337.84298597990477
7.644,-12.181722563499997,52.7439,-0.3782424905,332.98782,11.358062029999997,-28.47561,16.659621996703052,338.3395744225533
7.65,-11.688448068499998,52.9878,0.22986787599999997,331.70734,11.616663390499998,-26.09756,16.480883647991117,336.9251385644431
7.655,-11.841726007999998,49.7561,0.541130947,329.93903,11.750720295999999,-30.48781,16.691276914160014,335.05960598548285
7.66,-13.311742843,42.37805,2.4133184985,326.03659,13.1202189685,-36.21951,18.84586823350814,330.7682119631067
7.665,-15.710743632499998,34.57317,1.896213844,315.36588,14.858447680999998,-40.73171,21.707062443300124,319.85936683415633
7.670000000000001,-16.567844842499998,26.46342,0.49798168699999995,294.63416,15.7442823755,-48.84146,22.860968833477312,299.825097435044
7.675000000000001,-15.983662701999998,15.85366,0.5937926575,272.37805,13.733134593499999,-57.9878,21.081485926153146,278.9331920120624
7.680000000000001,-13.6995958505,10.85366,1.0103791494999999,258.29269,11.6502021335,-63.53659,18.011857268038437,266.21384996213067
7.6850000000000005,-11.1282922205,11.64634,0.8763222439999999,249.69513,10.5775507565,-65.60976,15.378277160543822,258.43361969443936
7.69,-8.360561391,15.97561,0.7134337874999999,244.51221,10.548817271999999,-65.12196,13.47907713383494,253.53956422656762
7.695,-6.2296744125,24.5122,0.31126307099999995,240.54878,11.1186817035,-64.32927,12.74875722605428,250.20555247048634
7.7,-5.712569758,34.45122,0.2154521005,235.60976,11.865654233999999,-63.59756,13.170938586466347,246.46195488289788
7.705,-4.4053433129999995,42.68293,0.483663978,225.60976,11.7890642975,-63.59756,12.594563015825429,238.25668082678416
7.710000000000001,-2.2314051409999998,48.35366,1.3598881554999998,213.23172,10.70690047,-61.89024,11.021169737066781,227.23609892975102
7.715000000000001,-0.761388306,54.14634,2.5714016964999997,199.87805,9.06918992,-59.45122,9.457379374980482,215.44722919240922
7.720000000000001,1.3598881554999998,61.21951,0.34480181399999993,187.01221,6.98625746,-57.92683,7.125726446041311,205.1265773311033
7.7250000000000005,-5.698153982499999,53.35366,-1.7429359045,181.64635,6.464347546999999,-66.21951,8.791733252543594,200.56677942360793
7.729,-14.1593316025,44.32927,1.9010191024999998,166.28049,13.828945564,-71.03659,19.883165755726637,186.17325976681263
7.735,-15.5240250165,54.14634,3.4620416494999997,120.18293,20.6619250845,-61.03659,26.074819909124603,145.26261775697353
7.74,-12.176917305,62.98781,3.6152215224999997,60.42683,21.5525650375,-48.04878,25.01719811260292,99.63709776952257
7.745,-8.7484143985,58.53659,4.5297897014999995,8.53659,18.315684072,-37.31707,20.79706787633805,69.94261541464617
7.75,-6.545742741999999,45.4878,5.329522009000001,-30.30488,15.3755523355,-26.82927,17.540187071709372,60.887892305345076
7.755000000000001,-5.0038431625,28.29268,5.76042621,-60.73171,13.244763423499998,-16.89024,15.28544126481916,69.09483734957409
7.760000000000001,-3.4907751339999997,10.97561,5.300788524499999,-84.81708,11.0947534775,-8.23171,12.781917882075518,85.91950956635286
7.765000000000001,-3.4907751339999997,10.97561,5.300788524499999,-84.81708,11.0947534775,-8.23171,12.781917882075518,85.91950956635286
7.769,-2.298482627,-6.03659,4.3766098285,-101.52439,9.208052084,-1.40244,10.45112238753333,101.71336697629177
7.775,-0.90025047,-33.90244,2.5282524365,-118.35366,6.6797996475,8.78049,7.198766187489668,123.4263394822568
7.78,-0.196329133,-42.13415,1.6663459679999997,-122.07317,5.6359798215,12.86585,5.88043557586422,129.77933397230046
7.785,0.30165255399999996,-46.34146,0.7709007564999999,-123.41463,4.9272532259999995,16.89024,4.996309297154691,132.90591416572138
7.79,0.521909913,-46.46342,0.0765899365,-123.96342,4.4915437664999995,20.73171,4.522413225485454,133.99844288541902
7.795000000000001,0.588987399,-44.20732,-0.44531997649999994,-124.45123,4.2377476645,24.14634,4.301595204761362,134.2588601377611
7.800000000000001,0.588987399,-44.20732,-0.44531997649999994,-124.45123,4.2377476645,24.14634,4.301595204761362,134.2588601377611
7.805000000000001,0.48837116999999997,-39.57317,-0.8522959514999999,-125.06098,4.1898912125,27.37805,4.303498944023941,133.99941090994318
7.8100000000000005,0.2393803265,-32.86586,-1.201903024,-125.91463,4.2616758905,30.54878,4.434383295959491,133.67081491883297
7.815,-0.670382594,-17.37805,-1.436478092,-130.36586,4.668651865499999,35.85366,4.930435312664669,136.31852042454722
7.82,-1.192292507,-10.67073,-1.331154671,-134.39024,5.0038431625,37.68293,5.313377511081954,139.98072831420546
7.825,-1.733423454,-5.67073,-1.1300202794999998,-139.63416,5.3390344595,38.96342,5.725992635577433,145.07930216173122
7.83,-1.733423454,-5.67073,-1.1300202794999998,-139.63416,5.3390344595,38.96342,5.725992635577433,145.07930216173122
7.835000000000001,-2.2505281084999997,-2.92683,-0.9433016634999999,-145.85367,5.59763582,39.63415,6.106408237978978,151.1711785775989
7.840000000000001,-2.77724328,-2.31707,-0.7039213369999999,-152.74391,5.861042438999999,39.7561,6.523833532268285,157.84998683143118
7.845000000000001,-3.3853536465,-3.90244,-0.48837116999999997,-160.36586,6.095617507,39.63415,6.989683719826163,165.23711428645714
7.8500000000000005,-3.9168740764999996,-6.95122,-0.30165255399999996,-168.59756,6.2440901879999995,39.20732,7.377096927001185,173.23588149983362
7.854,-4.319142859499999,-11.40244,-0.20113439149999998,-176.82927,6.3350959,38.47561,7.669999357653865,181.32561576224856
7.86,-4.788391062,-16.40244,-0.17240090699999996,-184.93903,6.2440901879999995,37.68293,7.870646308357006,189.4504897557127
7.865,-5.157121102,-21.09756,-0.1675956485,-192.68294,6.157889734499999,37.13415,8.033902684520786,197.35948799391355
7.87,-5.401306687,-25.12195,-0.22025735899999999,-199.57318,6.014222312,36.82927,8.086624589368745,204.49195992959676
7.875,-5.688641532,-27.68293,-0.36873004,-205.30489,5.8226984375,36.70732,8.148645373070217,210.38980444137354
7.880000000000001,-5.865749631,-28.84146,-0.5602539145,-210.12196,5.607246336999999,37.19512,8.13400975325756,215.32892244421697
7.885000000000001,-5.918509407999999,-28.41463,-0.761388306,-213.59756,5.329522009000001,38.41463,8.000766876338384,218.8766607795984
7.890000000000001,-6.0286380875,-26.28049,-0.9289839544999999,-215.54878,5.10926465,39.57317,7.956888439680032,220.7214907932107
7.894,-6.162694993,-23.17073,-1.0246968585,-216.40245,4.917642709,40.97561,7.950598910896455,221.46309785065205
7.9,-6.287141381499999,-19.5122,-1.120507829,-216.21951,4.8028068374999995,42.5,7.990659426114765,221.219014674327
7.905,-6.4499317715,-15.36585,-1.1348255379999999,-215.54878,4.7357293515,43.78049,8.081867441956762,220.4860930089492
7.91,-6.593599193999999,-11.46342,-1.072651377,-214.45122,4.7596575775,44.69512,8.202467406991056,219.3590424609827
7.915,-6.8618110715,-8.41463,-0.9529121805,-212.86586,4.836247513999999,45.73171,8.44877404250915,217.8854507558974
7.920000000000001,-7.182586592999999,-5.91463,-0.8140500165,-211.03659,4.979914936499999,46.34146,8.777914351945045,216.14568254257728
7.925000000000001,-7.422064985999999,-4.45122,-0.565059173,-209.45122,5.171438811,47.13415,9.063670332779965,214.73531385219175
7.930000000000001,-7.6614453125,-4.32927,-0.2825295865,-207.74391,5.396501428499999,47.9878,9.37548904918984,213.25830269806846
7.9350000000000005,-7.900825639,-5.4878,0.0,-205.91464,5.621564046,49.20732,9.696650354692576,211.78365200541802
7.94,-8.1258882565,-7.80488,0.29684729549999994,-204.2683,5.980683568999999,50.67073,10.093896880119038,210.6038399826492
7.945,-8.327022648,-10.73171,0.44051471799999997,-203.17073,6.3206801245,52.31707,10.463477272557574,210.0728229487144
7.95,-8.537767556499999,-13.71951,0.4549304935,-202.37805,6.622332678499999,54.14634,10.814607099079886,209.94505522121307
7.955,-8.7867584,-15.91463,0.406975975,-202.19513,6.9192780405,56.09756,11.191477169075728,210.435458708145
7.960000000000001,-8.973477015999999,-17.5,0.36392478149999996,-202.5,7.187391851499999,57.9878,11.502796730807628,211.36481483170277
7.965000000000001,-9.102728663,-18.23171,0.29214010349999997,-203.29269,7.3262540155,59.57317,11.68841361570956,212.62472960784478
7.970000000000001,-9.2560066025,-17.86585,0.18191335749999998,-204.20732,7.508167372999999,61.46342,11.919703351851597,214.00366851038163
7.9750000000000005,-9.279934828499998,-16.89024,0.1340569055,-205.30489,7.584855376,63.35366,11.986041579685748,215.52044984308404
7.979,-9.251201344,-15.06098,0.09100571199999999,-206.03659,7.6566400539999995,65.30488,12.00904431099166,216.66249534518633
7.985000000000001,-9.2224678595,-13.53659,0.1005181625,-206.58537,7.6614453125,66.95122,11.990069290747702,217.58497242767805
7.99,-9.294252537499998,-12.0122,0.17720616549999998,-206.40245,7.709301764499999,68.71951,12.076748981080925,217.87297989765182
7.995000000000001,-9.418796992499999,-10.97561,0.196329133,-206.03659,7.8673849625,69.93903,12.273875837019155,217.8600659851206
8.0,-9.528925672,-10.48781,0.186718616,-205.48781,8.0109543185,70.97561,12.45032840519299,217.65286911057316
8.005,-9.7061318375,-10.18293,0.17720616549999998,-204.7561,8.173842774999999,71.89024,12.6906305194991,217.24861140603983
8.01,-9.9503174225,-10.12195,0.20593965,-204.08537,8.350950873999999,72.56097,12.991905497189798,216.8372350109185
8.015,-10.33817043,-10.42683,0.21064684199999997,-203.71951,8.571208233,73.10976,13.430850699237853,216.6919346578146
8.019,-10.812223891,-10.79268,0.2586013605,-203.59756,8.848932561,73.90244,13.97407126079904,216.8640565365538
8.025,-11.243128092,-11.70732,0.3543142645,-204.39024,9.1075339215,75.0,14.47344610044273,218.0308041283158
8.030000000000001,-11.592735164499999,-12.62195,0.450125235,-205.42683,9.241590827,76.46342,14.832434808051884,219.55899139809281
8.035,-11.999711139499999,-13.78049,0.5171046545,-206.58537,9.5001921875,78.23171,15.313853736227925,221.3314651200798
8.040000000000001,-12.406785180999998,-15.2439,0.5123974625,-207.62196,9.596003157999998,80.30488,15.693124172560529,223.13253575681426
8.045,-12.765904703999999,-17.0122,0.5315204299999999,-208.96342,9.682105544999999,82.62196,16.031032551387213,225.34754074801438
8.05,-13.081874967,-18.90244,0.545838139,-210.30489,9.691716062,85.06097,16.289958629555723,227.64186261144192
8.055,-13.354892103,-20.60976,0.44531997649999994,-211.09756,9.658177318999998,87.13415,16.487323678799044,229.3017709077575
8.06,-13.6421288815,-22.31707,0.277724328,-211.46342,9.653470127,89.14635,16.71449361227258,230.5686477598457
8.065000000000001,-14.092254116499998,-23.10976,-0.0048052584999999995,-211.46342,9.686910803499998,90.67073,17.100523094030937,231.24017878406622
8.07,-14.518451125499999,-22.86585,-0.359119523,-211.34146,9.6055156085,91.64635,17.412073972404006,231.48890530536576
8.075000000000001,-15.026043329499998,-21.70732,-0.6225261419999999,-210.42683,9.528925672,91.89024,17.803649665166564,230.63927404648348
8.08,-15.720354149499999,-19.57317,-0.9672298894999999,-209.45122,9.43791996,91.15854,18.361356197629043,229.26578889635692
8.085,-16.381126226499998,-17.43902,-1.1970977655,-209.0244,9.3374017975,89.32927,18.89342244900715,227.98034497002874
8.09,-16.8073232355,-14.93902,-1.4508938674999998,-208.90245,9.088410954,85.97561,19.16221336448675,226.39614274416203
8.095,-16.9605031085,-12.56098,-1.7286181955,-208.71951,8.604746976,81.21951,19.096817983115223,224.31723268139834
8.1,-16.931769624,-10.30488,-2.025465491,-207.98781,8.063714095499998,74.93903,18.86294828677125,221.3164654465442
8.104000000000001,-16.6445328455,-8.17073,-2.1835486889999998,-206.28049,7.3933315015,67.2561,18.343110674398552,217.12158890949328
8.110000000000001,-16.165674126,-6.21951,-2.312800336,-203.41464,6.6462609045,58.23171,17.630962802777184,211.67694754151617
8.115,-15.705938374,-4.14634,-2.4803959845,-198.84146,5.8178931789999995,48.59756,16.931531102947076,204.73602806609492
8.120000000000001,-15.313280107999999,-1.70732,-2.662309342,-192.5,5.113971842000001,38.23171,16.36267541385998,196.26723769163945
8.125,-15.140977267499999,1.76829,-2.8251977985,-185.0,4.496349025,27.5,16.045188991414822,187.0411100521062
8.13,-15.193638978,6.40244,-2.9592547039999997,-177.13416,3.830673623,16.58537,15.9460940108509,178.02408931067757
8.135,-14.915914649999998,11.95122,-2.796464314,-169.32927,3.0454551574999997,5.60976,15.478356489689187,169.84317102986185
8.14,-14.638190322,17.80488,-2.7102638605,-160.91464,2.2936773684999996,-4.93902,15.062639276282093,161.97200078008666
8.144,-14.4274454135,24.63415,-2.77724328,-151.64635,1.824429166,-15.18293,14.805161369521738,154.3825708359914
8.15,-14.346050218499999,33.23171,-3.0262341234999997,-142.01219,1.4892378689999999,-24.7561,14.73720052358735,147.93469216289398
8.155000000000001,-14.317316733999998,44.08537,-3.342302453,-132.80489,1.1157025704999999,-33.65854,14.744535814152528,143.92204824445975
8.16,-14.293388507999998,56.7683,-3.67749375,-124.08537,0.7805112734999999,-41.52439,14.779516675790722,142.63272379716724
8.165000000000001,-14.3699784445,70.36585,-3.9264845935,-115.42683,0.4788587195,-48.47561,14.904457971748878,143.61264113908462
8.17,-14.580723353,83.90244,-3.9648285949999997,-107.37805,0.17720616549999998,-54.81707,15.111213098541773,146.88286565539562
8.175,-15.131366750499998,95.73171,-3.7588889449999994,-100.0,-0.06707748599999999,-60.2439,15.591408057905102,150.97644778817025
8.18,-15.782626377,104.69512,-3.409379939,-93.53659,-0.24899084349999998,-65.06097,16.148596327996394,154.7355538910932
8.185,-16.141745899999997,108.65854,-2.8539312829999997,-88.10976,-0.7996342409999999,-69.20732,16.411590397875287,156.07581895915715
8.190000000000001,-16.146453091999998,107.98781,-2.3654620465,-82.19512,-1.5131660949999999,-72.80488,16.388808064549593,154.00634861013003
8.195,-15.9884679605,103.17073,-2.035076008,-74.81708,-2.255333367,-76.34147,16.274494483042346,148.5591297437495
8.200000000000001,-15.787333569,95.30488,-1.9105315529999998,-65.97561,-3.0358446405,-79.81708,16.189699957538913,140.73580754880012
8.205,-15.600614952999997,86.15854,-1.9679985219999998,-55.06098,-3.629637298,-83.17073,16.13773441377054,131.804308966835
8.21,-15.404285819999998,76.95122,-1.9824142974999999,-42.86586,-3.9264845935,-86.09756,16.0199647107657,123.17370681676184
8.215,-14.858447680999998,67.92683,-1.790890423,-30.30488,-4.0653467574999995,-88.65854,15.508313907544014,115.72716492075186
8.22,-9.356524765,29.32927,8.791465592,-11.34146,-7.781184509,-91.95123,15.012703130898172,97.1795425600337
8.225,-18.8663274695,-99.69512,13.2830093585,60.18293,-11.1522204465,-97.92683,25.627108121903678,152.1537579195736
8.229000000000001,-1.685567002,-158.90244,-2.7820485385,100.79269,-3.2464914824999997,-87.31708,4.595719436034613,207.44499091353376
8.235000000000001,10.093984845,-150.7317,-7.048529687499999,113.35366,-1.1012867949999998,-92.0122,12.360547455978633,209.84599726734268
8.24,-3.1603890955,-82.56097,-9.390063507999999,151.82927,7.086873688999999,-71.70732,12.181343546713926,187.1106109702392
8.245000000000001,-2.499518952,-31.82927,-7.2687870465,149.32927,17.2813766965,-38.47561,18.9137209624417,157.45699689863864
8.25,3.830673623,-16.15854,2.2744563345,127.62196,19.541515322,-6.40244,20.04290480702475,128.80005561771625
8.255,2.0206602325,-19.7561,7.2496640789999995,118.96342,14.647702772499999,11.52439,16.468026401031,121.14210808046268
8.26,1.297615928,-33.90244,2.681530376,112.13415,5.980683568999999,-4.93902,6.6815408557096,117.25117036830166
8.265,3.2800302254999996,-45.60976,-3.7158377515,126.34147,-1.2210259915,-32.7439,5.104601154604022,138.25548899131817
8.269,3.768499462,-39.14634,-7.283202822,170.30489,-1.1970977655,-43.59756,8.287320109760945,180.10257835817148
8.275,-1.0391126339999999,-20.12195,-7.359792758499999,217.56097,5.631174562999999,-35.2439,9.3250432424298,221.31380667810447
8.280000000000001,-9.208052084,-17.37805,-4.697385349999999,236.40245,14.1736493115,-30.60976,17.542690418331954,239.0085195030976
8.285,-19.048240826999997,-49.02439,-2.6001351809999997,223.59756,27.2747453125,-44.57317,33.369266000686984,233.20811979147422
8.290000000000001,-33.2746499155,-142.19513,10.213625975000001,175.79269,43.133961625999994,-67.2561,55.42615924010538,235.89384867003844
8.295,-29.396021773999998,-146.21951,18.3348070395,74.39024,27.428023251999996,-61.64634,44.18809460505661,175.25502602576998
8.3,-23.544589851999998,-27.5,-0.34480181399999993,20.06098,6.3972700609999995,-21.64634,24.400648840209268,40.33927309652468
8.305,-4.9895254535,-11.58537,-5.018258937999999,16.28049,8.3414384235,-9.63415,10.938824525193894,22.183146731234952
8.31,1.9105315529999998,-26.89025,-5.736497984,20.79268,10.3765144315,-10.48781,12.00956251004059,35.5726755423457
8.315000000000001,-2.059004234,-27.13415,-6.086105056499999,29.93903,13.675667624499999,-4.39024,15.109733888132585,40.64334903549411
8.32,-7.536900857499999,-16.46342,-4.3669993115,26.03659,14.618969287999999,-2.56098,17.017338821505344,30.911273598557855
8.325000000000001,-6.6894101645,-10.2439,-0.153179873,11.58537,10.419565624999999,-4.20732,12.383013374622909,16.026847064513344
8.33,-3.9648285949999997,-9.26829,1.790890423,4.45122,7.790696959499999,-3.53659,8.923122402482514,10.872995348136595
8.335,-2.973572413,-9.93902,2.0159530405,4.39024,8.5424747485,-1.64634,9.267150283966263,10.989484119539005
8.34,-3.2225632565,-10.12195,0.392658266,4.39024,9.3374017975,-0.85366,9.885654595622803,11.06602071458842
8.345,-4.00307453,-9.81707,-1.316836962,4.14634,9.619931384,-1.15854,10.502463763807626,10.719571526516345
8.35,-4.304727084,-8.96342,-1.4748220934999998,1.82927,9.447530476999999,-1.34146,10.486258035593186,9.246006800824883
8.354000000000001,-3.9121668845,-9.02439,-0.49798168699999995,-0.73171,9.0836056955,-2.2561,9.902773749010215,9.330862854323817
8.360000000000001,-3.4715540999999996,-9.14634,0.45973575199999994,-1.40244,8.8633483365,-2.86585,9.530057112369848,9.686870989731412
8.365,-3.3567182284999997,-8.23171,0.43570945949999995,-1.09756,8.896887079499999,-2.7439,9.519033548843915,8.746123409128183
8.370000000000001,-3.5816827795,-7.37805,-0.31126307099999995,-0.91463,8.9925999835,-2.5,9.684636838600579,7.843606940649181
8.375,-3.8450893985,-7.68293,-0.7805112734999999,-0.97561,9.078800437,-2.62195,9.890324954489062,8.176420369544363
8.38,-3.8354788815,-8.17073,-0.6033051079999999,-1.58537,9.0261387265,-2.80488,9.82578524158728,8.783027871081817
8.385,-3.6918114589999997,-7.92683,-0.36873004,-2.0122,9.054872211,-2.80488,9.785506857017786,8.645862276447618
8.39,-3.6583707824999996,-6.95122,-0.670382594,-2.19512,9.160195631999999,-2.43902,9.886469219144907,7.686795812508617
8.394,-3.7780119125,-6.58537,-1.072651377,-2.31707,9.2367855685,-1.82927,10.037039534943647,7.216795698556251
8.4,-3.816355914,-6.58537,-1.177974798,-2.07317,9.275129569999999,-1.58537,10.098525913584332,7.083680535053794
8.405000000000001,-3.8977511089999997,-6.21951,-1.120507829,-1.95122,9.294252537499998,-0.91463,10.14056860996395,6.582257376113455
8.41,-3.7158377515,-5.97561,-0.9289839544999999,-1.70732,9.2128573425,-0.54878,9.977334403358805,6.238911438937084
8.415000000000001,-3.6344425565,-6.09756,-0.7565830474999999,-1.46341,9.126656889,-0.67073,9.852789278868892,6.306479645142764
8.42,-3.620026781,-5.97561,-0.6225261419999999,-0.73171,9.0979234045,-0.85366,9.811439393217464,6.080464603284851
8.425,-3.6726884914999998,-5.85366,-0.6177208835,-0.79268,9.030943985,-0.79268,9.768734263235757,5.960035114024077
8.43,-3.605709072,-5.4878,-0.636843851,-0.85366,9.1314621475,-0.67073,9.838206592346236,5.594154356871108
8.435,-3.605709072,-5.4878,-0.636843851,-0.85366,9.1314621475,-0.67073,9.838206592346236,5.594154356871108
8.440000000000001,-3.6152215224999997,-5.36585,-0.5506433974999999,-0.97561,9.0596774695,-0.54878,9.769892049522529,5.481361198005474
8.445,-3.6487602655,-5.42683,-0.521909913,-1.28049,9.016528209499999,-0.54878,9.740822469642312,5.602793765381695
8.450000000000001,-3.6871042669999996,-5.06098,-0.5745716235,-1.64634,9.016528209499999,-0.73171,9.758209435084405,5.372090233800993
8.455,-3.7205449434999998,-4.7561,-0.5841821405,-2.0122,9.045261693999999,-0.85366,9.797983596782876,5.234326264725958
8.46,-3.7205449434999998,-5.0,-0.588987399,-2.37805,9.002210500499999,-0.91463,9.758542653905687,5.611743921402686
8.465,-3.7205449434999998,-5.0,-0.588987399,-2.37805,9.002210500499999,-0.91463,9.758542653905687,5.611743921402686
8.47,-3.6726884914999998,-5.0,-0.6225261419999999,-2.68293,9.030943985,-1.15854,9.769039298379225,5.791401239467008
8.475,-3.6726884914999998,-4.81707,-0.627233334,-2.62195,9.0932162125,-1.09756,9.826934593155189,5.593158601452314
8.479000000000001,-3.5769755874999998,-4.14634,-0.636843851,-2.07317,9.054872211,-0.97561,9.756589322179524,4.737297131973041
8.485000000000001,-3.5482421029999998,-3.04878,-0.6751878524999999,-1.03659,9.073995178499999,-0.85366,9.766436871096165,3.331413170427829
8.49,-3.5195086184999997,-2.62195,-0.670382594,-0.54878,8.9925999835,-0.4878,9.680041745843772,2.7228165804732423
8.495000000000001,-3.5195086184999997,-2.62195,-0.670382594,-0.54878,8.9925999835,-0.4878,9.680041745843772,2.7228165804732423
8.5,-3.5577545534999997,-2.2561,-0.6895055615,0.2439,9.0596774695,-0.36585,9.757601715260535,2.298547507122705
8.505,-3.51470336,-1.82927,-0.6751878524999999,0.85366,9.045261693999999,-0.30488,9.727578190788424,2.041547438317317
8.51,-3.5577545534999997,-1.46341,-0.670382594,1.64634,9.050066952499998,-0.18293,9.747345388874898,2.2103093920535195
8.515,-3.5625598119999995,-1.09756,-0.6895055615,2.19512,9.0261387265,0.06098,9.728228546011856,2.4549762378483426
8.519,-3.5434368444999995,-0.73171,-0.612915625,2.56098,8.997405242,0.2439,9.689422651690776,2.6746037640181393
8.525,-3.5195086184999997,-0.12195,-0.5985979159999999,3.65854,9.007015759,0.0,9.688735379997208,3.660571913526628
8.530000000000001,-3.5195086184999997,-0.12195,-0.5985979159999999,3.65854,9.007015759,0.0,9.688735379997208,3.660571913526628
8.535,-3.5625598119999995,0.30488,-0.6033051079999999,4.02439,8.973477015999999,-0.12195,9.67362906173772,4.037764045731251
8.540000000000001,-3.5386315859999997,0.4878,-0.5985979159999999,4.39024,8.987794724999999,-0.18293,9.677845162287637,4.421042804870815
8.545,-3.5816827795,0.97561,-0.627233334,4.69512,9.0261387265,-0.18293,9.731035582006195,4.79889883946307
8.55,-3.5577545534999997,1.09756,-0.6081103664999999,4.93902,9.007015759,-0.2439,9.703285452034743,5.06537695773967
8.555,-3.5482421029999998,0.97561,-0.6177208835,5.30488,8.987794724999999,-0.2439,9.68256449140163,5.399356803962857
8.56,-3.5338263275,1.09756,-0.6416491095,5.4878,9.021333468,-0.42683,9.709999981128279,5.6127329031854
8.565000000000001,-3.5912932964999995,1.15854,-0.627233334,5.60976,9.016528209499999,-0.73171,9.725666565818296,5.774688018698499
8.57,-3.6009038135,1.03659,-0.6416491095,5.91463,8.963866499,-0.79268,9.681380297545154,6.0568728274085455
8.575000000000001,-3.51470336,1.03659,-0.627233334,5.91463,9.0261387265,-0.91463,9.706582388982184,6.074036129452968
8.58,-3.505092843,1.03659,-0.5937926575,6.21951,9.016528209499999,-1.28049,9.692061004289025,6.434009489292038
8.585,-3.5482421029999998,1.28049,-0.5937926575,6.64634,8.939938273,-1.64634,9.636654402159133,6.96591167265994
8.59,-3.5721703289999995,1.70732,-0.5698644315,7.0122,8.987794724999999,-1.89024,9.688426102748299,7.460489104609697
8.595,-3.51470336,1.64634,-0.5363256885,7.2561,9.002210500499999,-2.19512,9.678872808765117,7.757575292576927
8.6,-3.5195086184999997,1.40244,-0.541130947,7.56098,8.9351330145,-2.43902,9.618542800461238,8.067470178091767
8.604000000000001,-3.6104162639999995,1.58537,-0.555448656,7.9878,8.954354048499999,-2.62195,9.6707851405507,8.555288930211534
8.610000000000001,-3.620026781,1.82927,-0.5506433974999999,8.10976,8.94954879,-2.80488,9.669654884790772,8.77392658989691
8.615,-3.5721703289999995,1.89024,-0.5602539145,8.41463,8.987794724999999,-3.29268,9.687865571261728,9.231508374956935
8.620000000000001,-3.6248320394999998,2.19512,-0.6416491095,9.14634,8.983087532999999,-3.35366,9.70808851009548,9.986046395125552
8.625,-3.6391497484999995,2.37805,-0.6177208835,9.57317,8.9686717575,-3.29268,9.698559845446011,10.399156082769409
8.63,-3.6391497484999995,2.68293,-0.612915625,10.06098,9.040554501999999,-3.23171,9.764768412973714,10.902540138398942
8.635,-3.5577545534999997,3.17073,-0.627233334,10.48781,9.016528209499999,-3.41463,9.713332078691638,11.476383810499717
8.64,-3.6487602655,3.10976,-0.627233334,11.15854,9.0261387265,-3.47561,9.755924017764562,12.093944230948809
8.644,-3.7062272344999996,3.17073,-0.6559668185,11.58537,9.002210500499999,-3.41463,9.757366790073794,12.487354596018326
8.65,-3.7253502019999996,3.35366,-0.6559668185,12.2561,8.963866499,-3.41463,9.729307745487803,13.157458745612695
8.655000000000001,-3.7110324929999994,3.53659,-0.6751878524999999,12.62195,9.007015759,-3.35366,9.764935928265976,13.530267034548874
8.66,-3.7205449434999998,3.47561,-0.6225261419999999,12.86585,8.997405242,-3.35366,9.756192626370488,13.742525113318875
8.665000000000001,-3.7062272344999996,3.71951,-0.5985979159999999,13.23171,8.9208153055,-3.35366,9.678604522018249,14.14778921103223
8.67,-3.5386315859999997,3.10976,-0.6033051079999999,14.08537,8.987794724999999,-3.17073,9.678137453741478,14.768946611976087
8.675,-3.8115506555,2.92683,-0.7134337874999999,15.36585,9.050066952499998,-3.17073,9.845842676648946,15.960238369281956
8.68,-3.8450893985,3.17073,-0.627233334,15.42683,9.011821017499999,-3.04878,9.817894488595432,16.041685449796102
8.685,-3.6726884914999998,3.04878,-0.6081103664999999,15.73171,8.925620563999999,-3.10976,9.670839747712758,16.323368716968318
8.690000000000001,-3.6871042669999996,2.9878,-0.6799931109999999,16.89024,8.959061240499999,-3.17073,9.711946602909554,17.44306982243951
8.695,-3.830673623,2.9878,-0.6033051079999999,18.23171,8.954354048499999,-2.9878,9.757996407315138,18.714944488405518
8.700000000000001,-3.8354788815,3.17073,-0.6655773355,18.35366,8.9351330145,-2.92683,9.746306655691253,18.854089688377957
8.705,-3.782817171,3.47561,-0.6559668185,18.59756,8.94954879,-2.92683,9.73829665602645,19.14459288349063
8.71,-3.6726884914999998,3.10976,-0.6416491095,19.5122,8.8776660455,-2.80488,9.628775038951854,19.956550501326628
8.715,-3.8450893985,2.86585,-0.6559668185,20.91463,8.892081821,-2.7439,9.710001238969477,21.28764504282707
8.72,-3.8786281414999997,3.04878,-0.670382594,21.70732,8.959061240499999,-2.7439,9.785598979796958,22.09144151658737
8.725,-3.5721703289999995,3.65854,-0.6559668185,22.68293,8.8872765625,-2.80488,9.600748826249065,23.146653756664264
8.729000000000001,-3.6822990085,3.65854,-0.4549304935,25.12195,8.848932561,-2.92683,9.59530589460504,25.555109480943333
8.735000000000001,-3.9360951104999997,3.47561,-0.6081103664999999,26.76829,8.882471304,-2.9878,9.734523070142174,27.157837970578587
8.74,-3.907361626,3.84146,-0.6225261419999999,27.43903,8.858543078,-3.35366,9.701999749463637,27.90885554206944
8.745000000000001,-3.864212366,4.02439,-0.5506433974999999,28.10976,8.8298095935,-3.47561,9.654060431664092,28.60828878143186
8.75,-3.9216793349999994,4.20732,-0.660772077,29.26829,8.844225369,-3.47561,9.697242439063391,29.772709080273497
8.755,-3.9743410455,4.14634,-0.612915625,30.18293,8.7962708505,-3.41463,9.671888811637112,30.6571540886854
8.76,-4.0414185315,4.08537,-0.6320385924999999,30.85366,8.791465592,-3.29268,9.696515032963179,31.29665038011097
8.765,-4.027002756,4.45122,-0.6320385924999999,31.64634,8.781953141499999,-3.17073,9.681886435955684,32.11475865730427
8.769,-3.9982692715,4.63415,-0.6177208835,32.43903,8.6909474295,-2.9878,9.586464597528424,32.904300059466394
8.775,-4.0892749835,5.0,-0.612915625,33.29268,8.705363205,-2.62195,9.637488468735821,33.7679902183251
8.780000000000001,-4.137229501999999,5.54878,-0.627233334,34.20732,8.714875655499998,-2.37805,9.667427129196602,34.73592985473831
8.785,-4.1228137264999996,6.40244,-0.646454368,34.87805,8.710070396999999,-2.0122,9.658199759479963,35.51786252853767
8.790000000000001,-4.20901418,7.07317,-0.5602539145,35.42683,8.719680914,-1.64634,9.698583404710686,36.16352379253714
8.795,-4.1898912125,7.37805,-0.646454368,35.85366,8.6909474295,-1.21951,9.669832410379389,36.62523394926236
8.8,-4.266481149,7.7439,-0.6799931109999999,36.46342,8.719680914,-1.09756,9.731294223676297,37.29280927015287
8.805,-4.300019892,7.86585,-0.6033051079999999,37.0122,8.662213945,-1.03659,9.68958711988736,37.852992799653244
8.81,-4.232942406,7.9878,-0.5985979159999999,37.56098,8.7005579465,-0.79268,9.694113134163274,38.40912012768322
8.815000000000001,-4.2520653735,8.17073,-0.545838139,38.47561,8.705363205,-0.60976,9.703677021906312,39.3383426298389
8.82,-4.2856041165,8.23171,-0.5075922039999999,39.20732,8.6574086865,-0.67073,9.673405690552267,40.067753491297715
8.825000000000001,-4.314337601,8.17073,-0.521909913,40.18293,8.6574086865,-0.73171,9.686930579795426,41.011755529870946
8.83,-4.443589248,8.35366,-0.5171046545,40.79268,8.6574086865,-0.97561,9.744927285194715,41.650668564263164
8.835,-4.429271539,8.47561,-0.4931764285,41.40244,8.6191627515,-1.34146,9.703176587729839,42.28235468558131
8.84,-4.371804569999999,8.41463,-0.49798168699999995,42.37805,8.5760134915,-1.40244,9.63891427315599,43.22813849557947
8.845,-4.4628102819999995,8.29268,-0.5171046545,43.35366,8.590429267,-1.58537,9.694304917226434,44.1681081213006
8.85,-4.4628102819999995,8.23171,-0.5171046545,44.02439,8.5616957825,-1.89024,9.668852440124875,44.827234708977976
8.854000000000001,-4.5250825095,8.23171,-0.5267151715,44.93903,8.509034072,-2.19512,9.651811302969406,45.739436142998095
8.860000000000001,-4.5394002185,8.10976,-0.5171046545,45.85366,8.537767556499999,-2.2561,9.683337565955624,46.61991344761592
8.865,-4.5585231859999995,8.04878,-0.555448656,47.0122,8.5185465225,-2.2561,9.677514748257872,47.749552830769
8.870000000000001,-4.683067641,7.9878,-0.5937926575,47.62195,8.4467618445,-2.31707,9.67633700880572,48.34277488960889
8.875,-4.750145127,7.92683,-0.612915625,48.35366,8.4946182965,-2.13415,9.751824664859575,49.04554684644672
8.88,-4.7453398684999994,7.86585,-0.6033051079999999,49.02439,8.456274294999998,-1.76829,9.71549290943039,49.682886999637006
8.885,-4.7453398684999994,7.9878,-0.588987399,50.06098,8.4803005875,-1.52439,9.73553566467245,50.71716112197626
8.89,-4.750145127,7.92683,-0.5698644315,51.09756,8.475495329,-1.28049,9.732555947424677,51.724606585672554
8.894,-4.836247513999999,7.68293,-0.5506433974999999,52.19512,8.427638877,-1.09756,9.732296502316569,52.76895491814197
8.9,-4.845858031,8.04878,-0.483663978,53.17073,8.3892948755,-1.21951,9.700337077045958,53.790302033558056
8.905000000000001,-4.8171245465,7.92683,-0.5075922039999999,54.08537,8.3748791,-1.28049,9.674757809974945,54.67816325120934
8.91,-4.841052772499999,7.86585,-0.46924820249999993,55.60976,8.365366649499999,-1.34146,9.676535795533763,56.17932465250628
8.915000000000001,-4.8890072909999995,8.10976,-0.42619700899999996,57.19512,8.336633164999999,-1.58537,9.673855938027483,57.7889553211416
8.92,-4.941669001499999,8.10976,-0.45973575199999994,58.65854,8.260043228499999,-1.70732,9.636377100276933,59.241096071659584
8.925,-4.975109678,8.17073,-0.4310022675,60.42683,8.293483905,-2.13415,9.680875711691245,61.01407385844925
8.93,-4.941669001499999,8.04878,-0.41178123349999995,62.13415,8.3318279065,-2.5,9.695824491407677,62.70315347501192
8.935,-4.994330711999999,8.04878,-0.4165864919999999,64.20732,8.3318279065,-2.62195,9.722974844648908,64.76293247586385
8.940000000000001,-5.018258937999999,8.10976,-0.44531997649999994,66.28049,8.293483905,-3.04878,9.703767718406128,66.84434621855539
8.945,-5.0230641965,7.68293,-0.38304774899999994,68.65854,8.231309743999999,-3.35366,9.650510846677676,69.16841449471066
8.950000000000001,-5.1187771005,7.62195,-0.43570945949999995,71.09756,8.2072834515,-3.41463,9.682521540950308,71.58642928511661
8.955,-5.1044593915,7.56098,-0.4310022675,73.65854,8.231309743999999,-3.84146,9.69513943869463,74.14516672328413
8.96,-5.113971842000001,7.19512,-0.38304774899999994,76.70732,8.25523797,-4.20732,9.71845602552754,77.15882473819309
8.965,-5.113971842000001,6.76829,-0.34950900599999996,80.0,8.1594269995,-4.81707,9.6359282638578,80.43018036103736
8.97,-5.0996541330000005,6.82927,-0.5075922039999999,83.71951,8.231309743999999,-5.18293,9.696317972480836,84.15734101525487
8.975,-5.037381905499999,6.28049,-0.42619700899999996,87.62196,8.279166196,-5.97561,9.700590355917956,88.04976061156442
8.979000000000001,-5.10926465,5.4878,-0.37353529849999995,92.2561,8.231309743999999,-6.70732,9.695286173426467,92.66224731589668
8.985000000000001,-5.0469924225,4.7561,-0.3782424905,97.56097,8.25523797,-7.5,9.683189238867625,97.96434736449226
8.99,-5.061310131499999,3.96341,-0.3543142645,103.29269,8.25523797,-8.41463,9.6897550426511,103.71062830925814
8.995000000000001,-5.051797681,2.92683,-0.31126307099999995,109.81708,8.2982891635,-9.69512,9.720038454151654,110.28305738140243
9.0,-4.9463761935,1.95122,-0.2825295865,117.2561,8.394100134,-11.21951,9.747172793917743,117.80779962013763
9.005,-4.884202032499999,0.4878,-0.29214010349999997,126.34147,8.552085265499999,-12.98781,9.85286444252291,127.00822099059965
9.01,-4.855468548,-1.52439,-0.19152387449999997,136.40244,8.777147883,-15.06098,10.032476323180239,137.23987219968583
9.015,-4.812319287999999,-4.02439,-0.028733484499999996,147.62195,8.652603427999999,-17.43902,9.900847874047235,148.70290937044575
9.019,-4.8890072909999995,-7.5,0.1436674225,160.7317,8.733998623,-20.54878,10.010282941371079,162.21338337011036
9.025,-5.0230641965,-11.09756,0.3160683295,174.63416,8.614357493,-24.45122,9.97688469053734,176.68646760956992
9.030000000000001,-5.0134536794999995,-15.18293,0.474053461,189.32927,8.5616957825,-29.08537,9.93287869413779,192.15111914884778
9.035,-4.9895254535,-19.08537,0.565059173,203.90245,8.513741264,-34.39024,9.884252446718069,207.66114001251412
9.040000000000001,-5.123582359,-22.43903,0.5506433974999999,218.04878,8.394100134,-39.87805,9.849630521003576,222.7982033110496
9.045,-5.516240625,-25.2439,0.3207755215,232.80489,8.317412131,-45.0,9.985547162023718,238.45412828282528
9.05,-5.8226984375,-28.10976,0.17720616549999998,248.53659,8.2265044855,-49.81707,10.080208091557822,255.03398918471748
9.055,-6.3877576105,-30.2439,0.014317708999999998,265.67075,8.073226545999999,-53.71951,10.29468985207086,272.72958520742225
9.06,-7.2304430449999995,-31.58537,0.11973919649999999,283.47562,8.614357493,-56.52439,11.247257404335182,290.776665840458
9.065000000000001,-8.221699227,-32.56098,-0.033538742999999996,300.18292,8.8776660455,-59.14634,12.100017249655393,307.6821288500234
9.07,-10.462616818499999,-30.48781,0.5937926575,315.36588,9.6629825775,-59.93903,14.254549193290137,322.4559382987254
9.075000000000001,-12.406785180999998,-23.65854,0.636843851,325.2439,10.66375121,-57.07317,16.372216663812328,331.05991562856184
9.08,-13.809724529999999,-14.39024,-0.043051193499999994,328.90244,11.956659946,-52.7439,18.2666926963812,333.4153761187705
9.085,-15.145684459499998,-2.5,-0.48837116999999997,324.39026,12.808955897499999,-48.29268,19.84186521803147,327.97480653923714
9.09,-15.160100235,12.7439,-1.177974798,315.42685,12.291851242999998,-41.70732,19.55264357420783,318.427393968727
9.095,-14.8057859705,32.86586,-1.3455704465,307.7439,11.185661123,-34.63415,18.60486153641952,311.4257489145239
9.1,-14.8057859705,32.86586,-1.3455704465,307.7439,11.185661123,-34.63415,18.60486153641952,311.4257489145239
9.104000000000001,-13.450605007,54.20732,-0.41178123349999995,303.53659,10.352488139,-26.76829,16.978290535467107,309.4986855544537
9.110000000000001,-12.765904703999999,82.19512,0.19152387449999997,295.97562,12.0236393655,-17.62195,17.537756638114068,307.68187874491616
9.115,-11.535268195499999,82.2561,-0.29684729549999994,289.69513,10.462616818499999,-21.95122,15.576163884272612,301.9456745714621
9.120000000000001,-11.669325101,77.62196,0.19152387449999997,287.13416,10.5153765955,-28.10976,15.709327632095567,298.76638552622484
9.125,-12.191235014,72.13415,1.0246968585,281.82928,11.5017294525,-33.59756,16.791843115539915,292.8478695491816
9.13,-12.823371672999999,72.62196,1.2067082825,270.36588,13.455410265499998,-35.97561,18.626407902649284,282.25148831722413
9.135,-12.823371672999999,72.62196,1.2067082825,270.36588,13.455410265499998,-35.97561,18.626407902649284,282.25148831722413
9.14,-14.4370559305,73.35366,0.2250626175,254.2683,12.842494640499998,-39.20732,19.323791183757194,267.52633844514827
9.144,-13.417066263999999,70.54878,0.718239046,238.53659,10.098790103499999,-47.86586,16.808304376537077,253.31398635262147
9.15,-12.148183820499998,49.87805,2.6383811159999997,227.37805,9.380452990999999,-68.17073,15.573449308559878,242.56101484438489
9.155000000000001,-10.2998264285,36.89024,2.1787434305,218.23172,10.290313978,-78.59756,14.721545746252197,234.86921862894167
9.16,-8.5424747485,23.90244,2.0302707494999996,208.47562,11.204882156999998,-87.7439,14.235352412121463,227.44758244384133
9.165000000000001,-8.5424747485,23.90244,2.0302707494999996,208.47562,11.204882156999998,-87.7439,14.235352412121463,227.44758244384133
9.17,-8.082837063,10.97561,2.2314051409999998,198.17073,12.038055141,-95.18293,14.670589472411944,220.1179056937211
9.175,-6.6990206814999995,-4.08537,2.6431863745,182.80489,12.1385733035,-101.89024,14.114116130525144,209.32257179579702
9.18,-3.9025563675,-19.20732,3.078895834,163.29269,10.462616818499999,-105.60976,11.583431980587463,195.41454694130653
9.185,-0.866711727,-32.7439,2.5521806624999996,148.10976,8.25523797,-106.7683,8.684110161270869,185.49429608308066
9.190000000000001,-7.9295591235,-13.96342,-5.669420497999999,120.30488,10.371709173,-127.2561,14.233502304264997,175.67685173955277
9.195,-7.9295591235,-13.96342,-5.669420497999999,120.30488,10.371709173,-127.2561,14.233502304264997,175.67685173955277
9.200000000000001,-14.3939066705,-5.97561,-3.466846908,89.45123,16.318853999,-132.31708,22.034259065447422,159.82815810460747
9.205,-11.836920749499999,19.7561,-2.394195531,38.17073,20.178359173,-126.34147,23.516186850448292,133.45214557175092
9.21,-8.4467618445,60.18293,-2.1308869785,-13.71951,17.923025806,-114.93903,19.927953206874605,130.46528517335904
9.215,-5.9328271169999995,86.64635,-1.1348255379999999,-51.40244,14.154526343999999,-106.46342,15.389505600405021,146.57510226628702
9.22,-3.481164617,95.67073,0.8763222439999999,-76.64635,11.391600773,-101.46342,11.94382752460015,159.13006361197688
9.225,-1.2210259915,95.85366,2.7245815695,-93.84147,8.384489617,-97.07317,8.900219960111011,165.58184067404676
9.229000000000001,0.186718616,91.82927,3.505092843,-102.31708,6.1722074435,-91.82927,7.100470717157249,165.33001698781803
9.235000000000001,0.7709007564999999,80.60976,3.9456075609999997,-104.08537,5.008648420999999,-87.0122,6.422512437277052,157.80627555371333
9.24,0.9193734375,62.7439,4.3095323425,-102.07317,4.276091665999999,-82.13415,6.140217949280689,145.2644058855486
9.245000000000001,0.924178696,42.43903,4.764462836,-97.7439,4.070152016,-75.79269,6.334062662392462,130.76495368403187
9.25,0.8571012100000001,21.89024,5.085238357499999,-93.29269,3.9025563675,-67.56097,6.467164590319899,117.24842549917078
9.255,0.521909913,2.7439,4.8028068374999995,-89.39024,3.9743410455,-57.7439,6.25577574898353,106.45422481835843
9.26,0.22025735899999999,-12.86585,4.218624697,-87.0122,4.343071085499999,-46.15854,6.058677586077522,99.33410220057411
9.265,-0.36873004,-23.78049,3.5673650704999997,-87.37805,4.8890072909999995,-32.9878,6.0633693339654835,96.37754030521116
9.269,-1.110897312,-29.45122,2.9017877349999996,-90.60976,5.482701882,-18.47561,6.301942940370977,97.05076574462511
9.275,-1.6902741940000001,-30.30488,2.2697491425,-96.64635,6.0286380875,-3.23171,6.659824713221624,101.33778500471085
9.280000000000001,-2.0302707494999996,-27.31707,1.733423454,-104.45123,6.430808804,12.07317,6.962905863269766,108.63720907565096
9.285,-2.2026716564999997,-21.89024,1.355082897,-113.17073,6.579281485,26.64634,7.069296778531382,118.30817457549627
9.290000000000001,-2.298482627,-15.60976,1.0486250844999998,-122.2561,6.5840867435,40.0,7.052151104478398,129.5770758833043
9.295,-2.3415338205,-9.5122,0.8235624669999999,-131.15854,6.603209711,51.70732,7.0543188372117935,141.30354385277815
9.3,-2.370267305,-4.7561,0.588987399,-139.45122,6.512203999,61.70732,6.9551329374731825,152.56820307089154
9.305,-2.499518952,-1.82927,0.36873004,-146.82927,6.373341835,69.93903,6.85587652890327,162.6457766891188
9.31,-2.6719198589999995,-0.54878,0.129251647,-153.04878,6.282336122999999,76.28049,6.82814827632803,171.00568228458638
9.315000000000001,-2.8634437335,-0.97561,-0.2393803265,-158.41464,6.263213155499999,80.60976,6.890896312299578,177.74724579711298
9.32,-3.203440289,-1.95122,-0.7278495629999999,-163.41464,6.3206801245,83.41463,7.123397497528622,183.48338432636046
9.325000000000001,-3.6822990085,-2.31707,-1.38862164,-168.41464,6.4499317715,84.63415,7.555740592693843,188.4988040437843
9.33,-4.108496017499999,-1.40244,-2.1355941704999997,-173.53659,6.512203999,84.14635,7.990575881091332,192.86659411392165
9.335,-4.4915437664999995,1.40244,-2.868248992,-178.78049,6.651066163,82.5,8.522763565364087,196.9027182204291
9.34,-4.879396774,5.91463,-3.433308165,-183.90245,6.756389584,79.63415,9.013596288095055,200.49112651252648
9.345,-5.204977554,11.58537,-3.8738228829999994,-188.90245,6.8857392975,75.60976,9.461062347307202,203.80184548059665
9.35,-5.5114353665,17.62195,-4.0653467574999995,-193.90245,6.9575239755,70.48781,9.762689379852258,207.06816413056134
9.354000000000001,-5.7652314685,23.17073,-4.0749572745,-198.17073,6.9335957495,64.63415,9.895348437112641,209.72862061170454
9.360000000000001,-5.942437634,27.2561,-3.9696338534999995,-201.70732,6.914472782,58.10976,9.943867045463328,211.67305481815583
9.365,-6.157889734499999,30.06098,-3.768499462,-204.45122,6.948011525,51.52439,10.019783347402656,212.97588277295836
9.370000000000001,-6.3685365765,31.28049,-3.5769755874999998,-206.28049,6.914472782,44.81707,10.057979237043996,213.397936664498
9.375,-6.6462609045,31.09756,-3.390158905,-207.37805,6.98625746,38.29268,10.221240370387617,213.1643572489043
9.38,-6.971939751,30.2439,-3.2417842904999996,-208.17073,7.048529687499999,32.56098,10.430670162231925,212.861372105188
9.385,-7.307131048,28.96342,-3.088506351,-208.96342,7.187391851499999,27.31707,10.704748351073999,212.7223845992182
9.39,-7.613588860499999,27.80488,-2.9209107025,-209.45122,7.287910014,22.7439,10.936731094841374,212.5093172040059
9.394,-7.9056308975,26.89025,-2.762925571,-210.06097,7.402843952,19.08537,11.17742618745726,212.63336523330554
9.4,-8.1115705475,26.09756,-2.5234471779999996,-210.67073,7.489044405499999,16.21951,11.324802360958731,212.89976895555006
9.405000000000001,-8.2072834515,25.2439,-2.2697491425,-210.91464,7.5465113745,14.20732,11.378097237614165,212.89454618454178
9.41,-8.2504327115,24.45122,-2.0302707494999996,-210.97562,7.565634342,13.10976,11.376750952715556,212.79201160083616
9.415000000000001,-8.2072834515,23.90244,-1.7764746475,-210.30489,7.6375170865,12.62195,11.351080612569689,212.03487217358423
9.42,-8.2982891635,23.29268,-1.5658278055,-209.39024,7.747645765999999,12.80488,11.460341821819982,211.07057232275275
9.425,-8.327022648,23.10976,-1.379011123,-208.47562,7.876897413,13.35366,11.544976860634618,210.17722373520303
9.43,-8.2886786465,23.35366,-1.1874872484999999,-207.2561,8.025370094,14.63415,11.598227658395256,209.08046960160604
9.435,-8.2982891635,24.02439,-1.0917743444999999,-205.7317,8.1594269995,16.52439,11.688876046076437,207.78777433870886
9.440000000000001,-8.260043228499999,25.0,-0.957717439,-203.90245,8.350950873999999,18.90244,11.784902092491679,206.29714334899572
9.445,-8.3461456155,26.58537,-0.7996342409999999,-202.19513,8.4803005875,21.58537,11.925311719567851,205.07457348923268
9.450000000000001,-8.465884812,28.29268,-0.660772077,-200.42683,8.7005579465,24.69512,12.157612182011707,203.9147833710094
9.455,-8.556890524,30.42683,-0.5075922039999999,-198.78049,8.944743531499999,28.04878,12.388965337331186,203.04238288588272
9.46,-8.6909474295,32.2561,-0.36392478149999996,-197.13416,9.2367855685,31.58537,12.687916145189972,202.23740658976146
9.465,-8.844225369,33.71951,-0.196329133,-195.67073,9.495386929,34.93903,12.97772092617004,201.60549533857926
9.47,-9.136267406,34.5122,0.0048052584999999995,-194.32927,9.758793548,38.53659,13.368076028992865,201.0970559118184
9.475,-9.399674025,34.7561,0.186718616,-193.41464,10.055640843499999,42.07317,13.766068734075319,200.9660694928089
9.479000000000001,-9.596003157999998,34.32927,0.392658266,-193.04878,10.29502117,45.36586,14.079237124679455,201.2570284282288
9.485000000000001,-9.816260517,33.35366,0.565059173,-192.98781,10.4818378525,48.35366,14.371749621138909,201.72961577167416
9.49,-10.0652513605,31.46342,0.660772077,-192.68294,10.568038305999998,51.09756,14.60922100335515,201.81085898210134
9.495000000000001,-10.328559913,29.32927,0.7326548214999999,-192.19513,10.5967717905,54.14634,14.815785680949705,201.81922656140915
9.5,-10.639822983999998,27.68293,0.6991160785,-191.70732,10.558427789,57.7439,15.005831992848622,202.11976435316092
9.505,-10.955891313499999,26.52439,0.627233334,-191.21951,10.5153765955,62.0122,15.198622341307605,202.76576934569653
9.51,-11.315010836499999,26.09756,0.541130947,-190.85367,10.390832140499999,66.89024,15.371782118673206,203.91299663748777
9.515,-11.702863844,26.52439,0.41178123349999995,-189.81708,10.1274255215,72.68293,15.481968015371779,204.98018303724731
9.519,-12.100327368499999,27.62195,0.277724328,-188.2317,9.820967709,79.14635,15.586739876204192,206.05409417193098
9.525,-12.4355186655,29.14634,0.1579851315,-186.21951,9.3852582495,86.09756,15.58044146330847,207.2197019542044
9.530000000000001,-12.804150639,30.2439,0.0048052584999999995,-182.86586,8.9351330145,93.23171,15.613548560898037,207.47715052572343
9.535,-13.1202189685,30.2439,-0.11973919649999999,-178.53659,8.5042288135,99.93903,15.635740819319349,206.8279893374661
9.540000000000001,-13.5607336865,29.39025,-0.3207755215,-173.04878,8.164232258,105.97561,15.831963978418385,205.03779400252773
9.545,-14.130598117999998,27.80488,-0.5267151715,-167.13416,7.800307476499999,111.7683,16.149180436550182,202.97559379297306
9.55,-14.523256384,24.87805,-0.73746008,-160.79269,7.479531955,116.64635,16.35274355057452,200.1988448956714
9.555,-15.1792232025,22.5,-1.283298219,-154.0244,7.0006732355,121.70732,16.764996185518473,197.5915927790006
9.56,-15.907072765499999,21.21951,-1.7238129369999997,-148.65854,6.7947335854999995,126.15854,17.38317863644627,196.1265059457882
9.565000000000001,-16.385931485,16.15854,-1.59456129,-143.2317,6.617527419999999,127.2561,17.743535315520766,192.27723028749816
9.57,-16.7498562665,10.2439,-2.1595223965,-137.92683,6.086105056499999,126.46342,17.951654427604975,187.40796279548874
9.575000000000001,-17.3867001175,3.59756,-2.916105444,-133.10976,5.956755342999999,124.14635,18.608706192338037,182.05347253906942
9.58,-17.961271740999997,-2.56098,-3.5434368444999995,-130.67073,5.770036727,120.18293,19.19522208925789,177.55375231370977
9.585,-18.037959744,-7.07317,-4.0557362405,-129.81708,5.372573202499999,114.08537,19.25309146591504,172.96813475785706
9.59,-17.879876546,-11.34146,-4.668651865499999,-129.14635,4.869786257,105.60976,19.11023583659562,167.21492110607744
9.595,-17.683547413,-15.18293,-5.276860298499999,-128.35367,4.2856041165,94.81708,18.945171056526945,160.29804935051519
9.6,-17.3196226315,-16.95122,-5.793964953,-127.37805,3.701421976,82.62196,18.63437368463386,152.77074247228262
9.604000000000001,-16.687584038999997,-16.95122,-6.224967220499999,-125.85366,2.98318293,69.87805,18.058932923869847,144.94629856152415
9.610000000000001,-15.9406115085,-14.93902,-6.464347546999999,-123.35366,2.1260817199999997,56.64634,17.33237167710887,136.5580740540507
9.615,-15.045166297,-11.52439,-6.617527419999999,-119.02439,1.3838163815,43.04878,16.49435193745254,127.09372305205555
9.620000000000001,-14.1736493115,-7.19512,-6.7277541659999995,-112.86586,0.612915625,29.26829,15.701295376079132,116.82082393511057
9.625,-13.608688204999998,-1.52439,-6.775610617999999,-104.57317,0.023928225999999997,15.97561,15.202166505720818,105.79740905897981
9.63,-13.469826041,5.54878,-6.813856553,-95.18293,-0.406975975,3.17073,15.100678267676917,95.39723607949132
9.635,-13.445799748499999,12.86585,-6.593599193999999,-85.67073,-0.6847003029999998,-9.32927,14.991127232893742,87.13230947064528
9.64,-13.393138038,20.2439,-6.210551444999999,-76.64635,-0.9050557284999999,-21.40244,14.790747838686343,82.1129885796766
9.644,-13.292619875499998,26.89025,-5.793964953,-67.80488,-0.9816456649999998,-32.80488,14.533664412072516,79.97966897087846
9.65,-13.1680754205,32.56098,-5.286372749,-59.39024,-1.0630408599999999,-43.04878,14.229335999665466,80.25344531735942
9.655000000000001,-13.0627519995,37.7439,-4.716606383999999,-50.97561,-0.8954452115,-52.13415,13.917028695408696,82.10410707330419
9.66,-12.995772579999999,41.82927,-4.137229501999999,-42.5,-0.751777789,-59.63415,13.65913404090218,84.33368054908667
9.665000000000001,-12.986162062999998,44.63415,-3.5434368444999995,-34.69512,-0.6225261419999999,-65.60976,13.475306623410612,86.606000400056
9.67,-12.727560702499998,45.67073,-2.844320766,-27.5,-0.5841821405,-70.48781,13.054586582079121,88.37758164449285
9.675,-11.9757829135,43.90244,-0.48837116999999997,-19.57317,-1.59456129,-74.63415,12.091340227556753,88.77381127351128
9.68,-15.8927550565,-0.42683,5.190659845,17.86585,-7.690178797,-87.2561,18.402756935911263,89.0673776827487
9.685,-15.447435079999998,-55.2439,0.7805112734999999,72.19512,-4.022295564,-91.28049,15.981592849370466,128.82605207668402
9.690000000000001,-5.865749631,-83.41463,-1.9201420699999998,73.35366,-6.995867977,-98.29269,9.329315787032542,148.3246872265996
9.695,-4.175475436999999,-75.79269,-4.300019892,97.86585,-6.531425032999999,-93.84147,8.86477744550223,155.33344116905252
9.700000000000001,-0.483663978,-35.97561,-6.6462609045,124.32927,0.9768404065,-72.19512,6.735052489333029,148.20306085037313
9.705,-1.0391126339999999,-6.15854,0.34480181399999993,145.30489,11.022870733,-45.4878,11.077108041068485,152.38299977912135
9.71,-2.566596438,5.91463,5.291178007499999,148.41464,17.7315019315,-19.39024,18.681277866607363,149.79275557123614
9.715,-4.9463761935,0.4878,6.057371572,137.2561,19.412165608499997,-7.2561,20.928224038860233,137.4486301250762
9.72,-3.8977511089999997,-20.60976,5.5066301079999995,111.40244,16.2183358365,-11.21951,17.565587270556684,113.84701686847706
9.725,-2.0781272014999996,-42.13415,4.601672445999999,97.56097,8.834614852,-28.35366,10.175677940514275,109.98799706767552
9.729000000000001,-2.925715961,-52.56098,2.5043242104999996,113.71951,5.492312398999999,-44.81707,6.707976529770787,133.0539489702782
9.735000000000001,-10.1705747815,-51.89024,-4.04622379,136.89024,11.8847772015,-49.20732,16.157365115455548,154.44382524431853
9.74,-20.403421790499998,-85.73171,-0.8044394995,132.56097,26.508551748,-40.4878,33.461172415888235,162.97729539940525
9.745000000000001,-16.974918884,-124.93903,11.530462937,79.20732,25.335480275,-36.7683,32.603466187275615,152.43184917796313
9.75,-20.5662121805,-58.65854,-2.264943884,31.64634,12.995772579999999,-19.87805,24.43336160257314,69.55179380957547
9.755,-15.284546623499999,-14.32927,-9.457140994,12.2561,14.50403535,-6.89024,23.09592870400301,20.075242793064795
9.76,-2.681530376,-3.78049,-7.240053562,-3.71951,12.660581282999999,-6.46341,14.829001961072413,8.360773176465202
9.765,-0.019122967499999997,-5.60976,-4.912935516999999,-1.03659,9.1171444385,-3.78049,10.356622219360787,6.8436854636811
9.769,-0.019122967499999997,-5.60976,-4.912935516999999,-1.03659,9.1171444385,-3.78049,10.356622219360787,6.8436854636811
9.775,-4.57774422,-7.86585,2.65760215,9.87805,10.223236492,-1.09756,11.51230453483526,12.674861181827595
9.780000000000001,-4.4483945065,-4.20732,1.709495228,6.46341,8.973477015999999,0.97561,10.16040734304951,7.773610826546438
9.785,-3.8786281414999997,-2.0122,-0.6847003029999998,4.93902,8.8201990765,1.70732,9.659631593081357,5.5998043700472255
9.790000000000001,-3.7062272344999996,-1.95122,-1.824429166,3.59756,9.504997445999999,1.52439,10.363862144199308,4.367317519267405
9.795,-3.8211611724999996,-3.29268,-1.283298219,1.70732,9.457140994,1.15854,10.28035227049664,3.8857300596413022
9.8,-3.8211611724999996,-3.29268,-1.283298219,1.70732,9.457140994,1.15854,10.28035227049664,3.8857300596413022
9.805,-3.6966167175,-4.87805,0.3207755215,0.42683,8.8729588535,0.18293,9.617550151010292,4.900103982192623
9.81,-3.6104162639999995,-4.69512,1.1157025704999999,0.18293,8.738803881499999,0.06098,9.520850335158906,4.6990779691020235
9.815000000000001,-3.7062272344999996,-3.47561,-0.5985979159999999,-0.79268,8.963866499,0.30488,9.718299356918553,3.577870633337656
9.82,-3.6726884914999998,-4.02439,-0.8044394995,-1.40244,9.073995178499999,-0.30488,9.8220747382309,4.2726460934765
9.825000000000001,-3.5577545534999997,-4.93902,-0.3878530075,-2.19512,8.959061240499999,-0.73171,9.647425860269989,5.4541607877747795
9.83,-3.5577545534999997,-4.93902,-0.3878530075,-2.19512,8.959061240499999,-0.73171,9.647425860269989,5.4541607877747795
9.835,-3.433308165,-5.60976,-0.09100571199999999,-2.62195,8.8058813675,-1.03659,9.45195395957661,6.278419218895788
9.84,-3.4188923895,-6.15854,-0.16279038999999998,-2.68293,8.8776660455,-1.46341,9.514635058554846,6.875121609440811
9.845,-3.4285029064999994,-6.52439,-0.636843851,-2.7439,9.0261387265,-1.95122,9.676331049548608,7.341928327796452
9.85,-3.4620416494999997,-6.95122,-0.670382594,-2.31707,9.011821017499999,-2.07317,9.677192943031857,7.614874045064698
9.854000000000001,-3.620026781,-7.13415,-0.636843851,-2.5,9.088410954,-1.89024,9.80353903723043,7.79224636931482
9.860000000000001,-3.6918114589999997,-6.95122,-0.866711727,-3.78049,9.0261387265,-1.70732,9.790395363648297,8.094844390777379
9.865,-3.6918114589999997,-6.95122,-0.866711727,-3.78049,9.0261387265,-1.70732,9.790395363648297,8.094844390777379
9.870000000000001,-3.643955007,-6.70732,-0.9145681789999999,-4.02439,9.050066952499998,-1.21951,9.798905800741853,7.91650561135404
9.875,-3.5864880379999997,-6.58537,-0.7278495629999999,-4.02439,9.126656889,-0.79268,9.833032462196366,7.758295849695344
9.88,-3.5625598119999995,-6.15854,-0.6416491095,-4.08537,9.179416666,-0.30488,9.867382445301194,7.396675927935467
9.885,-3.6583707824999996,-5.42683,-0.69431082,-3.78049,9.102728663,-0.12195,9.8349079003934,6.614942198651474
9.89,-3.67749375,-4.87805,-0.7901217905,-3.71951,9.217662600999999,0.06098,9.955579167029212,6.134643021643558
9.894,-3.7158377515,-4.57317,-0.8235624669999999,-3.59756,9.203344891999999,0.60976,9.959280221663922,5.8504810964654865
9.9,-3.653565524,-4.26829,-0.775706015,-3.23171,9.1171444385,0.60976,9.85254198531222,5.3883259279483084
9.905000000000001,-3.6104162639999995,-3.78049,-0.718239046,-2.80488,9.1314621475,0.54878,9.845535733406285,4.739263227855148
9.91,-3.629637298,-3.65854,-0.636843851,-2.43902,9.1075339215,0.54878,9.824816086668616,4.431127732349859
9.915000000000001,-3.667883233,-3.53659,-0.646454368,-1.89024,9.0979234045,0.30488,9.830741626905759,4.021620059142832
9.92,-3.653565524,-3.47561,-0.646454368,-1.40244,9.050066952499998,0.12195,9.781112213485759,3.7498766150634877
9.925,-3.6104162639999995,-3.29268,-0.627233334,-0.91463,9.030943985,0.06098,9.746100579967568,3.417895285069453
9.93,-3.5816827795,-3.23171,-0.5985979159999999,-0.54878,9.002210500499999,0.06098,9.707036875036524,3.2785404638192284
9.935,-3.4907751339999997,-2.92683,-0.588987399,0.06098,9.011821017499999,-0.12195,9.682217475547025,2.9300041317035714
9.940000000000001,-3.457236391,-2.9878,-0.646454368,0.60976,9.016528209499999,-0.36585,9.67823163939933,3.0712541933386106
9.945,-3.5434368444999995,-2.7439,-0.7469725305,1.28049,9.0357492435,-0.30488,9.734406865530765,3.043286654999821
9.950000000000001,-3.5769755874999998,-2.31707,-0.7565830474999999,1.70732,9.064482728,-0.12195,9.774048259935372,2.8807337207385206
9.955,-3.5577545534999997,-2.07317,-0.7134337874999999,2.0122,9.0261387265,0.12195,9.728195389799673,2.8916871358084366
9.96,-3.5195086184999997,-1.76829,-0.7039213369999999,2.19512,9.088410954,0.2439,9.771471733222526,2.8292911742166096
9.965,-3.5243138769999995,-1.40244,-0.73746008,2.56098,9.064482728,0.36585,9.75343441047402,2.942669321636395
9.97,-3.5625598119999995,-1.03659,-0.6895055615,3.04878,9.040554501999999,0.36585,9.741605413742098,3.240898723965314
9.975,-3.5482421029999998,-1.21951,-0.6416491095,3.23171,9.021333468,0.2439,9.71525569102949,3.46275055038621
9.979000000000001,-3.5434368444999995,-1.03659,-0.6320385924999999,3.35366,9.06918992,0.06098,9.757336893763538,3.5107367865022296
9.985000000000001,-3.5002875845,-0.85366,-0.6559668185,3.59756,9.021333468,-0.06098,9.698802151917254,3.697957802571576
9.99,-3.5243138769999995,-0.60976,-0.646454368,3.84146,9.040554501999999,-0.36585,9.724727104508048,3.9067209283105955
9.995000000000001,-3.552949295,-0.67073,-0.6512596264999999,4.02439,9.045261693999999,-0.4878,9.739833002002326,4.108958803030276
