seq,t_ms,ax_g,ay_g,az_g,gx_dps,gy_dps,gz_dps
0,1,-0.35156,-0.08008,0.91992,-0.30488,0.00000,0.30488
1,6,-0.35059,-0.07959,0.92285,-0.48780,0.12195,0.42683
2,11,-0.35693,-0.08154,0.91748,-0.48780,-0.06098,0.30488
3,16,-0.35693,-0.08252,0.91943,-0.60976,-0.12195,0.24390
4,21,-0.35742,-0.08301,0.92139,-0.54878,-0.12195,0.30488
5,26,-0.35449,-0.07959,0.91699,-0.67073,-0.06098,0.24390
6,31,-0.35645,-0.07959,0.92090,-0.54878,-0.12195,0.36585
7,36,-0.35645,-0.08350,0.92432,-0.60976,-0.18293,0.42683
8,40,-0.35205,-0.08350,0.92236,-0.48780,-0.06098,0.30488
9,46,-0.35498,-0.08350,0.92139,-0.54878,-0.24390,0.36585
10,51,-0.35693,-0.08691,0.92041,-0.48780,-0.36585,0.30488
11,56,-0.35840,-0.08398,0.92090,-0.54878,-0.36585,0.30488
12,61,-0.35742,-0.08154,0.92188,-0.60976,-0.54878,0.36585
13,66,-0.36035,-0.08496,0.92188,-0.73171,-0.67073,0.42683
14,71,-0.35547,-0.08643,0.92139,-0.60976,-0.60976,0.42683
15,76,-0.35645,-0.08252,0.92090,-0.67073,-0.73171,0.42683
16,80,-0.35645,-0.08252,0.92090,-0.67073,-0.73171,0.42683
17,86,-0.33887,-0.06885,0.91113,-1.03659,-0.73171,0.18293
18,91,-0.33740,-0.06445,0.91602,-0.85366,-0.54878,0.00000
19,96,-0.35205,-0.07715,0.92139,-0.67073,-0.12195,-0.06098
20,101,-0.35742,-0.08350,0.91943,-0.85366,0.18293,-0.06098
21,106,-0.35791,-0.08740,0.92188,-0.42683,0.30488,0.06098
22,111,-0.35791,-0.08740,0.92188,-0.42683,0.30488,0.06098
23,116,-0.35400,-0.08350,0.91895,-0.54878,0.24390,0.06098
24,120,-0.35547,-0.08008,0.91797,-0.73171,0.42683,0.12195
25,125,-0.35400,-0.08496,0.92285,-0.48780,0.36585,0.18293
26,131,-0.35645,-0.07959,0.92773,-0.42683,0.30488,0.24390
27,136,-0.35596,-0.07959,0.92041,-0.48780,0.24390,0.30488
28,141,-0.35400,-0.08105,0.92285,-0.48780,0.12195,0.24390
29,146,-0.35400,-0.08105,0.92285,-0.48780,0.12195,0.24390
30,151,-0.35449,-0.08301,0.92432,-0.48780,0.12195,0.30488
31,156,-0.35840,-0.08496,0.92041,-0.36585,0.00000,0.24390
32,161,-0.35254,-0.08398,0.92383,-0.36585,0.00000,0.18293
33,165,-0.35645,-0.08398,0.92334,-0.42683,0.00000,0.18293
34,171,-0.35693,-0.08008,0.92139,-0.48780,-0.06098,0.24390
35,176,-0.35693,-0.08008,0.92139,-0.48780,-0.06098,0.24390
36,181,-0.35547,-0.07812,0.91943,-0.48780,-0.12195,0.24390
37,186,-0.35645,-0.08350,0.92285,-0.42683,-0.18293,0.12195
38,191,-0.35498,-0.08203,0.92236,-0.54878,-0.36585,0.18293
39,196,-0.35254,-0.08154,0.91943,-0.48780,-0.36585,0.18293
40,201,-0.35352,-0.08057,0.92041,-0.60976,-0.12195,0.18293
41,205,-0.35107,-0.08154,0.91992,-0.48780,-0.18293,0.12195
42,211,-0.35059,-0.08057,0.91357,-0.54878,-0.30488,0.06098
43,216,-0.35254,-0.07910,0.91846,-0.42683,-0.18293,0.06098
44,221,-0.35156,-0.08008,0.91846,-0.54878,-0.24390,0.00000
45,226,-0.35107,-0.08350,0.91992,-0.67073,-0.24390,0.06098
46,231,-0.35059,-0.08301,0.91943,-0.67073,-0.12195,0.00000
47,236,-0.35352,-0.07861,0.91895,-0.60976,0.06098,0.12195
48,241,-0.35107,-0.07910,0.91992,-0.54878,0.06098,0.18293
49,245,-0.34961,-0.08301,0.92090,-0.42683,0.00000,0.12195
50,250,-0.35498,-0.07910,0.92090,-0.42683,0.12195,0.24390
51,256,-0.35352,-0.08203,0.91943,-0.36585,0.24390,0.24390
52,261,-0.35400,-0.08057,0.92090,-0.42683,0.36585,0.24390
53,266,-0.35303,-0.08105,0.91406,-0.36585,0.42683,0.24390
54,271,-0.35254,-0.07861,0.91895,-0.36585,0.42683,0.30488
55,276,-0.35352,-0.07910,0.91797,-0.48780,0.42683,0.18293
56,281,-0.35596,-0.08057,0.92236,-0.36585,0.36585,0.18293
57,286,-0.35498,-0.08154,0.92334,-0.36585,0.36585,0.24390
58,290,-0.35303,-0.07861,0.92285,-0.30488,0.36585,0.18293
59,296,-0.35400,-0.07959,0.92383,-0.42683,0.24390,0.12195
60,301,-0.35693,-0.08008,0.91895,-0.54878,0.18293,0.12195
61,306,-0.35156,-0.08203,0.92285,-0.48780,0.24390,0.24390
62,311,-0.35205,-0.08203,0.92334,-0.42683,0.30488,0.18293
63,316,-0.35303,-0.08008,0.92041,-0.42683,0.36585,0.30488
64,321,-0.35303,-0.08203,0.92383,-0.42683,0.30488,0.24390
65,326,-0.35010,-0.08496,0.92334,-0.54878,0.36585,0.24390
66,330,-0.35254,-0.08496,0.91895,-0.36585,0.54878,0.30488
67,336,-0.35303,-0.08301,0.92139,-0.42683,0.48780,0.24390
68,341,-0.35156,-0.08301,0.92041,-0.54878,0.30488,0.24390
69,346,-0.35254,-0.08301,0.92285,-0.36585,0.36585,0.30488
70,351,-0.35205,-0.08594,0.92188,-0.42683,0.30488,0.36585
71,356,-0.35156,-0.08301,0.92188,-0.36585,0.36585,0.30488
72,361,-0.35303,-0.08203,0.91895,-0.36585,0.30488,0.36585
73,366,-0.35400,-0.07812,0.92529,-0.48780,0.24390,0.24390
74,370,-0.35205,-0.08105,0.92432,-0.48780,0.18293,0.42683
75,375,-0.35400,-0.08447,0.92529,-0.48780,0.18293,0.42683
76,381,-0.35254,-0.08154,0.92139,-0.60976,0.12195,0.42683
77,386,-0.35156,-0.08301,0.91846,-0.48780,0.12195,0.36585
78,391,-0.34912,-0.08301,0.92334,-0.42683,0.06098,0.30488
79,396,-0.35107,-0.08301,0.92285,-0.48780,0.18293,0.18293
80,401,-0.35205,-0.08252,0.92090,-0.42683,0.12195,0.42683
81,406,-0.35156,-0.08301,0.92334,-0.48780,0.18293,0.36585
82,411,-0.35352,-0.08252,0.92285,-0.36585,0.18293,0.24390
83,415,-0.35400,-0.08301,0.91943,-0.18293,0.36585,0.36585
84,421,-0.35449,-0.08154,0.91846,-0.36585,0.24390,0.36585
85,426,-0.35498,-0.08203,0.91895,-0.42683,0.30488,0.36585
86,431,-0.35254,-0.08105,0.92334,-0.30488,0.36585,0.30488
87,436,-0.35107,-0.08398,0.92432,-0.30488,0.30488,0.24390
88,441,-0.35352,-0.08057,0.92432,-0.48780,0.36585,0.24390
89,446,-0.35205,-0.08398,0.91943,-0.48780,0.18293,0.36585
90,451,-0.35156,-0.07959,0.91797,-0.42683,0.18293,0.30488
91,455,-0.35498,-0.08154,0.91992,-0.36585,0.18293,0.30488
92,461,-0.35791,-0.08447,0.91602,-0.42683,0.12195,0.24390
93,466,-0.35107,-0.07910,0.91650,-0.48780,0.12195,0.24390
94,471,-0.35107,-0.07910,0.91943,-0.54878,0.18293,0.24390
95,476,-0.35498,-0.07959,0.92041,-0.54878,0.12195,0.30488
96,481,-0.35742,-0.08154,0.92139,-0.48780,0.06098,0.24390
97,486,-0.35107,-0.08496,0.92334,-0.42683,0.12195,0.18293
98,491,-0.35156,-0.08105,0.91797,-0.60976,0.12195,0.30488
99,495,-0.35400,-0.08008,0.92236,-0.42683,0.24390,0.24390
100,500,-0.35254,-0.08301,0.92236,-0.36585,0.24390,0.24390
101,506,-0.35303,-0.08105,0.92041,-0.48780,0.00000,0.24390
102,511,-0.35400,-0.08154,0.92529,-0.36585,0.06098,0.24390
103,516,-0.35303,-0.08154,0.92090,-0.54878,0.06098,0.36585
104,521,-0.35400,-0.08252,0.92139,-0.48780,0.00000,0.18293
105,526,-0.35303,-0.08057,0.92188,-0.54878,0.00000,0.24390
106,531,-0.35400,-0.08252,0.92285,-0.42683,0.12195,0.18293
107,536,-0.35352,-0.08008,0.92041,-0.54878,0.12195,0.12195
108,540,-0.35352,-0.08594,0.91846,-0.54878,-0.06098,0.24390
109,546,-0.35205,-0.08154,0.92480,-0.42683,0.00000,0.30488
110,551,-0.35205,-0.07959,0.92480,-0.48780,0.06098,0.30488
111,556,-0.34619,-0.07861,0.91895,-0.48780,0.00000,0.30488
112,561,-0.35010,-0.08301,0.92139,-0.42683,0.06098,0.24390
113,566,-0.35303,-0.08252,0.92139,-0.42683,0.12195,0.24390
114,571,-0.35303,-0.08398,0.91943,-0.54878,0.00000,0.24390
115,576,-0.35059,-0.08154,0.92139,-0.54878,0.06098,0.30488
116,580,-0.34912,-0.07959,0.92285,-0.54878,0.00000,0.18293
117,586,-0.35400,-0.08154,0.92090,-0.60976,0.06098,0.12195
118,591,-0.34912,-0.08057,0.92334,-0.67073,0.12195,0.24390
119,596,-0.35059,-0.07861,0.92383,-0.48780,0.12195,0.18293
120,601,-0.35010,-0.08350,0.91943,-0.36585,0.06098,0.18293
121,606,-0.35400,-0.07715,0.91797,-0.42683,-0.06098,0.24390
122,611,-0.35303,-0.08154,0.91602,-0.48780,0.00000,0.12195
123,616,-0.34863,-0.07861,0.92334,-0.67073,0.00000,0.18293
124,620,-0.34814,-0.07715,0.92139,-0.42683,0.18293,0.06098
125,625,-0.35303,-0.07959,0.91602,-0.48780,0.18293,0.12195
126,631,-0.35498,-0.08447,0.92627,-0.48780,0.36585,0.12195
127,636,-0.35303,-0.08350,0.92529,-0.36585,0.24390,0.12195
128,641,-0.35254,-0.08105,0.92383,-0.42683,0.24390,0.12195
129,646,-0.35254,-0.08154,0.92041,-0.48780,0.36585,0.12195
130,651,-0.35303,-0.08350,0.92188,-0.54878,0.30488,0.12195
131,656,-0.35449,-0.08545,0.91943,-0.48780,0.18293,0.12195
132,661,-0.35547,-0.08203,0.91748,-0.42683,0.18293,0.12195
133,665,-0.35547,-0.08057,0.92090,-0.30488,0.12195,0.12195
134,671,-0.35400,-0.08301,0.92090,-0.30488,0.12195,0.18293
135,676,-0.35254,-0.08203,0.92773,-0.36585,0.00000,0.12195
136,681,-0.35352,-0.08154,0.92188,-0.48780,0.06098,0.12195
137,686,-0.35254,-0.08057,0.91797,-0.60976,-0.18293,0.24390
138,691,-0.35449,-0.08398,0.91699,-0.42683,-0.06098,0.12195
139,696,-0.35400,-0.08252,0.91992,-0.36585,-0.12195,0.30488
140,701,-0.35059,-0.08105,0.92236,-0.30488,-0.12195,0.36585
141,705,-0.35010,-0.08105,0.92480,-0.24390,0.00000,0.24390
142,711,-0.35254,-0.07959,0.92383,-0.24390,0.12195,0.30488
143,716,-0.35205,-0.08594,0.92090,-0.36585,0.12195,0.30488
144,721,-0.34961,-0.08203,0.92188,-0.30488,0.12195,0.30488
145,726,-0.34961,-0.08105,0.92188,-0.24390,0.24390,0.30488
146,731,-0.35156,-0.08301,0.92041,-0.24390,0.12195,0.24390
147,736,-0.35107,-0.08496,0.92285,-0.24390,0.06098,0.24390
148,741,-0.35449,-0.08203,0.92090,-0.24390,0.12195,0.30488
149,745,-0.35400,-0.08203,0.91797,-0.36585,0.12195,0.24390
150,750,-0.35400,-0.08203,0.91797,-0.36585,0.12195,0.24390
151,756,-0.34912,-0.08301,0.92090,-0.36585,0.18293,0.36585
152,761,-0.35059,-0.08252,0.92090,-0.30488,0.12195,0.30488
153,766,-0.35303,-0.08008,0.91992,-0.24390,0.06098,0.36585
154,771,-0.35156,-0.08301,0.92188,-0.24390,0.12195,0.36585
155,776,-0.35205,-0.08301,0.92432,-0.30488,0.12195,0.30488
156,781,-0.35205,-0.08301,0.92432,-0.30488,0.12195,0.30488
157,786,-0.35303,-0.08545,0.91992,-0.30488,0.12195,0.24390
158,790,-0.35303,-0.08398,0.92139,-0.36585,0.06098,0.36585
159,796,-0.35400,-0.07910,0.92236,-0.36585,0.18293,0.24390
160,801,-0.34961,-0.07861,0.92383,-0.36585,0.06098,0.30488
161,806,-0.35205,-0.08203,0.91943,-0.42683,0.12195,0.42683
162,811,-0.35205,-0.08203,0.91943,-0.42683,0.12195,0.42683
163,816,-0.35254,-0.08301,0.91553,-0.42683,0.18293,0.24390
164,821,-0.35156,-0.08447,0.92480,-0.42683,0.06098,0.30488
165,826,-0.35596,-0.08398,0.92090,-0.42683,0.06098,0.30488
166,830,-0.35107,-0.08203,0.92090,-0.42683,0.12195,0.30488
167,836,-0.35010,-0.08203,0.92432,-0.36585,0.06098,0.36585
168,841,-0.35010,-0.08203,0.92432,-0.36585,0.06098,0.36585
169,846,-0.35059,-0.08203,0.92334,-0.48780,0.18293,0.48780
170,851,-0.34814,-0.08008,0.91699,-0.42683,0.24390,0.42683
171,856,-0.34863,-0.07861,0.91943,-0.24390,0.24390,0.36585
172,861,-0.35010,-0.08105,0.92090,-0.24390,0.18293,0.36585
173,866,-0.34961,-0.08008,0.92236,-0.48780,0.30488,0.36585
174,870,-0.34961,-0.07666,0.92432,-0.48780,0.36585,0.42683
175,875,-0.35059,-0.08301,0.91699,-0.36585,0.30488,0.36585
176,881,-0.35791,-0.08643,0.92090,-0.42683,0.42683,0.30488
177,886,-0.35059,-0.08252,0.92578,-0.36585,0.42683,0.24390
178,891,-0.35254,-0.08154,0.92432,-0.42683,0.48780,0.24390
179,896,-0.35547,-0.08301,0.92090,-0.42683,0.42683,0.24390
180,901,-0.35059,-0.08447,0.92090,-0.42683,0.36585,0.30488
181,906,-0.35205,-0.08252,0.92432,-0.60976,0.24390,0.30488
182,911,-0.35303,-0.08057,0.92041,-0.42683,0.30488,0.18293
183,915,-0.35693,-0.08350,0.92285,-0.36585,0.36585,0.30488
184,921,-0.35547,-0.08350,0.92432,-0.42683,0.36585,0.30488
185,926,-0.35742,-0.08154,0.92285,-0.24390,0.42683,0.36585
186,931,-0.35352,-0.08301,0.91846,-0.24390,0.42683,0.36585
187,936,-0.35400,-0.08252,0.91992,-0.42683,0.24390,0.24390
188,941,-0.35352,-0.08203,0.92822,-0.24390,0.36585,0.30488
189,946,-0.35254,-0.08154,0.92578,-0.24390,0.30488,0.30488
190,951,-0.35059,-0.08057,0.92188,-0.36585,0.36585,0.24390
191,955,-0.35303,-0.08057,0.92578,-0.18293,0.30488,0.18293
192,961,-0.35205,-0.08008,0.92188,-0.48780,0.18293,0.24390
193,966,-0.35400,-0.08594,0.91699,-0.36585,0.24390,0.30488
194,971,-0.35156,-0.08252,0.92139,-0.42683,0.24390,0.24390
195,976,-0.35010,-0.08105,0.92529,-0.36585,0.24390,0.24390
196,981,-0.35449,-0.08301,0.92041,-0.42683,0.30488,0.24390
197,986,-0.35498,-0.08203,0.92285,-0.42683,0.36585,0.12195
198,991,-0.35010,-0.08105,0.92090,-0.30488,0.30488,0.30488
199,995,-0.35059,-0.08105,0.92041,-0.36585,0.30488,0.30488
200,1000,-0.35352,-0.08105,0.92334,-0.24390,0.24390,0.18293
201,1006,-0.35352,-0.08350,0.92041,-0.36585,0.30488,0.18293
202,1011,-0.35059,-0.07861,0.91943,-0.48780,0.24390,0.18293
203,1016,-0.35107,-0.08398,0.91992,-0.48780,0.30488,0.12195
204,1021,-0.35400,-0.08301,0.92139,-0.42683,0.36585,0.12195
205,1026,-0.35156,-0.08643,0.92334,-0.36585,0.36585,0.18293
206,1031,-0.35107,-0.07959,0.92090,-0.36585,0.36585,0.18293
207,1036,-0.35352,-0.07910,0.92188,-0.42683,0.30488,0.12195
208,1040,-0.35547,-0.08057,0.91943,-0.48780,0.30488,0.06098
209,1046,-0.35156,-0.08398,0.91797,-0.48780,0.42683,0.18293
210,1051,-0.35303,-0.08398,0.92285,-0.48780,0.36585,0.30488
211,1056,-0.35254,-0.08301,0.92041,-0.54878,0.24390,0.24390
212,1061,-0.35400,-0.08447,0.91650,-0.42683,0.30488,0.18293
213,1066,-0.35205,-0.08154,0.91992,-0.48780,0.30488,0.18293
214,1071,-0.35303,-0.08350,0.92383,-0.60976,0.30488,0.24390
215,1076,-0.35156,-0.08447,0.92188,-0.36585,0.24390,0.18293
216,1080,-0.35254,-0.08154,0.92188,-0.36585,0.18293,0.18293
217,1086,-0.35449,-0.08203,0.91943,-0.36585,0.12195,0.24390
218,1091,-0.35498,-0.08008,0.91846,-0.48780,0.36585,0.36585
219,1096,-0.35107,-0.07861,0.92041,-0.54878,0.36585,0.36585
220,1101,-0.34668,-0.08105,0.92480,-0.42683,0.30488,0.18293
221,1106,-0.35059,-0.07861,0.92285,-0.42683,0.42683,0.18293
222,1111,-0.35449,-0.08252,0.92090,-0.24390,0.42683,0.12195
223,1116,-0.35547,-0.08252,0.92139,-0.36585,0.42683,0.18293
224,1120,-0.35645,-0.08545,0.92139,-0.42683,0.48780,0.24390
225,1125,-0.35107,-0.08447,0.92383,-0.36585,0.42683,0.24390
226,1131,-0.35400,-0.08203,0.92432,-0.48780,0.36585,0.42683
227,1136,-0.35352,-0.08203,0.92334,-0.54878,0.42683,0.30488
228,1141,-0.35303,-0.08301,0.92188,-0.36585,0.30488,0.24390
229,1146,-0.35156,-0.08203,0.91943,-0.30488,0.24390,0.36585
230,1151,-0.35449,-0.08398,0.91992,-0.48780,0.24390,0.36585
231,1156,-0.35254,-0.08301,0.92334,-0.30488,0.36585,0.30488
232,1161,-0.35449,-0.08203,0.92041,-0.48780,0.30488,0.24390
233,1165,-0.35352,-0.08301,0.91846,-0.48780,0.36585,0.24390
234,1171,-0.35693,-0.08301,0.91797,-0.30488,0.36585,0.24390
235,1176,-0.35254,-0.07959,0.92090,-0.42683,0.48780,0.30488
236,1181,-0.35254,-0.08105,0.92383,-0.42683,0.36585,0.24390
237,1186,-0.35254,-0.08301,0.92188,-0.42683,0.30488,0.24390
238,1191,-0.35010,-0.08301,0.91992,-0.24390,0.48780,0.18293
239,1196,-0.35400,-0.08301,0.92285,-0.24390,0.54878,0.12195
240,1201,-0.35254,-0.08350,0.92383,-0.48780,0.48780,0.24390
241,1205,-0.35596,-0.08105,0.92334,-0.42683,0.54878,0.36585
242,1211,-0.35498,-0.08252,0.92188,-0.48780,0.36585,0.18293
243,1216,-0.35352,-0.08154,0.92139,-0.36585,0.30488,0.24390
244,1221,-0.35303,-0.08105,0.91992,-0.42683,0.24390,0.36585
245,1226,-0.35352,-0.08105,0.91992,-0.30488,0.36585,0.18293
246,1231,-0.35400,-0.08203,0.92334,-0.18293,0.30488,0.12195
247,1236,-0.35547,-0.07812,0.92139,-0.24390,0.42683,0.12195
248,1241,-0.35449,-0.08252,0.91895,-0.36585,0.30488,0.36585
249,1245,-0.34961,-0.08154,0.92334,-0.42683,0.24390,0.24390
250,1250,-0.35352,-0.08008,0.92285,-0.67073,0.36585,0.18293
251,1256,-0.35449,-0.08301,0.92236,-0.48780,0.36585,0.12195
252,1261,-0.35303,-0.08105,0.91797,-0.42683,0.48780,0.30488
253,1266,-0.35498,-0.08057,0.92090,-0.42683,0.24390,0.30488
254,1271,-0.35400,-0.08008,0.92236,-0.18293,0.18293,0.24390
255,1276,-0.35156,-0.08252,0.91699,-0.42683,0.12195,0.24390
256,1281,-0.35205,-0.08252,0.92383,-0.48780,0.12195,0.24390
257,1286,-0.34717,-0.08008,0.92578,-0.48780,0.06098,0.24390
258,1290,-0.35107,-0.08203,0.91943,-0.36585,0.06098,0.30488
259,1296,-0.35400,-0.08105,0.92188,-0.36585,0.06098,0.18293
260,1301,-0.35547,-0.08203,0.92334,-0.48780,0.06098,0.24390
261,1306,-0.35449,-0.08057,0.91992,-0.48780,0.12195,0.36585
262,1311,-0.35254,-0.08545,0.92383,-0.42683,0.12195,0.30488
263,1316,-0.35303,-0.08398,0.92188,-0.42683,0.00000,0.24390
264,1321,-0.34912,-0.08203,0.92090,-0.54878,0.06098,0.30488
265,1326,-0.35449,-0.08350,0.91797,-0.42683,0.06098,0.24390
266,1330,-0.35498,-0.08301,0.91846,-0.48780,0.06098,0.30488
267,1336,-0.35498,-0.08252,0.91699,-0.48780,0.00000,0.36585
268,1341,-0.35303,-0.08154,0.92822,-0.42683,0.06098,0.30488
269,1346,-0.35498,-0.08203,0.92139,-0.54878,0.12195,0.36585
270,1351,-0.35303,-0.08203,0.92139,-0.48780,0.18293,0.24390
271,1356,-0.35352,-0.08350,0.92676,-0.48780,0.06098,0.36585
272,1361,-0.35107,-0.08057,0.92090,-0.42683,0.12195,0.36585
273,1366,-0.35010,-0.07910,0.92334,-0.48780,0.18293,0.42683
274,1370,-0.35156,-0.08398,0.92480,-0.48780,0.00000,0.36585
275,1375,-0.35303,-0.08545,0.92432,-0.42683,0.12195,0.36585
276,1381,-0.35596,-0.08496,0.91992,-0.42683,0.12195,0.36585
277,1386,-0.35303,-0.08301,0.92578,-0.42683,0.18293,0.42683
278,1391,-0.35254,-0.08154,0.91992,-0.48780,0.00000,0.36585
279,1396,-0.35156,-0.08252,0.91650,-0.48780,-0.06098,0.36585
280,1401,-0.35205,-0.08350,0.92236,-0.48780,-0.06098,0.36585
281,1406,-0.35400,-0.08154,0.92334,-0.42683,-0.12195,0.42683
282,1411,-0.35400,-0.08252,0.92432,-0.67073,-0.12195,0.24390
283,1415,-0.35400,-0.08252,0.92432,-0.67073,-0.12195,0.24390
284,1421,-0.35205,-0.07861,0.92041,-0.54878,-0.12195,0.24390
285,1426,-0.35498,-0.08350,0.92188,-0.54878,-0.12195,0.30488
286,1431,-0.35254,-0.08496,0.92432,-0.54878,0.00000,0.42683
287,1436,-0.35303,-0.08252,0.92041,-0.42683,-0.06098,0.30488
288,1441,-0.35303,-0.08252,0.91748,-0.36585,-0.06098,0.36585
289,1446,-0.35303,-0.08252,0.91748,-0.36585,-0.06098,0.36585
290,1451,-0.35352,-0.08105,0.92090,-0.42683,-0.18293,0.48780
291,1455,-0.34912,-0.08008,0.92188,-0.30488,-0.06098,0.36585
292,1461,-0.35498,-0.08350,0.92627,-0.54878,0.06098,0.42683
293,1466,-0.35205,-0.08398,0.92334,-0.42683,0.06098,0.42683
294,1471,-0.35107,-0.08252,0.92188,-0.48780,-0.06098,0.36585
295,1476,-0.35059,-0.08203,0.92236,-0.42683,0.12195,0.36585
296,1481,-0.35059,-0.08203,0.92236,-0.42683,0.12195,0.36585
297,1486,-0.35205,-0.08057,0.92090,-0.48780,0.24390,0.24390
298,1491,-0.35156,-0.08301,0.92041,-0.48780,0.12195,0.42683
299,1495,-0.34912,-0.08398,0.92139,-0.48780,0.06098,0.30488
300,1500,-0.34912,-0.08154,0.92041,-0.36585,0.06098,0.18293
301,1506,-0.35400,-0.08301,0.91943,-0.42683,0.00000,0.42683
302,1511,-0.35400,-0.08301,0.91943,-0.42683,0.00000,0.42683
303,1516,-0.35498,-0.08203,0.91699,-0.36585,0.00000,0.30488
304,1521,-0.35498,-0.08447,0.92334,-0.36585,0.00000,0.18293
305,1526,-0.35645,-0.08301,0.92236,-0.36585,0.12195,0.36585
306,1531,-0.35205,-0.08154,0.92334,-0.36585,0.18293,0.36585
307,1536,-0.35254,-0.08154,0.92285,-0.36585,0.18293,0.42683
308,1540,-0.35156,-0.07568,0.92188,-0.48780,0.00000,0.42683
309,1546,-0.35205,-0.07959,0.91992,-0.48780,0.12195,0.48780
310,1551,-0.35547,-0.08203,0.92041,-0.48780,0.06098,0.30488
311,1556,-0.35449,-0.08203,0.92529,-0.60976,0.12195,0.24390
312,1561,-0.35205,-0.08350,0.91992,-0.48780,0.18293,0.30488
313,1566,-0.34814,-0.08496,0.92090,-0.42683,0.06098,0.30488
314,1571,-0.35010,-0.08252,0.92383,-0.54878,0.06098,0.30488
315,1576,-0.35693,-0.08154,0.91846,-0.42683,0.00000,0.36585
316,1580,-0.35352,-0.08057,0.91943,-0.48780,0.06098,0.30488
317,1586,-0.35254,-0.08350,0.92529,-0.60976,0.12195,0.30488
318,1591,-0.35303,-0.08545,0.91895,-0.36585,0.06098,0.30488
319,1596,-0.35205,-0.08252,0.92285,-0.42683,0.18293,0.24390
320,1601,-0.35156,-0.08154,0.92090,-0.48780,0.12195,0.24390
321,1606,-0.35303,-0.08398,0.91943,-0.48780,0.06098,0.30488
322,1611,-0.34961,-0.08154,0.92090,-0.42683,0.24390,0.18293
323,1616,-0.35059,-0.08105,0.92236,-0.30488,0.30488,0.18293
324,1620,-0.35205,-0.08105,0.91992,-0.30488,0.24390,0.18293
325,1625,-0.35205,-0.08350,0.91650,-0.42683,0.24390,0.30488
326,1631,-0.35205,-0.08105,0.91797,-0.48780,0.24390,0.24390
327,1636,-0.35352,-0.08105,0.92188,-0.48780,0.30488,0.24390
328,1641,-0.35400,-0.08301,0.91895,-0.42683,0.24390,0.36585
329,1646,-0.35059,-0.07959,0.92236,-0.48780,0.24390,0.36585
330,1651,-0.34717,-0.08105,0.92285,-0.60976,0.18293,0.24390
331,1656,-0.35205,-0.08350,0.92236,-0.48780,0.30488,0.30488
332,1661,-0.35693,-0.08203,0.91846,-0.36585,0.24390,0.36585
333,1665,-0.35059,-0.08545,0.92188,-0.48780,0.24390,0.30488
334,1671,-0.34912,-0.08301,0.92236,-0.36585,0.18293,0.18293
335,1676,-0.35010,-0.08496,0.92334,-0.42683,0.24390,0.24390
336,1681,-0.34668,-0.08203,0.92676,-0.36585,0.18293,0.36585
337,1686,-0.34912,-0.08008,0.92627,-0.30488,0.24390,0.18293
338,1691,-0.35107,-0.08154,0.91895,-0.36585,0.18293,0.24390
339,1696,-0.35352,-0.08008,0.92188,-0.42683,0.24390,0.30488
340,1701,-0.35205,-0.08203,0.91943,-0.42683,0.24390,0.24390
341,1705,-0.35156,-0.07959,0.92041,-0.42683,0.24390,0.18293
342,1711,-0.35107,-0.08105,0.91748,-0.36585,0.12195,0.12195
343,1716,-0.35107,-0.08057,0.91943,-0.42683,0.12195,0.30488
344,1721,-0.35205,-0.08398,0.92041,-0.42683,0.24390,0.30488
345,1726,-0.35254,-0.08203,0.91504,-0.18293,0.24390,0.24390
346,1731,-0.35303,-0.08154,0.92188,-0.36585,0.18293,0.24390
347,1736,-0.35254,-0.08008,0.92334,-0.54878,0.12195,0.30488
348,1741,-0.35107,-0.08105,0.92041,-0.42683,0.18293,0.42683
349,1745,-0.34912,-0.08203,0.92383,-0.36585,0.12195,0.30488
350,1750,-0.35205,-0.08350,0.92188,-0.42683,0.18293,0.24390
351,1756,-0.35205,-0.08105,0.91943,-0.54878,0.24390,0.30488
352,1761,-0.35156,-0.08398,0.92334,-0.36585,0.18293,0.30488
353,1766,-0.35010,-0.08105,0.92725,-0.30488,0.12195,0.30488
354,1771,-0.35010,-0.07764,0.92188,-0.36585,0.12195,0.24390
355,1776,-0.35107,-0.07910,0.91699,-0.48780,0.06098,0.24390
356,1781,-0.35205,-0.08203,0.91553,-0.48780,0.12195,0.30488
357,1786,-0.35156,-0.07910,0.92480,-0.42683,0.06098,0.36585
358,1790,-0.35059,-0.08154,0.92773,-0.48780,0.06098,0.24390
359,1796,-0.35059,-0.08154,0.92334,-0.42683,0.12195,0.30488
360,1801,-0.35156,-0.08154,0.92285,-0.36585,0.18293,0.36585
361,1806,-0.35059,-0.08105,0.92090,-0.36585,0.18293,0.30488
362,1811,-0.35010,-0.08203,0.92139,-0.48780,0.18293,0.30488
363,1816,-0.34717,-0.08154,0.91846,-0.48780,0.24390,0.30488
364,1821,-0.34814,-0.08154,0.92480,-0.30488,0.12195,0.30488
365,1826,-0.34717,-0.07959,0.92334,-0.54878,0.18293,0.24390
366,1830,-0.35059,-0.08301,0.92383,-0.30488,0.12195,0.42683
367,1836,-0.34717,-0.08643,0.92529,-0.42683,0.18293,0.36585
368,1841,-0.35449,-0.08398,0.92041,-0.42683,0.24390,0.36585
369,1846,-0.35498,-0.08398,0.92041,-0.48780,0.18293,0.30488
370,1851,-0.35059,-0.08154,0.92383,-0.48780,0.18293,0.30488
371,1856,-0.35059,-0.08008,0.92041,-0.42683,0.06098,0.30488
372,1861,-0.35449,-0.08398,0.92041,-0.42683,0.12195,0.30488
373,1866,-0.35156,-0.08545,0.92188,-0.48780,0.12195,0.12195
374,1870,-0.35352,-0.08252,0.92285,-0.48780,0.06098,0.18293
375,1875,-0.35498,-0.08301,0.91992,-0.48780,0.06098,0.24390
376,1881,-0.35352,-0.08008,0.92432,-0.48780,0.06098,0.18293
377,1886,-0.35303,-0.08350,0.92871,-0.54878,0.06098,0.36585
378,1891,-0.35156,-0.08398,0.92139,-0.60976,0.18293,0.42683
379,1896,-0.35254,-0.08057,0.92041,-0.60976,0.06098,0.24390
380,1901,-0.35303,-0.08203,0.92188,-0.36585,0.18293,0.30488
381,1906,-0.35059,-0.08252,0.92041,-0.42683,0.12195,0.30488
382,1911,-0.34961,-0.08203,0.92285,-0.42683,0.06098,0.30488
383,1915,-0.35010,-0.08154,0.92383,-0.42683,0.06098,0.12195
384,1921,-0.35156,-0.07861,0.92188,-0.42683,0.12195,0.18293
385,1926,-0.35156,-0.07861,0.92334,-0.42683,0.18293,0.18293
386,1931,-0.35254,-0.08008,0.92334,-0.30488,0.30488,0.18293
387,1936,-0.35352,-0.08350,0.92188,-0.36585,0.24390,0.24390
388,1941,-0.35010,-0.08398,0.91797,-0.48780,0.30488,0.30488
389,1946,-0.35107,-0.08105,0.91943,-0.48780,0.30488,0.30488
390,1951,-0.34961,-0.07910,0.92529,-0.48780,0.24390,0.36585
391,1955,-0.34961,-0.08057,0.92188,-0.42683,0.18293,0.36585
392,1961,-0.35254,-0.08350,0.91943,-0.42683,0.30488,0.24390
393,1966,-0.35107,-0.08154,0.92529,-0.42683,0.30488,0.24390
394,1971,-0.35010,-0.08105,0.92432,-0.36585,0.24390,0.12195
395,1976,-0.35303,-0.08057,0.91943,-0.30488,0.12195,0.30488
396,1981,-0.35352,-0.08252,0.92480,-0.36585,0.24390,0.30488
397,1986,-0.35498,-0.08203,0.91992,-0.36585,0.24390,0.24390
398,1991,-0.34961,-0.07910,0.92236,-0.48780,0.30488,0.24390
399,1995,-0.34473,-0.08252,0.92090,-0.30488,0.36585,0.24390
400,2000,-0.35352,-0.08154,0.91992,-0.18293,0.24390,0.12195
401,2006,-0.35010,-0.07959,0.92041,-0.36585,0.30488,0.12195
402,2011,-0.35010,-0.07959,0.91846,-0.54878,0.18293,0.12195
403,2016,-0.35107,-0.08203,0.92090,-0.54878,0.18293,0.18293
404,2021,-0.34814,-0.08105,0.92529,-0.60976,0.18293,0.18293
405,2026,-0.35254,-0.08350,0.92334,-0.54878,0.24390,0.18293
406,2031,-0.35205,-0.08154,0.92285,-0.48780,0.18293,0.24390
407,2036,-0.35156,-0.07959,0.92383,-0.42683,0.24390,0.30488
408,2040,-0.35107,-0.08203,0.92285,-0.60976,0.18293,0.24390
409,2046,-0.35303,-0.08008,0.92432,-0.48780,0.30488,0.30488
410,2051,-0.35010,-0.08057,0.92578,-0.36585,0.18293,0.18293
411,2056,-0.35254,-0.08398,0.92285,-0.48780,0.12195,0.36585
412,2061,-0.34961,-0.08057,0.91846,-0.36585,0.30488,0.24390
413,2066,-0.34668,-0.08252,0.92090,-0.48780,0.36585,0.24390
414,2071,-0.35107,-0.08154,0.92432,-0.48780,0.24390,0.42683
415,2076,-0.35400,-0.07910,0.92236,-0.48780,0.24390,0.36585
416,2080,-0.35205,-0.08350,0.92480,-0.48780,0.12195,0.24390
417,2086,-0.35107,-0.08301,0.92432,-0.42683,0.24390,0.30488
418,2091,-0.34766,-0.08105,0.91748,-0.60976,0.30488,0.36585
419,2096,-0.34961,-0.08105,0.92627,-0.54878,0.24390,0.18293
420,2101,-0.35010,-0.08398,0.92334,-0.42683,0.12195,0.30488
421,2106,-0.35205,-0.08105,0.92139,-0.36585,0.18293,0.30488
422,2111,-0.35303,-0.08154,0.92139,-0.42683,0.30488,0.36585
423,2116,-0.35303,-0.08154,0.92139,-0.42683,0.30488,0.36585
424,2120,-0.35156,-0.08398,0.92529,-0.48780,0.36585,0.24390
425,2125,-0.35254,-0.08008,0.91943,-0.54878,0.18293,0.18293
426,2131,-0.35156,-0.08105,0.92285,-0.36585,0.12195,0.36585
427,2136,-0.34961,-0.07861,0.92236,-0.48780,0.12195,0.42683
428,2141,-0.34570,-0.08057,0.92041,-0.30488,0.06098,0.42683
429,2146,-0.34570,-0.08057,0.92041,-0.30488,0.06098,0.42683
430,2151,-0.35059,-0.08252,0.92432,-0.60976,0.00000,0.42683
431,2156,-0.35205,-0.08447,0.92090,-0.48780,0.06098,0.30488
432,2161,-0.35303,-0.08398,0.91943,-0.36585,0.00000,0.24390
433,2165,-0.34961,-0.08447,0.92383,-0.36585,0.18293,0.30488
434,2171,-0.35254,-0.07910,0.92236,-0.30488,0.18293,0.12195
435,2176,-0.35205,-0.08350,0.92334,-0.48780,0.24390,0.36585
436,2181,-0.35205,-0.08350,0.92334,-0.48780,0.24390,0.36585
437,2186,-0.35254,-0.08252,0.91992,-0.60976,0.30488,0.30488
438,2191,-0.34814,-0.07959,0.92578,-0.54878,0.18293,0.18293
439,2196,-0.35205,-0.08301,0.92090,-0.42683,0.12195,0.30488
440,2201,-0.35449,-0.08252,0.91797,-0.36585,0.18293,0.36585
441,2205,-0.35205,-0.08398,0.92480,-0.48780,0.18293,0.36585
442,2211,-0.35010,-0.08398,0.92285,-0.48780,0.18293,0.30488
443,2216,-0.34961,-0.08252,0.92529,-0.30488,0.12195,0.12195
444,2221,-0.35059,-0.07959,0.92139,-0.60976,0.12195,0.12195
445,2226,-0.35107,-0.08008,0.91992,-0.54878,0.12195,0.24390
446,2231,-0.34912,-0.08105,0.92090,-0.48780,0.12195,0.24390
447,2236,-0.34912,-0.08252,0.91895,-0.36585,0.18293,0.24390
448,2241,-0.34961,-0.08008,0.92676,-0.24390,0.12195,0.24390
449,2245,-0.35254,-0.08057,0.91895,-0.36585,0.24390,0.24390
450,2250,-0.34961,-0.08301,0.91943,-0.42683,0.24390,0.30488
451,2256,-0.35059,-0.08398,0.92432,-0.36585,0.12195,0.24390
452,2261,-0.35107,-0.08301,0.92041,-0.36585,0.06098,0.24390
453,2266,-0.34961,-0.08105,0.92188,-0.36585,0.24390,0.36585
454,2271,-0.35010,-0.08301,0.92236,-0.42683,0.12195,0.30488
455,2276,-0.35010,-0.08301,0.92432,-0.36585,0.06098,0.24390
456,2281,-0.34961,-0.08008,0.91992,-0.36585,0.12195,0.36585
457,2286,-0.34961,-0.07959,0.91943,-0.42683,-0.06098,0.24390
458,2290,-0.35156,-0.08203,0.92285,-0.54878,0.00000,0.24390
459,2296,-0.35107,-0.08203,0.92236,-0.36585,0.18293,0.36585
460,2301,-0.35205,-0.08301,0.92090,-0.36585,0.18293,0.30488
461,2306,-0.35059,-0.08203,0.92139,-0.48780,0.00000,0.30488
462,2311,-0.34961,-0.08252,0.92432,-0.54878,-0.06098,0.30488
463,2316,-0.35205,-0.08154,0.92188,-0.48780,0.00000,0.24390
464,2321,-0.34961,-0.08154,0.92285,-0.42683,0.12195,0.24390
465,2326,-0.35156,-0.08203,0.92188,-0.36585,0.06098,0.30488
466,2330,-0.34766,-0.08057,0.92090,-0.42683,0.18293,0.42683
467,2336,-0.35010,-0.08008,0.92188,-0.30488,0.12195,0.30488
468,2341,-0.35205,-0.08350,0.92139,-0.36585,-0.06098,0.36585
469,2346,-0.34961,-0.08154,0.92236,-0.48780,0.18293,0.30488
470,2351,-0.34863,-0.08154,0.92725,-0.48780,0.12195,0.24390
471,2356,-0.34961,-0.07910,0.92139,-0.36585,0.18293,0.24390
472,2361,-0.35498,-0.07959,0.92090,-0.60976,0.30488,0.18293
473,2366,-0.35205,-0.08398,0.92041,-0.42683,0.30488,0.36585
474,2370,-0.34912,-0.08203,0.91895,-0.42683,0.18293,0.36585
475,2375,-0.34717,-0.08154,0.91895,-0.36585,0.30488,0.30488
476,2381,-0.34863,-0.08398,0.92139,-0.24390,0.12195,0.30488
477,2386,-0.35107,-0.08301,0.92383,-0.42683,0.18293,0.30488
478,2391,-0.35010,-0.07812,0.91748,-0.54878,0.18293,0.30488
479,2396,-0.34961,-0.08203,0.92236,-0.42683,0.18293,0.24390
480,2401,-0.34961,-0.08057,0.92090,-0.42683,0.24390,0.18293
481,2406,-0.34961,-0.08203,0.92041,-0.36585,0.24390,0.18293
482,2411,-0.35352,-0.08154,0.92529,-0.42683,0.24390,0.18293
483,2415,-0.35156,-0.08203,0.92334,-0.48780,0.18293,0.18293
484,2421,-0.35303,-0.08057,0.92236,-0.42683,0.18293,0.24390
485,2426,-0.35059,-0.08154,0.92090,-0.48780,0.12195,0.18293
486,2431,-0.35107,-0.08057,0.92090,-0.60976,0.18293,0.30488
487,2436,-0.35498,-0.08350,0.92041,-0.48780,0.24390,0.30488
488,2441,-0.35352,-0.08105,0.91895,-0.36585,0.12195,0.24390
489,2446,-0.35107,-0.08252,0.92041,-0.48780,0.30488,0.36585
490,2451,-0.35352,-0.08252,0.92725,-0.42683,0.24390,0.30488
491,2455,-0.35156,-0.08203,0.92432,-0.54878,0.24390,0.30488
492,2461,-0.35010,-0.08008,0.92041,-0.42683,0.12195,0.24390
493,2466,-0.34961,-0.08057,0.92627,-0.42683,0.18293,0.24390
494,2471,-0.34863,-0.08105,0.92480,-0.42683,0.12195,0.24390
495,2476,-0.34961,-0.08252,0.92041,-0.48780,0.06098,0.30488
496,2481,-0.35107,-0.07959,0.92139,-0.48780,0.06098,0.36585
497,2486,-0.34863,-0.08057,0.92236,-0.54878,0.12195,0.30488
498,2491,-0.35107,-0.08447,0.92090,-0.42683,0.06098,0.36585
499,2495,-0.34961,-0.08398,0.92334,-0.36585,0.00000,0.24390
500,2500,-0.34961,-0.08301,0.91943,-0.36585,0.06098,0.24390
501,2506,-0.35107,-0.08154,0.91846,-0.42683,0.18293,0.30488
502,2511,-0.35254,-0.08057,0.92188,-0.42683,0.12195,0.24390
503,2516,-0.35205,-0.08105,0.92969,-0.42683,0.12195,0.18293
504,2521,-0.35107,-0.08057,0.92383,-0.42683,0.12195,0.18293
505,2526,-0.35156,-0.08008,0.92188,-0.42683,0.06098,0.30488
506,2531,-0.35156,-0.08154,0.92383,-0.36585,0.18293,0.24390
507,2536,-0.35010,-0.08350,0.92432,-0.36585,0.18293,0.30488
508,2540,-0.34961,-0.08105,0.92432,-0.36585,0.06098,0.24390
509,2546,-0.35059,-0.08057,0.92139,-0.54878,0.00000,0.36585
510,2551,-0.35010,-0.08252,0.91895,-0.36585,0.00000,0.36585
511,2556,-0.35156,-0.08301,0.92188,-0.48780,0.00000,0.24390
512,2561,-0.35205,-0.08301,0.92188,-0.42683,0.12195,0.30488
513,2566,-0.35107,-0.08008,0.92334,-0.48780,0.06098,0.42683
514,2571,-0.35254,-0.07764,0.91943,-0.48780,0.06098,0.36585
515,2576,-0.35156,-0.07959,0.91846,-0.48780,-0.06098,0.30488
516,2580,-0.35010,-0.08496,0.92773,-0.54878,0.00000,0.30488
517,2586,-0.34912,-0.07764,0.92627,-0.48780,0.00000,0.24390
518,2591,-0.35107,-0.08057,0.91895,-0.42683,0.06098,0.30488
519,2596,-0.35059,-0.08350,0.91992,-0.36585,0.12195,0.30488
520,2601,-0.35010,-0.08350,0.92236,-0.54878,0.00000,0.30488
521,2606,-0.35010,-0.08057,0.92529,-0.48780,0.12195,0.30488
522,2611,-0.34912,-0.08105,0.92236,-0.42683,0.12195,0.24390
523,2616,-0.35107,-0.08398,0.92627,-0.42683,0.12195,0.36585
524,2620,-0.34863,-0.08057,0.92334,-0.48780,0.12195,0.30488
525,2625,-0.34570,-0.08057,0.92041,-0.42683,0.18293,0.18293
526,2631,-0.35010,-0.07764,0.92285,-0.54878,0.00000,0.30488
527,2636,-0.35010,-0.08203,0.92432,-0.54878,0.00000,0.30488
528,2641,-0.34961,-0.08008,0.91699,-0.48780,0.06098,0.30488
529,2646,-0.34912,-0.08105,0.92188,-0.48780,0.06098,0.18293
530,2651,-0.35498,-0.08350,0.92188,-0.60976,0.18293,0.18293
531,2656,-0.35205,-0.08398,0.92871,-0.48780,0.18293,0.36585
532,2661,-0.34619,-0.08154,0.92383,-0.48780,0.12195,0.36585
533,2665,-0.34766,-0.08398,0.92529,-0.42683,0.12195,0.30488
534,2671,-0.35205,-0.08398,0.92139,-0.36585,0.12195,0.30488
535,2676,-0.34766,-0.08252,0.92383,-0.36585,0.12195,0.18293
536,2681,-0.35205,-0.07959,0.92041,-0.42683,0.06098,0.36585
537,2686,-0.34961,-0.08350,0.92383,-0.36585,0.06098,0.24390
538,2691,-0.35303,-0.08252,0.92383,-0.36585,0.18293,0.30488
539,2696,-0.34863,-0.08008,0.92676,-0.36585,0.06098,0.30488
540,2701,-0.34766,-0.08057,0.92285,-0.36585,0.18293,0.30488
541,2705,-0.35010,-0.08350,0.91455,-0.36585,0.06098,0.30488
542,2711,-0.34961,-0.08350,0.92285,-0.42683,0.12195,0.18293
543,2716,-0.35156,-0.08203,0.92383,-0.30488,0.18293,0.30488
544,2721,-0.35010,-0.08057,0.92139,-0.36585,0.12195,0.30488
545,2726,-0.35059,-0.08203,0.92334,-0.36585,0.24390,0.30488
546,2731,-0.34766,-0.08057,0.92090,-0.36585,0.24390,0.42683
547,2736,-0.34766,-0.08301,0.92383,-0.42683,0.12195,0.42683
548,2741,-0.34766,-0.08203,0.92236,-0.30488,0.30488,0.30488
549,2745,-0.35156,-0.08057,0.91846,-0.42683,0.24390,0.30488
550,2750,-0.35156,-0.08057,0.91846,-0.42683,0.24390,0.30488
551,2756,-0.34961,-0.08301,0.92676,-0.42683,0.30488,0.18293
552,2761,-0.34863,-0.08545,0.92432,-0.36585,0.18293,0.24390
553,2766,-0.35205,-0.08154,0.92188,-0.30488,0.18293,0.30488
554,2771,-0.34766,-0.08350,0.92236,-0.48780,0.18293,0.36585
555,2776,-0.34814,-0.08154,0.92090,-0.48780,0.12195,0.42683
556,2781,-0.34814,-0.08154,0.92090,-0.48780,0.12195,0.42683
557,2786,-0.34766,-0.07910,0.92041,-0.42683,0.18293,0.30488
558,2790,-0.34766,-0.07617,0.91895,-0.42683,0.18293,0.24390
559,2796,-0.34912,-0.08154,0.92285,-0.48780,0.18293,0.24390
560,2801,-0.34814,-0.08203,0.91699,-0.48780,0.24390,0.12195
561,2806,-0.35059,-0.08105,0.92188,-0.36585,0.24390,0.18293
562,2811,-0.34814,-0.07959,0.92480,-0.42683,0.30488,0.24390
563,2816,-0.34814,-0.07959,0.92480,-0.42683,0.30488,0.24390
564,2821,-0.35059,-0.08252,0.92139,-0.30488,0.18293,0.30488
565,2826,-0.35303,-0.07959,0.92090,-0.48780,0.18293,0.30488
566,2830,-0.35156,-0.07959,0.92725,-0.54878,0.30488,0.24390
567,2836,-0.34961,-0.08203,0.91895,-0.42683,0.24390,0.36585
568,2841,-0.35156,-0.08252,0.92139,-0.48780,0.06098,0.36585
569,2846,-0.35156,-0.08252,0.92139,-0.48780,0.06098,0.36585
570,2851,-0.35205,-0.08203,0.91992,-0.48780,0.12195,0.30488
571,2856,-0.35059,-0.07764,0.91992,-0.54878,0.12195,0.24390
572,2861,-0.34863,-0.08008,0.91992,-0.42683,0.12195,0.24390
573,2866,-0.35059,-0.07861,0.92090,-0.36585,0.24390,0.30488
574,2870,-0.35010,-0.08057,0.91992,-0.54878,0.24390,0.36585
575,2875,-0.34961,-0.08252,0.91748,-0.48780,0.18293,0.36585
576,2881,-0.34717,-0.08057,0.92090,-0.42683,0.18293,0.24390
577,2886,-0.35059,-0.08057,0.92578,-0.42683,0.24390,0.24390
578,2891,-0.35107,-0.08350,0.92432,-0.36585,0.12195,0.30488
579,2896,-0.35449,-0.08496,0.92139,-0.54878,0.18293,0.30488
580,2901,-0.35156,-0.08301,0.92041,-0.42683,0.12195,0.30488
581,2906,-0.35010,-0.08350,0.92334,-0.54878,0.18293,0.30488
582,2911,-0.35107,-0.08154,0.92188,-0.36585,0.12195,0.30488
583,2915,-0.34814,-0.08203,0.91992,-0.42683,0.12195,0.36585
584,2921,-0.34717,-0.08398,0.92725,-0.36585,0.06098,0.30488
585,2926,-0.34766,-0.08350,0.92627,-0.48780,0.24390,0.18293
586,2931,-0.34961,-0.08105,0.91943,-0.42683,0.18293,0.12195
587,2936,-0.34766,-0.08496,0.91992,-0.36585,0.18293,0.18293
588,2941,-0.35449,-0.08008,0.92480,-0.48780,0.12195,0.30488
589,2946,-0.35107,-0.08105,0.92236,-0.48780,0.24390,0.24390
590,2951,-0.34814,-0.07959,0.92383,-0.48780,0.24390,0.30488
591,2955,-0.34863,-0.08057,0.92676,-0.54878,0.12195,0.30488
592,2961,-0.35400,-0.08057,0.92383,-0.54878,0.30488,0.18293
593,2966,-0.35059,-0.08105,0.92139,-0.42683,0.30488,0.18293
594,2971,-0.34668,-0.07861,0.92871,-0.36585,0.24390,0.30488
595,2976,-0.34912,-0.08105,0.92578,-0.48780,0.24390,0.30488
596,2981,-0.35254,-0.08105,0.92188,-0.54878,0.18293,0.30488
597,2986,-0.35205,-0.08301,0.92529,-0.36585,0.12195,0.18293
598,2991,-0.35107,-0.08203,0.92236,-0.42683,0.18293,0.36585
599,2995,-0.34912,-0.08301,0.91699,-0.42683,0.18293,0.30488
600,3000,-0.34961,-0.08350,0.92236,-0.30488,0.12195,0.18293
601,3006,-0.34814,-0.08154,0.92041,-0.36585,0.12195,0.24390
602,3011,-0.34814,-0.08301,0.92139,-0.48780,0.18293,0.24390
603,3016,-0.34668,-0.08105,0.92773,-0.54878,0.18293,0.24390
604,3021,-0.34424,-0.08008,0.92236,-0.36585,0.12195,0.24390
605,3026,-0.34863,-0.08154,0.91992,-0.36585,0.12195,0.36585
606,3031,-0.34961,-0.07959,0.91992,-0.60976,0.18293,0.30488
607,3036,-0.35010,-0.07910,0.92773,-0.42683,0.18293,0.24390
608,3040,-0.35449,-0.07764,0.92188,-0.30488,0.18293,0.18293
609,3046,-0.35303,-0.07861,0.91846,-0.48780,0.12195,0.24390
610,3051,-0.35254,-0.08545,0.92090,-0.54878,0.12195,0.30488
611,3056,-0.34717,-0.07861,0.92627,-0.36585,0.24390,0.36585
612,3061,-0.35059,-0.08008,0.92285,-0.30488,0.24390,0.24390
613,3066,-0.35059,-0.08154,0.92285,-0.36585,0.06098,0.18293
614,3071,-0.34961,-0.08301,0.92432,-0.54878,0.18293,0.30488
615,3076,-0.35205,-0.08301,0.92383,-0.42683,0.18293,0.36585
616,3080,-0.35352,-0.07861,0.91895,-0.30488,0.18293,0.30488
617,3086,-0.35059,-0.08154,0.92188,-0.48780,0.00000,0.24390
618,3091,-0.34619,-0.08203,0.92236,-0.42683,0.12195,0.36585
619,3096,-0.34668,-0.08105,0.92139,-0.48780,0.24390,0.24390
620,3101,-0.35156,-0.08203,0.91943,-0.30488,0.18293,0.18293
621,3106,-0.34961,-0.07910,0.91895,-0.54878,0.12195,0.30488
622,3111,-0.34814,-0.08057,0.92041,-0.48780,0.06098,0.30488
623,3116,-0.34814,-0.08008,0.92236,-0.48780,0.12195,0.18293
624,3120,-0.34717,-0.08105,0.92188,-0.48780,0.24390,0.18293
625,3125,-0.34619,-0.08008,0.92236,-0.36585,0.12195,0.30488
626,3131,-0.34521,-0.08252,0.92627,-0.42683,0.12195,0.24390
627,3136,-0.34766,-0.08594,0.92334,-0.48780,0.12195,0.24390
628,3141,-0.34912,-0.08008,0.92529,-0.42683,0.24390,0.24390
629,3146,-0.34766,-0.07910,0.92139,-0.36585,0.18293,0.36585
630,3151,-0.35010,-0.08105,0.92041,-0.24390,0.12195,0.30488
631,3156,-0.35010,-0.08154,0.92480,-0.42683,0.12195,0.30488
632,3161,-0.35010,-0.08203,0.92432,-0.54878,0.18293,0.42683
633,3165,-0.35107,-0.08105,0.92432,-0.36585,0.12195,0.30488
634,3171,-0.35156,-0.08057,0.92090,-0.30488,0.12195,0.30488
635,3176,-0.34570,-0.08008,0.92334,-0.42683,0.06098,0.36585
636,3181,-0.34668,-0.08154,0.92188,-0.48780,0.12195,0.24390
637,3186,-0.35156,-0.08154,0.91895,-0.48780,0.12195,0.18293
638,3191,-0.34570,-0.07861,0.92090,-0.42683,0.06098,0.18293
639,3196,-0.34863,-0.08105,0.92334,-0.54878,0.18293,0.30488
640,3201,-0.34912,-0.08252,0.92383,-0.48780,0.12195,0.36585
641,3205,-0.34717,-0.08301,0.92480,-0.36585,-0.06098,0.24390
642,3211,-0.34961,-0.08350,0.92529,-0.36585,0.12195,0.24390
643,3216,-0.35303,-0.07959,0.92188,-0.24390,0.18293,0.18293
644,3221,-0.34961,-0.08008,0.92090,-0.36585,0.12195,0.30488
645,3226,-0.34766,-0.08057,0.91943,-0.42683,0.06098,0.24390
646,3231,-0.34863,-0.08057,0.92090,-0.30488,0.06098,0.36585
647,3236,-0.34814,-0.08350,0.92236,-0.30488,0.00000,0.30488
648,3241,-0.35449,-0.08154,0.92334,-0.36585,0.06098,0.30488
649,3245,-0.34814,-0.08057,0.92383,-0.54878,-0.06098,0.36585
650,3250,-0.34863,-0.08252,0.92529,-0.60976,-0.12195,0.24390
651,3256,-0.34766,-0.08008,0.92188,-0.36585,0.00000,0.18293
652,3261,-0.35059,-0.07959,0.91846,-0.48780,0.18293,0.24390
653,3266,-0.34619,-0.07764,0.91846,-0.54878,0.06098,0.24390
654,3271,-0.34521,-0.07812,0.92236,-0.48780,0.06098,0.30488
655,3276,-0.34766,-0.08154,0.92578,-0.48780,0.06098,0.30488
656,3281,-0.35156,-0.08057,0.92041,-0.42683,0.06098,0.30488
657,3286,-0.35352,-0.08350,0.92334,-0.42683,0.12195,0.36585
658,3290,-0.34912,-0.08252,0.92139,-0.36585,0.12195,0.30488
659,3296,-0.34863,-0.08301,0.91943,-0.18293,0.18293,0.24390
660,3301,-0.35059,-0.08154,0.92627,-0.24390,0.06098,0.24390
661,3306,-0.34961,-0.08057,0.92432,-0.42683,0.06098,0.30488
662,3311,-0.34814,-0.08105,0.92041,-0.36585,0.18293,0.30488
663,3316,-0.34766,-0.07861,0.92285,-0.30488,0.06098,0.30488
664,3321,-0.34717,-0.08057,0.92285,-0.60976,0.00000,0.24390
665,3326,-0.34961,-0.08252,0.92139,-0.54878,0.06098,0.30488
666,3330,-0.34766,-0.08301,0.91846,-0.60976,0.06098,0.30488
667,3336,-0.34912,-0.07910,0.92090,-0.54878,0.06098,0.18293
668,3341,-0.34717,-0.08252,0.91895,-0.36585,0.06098,0.24390
669,3346,-0.34717,-0.08301,0.92236,-0.36585,0.12195,0.30488
670,3351,-0.35254,-0.07861,0.92383,-0.42683,0.18293,0.30488
671,3356,-0.35156,-0.08105,0.92188,-0.30488,0.12195,0.42683
672,3361,-0.35449,-0.08350,0.91748,-0.36585,0.24390,0.24390
673,3366,-0.34912,-0.08252,0.92188,-0.36585,0.36585,0.24390
674,3370,-0.34863,-0.08203,0.91943,-0.42683,0.36585,0.24390
675,3375,-0.34863,-0.08057,0.92383,-0.48780,0.18293,0.18293
676,3381,-0.35303,-0.08203,0.91992,-0.42683,0.24390,0.30488
677,3386,-0.34912,-0.07812,0.91846,-0.42683,0.24390,0.36585
678,3391,-0.34717,-0.08447,0.92090,-0.54878,0.18293,0.18293
679,3396,-0.34814,-0.08203,0.92383,-0.54878,0.12195,0.24390
680,3401,-0.35156,-0.08105,0.92139,-0.48780,0.24390,0.30488
681,3406,-0.35303,-0.08398,0.92236,-0.36585,0.24390,0.24390
682,3411,-0.35596,-0.08252,0.91943,-0.42683,0.42683,0.24390
683,3415,-0.35010,-0.08057,0.92383,-0.42683,0.30488,0.18293
684,3421,-0.34814,-0.08057,0.91895,-0.36585,0.18293,0.24390
685,3426,-0.35010,-0.08252,0.92188,-0.42683,0.24390,0.30488
686,3431,-0.34961,-0.08350,0.92236,-0.54878,0.24390,0.30488
687,3436,-0.35059,-0.08008,0.92188,-0.48780,0.18293,0.30488
688,3441,-0.34961,-0.07959,0.92334,-0.42683,0.18293,0.30488
689,3446,-0.34961,-0.08105,0.92188,-0.36585,0.06098,0.30488
690,3451,-0.34961,-0.08105,0.92188,-0.36585,0.06098,0.30488
691,3455,-0.35010,-0.08252,0.92090,-0.36585,0.06098,0.24390
692,3461,-0.35156,-0.08057,0.92383,-0.42683,0.12195,0.30488
693,3466,-0.34863,-0.07959,0.92236,-0.48780,0.18293,0.30488
694,3471,-0.34570,-0.07959,0.92383,-0.54878,0.18293,0.36585
695,3476,-0.35352,-0.08057,0.92627,-0.48780,0.24390,0.30488
696,3481,-0.35352,-0.08057,0.92627,-0.48780,0.24390,0.30488
697,3486,-0.34961,-0.08057,0.92188,-0.36585,0.18293,0.30488
698,3491,-0.34814,-0.07910,0.92627,-0.48780,0.24390,0.36585
699,3495,-0.35303,-0.08252,0.92432,-0.36585,0.30488,0.24390
700,3500,-0.35254,-0.08008,0.92236,-0.48780,0.12195,0.30488
701,3506,-0.35107,-0.08154,0.92236,-0.42683,0.18293,0.24390
702,3511,-0.34521,-0.08008,0.92383,-0.42683,0.24390,0.18293
703,3516,-0.34521,-0.08008,0.92383,-0.42683,0.24390,0.18293
704,3521,-0.34717,-0.07910,0.92676,-0.42683,0.18293,0.24390
705,3526,-0.34912,-0.08105,0.92529,-0.42683,0.24390,0.18293
706,3531,-0.34912,-0.08105,0.92236,-0.42683,0.18293,0.24390
707,3536,-0.35156,-0.08105,0.91943,-0.48780,0.12195,0.24390
708,3540,-0.35010,-0.08594,0.91943,-0.42683,0.18293,0.18293
709,3546,-0.34668,-0.08203,0.92236,-0.36585,0.24390,0.24390
710,3551,-0.34912,-0.08057,0.91846,-0.60976,0.30488,0.30488
711,3556,-0.35059,-0.08301,0.92188,-0.42683,0.12195,0.36585
712,3561,-0.34961,-0.08252,0.92578,-0.48780,0.06098,0.42683
713,3566,-0.34961,-0.08203,0.92334,-0.48780,0.12195,0.30488
714,3571,-0.34375,-0.08008,0.92383,-0.42683,0.18293,0.36585
715,3576,-0.34912,-0.08252,0.92383,-0.42683,0.12195,0.42683
716,3580,-0.34863,-0.08301,0.92236,-0.42683,0.24390,0.36585
717,3586,-0.35254,-0.08301,0.91943,-0.48780,0.18293,0.30488
718,3591,-0.35156,-0.08008,0.92432,-0.42683,0.12195,0.30488
719,3596,-0.34473,-0.08057,0.92041,-0.36585,0.30488,0.36585
720,3601,-0.34521,-0.08203,0.92139,-0.42683,0.18293,0.24390
721,3606,-0.34717,-0.07959,0.92236,-0.54878,0.12195,0.18293
722,3611,-0.34863,-0.08008,0.91846,-0.54878,0.18293,0.30488
723,3616,-0.34717,-0.07959,0.92285,-0.54878,0.00000,0.30488
724,3620,-0.34814,-0.07959,0.92236,-0.36585,0.18293,0.06098
725,3625,-0.34717,-0.08301,0.92139,-0.42683,0.24390,0.24390
726,3631,-0.34570,-0.08252,0.92139,-0.48780,0.30488,0.24390
727,3636,-0.34912,-0.08496,0.91943,-0.54878,0.24390,0.12195
728,3641,-0.34668,-0.08154,0.92285,-0.60976,0.18293,0.24390
729,3646,-0.34766,-0.08008,0.92188,-0.60976,0.24390,0.24390
730,3651,-0.34766,-0.08057,0.91895,-0.48780,0.18293,0.24390
731,3656,-0.35010,-0.08203,0.92090,-0.54878,0.24390,0.30488
732,3661,-0.34814,-0.08154,0.92090,-0.42683,0.24390,0.30488
733,3665,-0.34619,-0.07764,0.92578,-0.36585,0.18293,0.30488
734,3671,-0.34814,-0.07959,0.92285,-0.48780,0.30488,0.30488
735,3676,-0.34717,-0.08057,0.92236,-0.48780,0.24390,0.24390
736,3681,-0.34424,-0.08252,0.92676,-0.54878,0.30488,0.30488
737,3686,-0.34766,-0.08057,0.92334,-0.36585,0.30488,0.30488
738,3691,-0.35205,-0.07910,0.91797,-0.48780,0.30488,0.24390
739,3696,-0.35010,-0.07959,0.92188,-0.42683,0.36585,0.24390
740,3701,-0.34717,-0.08057,0.92285,-0.42683,0.30488,0.30488
741,3705,-0.34814,-0.08350,0.92139,-0.42683,0.36585,0.30488
742,3711,-0.35010,-0.08398,0.92529,-0.48780,0.30488,0.30488
743,3716,-0.34863,-0.08203,0.92285,-0.48780,0.36585,0.18293
744,3721,-0.34863,-0.08105,0.92139,-0.36585,0.30488,0.18293
745,3726,-0.34961,-0.08398,0.92236,-0.42683,0.18293,0.12195
746,3731,-0.35205,-0.08447,0.91943,-0.67073,0.30488,0.30488
747,3736,-0.34961,-0.08545,0.91992,-0.48780,0.24390,0.30488
748,3741,-0.35254,-0.08545,0.91943,-0.42683,0.30488,0.12195
749,3745,-0.35107,-0.08252,0.92188,-0.36585,0.24390,0.30488
750,3750,-0.35156,-0.08350,0.91992,-0.30488,0.18293,0.36585
751,3756,-0.34619,-0.08398,0.92188,-0.24390,0.24390,0.18293
752,3761,-0.34717,-0.07910,0.91895,-0.42683,0.24390,0.24390
753,3766,-0.35010,-0.07764,0.92188,-0.42683,0.24390,0.24390
754,3771,-0.34717,-0.07861,0.92383,-0.36585,0.24390,0.24390
755,3776,-0.34717,-0.07959,0.92383,-0.60976,0.24390,0.24390
756,3781,-0.34961,-0.07812,0.92188,-0.42683,0.36585,0.30488
757,3786,-0.34814,-0.08154,0.92285,-0.36585,0.30488,0.24390
758,3790,-0.34912,-0.08008,0.92090,-0.42683,0.18293,0.18293
759,3796,-0.35303,-0.08057,0.92285,-0.54878,0.42683,0.24390
760,3801,-0.34961,-0.08252,0.91895,-0.36585,0.30488,0.18293
761,3806,-0.35107,-0.08350,0.92041,-0.48780,0.18293,0.24390
762,3811,-0.34863,-0.08057,0.92480,-0.60976,0.30488,0.24390
763,3816,-0.34814,-0.08105,0.92188,-0.48780,0.24390,0.36585
764,3821,-0.34863,-0.08398,0.92285,-0.48780,0.12195,0.36585
765,3826,-0.34961,-0.08301,0.92139,-0.48780,0.18293,0.30488
766,3830,-0.34570,-0.08105,0.92334,-0.60976,0.30488,0.30488
767,3836,-0.34766,-0.08105,0.92529,-0.54878,0.18293,0.18293
768,3841,-0.34668,-0.08105,0.92432,-0.42683,0.24390,0.24390
769,3846,-0.34668,-0.08154,0.92285,-0.42683,0.24390,0.24390
770,3851,-0.34814,-0.08057,0.92090,-0.48780,0.18293,0.36585
771,3856,-0.35010,-0.07812,0.92236,-0.54878,0.18293,0.24390
772,3861,-0.35010,-0.08008,0.91895,-0.67073,0.24390,0.18293
773,3866,-0.34863,-0.08057,0.92090,-0.54878,0.24390,0.30488
774,3870,-0.34766,-0.08057,0.92285,-0.42683,0.24390,0.30488
775,3875,-0.35010,-0.08447,0.92383,-0.48780,0.24390,0.24390
776,3881,-0.34863,-0.08154,0.92822,-0.36585,0.30488,0.30488
777,3886,-0.34766,-0.08252,0.91992,-0.42683,0.24390,0.18293
778,3891,-0.34863,-0.08447,0.92285,-0.36585,0.30488,0.24390
779,3896,-0.35010,-0.08105,0.92285,-0.54878,0.36585,0.24390
780,3901,-0.34912,-0.08057,0.92090,-0.48780,0.24390,0.18293
781,3906,-0.34668,-0.08154,0.92188,-0.36585,0.18293,0.18293
782,3911,-0.34961,-0.08447,0.92285,-0.36585,0.18293,0.30488
783,3915,-0.34619,-0.08252,0.92041,-0.30488,0.36585,0.36585
784,3921,-0.34912,-0.08008,0.92041,-0.42683,0.36585,0.30488
785,3926,-0.35156,-0.07910,0.92188,-0.36585,0.24390,0.24390
786,3931,-0.35205,-0.08154,0.91895,-0.42683,0.12195,0.24390
787,3936,-0.34863,-0.08154,0.92188,-0.42683,0.24390,0.30488
788,3941,-0.35156,-0.08105,0.92480,-0.30488,0.36585,0.24390
789,3946,-0.35010,-0.08301,0.92041,-0.30488,0.30488,0.18293
790,3951,-0.34961,-0.08203,0.92334,-0.42683,0.30488,0.42683
791,3955,-0.34961,-0.08252,0.92041,-0.60976,0.18293,0.24390
792,3961,-0.34668,-0.08350,0.92139,-0.24390,0.18293,0.24390
793,3966,-0.34766,-0.08252,0.91943,-0.36585,0.06098,0.30488
794,3971,-0.34814,-0.08105,0.92236,-0.54878,0.12195,0.30488
795,3976,-0.34717,-0.08105,0.92334,-0.42683,0.30488,0.30488
796,3981,-0.34717,-0.08252,0.92236,-0.42683,0.24390,0.12195
797,3986,-0.34961,-0.08105,0.92188,-0.42683,0.18293,0.18293
798,3991,-0.35107,-0.08447,0.92529,-0.54878,0.30488,0.18293
799,3995,-0.35156,-0.07764,0.92334,-0.54878,0.24390,0.18293
800,4000,-0.35205,-0.08203,0.92139,-0.48780,0.36585,0.12195
801,4006,-0.34912,-0.08545,0.92578,-0.36585,0.30488,0.12195
802,4011,-0.35010,-0.08301,0.92236,-0.36585,0.24390,0.18293
803,4016,-0.34814,-0.08301,0.92285,-0.42683,0.30488,0.12195
804,4021,-0.34717,-0.08203,0.92822,-0.42683,0.24390,0.18293
805,4026,-0.35156,-0.08008,0.92285,-0.18293,0.24390,0.12195
806,4031,-0.34912,-0.08105,0.92480,-0.48780,0.24390,0.36585
807,4036,-0.35156,-0.08252,0.92285,-0.60976,0.18293,0.24390
808,4040,-0.34912,-0.08154,0.91895,-0.36585,0.18293,0.30488
809,4046,-0.35205,-0.08057,0.92090,-0.42683,0.24390,0.30488
810,4051,-0.35010,-0.08008,0.92822,-0.42683,0.18293,0.30488
811,4056,-0.34521,-0.08105,0.92383,-0.42683,0.24390,0.24390
812,4061,-0.35059,-0.08203,0.92090,-0.42683,0.12195,0.18293
813,4066,-0.34668,-0.08154,0.92090,-0.48780,0.18293,0.24390
814,4071,-0.34717,-0.08203,0.92139,-0.42683,0.18293,0.36585
815,4076,-0.35059,-0.08301,0.92236,-0.60976,0.24390,0.24390
816,4080,-0.34717,-0.08154,0.92334,-0.48780,0.24390,0.12195
817,4086,-0.35010,-0.08301,0.91602,-0.48780,0.42683,0.30488
818,4091,-0.35010,-0.08008,0.92041,-0.30488,0.30488,0.36585
819,4096,-0.34570,-0.08203,0.92383,-0.42683,0.24390,0.30488
820,4101,-0.34473,-0.08301,0.91992,-0.42683,0.30488,0.24390
821,4106,-0.35303,-0.08252,0.92188,-0.42683,0.30488,0.18293
822,4111,-0.35303,-0.08105,0.92285,-0.36585,0.24390,0.18293
823,4116,-0.35449,-0.08154,0.92041,-0.42683,0.24390,0.18293
824,4120,-0.35449,-0.08154,0.92041,-0.42683,0.24390,0.18293
825,4125,-0.34717,-0.08057,0.92432,-0.36585,0.30488,0.18293
826,4131,-0.34814,-0.08154,0.91992,-0.36585,0.36585,0.24390
827,4136,-0.34766,-0.08154,0.92676,-0.36585,0.24390,0.30488
828,4141,-0.34668,-0.08301,0.92236,-0.42683,0.24390,0.24390
829,4146,-0.34521,-0.08154,0.92383,-0.42683,0.24390,0.18293
830,4151,-0.34521,-0.08154,0.92383,-0.42683,0.24390,0.18293
831,4156,-0.34668,-0.08252,0.92041,-0.30488,0.30488,0.24390
832,4161,-0.34863,-0.07959,0.92627,-0.24390,0.24390,0.24390
833,4165,-0.35059,-0.08301,0.91895,-0.30488,0.36585,0.24390
834,4171,-0.34619,-0.07861,0.92383,-0.54878,0.24390,0.24390
835,4176,-0.34912,-0.08008,0.92188,-0.42683,0.18293,0.18293
836,4181,-0.34912,-0.08008,0.92188,-0.42683,0.18293,0.18293
837,4186,-0.34717,-0.07861,0.92041,-0.18293,0.24390,0.24390
838,4191,-0.34766,-0.07861,0.92090,-0.24390,0.24390,0.24390
839,4196,-0.35205,-0.08398,0.91748,-0.36585,0.30488,0.24390
840,4201,-0.35010,-0.08350,0.92725,-0.36585,0.24390,0.18293
841,4205,-0.34961,-0.08203,0.92529,-0.36585,0.30488,0.18293
842,4211,-0.35107,-0.08105,0.92285,-0.24390,0.30488,0.42683
843,4216,-0.35107,-0.08105,0.92285,-0.24390,0.30488,0.42683
844,4221,-0.35059,-0.08301,0.92432,-0.36585,0.42683,0.24390
845,4226,-0.35303,-0.08545,0.92188,-0.48780,0.30488,0.18293
846,4231,-0.35352,-0.08350,0.92090,-0.30488,0.24390,0.24390
847,4236,-0.34863,-0.08008,0.91943,-0.30488,0.36585,0.36585
848,4241,-0.34766,-0.08057,0.92285,-0.36585,0.30488,0.24390
849,4245,-0.34863,-0.07959,0.92334,-0.42683,0.18293,0.30488
850,4250,-0.34766,-0.08105,0.92285,-0.54878,0.24390,0.18293
851,4256,-0.34863,-0.08301,0.92139,-0.54878,0.30488,0.24390
852,4261,-0.35059,-0.08105,0.92041,-0.42683,0.36585,0.30488
853,4266,-0.34668,-0.08545,0.92041,-0.36585,0.24390,0.30488
854,4271,-0.35107,-0.08203,0.92041,-0.54878,0.18293,0.24390
855,4276,-0.35449,-0.07861,0.92041,-0.48780,0.18293,0.24390
856,4281,-0.34961,-0.08105,0.91699,-0.36585,0.18293,0.24390
857,4286,-0.34766,-0.08301,0.92090,-0.48780,0.12195,0.24390
858,4290,-0.34912,-0.08398,0.92578,-0.48780,0.12195,0.30488
859,4296,-0.34863,-0.07910,0.92529,-0.48780,0.30488,0.24390
860,4301,-0.34912,-0.07861,0.92383,-0.48780,0.24390,0.12195
861,4306,-0.35205,-0.08496,0.92041,-0.48780,0.12195,0.18293
862,4311,-0.35498,-0.08594,0.91943,-0.48780,0.12195,0.12195
863,4316,-0.34717,-0.08301,0.92334,-0.54878,0.18293,0.24390
864,4321,-0.34863,-0.08203,0.92285,-0.48780,0.30488,0.24390
865,4326,-0.34863,-0.08203,0.91992,-0.30488,0.36585,0.24390
866,4330,-0.34717,-0.08447,0.91943,-0.42683,0.24390,0.30488
867,4336,-0.34912,-0.08105,0.91992,-0.60976,0.30488,0.24390
868,4341,-0.34668,-0.07861,0.92432,-0.42683,0.30488,0.42683
869,4346,-0.35010,-0.08496,0.91797,-0.36585,0.18293,0.36585
870,4351,-0.35059,-0.08545,0.92188,-0.48780,0.24390,0.24390
871,4356,-0.34912,-0.08203,0.92383,-0.54878,0.18293,0.30488
872,4361,-0.34668,-0.08203,0.92432,-0.48780,0.12195,0.18293
873,4366,-0.34717,-0.08203,0.92188,-0.36585,0.06098,0.30488
874,4370,-0.34766,-0.08057,0.91797,-0.42683,0.12195,0.36585
875,4375,-0.35010,-0.08203,0.92041,-0.42683,0.12195,0.24390
876,4381,-0.34863,-0.08105,0.92236,-0.48780,0.12195,0.30488
877,4386,-0.34814,-0.08057,0.92334,-0.36585,0.18293,0.30488
878,4391,-0.34814,-0.08252,0.91895,-0.18293,0.30488,0.18293
879,4396,-0.34814,-0.08203,0.91992,-0.30488,0.24390,0.24390
880,4401,-0.34863,-0.08496,0.92236,-0.36585,0.24390,0.24390
881,4406,-0.34912,-0.08057,0.92285,-0.54878,0.36585,0.30488
882,4411,-0.35010,-0.08008,0.92041,-0.36585,0.24390,0.36585
883,4415,-0.34863,-0.08154,0.92432,-0.36585,0.24390,0.18293
884,4421,-0.34473,-0.08252,0.92920,-0.36585,0.36585,0.30488
885,4426,-0.34668,-0.08203,0.92236,-0.24390,0.30488,0.24390
886,4431,-0.35156,-0.08350,0.91797,-0.42683,0.36585,0.36585
887,4436,-0.34912,-0.08203,0.92285,-0.60976,0.24390,0.30488
888,4441,-0.34912,-0.08398,0.92041,-0.36585,0.18293,0.36585
889,4446,-0.35156,-0.08447,0.92285,-0.42683,0.24390,0.30488
890,4451,-0.35107,-0.08154,0.92725,-0.48780,0.24390,0.18293
891,4455,-0.35010,-0.08252,0.92139,-0.30488,0.30488,0.36585
892,4461,-0.34814,-0.08154,0.92432,-0.30488,0.18293,0.36585
893,4466,-0.35107,-0.07959,0.92188,-0.48780,0.18293,0.30488
894,4471,-0.35010,-0.08252,0.91699,-0.36585,0.30488,0.24390
895,4476,-0.34619,-0.08398,0.92041,-0.36585,0.24390,0.30488
896,4481,-0.34912,-0.08008,0.92285,-0.36585,0.18293,0.36585
897,4486,-0.34912,-0.08154,0.92432,-0.30488,0.24390,0.36585
898,4491,-0.34766,-0.08301,0.92236,-0.36585,0.36585,0.24390
899,4495,-0.34863,-0.08398,0.92188,-0.36585,0.48780,0.24390
900,4500,-0.35107,-0.08057,0.92041,-0.36585,0.48780,0.24390
901,4506,-0.34961,-0.08350,0.91895,-0.36585,0.42683,0.36585
902,4511,-0.34961,-0.08301,0.91797,-0.42683,0.24390,0.30488
903,4516,-0.35352,-0.07959,0.91895,-0.42683,0.24390,0.30488
904,4521,-0.35059,-0.07910,0.92383,-0.54878,0.24390,0.30488
905,4526,-0.35010,-0.07910,0.92383,-0.48780,0.36585,0.24390
906,4531,-0.34961,-0.07861,0.91553,-0.24390,0.30488,0.18293
907,4536,-0.34717,-0.07715,0.91699,-0.30488,0.36585,0.24390
908,4540,-0.35010,-0.08301,0.92041,-0.42683,0.30488,0.18293
909,4546,-0.35059,-0.08105,0.91846,-0.36585,0.36585,0.30488
910,4551,-0.34961,-0.08301,0.92236,-0.30488,0.36585,0.18293
911,4556,-0.34668,-0.08301,0.92432,-0.36585,0.30488,0.24390
912,4561,-0.35107,-0.07959,0.92041,-0.36585,0.36585,0.24390
913,4566,-0.34961,-0.08008,0.92285,-0.36585,0.36585,0.18293
914,4571,-0.34912,-0.07959,0.92188,-0.24390,0.42683,0.36585
915,4576,-0.35205,-0.08105,0.92236,-0.24390,0.24390,0.42683
916,4580,-0.35254,-0.08008,0.92285,-0.36585,0.18293,0.24390
917,4586,-0.35254,-0.08252,0.92041,-0.12195,0.24390,0.18293
918,4591,-0.35059,-0.08203,0.91943,-0.30488,0.24390,0.24390
919,4596,-0.35254,-0.08154,0.91895,-0.54878,0.18293,0.30488
920,4601,-0.34814,-0.08154,0.92529,-0.54878,0.24390,0.30488
921,4606,-0.34961,-0.07861,0.92383,-0.42683,0.24390,0.18293
922,4611,-0.34961,-0.08203,0.92139,-0.36585,0.18293,0.24390
923,4616,-0.34814,-0.08105,0.91943,-0.54878,0.12195,0.30488
924,4620,-0.34912,-0.08398,0.91992,-0.42683,0.36585,0.36585
925,4625,-0.35303,-0.08203,0.91895,-0.36585,0.24390,0.30488
926,4631,-0.34717,-0.08154,0.92480,-0.36585,0.36585,0.30488
927,4636,-0.34863,-0.08447,0.92236,-0.30488,0.18293,0.30488
928,4641,-0.34717,-0.07812,0.91943,-0.36585,0.18293,0.24390
929,4646,-0.34961,-0.08057,0.92529,-0.42683,0.30488,0.24390
930,4651,-0.34766,-0.08301,0.92432,-0.42683,0.24390,0.18293
931,4656,-0.35107,-0.08057,0.91992,-0.30488,0.30488,0.36585
932,4661,-0.34961,-0.08008,0.92432,-0.42683,0.24390,0.36585
933,4665,-0.34814,-0.08252,0.92236,-0.60976,0.18293,0.24390
934,4671,-0.35400,-0.08301,0.92236,-0.48780,0.18293,0.30488
935,4676,-0.34912,-0.08008,0.91943,-0.48780,0.12195,0.24390
936,4681,-0.35010,-0.08545,0.91602,-0.60976,0.12195,0.24390
937,4686,-0.35352,-0.08203,0.92139,-0.54878,0.18293,0.30488
938,4691,-0.35303,-0.08398,0.92383,-0.30488,0.24390,0.24390
939,4696,-0.35010,-0.08301,0.92090,-0.36585,0.12195,0.24390
940,4701,-0.34912,-0.08398,0.92236,-0.54878,0.18293,0.36585
941,4705,-0.35254,-0.08252,0.92432,-0.42683,0.06098,0.42683
942,4711,-0.35010,-0.08203,0.92432,-0.36585,0.12195,0.24390
943,4716,-0.35107,-0.08252,0.92139,-0.36585,0.12195,0.24390
944,4721,-0.34961,-0.08154,0.92139,-0.36585,0.06098,0.36585
945,4726,-0.34619,-0.08301,0.92236,-0.36585,0.06098,0.36585
946,4731,-0.35059,-0.08350,0.92188,-0.30488,0.00000,0.24390
947,4736,-0.35107,-0.08154,0.92090,-0.42683,-0.06098,0.30488
948,4741,-0.35156,-0.08301,0.92139,-0.48780,0.06098,0.30488
949,4745,-0.35010,-0.08203,0.92334,-0.48780,0.06098,0.24390
950,4750,-0.34863,-0.07910,0.92090,-0.67073,-0.06098,0.30488
951,4756,-0.35010,-0.08301,0.92188,-0.42683,-0.12195,0.30488
952,4761,-0.35059,-0.08057,0.92139,-0.36585,-0.06098,0.36585
953,4766,-0.35010,-0.08301,0.92676,-0.30488,-0.06098,0.36585
954,4771,-0.35205,-0.08252,0.92676,-0.36585,-0.06098,0.30488
955,4776,-0.35059,-0.08252,0.92236,-0.54878,-0.06098,0.30488
956,4781,-0.35205,-0.08203,0.92432,-0.42683,-0.24390,0.36585
957,4786,-0.35205,-0.08203,0.92432,-0.42683,-0.24390,0.36585
958,4790,-0.35254,-0.08350,0.92090,-0.42683,-0.30488,0.36585
959,4796,-0.34521,-0.07617,0.91992,-0.60976,-0.24390,0.24390
960,4801,-0.34619,-0.08057,0.92334,-0.48780,-0.18293,0.18293
961,4806,-0.34619,-0.08008,0.92432,-0.60976,-0.12195,0.18293
962,4811,-0.35156,-0.08057,0.92334,-0.48780,-0.06098,0.18293
963,4816,-0.35156,-0.08057,0.92334,-0.48780,-0.06098,0.18293
964,4821,-0.34863,-0.08057,0.92334,-0.54878,0.00000,0.24390
965,4826,-0.34814,-0.07910,0.92627,-0.60976,-0.06098,0.30488
966,4830,-0.34912,-0.08203,0.92285,-0.24390,0.00000,0.42683
967,4836,-0.34717,-0.08203,0.92627,-0.54878,0.12195,0.42683
968,4841,-0.34717,-0.08545,0.92090,-0.42683,0.06098,0.42683
969,4846,-0.34668,-0.08545,0.92139,-0.42683,-0.06098,0.24390
970,4851,-0.34668,-0.08545,0.92139,-0.42683,-0.06098,0.24390
971,4856,-0.34668,-0.08252,0.91553,-0.48780,0.00000,0.30488
972,4861,-0.34473,-0.07715,0.91992,-0.54878,0.00000,0.42683
973,4866,-0.34473,-0.08008,0.92041,-0.67073,0.18293,0.24390
974,4870,-0.34717,-0.08008,0.92090,-0.48780,0.06098,0.24390
975,4875,-0.34570,-0.08301,0.92285,-0.36585,0.00000,0.30488
976,4881,-0.34961,-0.08252,0.92627,-0.54878,0.18293,0.18293
977,4886,-0.35107,-0.08252,0.92236,-0.42683,0.24390,0.18293
978,4891,-0.34961,-0.08252,0.91992,-0.30488,0.18293,0.30488
979,4896,-0.34619,-0.08105,0.92285,-0.42683,0.24390,0.30488
980,4901,-0.34766,-0.08105,0.92578,-0.36585,0.24390,0.18293
981,4906,-0.34766,-0.07959,0.92236,-0.42683,0.24390,0.42683
982,4911,-0.35205,-0.08105,0.92236,-0.54878,0.30488,0.42683
983,4915,-0.35010,-0.08301,0.91992,-0.42683,0.18293,0.18293
984,4921,-0.34717,-0.08398,0.91455,-0.30488,0.06098,0.24390
985,4926,-0.34766,-0.08008,0.91699,-0.30488,0.12195,0.36585
986,4931,-0.34668,-0.08057,0.92334,-0.42683,0.18293,0.30488
987,4936,-0.34619,-0.08057,0.92432,-0.36585,0.12195,0.30488
988,4941,-0.34717,-0.08057,0.92285,-0.42683,0.12195,0.42683
989,4946,-0.34766,-0.08057,0.92822,-0.48780,0.06098,0.36585
990,4951,-0.34375,-0.08008,0.92334,-0.54878,0.12195,0.24390
991,4955,-0.34717,-0.08154,0.92334,-0.36585,0.18293,0.30488
992,4961,-0.34863,-0.08105,0.92285,-0.54878,0.24390,0.30488
993,4966,-0.34766,-0.07861,0.92090,-0.24390,0.24390,0.24390
994,4971,-0.34766,-0.08203,0.92090,-0.18293,0.24390,0.30488
995,4976,-0.34717,-0.08057,0.92139,-0.30488,0.30488,0.24390
996,4981,-0.34766,-0.08057,0.91992,-0.48780,0.24390,0.30488
997,4986,-0.34717,-0.08154,0.92334,-0.54878,0.30488,0.42683
998,4991,-0.34912,-0.08057,0.92773,-0.36585,0.30488,0.30488
999,4995,-0.34814,-0.08057,0.92773,-0.24390,0.12195,0.18293
1000,5000,-0.34912,-0.08057,0.92285,-0.48780,0.06098,0.18293
1001,5006,-0.34912,-0.08252,0.92334,-0.54878,0.12195,0.30488
1002,5011,-0.35107,-0.08057,0.92139,-0.48780,0.18293,0.30488
1003,5016,-0.35156,-0.07861,0.91992,-0.36585,0.18293,0.30488
1004,5021,-0.34570,-0.08154,0.92529,-0.42683,0.12195,0.24390
1005,5026,-0.34570,-0.08203,0.92480,-0.48780,0.12195,0.18293
1006,5031,-0.35010,-0.08154,0.92480,-0.54878,0.12195,0.18293
1007,5036,-0.34961,-0.08203,0.92139,-0.54878,0.18293,0.18293
1008,5040,-0.34668,-0.08350,0.92139,-0.48780,0.18293,0.24390
1009,5046,-0.34521,-0.08252,0.92041,-0.54878,0.24390,0.24390
1010,5051,-0.34961,-0.08203,0.92334,-0.60976,0.12195,0.24390
1011,5056,-0.34766,-0.08057,0.92041,-0.60976,0.24390,0.24390
1012,5061,-0.34717,-0.08154,0.92139,-0.48780,0.24390,0.12195
1013,5066,-0.35107,-0.08301,0.92334,-0.54878,0.18293,0.12195
1014,5071,-0.35156,-0.08252,0.92236,-0.54878,0.24390,0.24390
1015,5076,-0.34912,-0.08154,0.91895,-0.60976,0.18293,0.30488
1016,5080,-0.35010,-0.08252,0.92383,-0.42683,0.12195,0.42683
1017,5086,-0.34961,-0.08350,0.92480,-0.48780,0.18293,0.30488
1018,5091,-0.34814,-0.07959,0.91943,-0.42683,0.18293,0.18293
1019,5096,-0.34961,-0.07910,0.91748,-0.67073,0.30488,0.24390
1020,5101,-0.34912,-0.08252,0.91992,-0.48780,0.24390,0.24390
1021,5106,-0.34961,-0.08105,0.92676,-0.42683,0.24390,0.30488
1022,5111,-0.34961,-0.08203,0.92480,-0.48780,0.18293,0.36585
1023,5116,-0.34814,-0.08105,0.92236,-0.48780,0.06098,0.30488
1024,5120,-0.35107,-0.07959,0.92676,-0.48780,0.12195,0.30488
1025,5125,-0.35156,-0.08252,0.92285,-0.67073,0.24390,0.24390
1026,5131,-0.34912,-0.08350,0.92236,-0.60976,0.24390,0.12195
1027,5136,-0.34912,-0.08203,0.92383,-0.42683,0.24390,0.12195
1028,5141,-0.35107,-0.08154,0.92725,-0.42683,0.24390,0.24390
1029,5146,-0.34912,-0.08301,0.92676,-0.54878,0.12195,0.12195
1030,5151,-0.34814,-0.08203,0.92432,-0.42683,0.18293,0.00000
1031,5156,-0.34766,-0.08301,0.92285,-0.42683,0.18293,0.12195
1032,5161,-0.35254,-0.08691,0.92139,-0.36585,0.18293,0.18293
1033,5165,-0.35059,-0.08252,0.92285,-0.36585,0.24390,0.18293
1034,5171,-0.34766,-0.08301,0.92188,-0.42683,0.12195,0.18293
1035,5176,-0.35352,-0.08154,0.92432,-0.54878,0.12195,0.12195
1036,5181,-0.34619,-0.08301,0.92480,-0.36585,0.00000,0.24390
1037,5186,-0.34961,-0.08252,0.92236,-0.48780,-0.06098,0.12195
1038,5191,-0.34912,-0.07910,0.92627,-0.54878,0.00000,0.18293
1039,5196,-0.34814,-0.08008,0.92383,-0.60976,0.06098,0.24390
1040,5201,-0.34912,-0.08008,0.92432,-0.36585,0.06098,0.18293
1041,5205,-0.34912,-0.08252,0.92139,-0.36585,0.06098,0.18293
1042,5211,-0.34912,-0.07910,0.92139,-0.48780,0.12195,0.36585
1043,5216,-0.34766,-0.08252,0.92627,-0.36585,0.06098,0.30488
1044,5221,-0.34912,-0.08008,0.92432,-0.30488,0.12195,0.30488
1045,5226,-0.34668,-0.08057,0.92529,-0.42683,0.18293,0.24390
1046,5231,-0.34668,-0.08154,0.92285,-0.48780,0.24390,0.30488
1047,5236,-0.34814,-0.08105,0.92334,-0.30488,0.24390,0.36585
1048,5241,-0.34619,-0.08154,0.91846,-0.42683,0.24390,0.30488
1049,5245,-0.34717,-0.08203,0.92334,-0.42683,0.12195,0.24390
1050,5250,-0.35352,-0.08398,0.91992,-0.42683,0.12195,0.30488
1051,5256,-0.35352,-0.08008,0.92480,-0.30488,0.12195,0.30488
1052,5261,-0.34717,-0.08105,0.92285,-0.42683,0.18293,0.24390
1053,5266,-0.35010,-0.07861,0.91992,-0.42683,0.24390,0.18293
1054,5271,-0.34912,-0.07910,0.92188,-0.54878,0.30488,0.24390
1055,5276,-0.34521,-0.08008,0.92188,-0.30488,0.36585,0.12195
1056,5281,-0.35010,-0.08154,0.91846,-0.30488,0.30488,0.24390
1057,5286,-0.34814,-0.08203,0.92139,-0.30488,0.36585,0.36585
1058,5290,-0.34717,-0.08008,0.91992,-0.42683,0.42683,0.30488
1059,5296,-0.34814,-0.08252,0.92578,-0.30488,0.30488,0.30488
1060,5301,-0.35059,-0.08301,0.92188,-0.24390,0.30488,0.24390
1061,5306,-0.34717,-0.08154,0.92139,-0.30488,0.30488,0.24390
1062,5311,-0.35156,-0.08154,0.92041,-0.36585,0.24390,0.24390
1063,5316,-0.35156,-0.07959,0.91992,-0.42683,0.24390,0.30488
1064,5321,-0.35205,-0.08154,0.91797,-0.42683,0.30488,0.18293
1065,5326,-0.34766,-0.08105,0.92480,-0.42683,0.24390,0.30488
1066,5330,-0.34717,-0.08057,0.92188,-0.30488,0.18293,0.24390
1067,5336,-0.35010,-0.08154,0.92188,-0.36585,0.30488,0.12195
1068,5341,-0.35254,-0.08057,0.92188,-0.42683,0.30488,0.06098
1069,5346,-0.34814,-0.08154,0.92334,-0.36585,0.18293,0.24390
1070,5351,-0.34668,-0.08301,0.91846,-0.24390,0.30488,0.30488
1071,5356,-0.35205,-0.08154,0.91895,-0.30488,0.36585,0.18293
1072,5361,-0.35010,-0.08203,0.92334,-0.36585,0.36585,0.30488
1073,5366,-0.34814,-0.08057,0.92285,-0.42683,0.36585,0.18293
1074,5370,-0.34912,-0.08057,0.92090,-0.36585,0.30488,0.12195
1075,5375,-0.35010,-0.08057,0.91943,-0.54878,0.30488,0.30488
1076,5381,-0.34717,-0.08252,0.92188,-0.48780,0.30488,0.24390
1077,5386,-0.34912,-0.08350,0.92188,-0.36585,0.30488,0.18293
1078,5391,-0.34814,-0.08350,0.92285,-0.36585,0.30488,0.36585
1079,5396,-0.34961,-0.08105,0.92383,-0.48780,0.36585,0.36585
1080,5401,-0.34717,-0.08447,0.92920,-0.54878,0.30488,0.24390
1081,5406,-0.34961,-0.08545,0.91992,-0.42683,0.30488,0.30488
1082,5411,-0.35010,-0.08154,0.92188,-0.42683,0.30488,0.30488
1083,5415,-0.34863,-0.08252,0.92383,-0.30488,0.30488,0.24390
1084,5421,-0.35107,-0.08301,0.92383,-0.36585,0.24390,0.12195
1085,5426,-0.34619,-0.08105,0.92529,-0.48780,0.36585,0.18293
1086,5431,-0.34814,-0.08057,0.92480,-0.54878,0.24390,0.24390
1087,5436,-0.34912,-0.07959,0.92139,-0.42683,0.24390,0.30488
1088,5441,-0.34766,-0.08398,0.92285,-0.48780,0.24390,0.18293
1089,5446,-0.34814,-0.08057,0.91797,-0.54878,0.30488,0.24390
1090,5451,-0.35059,-0.07812,0.92285,-0.54878,0.30488,0.24390
1091,5455,-0.35059,-0.07812,0.92285,-0.54878,0.30488,0.24390
1092,5461,-0.34814,-0.07959,0.92041,-0.42683,0.18293,0.24390
1093,5466,-0.34912,-0.07812,0.92236,-0.30488,0.30488,0.24390
1094,5471,-0.34668,-0.08350,0.92236,-0.48780,0.30488,0.18293
1095,5476,-0.34863,-0.08301,0.92334,-0.42683,0.18293,0.24390
1096,5481,-0.35156,-0.08008,0.91748,-0.36585,0.24390,0.24390
1097,5486,-0.35156,-0.08008,0.91748,-0.36585,0.24390,0.24390
1098,5491,-0.34766,-0.07861,0.92480,-0.42683,0.36585,0.24390
1099,5495,-0.34863,-0.08252,0.92529,-0.48780,0.36585,0.24390
1100,5500,-0.35010,-0.08154,0.92725,-0.60976,0.18293,0.24390
1101,5506,-0.35303,-0.08350,0.92139,-0.67073,0.30488,0.24390
1102,5511,-0.35059,-0.08398,0.92432,-0.48780,0.12195,0.24390
1103,5516,-0.35059,-0.08398,0.92432,-0.48780,0.12195,0.24390
1104,5521,-0.35352,-0.08301,0.91992,-0.42683,0.12195,0.24390
1105,5526,-0.34814,-0.08496,0.92285,-0.36585,0.30488,0.24390
1106,5531,-0.34424,-0.08252,0.92822,-0.42683,0.30488,0.42683
1107,5536,-0.34619,-0.08252,0.92627,-0.42683,0.18293,0.36585
1108,5540,-0.34521,-0.08105,0.92529,-0.42683,0.12195,0.24390
1109,5546,-0.35107,-0.08057,0.91992,-0.42683,0.18293,0.24390
1110,5551,-0.35107,-0.08057,0.91992,-0.42683,0.18293,0.24390
1111,5556,-0.34863,-0.08252,0.92090,-0.36585,0.12195,0.30488
1112,5561,-0.34619,-0.08203,0.92627,-0.24390,0.12195,0.30488
1113,5566,-0.34766,-0.08203,0.92383,-0.30488,0.12195,0.18293
1114,5571,-0.34473,-0.08203,0.92480,-0.48780,0.12195,0.30488
1115,5576,-0.34814,-0.08154,0.92188,-0.42683,0.18293,0.30488
1116,5580,-0.35059,-0.08203,0.92090,-0.30488,0.24390,0.18293
1117,5586,-0.34717,-0.08301,0.92480,-0.24390,0.24390,0.24390
1118,5591,-0.34814,-0.08057,0.92529,-0.42683,0.18293,0.36585
1119,5596,-0.34912,-0.08252,0.91699,-0.42683,0.18293,0.36585
1120,5601,-0.34814,-0.08105,0.92480,-0.36585,0.30488,0.30488
1121,5606,-0.34668,-0.08252,0.92236,-0.48780,0.24390,0.30488
1122,5611,-0.34424,-0.08154,0.92578,-0.42683,0.30488,0.30488
1123,5616,-0.34863,-0.08301,0.92578,-0.48780,0.12195,0.24390
1124,5620,-0.34668,-0.08252,0.92480,-0.42683,0.30488,0.18293
1125,5625,-0.34863,-0.08057,0.92285,-0.36585,0.24390,0.24390
1126,5631,-0.34717,-0.08203,0.92188,-0.24390,0.12195,0.42683
1127,5636,-0.34619,-0.08057,0.92432,-0.36585,0.24390,0.24390
1128,5641,-0.34521,-0.08105,0.92432,-0.36585,0.30488,0.30488
1129,5646,-0.34326,-0.08203,0.92480,-0.48780,0.42683,0.24390
1130,5651,-0.34863,-0.08154,0.92236,-0.18293,0.36585,0.42683
1131,5656,-0.35156,-0.08105,0.92383,-0.24390,0.36585,0.24390
1132,5661,-0.35010,-0.08154,0.92188,-0.36585,0.30488,0.36585
1133,5665,-0.34766,-0.08496,0.92188,-0.36585,0.30488,0.24390
1134,5671,-0.34912,-0.08252,0.92676,-0.36585,0.36585,0.24390
1135,5676,-0.34961,-0.08301,0.92334,-0.30488,0.30488,0.36585
1136,5681,-0.35107,-0.08008,0.92188,-0.30488,0.30488,0.42683
1137,5686,-0.34473,-0.08154,0.92334,-0.36585,0.42683,0.36585
1138,5691,-0.34863,-0.07910,0.92432,-0.30488,0.42683,0.30488
1139,5696,-0.35059,-0.08496,0.92383,-0.36585,0.36585,0.36585
1140,5701,-0.34814,-0.08447,0.92627,-0.36585,0.36585,0.30488
1141,5705,-0.35107,-0.07959,0.91846,-0.36585,0.24390,0.24390
1142,5711,-0.34717,-0.08008,0.92090,-0.36585,0.36585,0.24390
1143,5716,-0.34814,-0.08350,0.92480,-0.48780,0.24390,0.24390
1144,5721,-0.34375,-0.08057,0.92383,-0.48780,0.30488,0.30488
1145,5726,-0.34863,-0.08057,0.92236,-0.30488,0.30488,0.30488
1146,5731,-0.35010,-0.07959,0.92676,-0.30488,0.18293,0.24390
1147,5736,-0.34814,-0.08252,0.92236,-0.48780,0.30488,0.18293
1148,5741,-0.34717,-0.08252,0.92139,-0.48780,0.36585,0.24390
1149,5745,-0.34912,-0.08105,0.92578,-0.60976,0.24390,0.36585
1150,5750,-0.34668,-0.08154,0.92480,-0.48780,0.24390,0.24390
1151,5756,-0.35059,-0.08301,0.91992,-0.30488,0.42683,0.18293
1152,5761,-0.35205,-0.08252,0.91748,-0.42683,0.30488,0.36585
1153,5766,-0.34814,-0.08105,0.92334,-0.42683,0.30488,0.30488
1154,5771,-0.34717,-0.08057,0.92578,-0.54878,0.30488,0.42683
1155,5776,-0.35107,-0.08057,0.91943,-0.54878,0.30488,0.24390
1156,5781,-0.35254,-0.08105,0.92334,-0.42683,0.30488,0.24390
1157,5786,-0.34912,-0.08057,0.92139,-0.36585,0.18293,0.18293
1158,5790,-0.35205,-0.08447,0.91992,-0.48780,0.12195,0.24390
1159,5796,-0.34912,-0.08301,0.92139,-0.30488,0.12195,0.30488
1160,5801,-0.34912,-0.08057,0.92334,-0.42683,0.12195,0.30488
1161,5806,-0.34717,-0.08301,0.92383,-0.54878,0.24390,0.24390
1162,5811,-0.35107,-0.08154,0.92480,-0.48780,0.12195,0.30488
1163,5816,-0.35059,-0.08350,0.92285,-0.42683,0.00000,0.30488
1164,5821,-0.34863,-0.07812,0.92334,-0.48780,0.06098,0.36585
1165,5826,-0.34668,-0.07910,0.92188,-0.54878,0.00000,0.30488
1166,5830,-0.34912,-0.08252,0.91992,-0.42683,0.06098,0.36585
1167,5836,-0.34717,-0.08252,0.92383,-0.60976,0.12195,0.36585
1168,5841,-0.34814,-0.08301,0.92578,-0.60976,0.12195,0.36585
1169,5846,-0.34473,-0.08301,0.92285,-0.54878,0.18293,0.36585
1170,5851,-0.34766,-0.08203,0.92432,-0.48780,0.18293,0.18293
1171,5856,-0.35205,-0.08301,0.92725,-0.48780,0.18293,0.18293
1172,5861,-0.35352,-0.08252,0.91992,-0.42683,0.24390,0.30488
1173,5866,-0.35254,-0.08301,0.92041,-0.36585,0.18293,0.30488
1174,5870,-0.34912,-0.08008,0.92383,-0.36585,0.18293,0.36585
1175,5875,-0.35059,-0.08496,0.92090,-0.36585,0.06098,0.36585
1176,5881,-0.34814,-0.08350,0.92725,-0.30488,0.06098,0.24390
1177,5886,-0.34766,-0.07959,0.92139,-0.30488,0.18293,0.30488
1178,5891,-0.34717,-0.08154,0.92334,-0.42683,0.12195,0.24390
1179,5896,-0.34570,-0.08252,0.92432,-0.48780,0.00000,0.30488
1180,5901,-0.34961,-0.08203,0.91992,-0.42683,-0.06098,0.30488
1181,5906,-0.34766,-0.08105,0.92627,-0.36585,-0.06098,0.36585
1182,5911,-0.34863,-0.08008,0.92480,-0.36585,0.00000,0.42683
1183,5915,-0.34717,-0.08154,0.91748,-0.42683,0.06098,0.30488
1184,5921,-0.35010,-0.08105,0.92090,-0.60976,0.24390,0.12195
1185,5926,-0.34863,-0.08105,0.92627,-0.42683,0.24390,0.24390
1186,5931,-0.34961,-0.08350,0.92480,-0.54878,0.18293,0.36585
1187,5936,-0.35156,-0.08350,0.92041,-0.42683,0.24390,0.30488
1188,5941,-0.35107,-0.08398,0.92578,-0.60976,0.30488,0.36585
1189,5946,-0.34863,-0.08203,0.92236,-0.48780,0.24390,0.30488
1190,5951,-0.34863,-0.08301,0.92432,-0.42683,0.24390,0.18293
1191,5955,-0.34814,-0.08154,0.92383,-0.48780,0.36585,0.18293
1192,5961,-0.35010,-0.08203,0.92334,-0.36585,0.30488,0.24390
1193,5966,-0.34912,-0.08252,0.92236,-0.42683,0.18293,0.36585
1194,5971,-0.35059,-0.08154,0.92334,-0.48780,0.24390,0.36585
1195,5976,-0.35059,-0.08203,0.92383,-0.48780,0.18293,0.36585
1196,5981,-0.34717,-0.08398,0.92432,-0.36585,0.24390,0.30488
1197,5986,-0.34863,-0.08203,0.92285,-0.42683,0.30488,0.30488
1198,5991,-0.35254,-0.08252,0.92285,-0.54878,0.18293,0.24390
1199,5995,-0.34912,-0.08398,0.91895,-0.54878,0.12195,0.36585
1200,6000,-0.34424,-0.08252,0.91992,-0.48780,0.24390,0.30488
1201,6006,-0.35303,-0.08301,0.92041,-0.42683,0.30488,0.30488
1202,6011,-0.35107,-0.08301,0.92041,-0.48780,0.24390,0.24390
1203,6016,-0.34961,-0.08105,0.92090,-0.48780,0.06098,0.30488
1204,6021,-0.35156,-0.08398,0.92041,-0.30488,0.18293,0.30488
1205,6026,-0.35010,-0.08301,0.91992,-0.42683,0.12195,0.30488
1206,6031,-0.35107,-0.08203,0.92285,-0.30488,0.18293,0.30488
1207,6036,-0.34961,-0.08398,0.92334,-0.24390,0.12195,0.18293
1208,6040,-0.35010,-0.08301,0.92480,-0.36585,0.24390,0.24390
1209,6046,-0.34912,-0.08252,0.92236,-0.36585,0.24390,0.30488
1210,6051,-0.34619,-0.08301,0.92041,-0.36585,0.24390,0.30488
1211,6056,-0.34912,-0.08350,0.92188,-0.42683,0.30488,0.42683
1212,6061,-0.34521,-0.08057,0.92285,-0.36585,0.24390,0.24390
1213,6066,-0.34619,-0.08203,0.92676,-0.36585,0.18293,0.30488
1214,6071,-0.34863,-0.08398,0.92627,-0.48780,0.30488,0.24390
1215,6076,-0.34668,-0.08350,0.92090,-0.42683,0.24390,0.18293
1216,6080,-0.35010,-0.08496,0.92529,-0.36585,0.12195,0.36585
1217,6086,-0.34961,-0.08008,0.92480,-0.48780,0.18293,0.36585
1218,6091,-0.34521,-0.07812,0.91895,-0.42683,0.24390,0.18293
1219,6096,-0.35059,-0.08643,0.92627,-0.36585,0.12195,0.30488
1220,6101,-0.34766,-0.08154,0.92090,-0.48780,0.24390,0.36585
1221,6106,-0.35010,-0.08057,0.92041,-0.48780,0.24390,0.18293
1222,6111,-0.34277,-0.08496,0.92627,-0.42683,0.30488,0.06098
1223,6116,-0.34717,-0.08398,0.92236,-0.48780,0.24390,0.06098
1224,6120,-0.34717,-0.08398,0.92236,-0.48780,0.24390,0.06098
1225,6125,-0.34766,-0.08252,0.92139,-0.48780,0.30488,0.24390
1226,6131,-0.34814,-0.08203,0.92383,-0.42683,0.24390,0.30488
1227,6136,-0.34766,-0.08301,0.92090,-0.18293,0.24390,0.30488
1228,6141,-0.34521,-0.08301,0.91846,-0.36585,0.24390,0.30488
1229,6146,-0.34619,-0.08203,0.92578,-0.60976,0.18293,0.30488
1230,6151,-0.34814,-0.08057,0.92090,-0.24390,0.18293,0.24390
1231,6156,-0.34814,-0.08057,0.92090,-0.24390,0.18293,0.24390
1232,6161,-0.34912,-0.08154,0.92432,-0.42683,0.12195,0.30488
1233,6165,-0.34668,-0.08057,0.92578,-0.60976,0.24390,0.30488
1234,6171,-0.34668,-0.08203,0.92188,-0.42683,0.24390,0.36585
1235,6176,-0.34863,-0.08057,0.91943,-0.36585,0.24390,0.24390
1236,6181,-0.35205,-0.08350,0.92090,-0.54878,0.12195,0.30488
1237,6186,-0.35205,-0.08350,0.92090,-0.54878,0.12195,0.30488
1238,6191,-0.35107,-0.08154,0.92725,-0.54878,0.12195,0.30488
1239,6196,-0.34570,-0.08105,0.92139,-0.36585,0.12195,0.36585
1240,6201,-0.34912,-0.08008,0.92236,-0.36585,0.18293,0.24390
1241,6205,-0.34814,-0.08154,0.92822,-0.30488,0.12195,0.24390
1242,6211,-0.34961,-0.08008,0.92090,-0.48780,0.12195,0.36585
1243,6216,-0.34961,-0.08008,0.92090,-0.48780,0.12195,0.36585
1244,6221,-0.34961,-0.08252,0.92139,-0.54878,0.18293,0.42683
1245,6226,-0.35205,-0.08203,0.92139,-0.30488,0.00000,0.42683
1246,6231,-0.35156,-0.08350,0.92041,-0.36585,0.24390,0.36585
1247,6236,-0.35010,-0.08252,0.92090,-0.42683,0.18293,0.24390
1248,6241,-0.34619,-0.08154,0.92285,-0.30488,0.06098,0.48780
1249,6245,-0.34814,-0.08154,0.92432,-0.18293,0.18293,0.30488
1250,6250,-0.34814,-0.08057,0.92578,-0.30488,0.12195,0.36585
1251,6256,-0.34473,-0.08252,0.92041,-0.30488,0.18293,0.30488
1252,6261,-0.34180,-0.08154,0.92090,-0.30488,0.18293,0.24390
1253,6266,-0.34717,-0.08154,0.92334,-0.42683,0.24390,0.24390
1254,6271,-0.35156,-0.08301,0.92139,-0.54878,0.30488,0.24390
1255,6276,-0.34473,-0.08301,0.92236,-0.60976,0.24390,0.36585
1256,6281,-0.34619,-0.07959,0.92383,-0.42683,0.24390,0.42683
1257,6286,-0.35059,-0.08203,0.92188,-0.36585,0.18293,0.30488
1258,6290,-0.35156,-0.08398,0.91797,-0.36585,0.24390,0.30488
1259,6296,-0.34863,-0.08008,0.92578,-0.24390,0.18293,0.36585
1260,6301,-0.34717,-0.08350,0.92432,-0.42683,0.18293,0.30488
1261,6306,-0.34717,-0.08301,0.91992,-0.42683,0.18293,0.18293
1262,6311,-0.34766,-0.08154,0.92285,-0.36585,0.12195,0.24390
1263,6316,-0.34863,-0.08154,0.91992,-0.42683,0.24390,0.30488
1264,6321,-0.34863,-0.08105,0.92480,-0.42683,0.12195,0.24390
1265,6326,-0.34863,-0.08154,0.92041,-0.54878,0.24390,0.24390
1266,6330,-0.35205,-0.08203,0.91846,-0.42683,0.12195,0.36585
1267,6336,-0.34277,-0.08203,0.92188,-0.42683,0.18293,0.30488
1268,6341,-0.34717,-0.08203,0.92236,-0.36585,0.24390,0.30488
1269,6346,-0.35010,-0.08252,0.92383,-0.42683,0.18293,0.30488
1270,6351,-0.34717,-0.07861,0.92285,-0.42683,0.24390,0.18293
1271,6356,-0.34717,-0.08203,0.91992,-0.36585,0.36585,0.30488
1272,6361,-0.35059,-0.08105,0.92285,-0.48780,0.18293,0.36585
1273,6366,-0.35107,-0.07910,0.91895,-0.60976,0.18293,0.24390
1274,6370,-0.35059,-0.08008,0.92480,-0.42683,0.18293,0.30488
1275,6375,-0.35156,-0.08496,0.92529,-0.36585,0.24390,0.30488
1276,6381,-0.35156,-0.08350,0.92285,-0.36585,0.18293,0.36585
1277,6386,-0.34619,-0.08496,0.92334,-0.36585,0.24390,0.36585
1278,6391,-0.34717,-0.08398,0.92285,-0.30488,0.12195,0.36585
1279,6396,-0.34668,-0.08252,0.92578,-0.36585,0.12195,0.24390
1280,6401,-0.34863,-0.08252,0.92773,-0.48780,0.30488,0.42683
1281,6406,-0.34912,-0.08105,0.92529,-0.54878,0.36585,0.30488
1282,6411,-0.34863,-0.08008,0.92383,-0.42683,0.30488,0.24390
1283,6415,-0.34912,-0.08057,0.91895,-0.36585,0.30488,0.12195
1284,6421,-0.34863,-0.08057,0.92334,-0.42683,0.36585,0.18293
1285,6426,-0.35107,-0.08301,0.92334,-0.36585,0.30488,0.18293
1286,6431,-0.34814,-0.08057,0.92236,-0.18293,0.30488,0.18293
1287,6436,-0.34424,-0.08398,0.92139,-0.48780,0.24390,0.18293
1288,6441,-0.35010,-0.08301,0.92285,-0.36585,0.30488,0.24390
1289,6446,-0.34912,-0.08105,0.92236,-0.30488,0.24390,0.18293
1290,6451,-0.34473,-0.08008,0.92578,-0.60976,0.24390,0.30488
1291,6455,-0.34375,-0.08057,0.92969,-0.60976,0.30488,0.24390
1292,6461,-0.34717,-0.07861,0.92822,-0.42683,0.24390,0.24390
1293,6466,-0.35010,-0.07959,0.92236,-0.18293,0.24390,0.30488
1294,6471,-0.34766,-0.08643,0.92139,-0.48780,0.30488,0.24390
1295,6476,-0.34570,-0.08252,0.92188,-0.54878,0.30488,0.18293
1296,6481,-0.35059,-0.08008,0.92432,-0.48780,0.30488,0.12195
1297,6486,-0.35156,-0.08057,0.92383,-0.42683,0.18293,0.24390
1298,6491,-0.34863,-0.08203,0.92285,-0.24390,0.30488,0.24390
1299,6495,-0.35156,-0.08350,0.92236,-0.48780,0.30488,0.30488
1300,6500,-0.34863,-0.08447,0.92041,-0.48780,0.36585,0.30488
1301,6506,-0.34912,-0.08301,0.92480,-0.42683,0.30488,0.24390
1302,6511,-0.34912,-0.08252,0.92188,-0.48780,0.42683,0.06098
1303,6516,-0.34863,-0.08154,0.92334,-0.54878,0.24390,0.12195
1304,6521,-0.34668,-0.08301,0.91992,-0.42683,0.30488,0.24390
1305,6526,-0.34619,-0.08154,0.92383,-0.54878,0.24390,0.30488
1306,6531,-0.34961,-0.08252,0.91846,-0.48780,0.30488,0.30488
1307,6536,-0.35010,-0.08057,0.91895,-0.42683,0.30488,0.24390
1308,6540,-0.34619,-0.08252,0.92578,-0.30488,0.36585,0.24390
1309,6546,-0.34961,-0.08203,0.91846,-0.24390,0.30488,0.30488
1310,6551,-0.35107,-0.08154,0.92480,-0.48780,0.24390,0.36585
1311,6556,-0.34766,-0.08350,0.92383,-0.30488,0.30488,0.30488
1312,6561,-0.34863,-0.08154,0.92432,-0.30488,0.30488,0.12195
1313,6566,-0.35010,-0.08350,0.92334,-0.42683,0.36585,0.18293
1314,6571,-0.34668,-0.08350,0.92285,-0.36585,0.24390,0.24390
1315,6576,-0.34766,-0.08105,0.92480,-0.42683,0.24390,0.36585
1316,6580,-0.34668,-0.08203,0.92676,-0.30488,0.24390,0.30488
1317,6586,-0.34814,-0.08008,0.92090,-0.18293,0.30488,0.30488
1318,6591,-0.34717,-0.08057,0.91943,-0.48780,0.30488,0.30488
1319,6596,-0.34814,-0.08057,0.92480,-0.36585,0.42683,0.18293
1320,6601,-0.34814,-0.07959,0.92139,-0.36585,0.24390,0.30488
1321,6606,-0.35596,-0.07861,0.92090,-0.48780,0.30488,0.36585
1322,6611,-0.35205,-0.07764,0.91943,-0.36585,0.30488,0.30488
1323,6616,-0.34619,-0.08203,0.92725,-0.30488,0.30488,0.24390
1324,6620,-0.34619,-0.08105,0.92432,-0.12195,0.30488,0.18293
1325,6625,-0.34863,-0.08105,0.91992,-0.12195,0.24390,0.24390
1326,6631,-0.34863,-0.08350,0.92188,-0.48780,0.42683,0.18293
1327,6636,-0.35107,-0.08154,0.92236,-0.54878,0.36585,0.30488
1328,6641,-0.34766,-0.08203,0.91895,-0.42683,0.36585,0.36585
1329,6646,-0.34521,-0.08057,0.92725,-0.36585,0.36585,0.36585
1330,6651,-0.34766,-0.08105,0.92188,-0.42683,0.36585,0.36585
1331,6656,-0.34863,-0.07764,0.92334,-0.54878,0.42683,0.24390
1332,6661,-0.34570,-0.07861,0.92676,-0.54878,0.54878,0.24390
1333,6665,-0.35010,-0.08105,0.92285,-0.36585,0.30488,0.30488
1334,6671,-0.35059,-0.08105,0.92432,-0.36585,0.36585,0.30488
1335,6676,-0.34912,-0.08154,0.92383,-0.36585,0.36585,0.18293
1336,6681,-0.35059,-0.08057,0.92236,-0.42683,0.48780,0.24390
1337,6686,-0.35400,-0.08057,0.91992,-0.54878,0.36585,0.24390
1338,6691,-0.35059,-0.08301,0.92334,-0.48780,0.30488,0.24390
1339,6696,-0.34912,-0.08350,0.92627,-0.36585,0.24390,0.30488
1340,6701,-0.34863,-0.08252,0.92578,-0.54878,0.30488,0.36585
1341,6705,-0.34863,-0.08203,0.92529,-0.48780,0.42683,0.30488
1342,6711,-0.35010,-0.08008,0.92432,-0.36585,0.24390,0.12195
1343,6716,-0.35156,-0.07959,0.92139,-0.36585,0.30488,0.30488
1344,6721,-0.34912,-0.08105,0.92041,-0.60976,0.24390,0.30488
1345,6726,-0.34619,-0.08057,0.92334,-0.42683,0.24390,0.18293
1346,6731,-0.34961,-0.08203,0.92529,-0.42683,0.24390,0.36585
1347,6736,-0.35107,-0.08398,0.92334,-0.42683,0.30488,0.18293
1348,6741,-0.35449,-0.08252,0.92188,-0.36585,0.24390,0.12195
1349,6745,-0.35010,-0.08252,0.92676,-0.36585,0.24390,0.30488
1350,6750,-0.34961,-0.08105,0.92432,-0.48780,0.24390,0.30488
1351,6756,-0.35205,-0.08008,0.92188,-0.54878,0.18293,0.18293
1352,6761,-0.35205,-0.08154,0.92334,-0.42683,0.18293,0.24390
1353,6766,-0.34521,-0.08105,0.92773,-0.42683,0.24390,0.30488
1354,6771,-0.34814,-0.08057,0.92383,-0.36585,0.24390,0.30488
1355,6776,-0.35107,-0.08252,0.92432,-0.42683,0.18293,0.18293
1356,6781,-0.34717,-0.08301,0.92041,-0.30488,0.18293,0.30488
1357,6786,-0.34766,-0.07910,0.92139,-0.30488,0.24390,0.30488
1358,6790,-0.34766,-0.07910,0.92139,-0.30488,0.24390,0.30488
1359,6796,-0.35059,-0.08154,0.92334,-0.48780,0.18293,0.36585
1360,6801,-0.35352,-0.07812,0.92236,-0.36585,0.18293,0.36585
1361,6806,-0.35059,-0.08252,0.92139,-0.30488,0.30488,0.24390
1362,6811,-0.35254,-0.08105,0.92432,-0.42683,0.36585,0.30488
1363,6816,-0.34717,-0.08301,0.92871,-0.42683,0.30488,0.42683
1364,6821,-0.34717,-0.08301,0.92871,-0.42683,0.30488,0.42683
1365,6826,-0.34766,-0.08350,0.92578,-0.54878,0.18293,0.36585
1366,6830,-0.34961,-0.07910,0.92188,-0.36585,0.30488,0.24390
1367,6836,-0.35205,-0.08105,0.91992,-0.36585,0.24390,0.36585
1368,6841,-0.34668,-0.08008,0.92529,-0.18293,0.24390,0.24390
1369,6846,-0.34766,-0.08154,0.92334,-0.54878,0.18293,0.36585
1370,6851,-0.34766,-0.08154,0.92334,-0.54878,0.18293,0.36585
1371,6856,-0.35156,-0.08350,0.92334,-0.48780,0.30488,0.30488
1372,6861,-0.35010,-0.08398,0.92041,-0.36585,0.42683,0.30488
1373,6866,-0.34814,-0.08154,0.92236,-0.42683,0.24390,0.24390
1374,6870,-0.34961,-0.07861,0.92627,-0.42683,0.18293,0.24390
1375,6875,-0.34766,-0.08105,0.91797,-0.42683,0.24390,0.36585
1376,6881,-0.35059,-0.08252,0.92627,-0.42683,0.24390,0.24390
1377,6886,-0.35059,-0.08252,0.92627,-0.42683,0.24390,0.24390
1378,6891,-0.34863,-0.08252,0.92676,-0.48780,0.18293,0.24390
1379,6896,-0.35010,-0.08057,0.92139,-0.36585,0.36585,0.24390
1380,6901,-0.34814,-0.08301,0.92383,-0.42683,0.30488,0.30488
1381,6906,-0.35059,-0.08447,0.92578,-0.36585,0.24390,0.30488
1382,6911,-0.34961,-0.08398,0.92285,-0.30488,0.18293,0.30488
1383,6915,-0.34717,-0.08350,0.91943,-0.48780,0.30488,0.24390
1384,6921,-0.35010,-0.07959,0.92188,-0.36585,0.24390,0.24390
1385,6926,-0.35107,-0.07959,0.92627,-0.30488,0.18293,0.24390
1386,6931,-0.34814,-0.08203,0.92090,-0.42683,0.30488,0.24390
1387,6936,-0.34961,-0.08154,0.92578,-0.36585,0.30488,0.24390
1388,6941,-0.35059,-0.08203,0.92139,-0.36585,0.18293,0.18293
1389,6946,-0.34521,-0.08203,0.92383,-0.48780,0.24390,0.24390
1390,6951,-0.34473,-0.08057,0.92188,-0.60976,0.24390,0.30488
1391,6955,-0.34814,-0.08154,0.92432,-0.36585,0.24390,0.42683
1392,6961,-0.35205,-0.08105,0.92676,-0.30488,0.06098,0.42683
1393,6966,-0.34961,-0.08203,0.92041,-0.42683,0.12195,0.24390
1394,6971,-0.34717,-0.08203,0.92090,-0.48780,0.36585,0.24390
1395,6976,-0.34814,-0.08057,0.92334,-0.48780,0.36585,0.36585
1396,6981,-0.34619,-0.07812,0.92627,-0.36585,0.36585,0.36585
1397,6986,-0.34717,-0.08203,0.92383,-0.30488,0.18293,0.18293
1398,6991,-0.34912,-0.08203,0.91748,-0.42683,0.18293,0.18293
1399,6995,-0.35059,-0.08203,0.92188,-0.54878,0.24390,0.24390
1400,7000,-0.34814,-0.08350,0.92090,-0.36585,0.18293,0.24390
1401,7006,-0.34863,-0.08057,0.92480,-0.42683,0.24390,0.12195
1402,7011,-0.34961,-0.08057,0.92383,-0.67073,0.36585,0.24390
1403,7016,-0.34863,-0.08203,0.92188,-0.42683,0.18293,0.18293
1404,7021,-0.35156,-0.08057,0.91748,-0.42683,0.24390,0.24390
1405,7026,-0.35254,-0.08252,0.91943,-0.36585,0.24390,0.30488
1406,7031,-0.35254,-0.08008,0.92090,-0.36585,0.30488,0.36585
1407,7036,-0.35254,-0.07812,0.92285,-0.36585,0.30488,0.36585
1408,7040,-0.34912,-0.08447,0.92090,-0.42683,0.24390,0.36585
1409,7046,-0.35059,-0.08350,0.92188,-0.48780,0.24390,0.24390
1410,7051,-0.35156,-0.07959,0.92236,-0.36585,0.18293,0.24390
1411,7056,-0.35010,-0.08008,0.92334,-0.42683,0.18293,0.24390
1412,7061,-0.34766,-0.08350,0.92334,-0.48780,0.30488,0.30488
1413,7066,-0.35107,-0.08105,0.92285,-0.48780,0.24390,0.36585
1414,7071,-0.34961,-0.07959,0.92139,-0.54878,0.18293,0.18293
1415,7076,-0.34668,-0.07959,0.92480,-0.30488,0.12195,0.24390
1416,7080,-0.34863,-0.08447,0.92285,-0.48780,0.12195,0.24390
1417,7086,-0.35205,-0.08252,0.92480,-0.67073,0.24390,0.30488
1418,7091,-0.35107,-0.07910,0.92725,-0.42683,0.18293,0.24390
1419,7096,-0.35010,-0.07959,0.92627,-0.30488,0.30488,0.24390
1420,7101,-0.34619,-0.07910,0.92334,-0.30488,0.30488,0.30488
1421,7106,-0.34619,-0.08154,0.92480,-0.48780,0.24390,0.24390
1422,7111,-0.34668,-0.08203,0.92188,-0.54878,0.18293,0.24390
1423,7116,-0.34766,-0.07812,0.91943,-0.54878,0.18293,0.30488
1424,7120,-0.34570,-0.08154,0.91748,-0.42683,0.24390,0.24390
1425,7125,-0.34473,-0.07861,0.92578,-0.42683,0.24390,0.18293
1426,7131,-0.35254,-0.07959,0.92334,-0.60976,0.24390,0.24390
1427,7136,-0.35156,-0.07910,0.92041,-0.54878,0.36585,0.30488
1428,7141,-0.34717,-0.08252,0.92090,-0.36585,0.36585,0.24390
1429,7146,-0.34912,-0.08252,0.92139,-0.42683,0.24390,0.30488
1430,7151,-0.35303,-0.08301,0.92432,-0.54878,0.36585,0.24390
1431,7156,-0.34717,-0.08398,0.91992,-0.48780,0.24390,0.30488
1432,7161,-0.34863,-0.08252,0.92139,-0.42683,0.24390,0.30488
1433,7165,-0.35010,-0.08057,0.92578,-0.36585,0.30488,0.30488
1434,7171,-0.34814,-0.08154,0.92627,-0.30488,0.18293,0.36585
1435,7176,-0.34961,-0.08008,0.92578,-0.36585,0.24390,0.36585
1436,7181,-0.34961,-0.08252,0.91943,-0.36585,0.24390,0.24390
1437,7186,-0.35156,-0.08057,0.91699,-0.36585,0.12195,0.24390
1438,7191,-0.35059,-0.08203,0.91895,-0.54878,0.18293,0.24390
1439,7196,-0.34814,-0.08398,0.92090,-0.30488,0.30488,0.24390
1440,7201,-0.34961,-0.08203,0.92383,-0.42683,0.24390,0.30488
1441,7205,-0.34521,-0.08301,0.92285,-0.60976,0.24390,0.18293
1442,7211,-0.34863,-0.08057,0.91992,-0.48780,0.24390,0.24390
1443,7216,-0.34814,-0.08105,0.92188,-0.24390,0.24390,0.18293
1444,7221,-0.34570,-0.08203,0.91895,-0.30488,0.12195,0.24390
1445,7226,-0.35059,-0.08008,0.92188,-0.54878,0.12195,0.18293
1446,7231,-0.34814,-0.08447,0.92041,-0.42683,0.12195,0.24390
1447,7236,-0.34717,-0.08447,0.92236,-0.30488,0.24390,0.18293
1448,7241,-0.34814,-0.08203,0.92822,-0.36585,0.12195,0.30488
1449,7245,-0.34961,-0.08008,0.92041,-0.42683,0.24390,0.24390
1450,7250,-0.35107,-0.08105,0.91797,-0.48780,0.24390,0.18293
1451,7256,-0.34814,-0.08203,0.92188,-0.42683,0.18293,0.24390
1452,7261,-0.34863,-0.08105,0.92188,-0.36585,0.18293,0.24390
1453,7266,-0.35156,-0.08105,0.92041,-0.48780,0.36585,0.30488
1454,7271,-0.34863,-0.08057,0.92041,-0.36585,0.30488,0.30488
1455,7276,-0.34570,-0.08301,0.92334,-0.42683,0.18293,0.18293
1456,7281,-0.34814,-0.08350,0.92090,-0.42683,0.18293,0.18293
1457,7286,-0.35059,-0.08154,0.91943,-0.54878,0.24390,0.24390
1458,7290,-0.35205,-0.08301,0.92090,-0.48780,0.30488,0.24390
1459,7296,-0.34717,-0.08057,0.92676,-0.48780,0.36585,0.24390
1460,7301,-0.35059,-0.08057,0.92139,-0.36585,0.18293,0.18293
1461,7306,-0.35010,-0.07959,0.91748,-0.48780,0.30488,0.18293
1462,7311,-0.34912,-0.08203,0.92139,-0.54878,0.24390,0.18293
1463,7316,-0.34668,-0.08057,0.92480,-0.36585,0.12195,0.18293
1464,7321,-0.34717,-0.08203,0.92480,-0.42683,0.30488,0.24390
1465,7326,-0.34814,-0.08398,0.92529,-0.42683,0.24390,0.18293
1466,7330,-0.34814,-0.08301,0.92334,-0.30488,0.24390,0.12195
1467,7336,-0.35107,-0.08203,0.91895,-0.54878,0.24390,0.24390
1468,7341,-0.35107,-0.08008,0.92041,-0.54878,0.18293,0.24390
1469,7346,-0.34912,-0.08545,0.92236,-0.36585,0.30488,0.30488
1470,7351,-0.34863,-0.08496,0.92383,-0.42683,0.30488,0.18293
1471,7356,-0.34766,-0.08057,0.92139,-0.30488,0.18293,0.24390
1472,7361,-0.35205,-0.08252,0.91650,-0.36585,0.18293,0.24390
1473,7366,-0.34961,-0.08301,0.91797,-0.24390,0.24390,0.18293
1474,7370,-0.34766,-0.08252,0.92529,-0.54878,0.24390,0.24390
1475,7375,-0.34961,-0.08203,0.92432,-0.54878,0.30488,0.18293
1476,7381,-0.34717,-0.08447,0.91846,-0.36585,0.30488,0.24390
1477,7386,-0.34863,-0.08154,0.92285,-0.30488,0.24390,0.36585
1478,7391,-0.35205,-0.08301,0.92236,-0.54878,0.30488,0.24390
1479,7396,-0.35205,-0.08154,0.91895,-0.48780,0.30488,0.18293
1480,7401,-0.34766,-0.08057,0.92236,-0.48780,0.24390,0.30488
1481,7406,-0.34912,-0.08105,0.92334,-0.42683,0.24390,0.24390
1482,7411,-0.34912,-0.08008,0.92334,-0.36585,0.24390,0.18293
1483,7415,-0.34912,-0.08252,0.92529,-0.36585,0.30488,0.24390
1484,7421,-0.35107,-0.08301,0.92188,-0.36585,0.30488,0.36585
1485,7426,-0.34863,-0.07910,0.91992,-0.42683,0.18293,0.30488
1486,7431,-0.35010,-0.08008,0.92529,-0.48780,0.18293,0.30488
1487,7436,-0.35059,-0.08057,0.92334,-0.30488,0.24390,0.24390
1488,7441,-0.35156,-0.08301,0.92236,-0.36585,0.24390,0.12195
1489,7446,-0.35107,-0.08154,0.92041,-0.48780,0.24390,0.18293
1490,7451,-0.34863,-0.08105,0.92725,-0.42683,0.30488,0.12195
1491,7455,-0.34863,-0.08105,0.92725,-0.42683,0.30488,0.12195
1492,7461,-0.34814,-0.08203,0.92529,-0.48780,0.18293,0.18293
1493,7466,-0.34912,-0.08154,0.92090,-0.54878,0.24390,0.30488
1494,7471,-0.35010,-0.08203,0.92188,-0.48780,0.30488,0.30488
1495,7476,-0.34668,-0.08057,0.92236,-0.36585,0.36585,0.24390
1496,7481,-0.35107,-0.07910,0.92578,-0.48780,0.24390,0.24390
1497,7486,-0.34814,-0.08008,0.92334,-0.54878,0.24390,0.30488
1498,7491,-0.34814,-0.08008,0.92334,-0.54878,0.24390,0.30488
1499,7495,-0.34912,-0.08154,0.92285,-0.54878,0.18293,0.30488
1500,7500,-0.35205,-0.08252,0.92334,-0.48780,0.30488,0.18293
1501,7506,-0.34570,-0.08154,0.91846,-0.42683,0.30488,0.36585
1502,7511,-0.34668,-0.08252,0.92383,-0.36585,0.24390,0.24390
1503,7516,-0.35010,-0.08105,0.92139,-0.48780,0.18293,0.24390
1504,7521,-0.35010,-0.08105,0.92139,-0.48780,0.18293,0.24390
1505,7526,-0.35254,-0.08008,0.92383,-0.48780,0.12195,0.18293
1506,7531,-0.35010,-0.08154,0.92334,-0.36585,0.18293,0.18293
1507,7536,-0.35156,-0.07910,0.92188,-0.42683,0.24390,0.18293
1508,7540,-0.34619,-0.08398,0.92578,-0.60976,0.24390,0.36585
1509,7546,-0.34717,-0.08398,0.92139,-0.30488,0.06098,0.30488
1510,7551,-0.34717,-0.08398,0.92139,-0.30488,0.06098,0.30488
1511,7556,-0.35010,-0.08057,0.92285,-0.36585,0.12195,0.18293
1512,7561,-0.34814,-0.07959,0.91992,-0.30488,0.24390,0.24390
1513,7566,-0.35254,-0.08252,0.91943,-0.42683,0.18293,0.24390
1514,7571,-0.35156,-0.08105,0.92139,-0.48780,0.18293,0.30488
1515,7576,-0.34863,-0.08105,0.91797,-0.48780,0.18293,0.24390
1516,7580,-0.34814,-0.08057,0.92432,-0.48780,0.12195,0.24390
1517,7586,-0.35156,-0.07959,0.92334,-0.60976,0.24390,0.36585
1518,7591,-0.35010,-0.08252,0.92529,-0.54878,0.24390,0.24390
1519,7596,-0.34766,-0.08203,0.92236,-0.30488,0.24390,0.24390
1520,7601,-0.35059,-0.08203,0.92383,-0.48780,0.18293,0.24390
1521,7606,-0.34570,-0.08203,0.92334,-0.48780,0.00000,0.36585
1522,7611,-0.34766,-0.08105,0.91846,-0.36585,0.12195,0.30488
1523,7616,-0.34912,-0.08154,0.91943,-0.36585,0.18293,0.24390
1524,7620,-0.35059,-0.08008,0.91992,-0.42683,0.18293,0.30488
1525,7625,-0.35254,-0.08057,0.92285,-0.48780,0.12195,0.18293
1526,7631,-0.35156,-0.08203,0.92139,-0.48780,0.06098,0.24390
1527,7636,-0.35156,-0.08496,0.91846,-0.36585,0.18293,0.30488
1528,7641,-0.35059,-0.08545,0.91943,-0.24390,0.24390,0.36585
1529,7646,-0.34766,-0.08350,0.92627,-0.30488,0.06098,0.24390
1530,7651,-0.35059,-0.08350,0.92139,-0.42683,0.18293,0.30488
1531,7656,-0.34766,-0.08301,0.92139,-0.42683,0.18293,0.12195
1532,7661,-0.35205,-0.07861,0.91943,-0.54878,0.12195,0.24390
1533,7665,-0.35107,-0.08105,0.92139,-0.36585,0.24390,0.42683
1534,7671,-0.35059,-0.08447,0.92383,-0.48780,0.12195,0.36585
1535,7676,-0.34863,-0.08301,0.92188,-0.60976,0.06098,0.42683
1536,7681,-0.34912,-0.08252,0.92432,-0.48780,0.12195,0.42683
1537,7686,-0.34863,-0.08105,0.92529,-0.48780,0.24390,0.42683
1538,7691,-0.34717,-0.08154,0.92285,-0.48780,0.18293,0.30488
1539,7696,-0.35303,-0.08154,0.92139,-0.30488,0.24390,0.36585
1540,7701,-0.34961,-0.08203,0.92383,-0.30488,0.24390,0.30488
1541,7705,-0.34619,-0.08252,0.91943,-0.48780,0.12195,0.30488
1542,7711,-0.34766,-0.08301,0.92334,-0.30488,0.24390,0.30488
1543,7716,-0.34961,-0.08203,0.92627,-0.24390,0.18293,0.30488
1544,7721,-0.34814,-0.07666,0.91943,-0.42683,0.18293,0.24390
1545,7726,-0.34814,-0.08301,0.92090,-0.54878,0.24390,0.30488
1546,7731,-0.34766,-0.08105,0.92285,-0.42683,0.18293,0.30488
1547,7736,-0.35156,-0.08154,0.92285,-0.42683,0.24390,0.24390
1548,7741,-0.34717,-0.08203,0.92188,-0.30488,0.18293,0.18293
1549,7745,-0.35107,-0.08398,0.92188,-0.24390,0.24390,0.36585
1550,7750,-0.34912,-0.08252,0.91992,-0.60976,0.24390,0.24390
1551,7756,-0.34717,-0.08057,0.92627,-0.48780,0.18293,0.30488
1552,7761,-0.34668,-0.08057,0.92578,-0.30488,0.18293,0.30488
1553,7766,-0.34863,-0.07861,0.92334,-0.30488,0.18293,0.30488
1554,7771,-0.35156,-0.08057,0.92773,-0.42683,0.06098,0.30488
1555,7776,-0.35205,-0.08301,0.92432,-0.36585,0.18293,0.30488
1556,7781,-0.34961,-0.07910,0.92090,-0.36585,0.18293,0.30488
1557,7786,-0.34912,-0.08203,0.91943,-0.48780,0.18293,0.36585
1558,7790,-0.35059,-0.08594,0.92090,-0.60976,0.24390,0.18293
1559,7796,-0.35059,-0.08350,0.92236,-0.36585,0.24390,0.24390
1560,7801,-0.34863,-0.08398,0.92334,-0.60976,0.18293,0.30488
1561,7806,-0.35205,-0.08008,0.92432,-0.54878,0.18293,0.36585
1562,7811,-0.34961,-0.08154,0.92627,-0.48780,0.06098,0.24390
1563,7816,-0.35010,-0.08203,0.92285,-0.48780,0.24390,0.18293
1564,7821,-0.34814,-0.08057,0.91846,-0.36585,0.30488,0.36585
1565,7826,-0.34668,-0.08398,0.92480,-0.54878,0.24390,0.24390
1566,7830,-0.35107,-0.08203,0.92334,-0.48780,0.18293,0.30488
1567,7836,-0.35156,-0.08154,0.92432,-0.48780,0.30488,0.24390
1568,7841,-0.34814,-0.08203,0.92334,-0.42683,0.30488,0.18293
1569,7846,-0.34912,-0.07959,0.92090,-0.42683,0.30488,0.24390
1570,7851,-0.35156,-0.08447,0.92480,-0.48780,0.24390,0.18293
1571,7856,-0.35059,-0.08301,0.92139,-0.42683,0.24390,0.24390
1572,7861,-0.34961,-0.08301,0.91797,-0.42683,0.24390,0.24390
1573,7866,-0.34570,-0.08252,0.92041,-0.48780,0.18293,0.36585
1574,7870,-0.34961,-0.08252,0.91797,-0.30488,0.24390,0.30488
1575,7875,-0.35205,-0.08398,0.91992,-0.24390,0.12195,0.24390
1576,7881,-0.34961,-0.08350,0.91992,-0.42683,0.24390,0.24390
1577,7886,-0.34863,-0.08301,0.92432,-0.54878,0.12195,0.30488
1578,7891,-0.34668,-0.08350,0.92139,-0.42683,0.24390,0.42683
1579,7896,-0.34863,-0.08350,0.92627,-0.42683,0.24390,0.18293
1580,7901,-0.34814,-0.08057,0.92236,-0.48780,0.30488,0.18293
1581,7906,-0.35010,-0.08057,0.92627,-0.36585,0.30488,0.24390
1582,7911,-0.35156,-0.08545,0.92236,-0.42683,0.24390,0.24390
1583,7915,-0.35303,-0.08057,0.92090,-0.30488,0.18293,0.24390
1584,7921,-0.34863,-0.08301,0.91943,-0.36585,0.18293,0.24390
1585,7926,-0.34668,-0.08252,0.92139,-0.36585,0.12195,0.36585
1586,7931,-0.34912,-0.08105,0.92139,-0.42683,0.24390,0.24390
1587,7936,-0.35352,-0.08350,0.91943,-0.24390,0.24390,0.30488
1588,7941,-0.35107,-0.08398,0.92285,-0.36585,0.18293,0.36585
1589,7946,-0.34521,-0.08350,0.92285,-0.42683,0.24390,0.30488
1590,7951,-0.35400,-0.08301,0.91992,-0.42683,0.18293,0.24390
1591,7955,-0.35205,-0.07959,0.92090,-0.36585,0.24390,0.24390
1592,7961,-0.34961,-0.08301,0.92529,-0.48780,0.24390,0.30488
1593,7966,-0.35059,-0.08008,0.92285,-0.42683,0.30488,0.24390
1594,7971,-0.35107,-0.08105,0.92236,-0.48780,0.18293,0.36585
1595,7976,-0.35107,-0.08203,0.92285,-0.48780,0.12195,0.30488
1596,7981,-0.35107,-0.08398,0.91992,-0.30488,0.12195,0.24390
1597,7986,-0.34619,-0.08350,0.92334,-0.30488,0.18293,0.30488
1598,7991,-0.34961,-0.08057,0.92090,-0.30488,0.18293,0.30488
1599,7995,-0.34863,-0.08057,0.92529,-0.42683,0.12195,0.30488
1600,8000,-0.35010,-0.08105,0.92090,-0.36585,0.12195,0.36585
1601,8006,-0.34961,-0.08301,0.92090,-0.36585,0.18293,0.24390
1602,8011,-0.34961,-0.08398,0.92188,-0.42683,0.12195,0.30488
1603,8016,-0.35107,-0.08057,0.92529,-0.42683,0.30488,0.42683
1604,8021,-0.34570,-0.08252,0.92041,-0.42683,0.42683,0.36585
1605,8026,-0.34814,-0.08350,0.92090,-0.42683,0.24390,0.30488
1606,8031,-0.34619,-0.08105,0.91895,-0.54878,0.24390,0.30488
1607,8036,-0.35010,-0.08301,0.92334,-0.48780,0.24390,0.42683
1608,8040,-0.35156,-0.08398,0.92578,-0.30488,0.24390,0.36585
1609,8046,-0.34863,-0.08350,0.92041,-0.42683,0.24390,0.30488
1610,8051,-0.35352,-0.08154,0.92334,-0.48780,0.30488,0.24390
1611,8056,-0.35010,-0.08154,0.92285,-0.48780,0.24390,0.30488
1612,8061,-0.34668,-0.08105,0.92432,-0.36585,0.24390,0.30488
1613,8066,-0.34717,-0.08105,0.92139,-0.42683,0.30488,0.24390
1614,8071,-0.34961,-0.08301,0.91895,-0.60976,0.30488,0.18293
1615,8076,-0.34717,-0.08057,0.92578,-0.48780,0.30488,0.30488
1616,8080,-0.34814,-0.08447,0.91943,-0.30488,0.18293,0.36585
1617,8086,-0.34668,-0.08008,0.92480,-0.24390,0.24390,0.24390
1618,8091,-0.35010,-0.07764,0.92480,-0.42683,0.18293,0.24390
1619,8096,-0.34814,-0.08154,0.92334,-0.48780,0.18293,0.36585
1620,8101,-0.34766,-0.07959,0.92334,-0.42683,0.42683,0.36585
1621,8106,-0.34814,-0.08154,0.92334,-0.48780,0.24390,0.30488
1622,8111,-0.35107,-0.08057,0.92480,-0.48780,0.24390,0.00000
1623,8116,-0.34961,-0.08057,0.92432,-0.24390,0.30488,0.18293
1624,8120,-0.35107,-0.08496,0.92139,-0.18293,0.30488,0.30488
1625,8125,-0.35107,-0.08496,0.92139,-0.18293,0.30488,0.30488
1626,8131,-0.35059,-0.08154,0.92041,-0.42683,0.18293,0.24390
1627,8136,-0.34912,-0.07812,0.92236,-0.60976,0.18293,0.18293
1628,8141,-0.35010,-0.07959,0.92578,-0.54878,0.12195,0.18293
1629,8146,-0.34912,-0.08105,0.92627,-0.54878,0.12195,0.30488
1630,8151,-0.35107,-0.08008,0.92236,-0.42683,0.18293,0.24390
1631,8156,-0.35107,-0.08008,0.92236,-0.42683,0.18293,0.24390
1632,8161,-0.35010,-0.08105,0.91895,-0.30488,0.24390,0.24390
1633,8165,-0.34814,-0.08350,0.91992,-0.48780,0.30488,0.24390
1634,8171,-0.34863,-0.08301,0.92334,-0.48780,0.18293,0.24390
1635,8176,-0.34814,-0.08154,0.92188,-0.60976,0.24390,0.18293
1636,8181,-0.35059,-0.08203,0.92529,-0.60976,0.24390,0.18293
1637,8186,-0.35059,-0.08203,0.92529,-0.60976,0.24390,0.18293
1638,8191,-0.35010,-0.08154,0.92432,-0.36585,0.30488,0.30488
1639,8196,-0.34814,-0.08057,0.92676,-0.36585,0.18293,0.30488
1640,8201,-0.34766,-0.07764,0.92236,-0.36585,0.24390,0.30488
1641,8205,-0.35352,-0.08203,0.92090,-0.48780,0.18293,0.36585
1642,8211,-0.34717,-0.08252,0.92529,-0.54878,0.18293,0.36585
1643,8216,-0.34961,-0.08252,0.92285,-0.48780,0.30488,0.36585
1644,8221,-0.34961,-0.08252,0.92285,-0.48780,0.30488,0.36585
1645,8226,-0.35156,-0.08105,0.92432,-0.30488,0.24390,0.36585
1646,8231,-0.35010,-0.08594,0.92334,-0.42683,0.12195,0.24390
1647,8236,-0.35205,-0.08252,0.92188,-0.54878,0.24390,0.18293
1648,8241,-0.35205,-0.08057,0.92188,-0.67073,0.30488,0.30488
1649,8245,-0.35449,-0.08545,0.91846,-0.36585,0.24390,0.24390
1650,8250,-0.35449,-0.08154,0.92383,-0.30488,0.06098,0.30488
1651,8256,-0.34961,-0.08252,0.92139,-0.54878,0.18293,0.30488
1652,8261,-0.34814,-0.08740,0.92041,-0.67073,0.24390,0.30488
1653,8266,-0.34961,-0.08057,0.92480,-0.42683,0.24390,0.24390
1654,8271,-0.35010,-0.07910,0.92480,-0.36585,0.24390,0.24390
1655,8276,-0.35352,-0.08350,0.91943,-0.36585,0.24390,0.30488
1656,8281,-0.35107,-0.08008,0.92432,-0.42683,0.24390,0.18293
1657,8286,-0.34814,-0.07812,0.92383,-0.54878,0.18293,0.18293
1658,8290,-0.35059,-0.08154,0.92432,-0.48780,0.18293,0.24390
1659,8296,-0.34912,-0.08252,0.92236,-0.36585,0.18293,0.30488
1660,8301,-0.35254,-0.08301,0.92432,-0.48780,0.18293,0.30488
1661,8306,-0.35352,-0.08301,0.92285,-0.54878,0.36585,0.18293
1662,8311,-0.35059,-0.08350,0.92334,-0.42683,0.24390,0.24390
1663,8316,-0.35059,-0.08301,0.92383,-0.36585,0.24390,0.24390
1664,8321,-0.35303,-0.08154,0.91797,-0.30488,0.30488,0.30488
1665,8326,-0.35059,-0.08447,0.91895,-0.48780,0.18293,0.30488
1666,8330,-0.34961,-0.08105,0.92383,-0.30488,0.30488,0.24390
1667,8336,-0.34863,-0.07959,0.92334,-0.42683,0.30488,0.24390
1668,8341,-0.35010,-0.08301,0.92480,-0.42683,0.24390,0.30488
1669,8346,-0.35303,-0.08350,0.92383,-0.48780,0.18293,0.18293
1670,8351,-0.35352,-0.08252,0.92432,-0.36585,0.18293,0.24390
1671,8356,-0.35352,-0.08154,0.92090,-0.42683,0.18293,0.24390
1672,8361,-0.35449,-0.08643,0.91943,-0.36585,0.36585,0.36585
1673,8366,-0.35303,-0.08398,0.91846,-0.42683,0.18293,0.30488
1674,8370,-0.35059,-0.07910,0.92041,-0.67073,0.18293,0.18293
1675,8375,-0.34863,-0.07959,0.92627,-0.42683,0.24390,0.12195
1676,8381,-0.35205,-0.08057,0.92578,-0.54878,0.18293,0.24390
1677,8386,-0.35254,-0.08643,0.91992,-0.48780,0.24390,0.36585
1678,8391,-0.35205,-0.08496,0.92041,-0.36585,0.18293,0.36585
1679,8396,-0.35205,-0.07959,0.92188,-0.48780,0.12195,0.24390
1680,8401,-0.35059,-0.07617,0.92383,-0.24390,0.36585,0.24390
1681,8406,-0.35059,-0.08203,0.92090,-0.42683,0.30488,0.30488
1682,8411,-0.35303,-0.08203,0.92627,-0.48780,0.30488,0.12195
1683,8415,-0.34717,-0.08008,0.92725,-0.54878,0.18293,0.24390
1684,8421,-0.35010,-0.07812,0.92578,-0.48780,0.30488,0.36585
1685,8426,-0.35498,-0.08057,0.91943,-0.48780,0.18293,0.36585
1686,8431,-0.34912,-0.08594,0.92236,-0.48780,0.18293,0.36585
1687,8436,-0.34717,-0.08154,0.92578,-0.42683,0.12195,0.30488
1688,8441,-0.35156,-0.08203,0.92139,-0.36585,0.30488,0.30488
1689,8446,-0.34912,-0.08057,0.92334,-0.42683,0.30488,0.30488
1690,8451,-0.34766,-0.07959,0.92480,-0.30488,0.18293,0.24390
1691,8455,-0.35107,-0.08203,0.92139,-0.30488,0.18293,0.30488
1692,8461,-0.35449,-0.08008,0.92529,-0.42683,0.12195,0.42683
1693,8466,-0.35303,-0.08252,0.92334,-0.42683,0.30488,0.36585
1694,8471,-0.35352,-0.07959,0.92480,-0.42683,0.30488,0.24390
1695,8476,-0.34912,-0.08350,0.92432,-0.42683,0.24390,0.24390
1696,8481,-0.34912,-0.08350,0.92139,-0.42683,0.18293,0.24390
1697,8486,-0.35352,-0.08350,0.91943,-0.48780,0.24390,0.30488
1698,8491,-0.35156,-0.08105,0.92285,-0.42683,0.24390,0.24390
1699,8495,-0.35254,-0.08203,0.92529,-0.42683,0.30488,0.18293
1700,8500,-0.35693,-0.08203,0.92236,-0.36585,0.18293,0.30488
1701,8506,-0.35303,-0.08057,0.92285,-0.30488,0.12195,0.30488
1702,8511,-0.35156,-0.08105,0.92432,-0.36585,0.12195,0.24390
1703,8516,-0.34961,-0.08008,0.92285,-0.48780,0.12195,0.30488
1704,8521,-0.34717,-0.08154,0.92090,-0.42683,0.24390,0.42683
1705,8526,-0.34912,-0.08057,0.92334,-0.36585,0.24390,0.30488
1706,8531,-0.34961,-0.08154,0.91943,-0.36585,0.18293,0.30488
1707,8536,-0.34766,-0.08008,0.92334,-0.36585,0.06098,0.42683
1708,8540,-0.34766,-0.08105,0.92188,-0.48780,0.12195,0.36585
1709,8546,-0.34814,-0.08350,0.92236,-0.48780,0.36585,0.30488
1710,8551,-0.34961,-0.07910,0.92139,-0.48780,0.18293,0.24390
1711,8556,-0.35059,-0.08008,0.92236,-0.54878,0.18293,0.30488
1712,8561,-0.35303,-0.08057,0.92578,-0.54878,0.24390,0.18293
1713,8566,-0.34766,-0.08057,0.92285,-0.42683,0.30488,0.18293
1714,8571,-0.34912,-0.08350,0.92383,-0.42683,0.30488,0.36585
1715,8576,-0.35303,-0.08447,0.92334,-0.36585,0.24390,0.30488
1716,8580,-0.35107,-0.08154,0.91992,-0.60976,0.18293,0.18293
1717,8586,-0.35107,-0.07959,0.91797,-0.42683,0.24390,0.24390
1718,8591,-0.35059,-0.08203,0.91895,-0.36585,0.30488,0.24390
1719,8596,-0.34814,-0.08301,0.92480,-0.36585,0.12195,0.24390
1720,8601,-0.34961,-0.08398,0.92236,-0.54878,0.24390,0.30488
1721,8606,-0.35010,-0.08008,0.92285,-0.42683,0.18293,0.18293
1722,8611,-0.34570,-0.08203,0.92334,-0.54878,0.12195,0.24390
1723,8616,-0.34814,-0.08057,0.92334,-0.48780,0.12195,0.30488
1724,8620,-0.34912,-0.07764,0.92383,-0.60976,0.18293,0.24390
1725,8625,-0.35059,-0.07959,0.91895,-0.42683,0.18293,0.18293
1726,8631,-0.35059,-0.08008,0.91699,-0.48780,0.18293,0.30488
1727,8636,-0.35156,-0.08350,0.92529,-0.60976,0.30488,0.30488
1728,8641,-0.35156,-0.08008,0.92285,-0.48780,0.24390,0.18293
1729,8646,-0.35059,-0.08105,0.91992,-0.42683,0.24390,0.24390
1730,8651,-0.35107,-0.08301,0.92041,-0.54878,0.24390,0.36585
1731,8656,-0.35156,-0.08105,0.92432,-0.54878,0.30488,0.12195
1732,8661,-0.34961,-0.08057,0.92578,-0.42683,0.30488,0.18293
1733,8665,-0.35010,-0.08105,0.92334,-0.42683,0.42683,0.24390
1734,8671,-0.35107,-0.08203,0.92139,-0.54878,0.24390,0.18293
1735,8676,-0.35010,-0.08057,0.92334,-0.54878,0.30488,0.30488
1736,8681,-0.35010,-0.07812,0.91455,-0.48780,0.30488,0.30488
1737,8686,-0.34912,-0.08447,0.92188,-0.60976,0.36585,0.18293
1738,8691,-0.34961,-0.07959,0.92822,-0.48780,0.24390,0.24390
1739,8696,-0.34961,-0.08105,0.92676,-0.54878,0.36585,0.24390
1740,8701,-0.35107,-0.08105,0.92188,-0.54878,0.36585,0.24390
1741,8705,-0.35303,-0.08154,0.91602,-0.48780,0.24390,0.24390
1742,8711,-0.34863,-0.08154,0.92188,-0.42683,0.24390,0.30488
1743,8716,-0.34814,-0.08301,0.92383,-0.18293,0.30488,0.30488
1744,8721,-0.35352,-0.08203,0.92432,-0.36585,0.36585,0.24390
1745,8726,-0.35352,-0.07812,0.92334,-0.30488,0.30488,0.24390
1746,8731,-0.35352,-0.08252,0.91992,-0.42683,0.30488,0.36585
1747,8736,-0.35107,-0.08398,0.92236,-0.30488,0.12195,0.24390
1748,8741,-0.35400,-0.08203,0.91895,-0.36585,0.18293,0.36585
1749,8745,-0.34912,-0.08057,0.91797,-0.36585,0.24390,0.30488
1750,8750,-0.34961,-0.07764,0.92188,-0.30488,0.18293,0.30488
1751,8756,-0.34668,-0.08154,0.92236,-0.42683,0.12195,0.36585
1752,8761,-0.34863,-0.08350,0.92285,-0.36585,0.24390,0.30488
1753,8766,-0.35059,-0.08105,0.92432,-0.36585,0.24390,0.24390
1754,8771,-0.35010,-0.08105,0.92236,-0.42683,0.24390,0.24390
1755,8776,-0.35156,-0.08105,0.92188,-0.24390,0.24390,0.24390
1756,8781,-0.35010,-0.08252,0.92383,-0.42683,0.18293,0.36585
1757,8786,-0.35254,-0.08301,0.92236,-0.36585,0.30488,0.30488
1758,8790,-0.35254,-0.08301,0.92236,-0.36585,0.30488,0.30488
1759,8796,-0.35352,-0.08105,0.92822,-0.42683,0.24390,0.24390
1760,8801,-0.35059,-0.07910,0.92529,-0.48780,0.12195,0.18293
1761,8806,-0.35156,-0.08154,0.92188,-0.42683,0.12195,0.18293
1762,8811,-0.35010,-0.08008,0.91943,-0.42683,0.24390,0.30488
1763,8816,-0.35303,-0.07959,0.91846,-0.36585,0.30488,0.36585
1764,8821,-0.35156,-0.08105,0.92432,-0.30488,0.30488,0.36585
1765,8826,-0.35156,-0.08105,0.92432,-0.30488,0.30488,0.36585
1766,8830,-0.35254,-0.08057,0.92041,-0.42683,0.24390,0.30488
1767,8836,-0.35303,-0.08105,0.92139,-0.42683,0.12195,0.24390
1768,8841,-0.34961,-0.08154,0.92676,-0.36585,0.24390,0.36585
1769,8846,-0.34766,-0.08154,0.92578,-0.30488,0.30488,0.30488
1770,8851,-0.35059,-0.08008,0.92676,-0.24390,0.30488,0.36585
1771,8856,-0.35059,-0.08008,0.92676,-0.24390,0.30488,0.36585
1772,8861,-0.35205,-0.08154,0.92334,-0.36585,0.36585,0.30488
1773,8866,-0.34912,-0.08203,0.92529,-0.42683,0.30488,0.30488
1774,8870,-0.35107,-0.08350,0.92480,-0.30488,0.30488,0.18293
1775,8875,-0.34766,-0.08398,0.92529,-0.36585,0.24390,0.24390
1776,8881,-0.34863,-0.08350,0.92432,-0.48780,0.30488,0.30488
1777,8886,-0.34863,-0.08350,0.92432,-0.48780,0.30488,0.30488
1778,8891,-0.34863,-0.08057,0.92627,-0.42683,0.24390,0.30488
1779,8896,-0.35107,-0.08057,0.91895,-0.42683,0.18293,0.30488
1780,8901,-0.35303,-0.08350,0.92041,-0.60976,0.12195,0.30488
1781,8906,-0.35156,-0.08105,0.91992,-0.54878,0.18293,0.30488
1782,8911,-0.34814,-0.07959,0.91992,-0.36585,0.24390,0.30488
1783,8915,-0.34961,-0.08008,0.92578,-0.36585,0.18293,0.36585
1784,8921,-0.34814,-0.07959,0.92236,-0.48780,0.24390,0.24390
1785,8926,-0.35156,-0.07959,0.91943,-0.48780,0.24390,0.30488
1786,8931,-0.35156,-0.08252,0.92090,-0.36585,0.30488,0.36585
1787,8936,-0.34717,-0.08350,0.92139,-0.42683,0.24390,0.36585
1788,8941,-0.34961,-0.07910,0.92139,-0.36585,0.18293,0.36585
1789,8946,-0.35205,-0.08301,0.92236,-0.42683,0.30488,0.24390
1790,8951,-0.34961,-0.08057,0.92236,-0.42683,0.24390,0.30488
1791,8955,-0.34717,-0.08154,0.92383,-0.12195,0.12195,0.42683
1792,8961,-0.35107,-0.08154,0.92480,-0.24390,0.24390,0.30488
1793,8966,-0.34814,-0.08594,0.92773,-0.42683,0.30488,0.36585
1794,8971,-0.34814,-0.08398,0.92236,-0.42683,0.24390,0.24390
1795,8976,-0.35059,-0.08008,0.91992,-0.54878,0.18293,0.18293
1796,8981,-0.35352,-0.07910,0.92236,-0.36585,0.36585,0.12195
1797,8986,-0.35400,-0.08057,0.92090,-0.30488,0.24390,0.36585
1798,8991,-0.35156,-0.08105,0.92871,-0.30488,0.18293,0.36585
1799,8995,-0.35156,-0.08252,0.92432,-0.24390,0.30488,0.30488
1800,9000,-0.34766,-0.08057,0.91992,-0.30488,0.30488,0.18293
1801,9006,-0.34766,-0.08105,0.92041,-0.42683,0.36585,0.24390
1802,9011,-0.34814,-0.08252,0.92383,-0.42683,0.24390,0.18293
1803,9016,-0.35156,-0.07959,0.91992,-0.54878,0.30488,0.30488
1804,9021,-0.34814,-0.08057,0.92236,-0.30488,0.24390,0.24390
1805,9026,-0.34766,-0.08252,0.92383,-0.30488,0.18293,0.24390
1806,9031,-0.35059,-0.07959,0.92188,-0.42683,0.12195,0.18293
1807,9036,-0.35107,-0.07861,0.92041,-0.36585,0.24390,0.36585
1808,9040,-0.35156,-0.08203,0.92383,-0.42683,0.24390,0.30488
1809,9046,-0.35059,-0.08350,0.92236,-0.36585,0.18293,0.18293
1810,9051,-0.35059,-0.08057,0.92041,-0.48780,0.12195,0.36585
1811,9056,-0.35205,-0.08105,0.92139,-0.42683,0.24390,0.42683
1812,9061,-0.34766,-0.08203,0.91943,-0.30488,0.30488,0.36585
1813,9066,-0.34863,-0.08252,0.91992,-0.30488,0.18293,0.18293
1814,9071,-0.34473,-0.08398,0.92139,-0.48780,0.18293,0.18293
1815,9076,-0.35010,-0.08301,0.91943,-0.42683,0.30488,0.24390
1816,9080,-0.35010,-0.08154,0.92188,-0.42683,0.18293,0.06098
1817,9086,-0.34717,-0.08105,0.92529,-0.48780,0.24390,0.24390
1818,9091,-0.35010,-0.08398,0.91650,-0.42683,0.36585,0.24390
1819,9096,-0.35156,-0.08398,0.92090,-0.42683,0.24390,0.18293
1820,9101,-0.35010,-0.08154,0.92725,-0.30488,0.36585,0.24390
1821,9106,-0.34766,-0.08252,0.92725,-0.42683,0.30488,0.30488
1822,9111,-0.34863,-0.08398,0.92285,-0.36585,0.18293,0.30488
1823,9116,-0.35156,-0.08350,0.92334,-0.30488,0.24390,0.24390
1824,9120,-0.35010,-0.08057,0.92236,-0.36585,0.12195,0.24390
1825,9125,-0.34912,-0.07910,0.92334,-0.30488,0.12195,0.30488
1826,9131,-0.34766,-0.08105,0.91943,-0.42683,0.24390,0.18293
1827,9136,-0.34619,-0.08301,0.92139,-0.42683,0.30488,0.18293
1828,9141,-0.34766,-0.08105,0.91943,-0.30488,0.18293,0.18293
1829,9146,-0.34912,-0.08350,0.92383,-0.48780,0.24390,0.24390
1830,9151,-0.35156,-0.08350,0.92334,-0.54878,0.18293,0.24390
1831,9156,-0.35010,-0.08008,0.92480,-0.36585,0.12195,0.42683
1832,9161,-0.35303,-0.08203,0.92139,-0.42683,0.24390,0.36585
1833,9165,-0.35107,-0.08203,0.92139,-0.24390,0.24390,0.24390
1834,9171,-0.35059,-0.07910,0.92236,-0.36585,0.36585,0.36585
1835,9176,-0.34863,-0.08057,0.92139,-0.36585,0.24390,0.30488
1836,9181,-0.34912,-0.08545,0.92773,-0.60976,0.24390,0.24390
1837,9186,-0.35010,-0.08154,0.92236,-0.48780,0.30488,0.42683
1838,9191,-0.34766,-0.08008,0.92285,-0.42683,0.36585,0.24390
1839,9196,-0.34668,-0.08203,0.92676,-0.42683,0.30488,0.18293
1840,9201,-0.34668,-0.08350,0.92285,-0.42683,0.18293,0.24390
1841,9205,-0.35010,-0.08447,0.92139,-0.42683,0.24390,0.30488
1842,9211,-0.35010,-0.08301,0.92139,-0.60976,0.36585,0.24390
1843,9216,-0.35205,-0.07959,0.92529,-0.48780,0.24390,0.24390
1844,9221,-0.35010,-0.08057,0.91943,-0.36585,0.12195,0.12195
1845,9226,-0.35254,-0.08398,0.92188,-0.54878,0.24390,0.24390
1846,9231,-0.34961,-0.08252,0.92676,-0.54878,0.24390,0.30488
1847,9236,-0.35156,-0.08105,0.92529,-0.48780,0.24390,0.24390
1848,9241,-0.35010,-0.08105,0.92041,-0.54878,0.18293,0.12195
1849,9245,-0.35010,-0.08203,0.91895,-0.36585,0.30488,0.24390
1850,9250,-0.35205,-0.08203,0.91895,-0.24390,0.36585,0.30488
1851,9256,-0.35010,-0.08301,0.92285,-0.36585,0.48780,0.36585
1852,9261,-0.34717,-0.08496,0.92090,-0.42683,0.18293,0.30488
1853,9266,-0.34912,-0.08154,0.92090,-0.42683,0.18293,0.36585
1854,9271,-0.34814,-0.08105,0.92383,-0.48780,0.24390,0.18293
1855,9276,-0.34717,-0.08105,0.92480,-0.48780,0.12195,0.12195
1856,9281,-0.34863,-0.08105,0.92480,-0.36585,0.12195,0.18293
1857,9286,-0.34961,-0.08154,0.92236,-0.48780,0.30488,0.24390
1858,9290,-0.35059,-0.08154,0.91846,-0.48780,0.30488,0.18293
1859,9296,-0.34668,-0.08203,0.92480,-0.48780,0.12195,0.36585
1860,9301,-0.34961,-0.07910,0.92334,-0.42683,0.06098,0.24390
1861,9306,-0.34863,-0.08105,0.92383,-0.36585,0.18293,0.30488
1862,9311,-0.34814,-0.08252,0.92480,-0.42683,0.30488,0.24390
1863,9316,-0.34912,-0.08154,0.92334,-0.48780,0.30488,0.30488
1864,9321,-0.34912,-0.08105,0.91895,-0.36585,0.36585,0.24390
1865,9326,-0.34961,-0.08398,0.92236,-0.36585,0.24390,0.12195
1866,9330,-0.35010,-0.08203,0.92334,-0.36585,0.18293,0.18293
1867,9336,-0.34668,-0.08301,0.92188,-0.48780,0.18293,0.24390
1868,9341,-0.34619,-0.08105,0.92334,-0.36585,0.18293,0.24390
1869,9346,-0.34814,-0.08203,0.92041,-0.36585,0.24390,0.24390
1870,9351,-0.35596,-0.08545,0.91943,-0.48780,0.24390,0.18293
1871,9356,-0.35059,-0.08350,0.92676,-0.42683,0.30488,0.30488
1872,9361,-0.34717,-0.08301,0.92627,-0.30488,0.30488,0.24390
1873,9366,-0.35400,-0.08252,0.92188,-0.36585,0.24390,0.30488
1874,9370,-0.35205,-0.08203,0.91797,-0.42683,0.36585,0.30488
1875,9375,-0.34961,-0.08447,0.92285,-0.36585,0.24390,0.24390
1876,9381,-0.34912,-0.08203,0.92578,-0.36585,0.18293,0.30488
1877,9386,-0.35205,-0.08008,0.92139,-0.36585,0.24390,0.36585
1878,9391,-0.34814,-0.08350,0.91992,-0.42683,0.18293,0.24390
1879,9396,-0.34717,-0.08203,0.92480,-0.48780,0.30488,0.24390
1880,9401,-0.34717,-0.07910,0.91943,-0.30488,0.24390,0.36585
1881,9406,-0.35107,-0.08252,0.92236,-0.42683,0.24390,0.30488
1882,9411,-0.35156,-0.08301,0.92383,-0.36585,0.30488,0.24390
1883,9415,-0.34619,-0.08301,0.92383,-0.30488,0.30488,0.24390
1884,9421,-0.34766,-0.08350,0.91943,-0.42683,0.24390,0.24390
1885,9426,-0.34814,-0.08154,0.91943,-0.30488,0.18293,0.24390
1886,9431,-0.34717,-0.07959,0.91406,-0.36585,0.18293,0.18293
1887,9436,-0.34766,-0.08057,0.92041,-0.42683,0.12195,0.36585
1888,9441,-0.35205,-0.08545,0.92236,-0.48780,0.24390,0.30488
1889,9446,-0.35059,-0.08057,0.92090,-0.48780,0.18293,0.30488
1890,9451,-0.35010,-0.08105,0.92334,-0.24390,0.12195,0.36585
1891,9455,-0.35010,-0.08105,0.92041,-0.48780,0.12195,0.24390
1892,9461,-0.34863,-0.08154,0.92383,-0.60976,0.24390,0.24390
1893,9466,-0.34717,-0.08301,0.92480,-0.54878,0.30488,0.30488
1894,9471,-0.34814,-0.08496,0.92236,-0.54878,0.30488,0.30488
1895,9476,-0.34863,-0.08350,0.92432,-0.60976,0.24390,0.24390
1896,9481,-0.34814,-0.08301,0.92334,-0.48780,0.30488,0.30488
1897,9486,-0.34814,-0.08105,0.92139,-0.48780,0.24390,0.24390
1898,9491,-0.34814,-0.08105,0.92139,-0.48780,0.24390,0.24390
1899,9495,-0.34912,-0.08154,0.91748,-0.42683,0.18293,0.12195
1900,9500,-0.34961,-0.08301,0.92480,-0.30488,0.24390,0.30488
1901,9506,-0.35059,-0.08398,0.92041,-0.48780,0.12195,0.18293
1902,9511,-0.35059,-0.08252,0.91943,-0.36585,0.24390,0.24390
1903,9516,-0.35059,-0.08203,0.91846,-0.30488,0.24390,0.30488
1904,9521,-0.35400,-0.08203,0.92188,-0.36585,0.30488,0.24390
1905,9526,-0.35400,-0.08203,0.92188,-0.36585,0.30488,0.24390
1906,9531,-0.34912,-0.08447,0.92773,-0.54878,0.24390,0.18293
1907,9536,-0.35254,-0.08301,0.92090,-0.42683,0.18293,0.24390
1908,9540,-0.34766,-0.08105,0.92285,-0.30488,0.24390,0.18293
1909,9546,-0.35205,-0.08154,0.92334,-0.36585,0.42683,0.18293
1910,9551,-0.35010,-0.08154,0.92529,-0.60976,0.36585,0.18293
1911,9556,-0.35010,-0.08154,0.92529,-0.60976,0.36585,0.18293
1912,9561,-0.35156,-0.08057,0.91992,-0.54878,0.24390,0.36585
1913,9566,-0.34912,-0.08203,0.91992,-0.42683,0.30488,0.18293
1914,9571,-0.34814,-0.07812,0.92236,-0.42683,0.30488,0.18293
1915,9576,-0.34912,-0.07861,0.92285,-0.36585,0.24390,0.24390
1916,9580,-0.34814,-0.08252,0.92236,-0.30488,0.24390,0.30488
1917,9586,-0.35352,-0.08057,0.92480,-0.48780,0.18293,0.24390
1918,9591,-0.35010,-0.08008,0.92578,-0.54878,0.36585,0.18293
1919,9596,-0.34863,-0.08105,0.92432,-0.42683,0.24390,0.18293
1920,9601,-0.34961,-0.08203,0.91846,-0.36585,0.36585,0.18293
1921,9606,-0.35059,-0.07959,0.92285,-0.48780,0.30488,0.24390
1922,9611,-0.35205,-0.08398,0.92188,-0.42683,0.18293,0.30488
1923,9616,-0.34814,-0.08105,0.92139,-0.42683,0.36585,0.24390
1924,9620,-0.35059,-0.08105,0.92383,-0.36585,0.18293,0.24390
1925,9625,-0.34863,-0.07910,0.91846,-0.30488,0.18293,0.24390
1926,9631,-0.34814,-0.08008,0.92041,-0.48780,0.30488,0.18293
1927,9636,-0.35107,-0.08496,0.92090,-0.48780,0.30488,0.30488
1928,9641,-0.34912,-0.08545,0.92041,-0.36585,0.30488,0.36585
1929,9646,-0.34912,-0.08105,0.92432,-0.48780,0.24390,0.24390
1930,9651,-0.34814,-0.08057,0.92383,-0.42683,0.18293,0.24390
1931,9656,-0.34814,-0.08252,0.92139,-0.42683,0.12195,0.12195
1932,9661,-0.35107,-0.08203,0.92725,-0.36585,0.18293,0.18293
1933,9665,-0.35107,-0.08350,0.92285,-0.42683,0.18293,0.24390
1934,9671,-0.35107,-0.08154,0.92529,-0.54878,0.18293,0.30488
1935,9676,-0.34961,-0.08057,0.92383,-0.42683,0.12195,0.24390
1936,9681,-0.35010,-0.08008,0.92090,-0.48780,0.12195,0.36585
1937,9686,-0.34912,-0.08252,0.92529,-0.48780,0.12195,0.30488
1938,9691,-0.35107,-0.08154,0.92334,-0.48780,0.24390,0.30488
1939,9696,-0.35059,-0.08350,0.92285,-0.36585,0.18293,0.30488
1940,9701,-0.34961,-0.08105,0.92236,-0.36585,0.12195,0.30488
1941,9705,-0.35205,-0.08154,0.92383,-0.36585,0.24390,0.18293
1942,9711,-0.34668,-0.08301,0.92139,-0.42683,0.42683,0.18293
1943,9716,-0.34961,-0.08105,0.92139,-0.42683,0.36585,0.18293
1944,9721,-0.35156,-0.07959,0.91846,-0.18293,0.24390,0.24390
1945,9726,-0.35156,-0.08057,0.92285,-0.36585,0.30488,0.24390
1946,9731,-0.34863,-0.08203,0.92627,-0.30488,0.24390,0.30488
1947,9736,-0.35352,-0.08105,0.92383,-0.42683,0.24390,0.24390
1948,9741,-0.35156,-0.08301,0.92236,-0.36585,0.18293,0.24390
1949,9745,-0.34766,-0.08154,0.92139,-0.42683,0.12195,0.18293
1950,9750,-0.35498,-0.08447,0.92090,-0.30488,0.12195,0.30488
1951,9756,-0.35156,-0.08252,0.91846,-0.30488,0.06098,0.18293
1952,9761,-0.35205,-0.08105,0.91895,-0.36585,0.18293,0.18293
1953,9766,-0.35205,-0.08350,0.92139,-0.36585,0.18293,0.24390
1954,9771,-0.35156,-0.08252,0.92383,-0.24390,0.12195,0.36585
1955,9776,-0.34912,-0.08154,0.92529,-0.24390,0.24390,0.30488
1956,9781,-0.35303,-0.08203,0.92188,-0.48780,0.24390,0.24390
1957,9786,-0.34473,-0.07959,0.92041,-0.48780,0.12195,0.30488
1958,9790,-0.34717,-0.08350,0.91846,-0.48780,0.24390,0.30488
1959,9796,-0.35059,-0.08154,0.92090,-0.24390,0.30488,0.48780
1960,9801,-0.35010,-0.08105,0.91699,-0.36585,0.30488,0.24390
1961,9806,-0.34961,-0.08301,0.91895,-0.36585,0.30488,0.24390
1962,9811,-0.35303,-0.08154,0.92480,-0.36585,0.36585,0.30488
1963,9816,-0.35059,-0.08057,0.92334,-0.36585,0.42683,0.24390
1964,9821,-0.34570,-0.07861,0.92090,-0.30488,0.42683,0.18293
1965,9826,-0.34912,-0.08057,0.91846,-0.30488,0.24390,0.24390
1966,9830,-0.35010,-0.08154,0.91943,-0.42683,0.24390,0.30488
1967,9836,-0.35059,-0.08545,0.92578,-0.48780,0.36585,0.24390
1968,9841,-0.35156,-0.08301,0.92285,-0.36585,0.24390,0.30488
1969,9846,-0.35107,-0.08105,0.92236,-0.30488,0.30488,0.30488
1970,9851,-0.35205,-0.08203,0.92529,-0.36585,0.24390,0.30488
1971,9856,-0.35205,-0.08105,0.92285,-0.30488,0.30488,0.24390
1972,9861,-0.35156,-0.08252,0.92236,-0.42683,0.18293,0.24390
1973,9866,-0.34766,-0.08105,0.92285,-0.42683,0.18293,0.12195
1974,9870,-0.35352,-0.08496,0.92188,-0.42683,0.30488,0.24390
1975,9875,-0.34961,-0.08301,0.92676,-0.73171,0.24390,0.24390
1976,9881,-0.35303,-0.08203,0.92432,-0.67073,0.18293,0.18293
1977,9886,-0.35254,-0.08350,0.92236,-0.48780,0.24390,0.30488
1978,9891,-0.35156,-0.08057,0.92432,-0.36585,0.12195,0.30488
1979,9896,-0.35400,-0.07861,0.92383,-0.24390,0.24390,0.30488
1980,9901,-0.35010,-0.08350,0.91895,-0.42683,0.24390,0.30488
1981,9906,-0.34668,-0.08350,0.91748,-0.36585,0.24390,0.24390
1982,9911,-0.34619,-0.08398,0.91748,-0.54878,0.30488,0.24390
1983,9915,-0.34814,-0.08105,0.92236,-0.48780,0.18293,0.36585
1984,9921,-0.35156,-0.07959,0.92285,-0.36585,0.24390,0.18293
1985,9926,-0.34912,-0.08350,0.92676,-0.42683,0.24390,0.30488
1986,9931,-0.34814,-0.08008,0.92188,-0.42683,0.30488,0.30488
1987,9936,-0.35303,-0.08301,0.91553,-0.60976,0.24390,0.30488
1988,9941,-0.35205,-0.08154,0.92334,-0.36585,0.18293,0.36585
1989,9946,-0.35205,-0.07959,0.92041,-0.30488,0.12195,0.30488
1990,9951,-0.35352,-0.08105,0.92285,-0.36585,0.18293,0.24390
1991,9955,-0.35449,-0.08203,0.92041,-0.24390,0.18293,0.24390
1992,9961,-0.35010,-0.08154,0.92139,-0.30488,0.18293,0.24390
1993,9966,-0.35156,-0.08105,0.92139,-0.30488,0.18293,0.18293
1994,9971,-0.35205,-0.08154,0.92041,-0.36585,0.30488,0.24390
1995,9976,-0.34570,-0.08105,0.92383,-0.42683,0.18293,0.36585
1996,9981,-0.35010,-0.08008,0.92480,-0.42683,0.12195,0.30488
1997,9986,-0.35156,-0.08252,0.92090,-0.36585,0.12195,0.30488
1998,9991,-0.35498,-0.08301,0.91943,-0.48780,0.24390,0.42683
1999,9995,-0.35059,-0.08301,0.92529,-0.36585,0.18293,0.30488
2000,10000,-0.34863,-0.08301,0.92188,-0.48780,0.24390,0.24390
2001,10006,-0.35303,-0.08105,0.92383,-0.36585,0.30488,0.24390
2002,10011,-0.35010,-0.08398,0.92480,-0.36585,0.24390,0.24390
2003,10016,-0.34814,-0.08301,0.92383,-0.36585,0.12195,0.24390
2004,10021,-0.34766,-0.08154,0.91943,-0.24390,0.18293,0.24390
2005,10026,-0.35205,-0.08203,0.92090,-0.30488,0.42683,0.30488
2006,10031,-0.35156,-0.08252,0.92578,-0.42683,0.24390,0.24390
2007,10036,-0.35156,-0.08545,0.92041,-0.30488,0.18293,0.30488
2008,10040,-0.34668,-0.08398,0.92188,-0.42683,0.24390,0.30488
2009,10046,-0.35010,-0.08008,0.92285,-0.42683,0.18293,0.30488
2010,10051,-0.34570,-0.07959,0.92578,-0.30488,0.12195,0.36585
2011,10056,-0.35156,-0.08398,0.92236,-0.36585,0.18293,0.30488
2012,10061,-0.35010,-0.08594,0.92334,-0.42683,0.36585,0.24390
2013,10066,-0.34912,-0.08350,0.92236,-0.24390,0.30488,0.12195
2014,10071,-0.34863,-0.08105,0.92627,-0.30488,0.24390,0.18293
2015,10076,-0.35303,-0.07910,0.92432,-0.36585,0.24390,0.36585
2016,10080,-0.34961,-0.08008,0.92725,-0.24390,0.18293,0.36585
2017,10086,-0.35010,-0.08057,0.92334,-0.36585,0.30488,0.30488
2018,10091,-0.35010,-0.08252,0.91553,-0.42683,0.18293,0.30488
2019,10096,-0.34814,-0.08154,0.92578,-0.73171,0.18293,0.18293
2020,10101,-0.34912,-0.08496,0.92285,-0.54878,0.24390,0.30488
2021,10106,-0.34961,-0.08252,0.92627,-0.30488,0.18293,0.24390
2022,10111,-0.35107,-0.07910,0.92480,-0.36585,0.12195,0.24390
2023,10116,-0.35205,-0.08301,0.91992,-0.48780,0.12195,0.30488
2024,10120,-0.35205,-0.08105,0.92090,-0.36585,0.12195,0.24390
2025,10125,-0.35205,-0.08105,0.92090,-0.36585,0.12195,0.24390
2026,10131,-0.34863,-0.08252,0.92188,-0.36585,0.24390,0.24390
2027,10136,-0.34766,-0.07910,0.91895,-0.06098,0.24390,0.18293
2028,10141,-0.35010,-0.07764,0.92285,-0.30488,0.36585,0.24390
2029,10146,-0.35107,-0.08350,0.92236,-0.42683,0.36585,0.24390
2030,10151,-0.34717,-0.08496,0.92236,-0.42683,0.30488,0.36585
2031,10156,-0.34912,-0.08350,0.92578,-0.42683,0.24390,0.36585
2032,10161,-0.34912,-0.08350,0.92578,-0.42683,0.24390,0.36585
2033,10165,-0.35400,-0.08350,0.91797,-0.30488,0.12195,0.24390
2034,10171,-0.35156,-0.08008,0.92480,-0.42683,0.12195,0.30488
2035,10176,-0.34766,-0.08105,0.91846,-0.48780,0.24390,0.24390
2036,10181,-0.34717,-0.08154,0.91650,-0.42683,0.36585,0.24390
2037,10186,-0.34912,-0.08252,0.92041,-0.48780,0.30488,0.18293
2038,10191,-0.34912,-0.08252,0.92041,-0.48780,0.30488,0.18293
2039,10196,-0.35059,-0.08301,0.92578,-0.42683,0.24390,0.30488
2040,10201,-0.35254,-0.08301,0.92090,-0.36585,0.12195,0.12195
2041,10205,-0.34766,-0.08105,0.91846,-0.42683,0.30488,0.30488
2042,10211,-0.35156,-0.08154,0.92480,-0.30488,0.18293,0.36585
2043,10216,-0.34912,-0.08350,0.92383,-0.42683,0.18293,0.30488
2044,10221,-0.34912,-0.08350,0.92383,-0.42683,0.18293,0.30488
2045,10226,-0.34912,-0.08203,0.92139,-0.36585,0.18293,0.24390
2046,10231,-0.35303,-0.08154,0.91699,-0.24390,0.12195,0.30488
2047,10236,-0.34961,-0.08057,0.92139,-0.48780,0.12195,0.36585
2048,10241,-0.35059,-0.08105,0.92188,-0.42683,0.18293,0.24390
2049,10245,-0.35010,-0.08154,0.92285,-0.42683,0.24390,0.30488
2050,10250,-0.35059,-0.08203,0.92773,-0.48780,0.24390,0.36585
2051,10256,-0.35303,-0.08105,0.92578,-0.48780,0.24390,0.30488
2052,10261,-0.35059,-0.08154,0.92480,-0.48780,0.18293,0.30488
2053,10266,-0.35352,-0.08301,0.92383,-0.42683,0.12195,0.30488
2054,10271,-0.34570,-0.08252,0.92139,-0.30488,0.24390,0.24390
2055,10276,-0.35010,-0.08203,0.92041,-0.54878,0.24390,0.24390
2056,10281,-0.34717,-0.08301,0.92188,-0.48780,0.18293,0.30488
2057,10286,-0.34961,-0.08301,0.92383,-0.42683,0.12195,0.24390
2058,10290,-0.35156,-0.07910,0.92041,-0.54878,0.18293,0.36585
2059,10296,-0.35303,-0.08398,0.91846,-0.48780,0.18293,0.30488
2060,10301,-0.35352,-0.08496,0.92090,-0.36585,0.24390,0.30488
2061,10306,-0.34863,-0.08301,0.92188,-0.48780,0.24390,0.24390
2062,10311,-0.34814,-0.08154,0.92285,-0.42683,0.18293,0.30488
2063,10316,-0.35498,-0.08496,0.92285,-0.36585,0.24390,0.24390
2064,10321,-0.34863,-0.08203,0.92383,-0.36585,0.24390,0.30488
2065,10326,-0.34570,-0.08252,0.91992,-0.48780,0.06098,0.36585
2066,10330,-0.35205,-0.08350,0.92236,-0.48780,0.18293,0.30488
2067,10336,-0.34717,-0.08301,0.91992,-0.48780,0.24390,0.12195
2068,10341,-0.34521,-0.08057,0.92236,-0.48780,0.24390,0.24390
2069,10346,-0.34961,-0.08350,0.92529,-0.36585,0.24390,0.30488
2070,10351,-0.35352,-0.08545,0.92041,-0.42683,0.24390,0.24390
2071,10356,-0.35205,-0.08008,0.92041,-0.42683,0.24390,0.12195
2072,10361,-0.34814,-0.08057,0.92334,-0.42683,0.24390,0.18293
2073,10366,-0.35010,-0.08057,0.92285,-0.54878,0.18293,0.18293
2074,10370,-0.35254,-0.08154,0.92041,-0.36585,0.18293,0.24390
2075,10375,-0.35205,-0.08301,0.92627,-0.36585,0.24390,0.24390
2076,10381,-0.35303,-0.08203,0.92139,-0.36585,0.24390,0.36585
2077,10386,-0.35156,-0.08447,0.91992,-0.36585,0.18293,0.30488
2078,10391,-0.35400,-0.08301,0.92236,-0.36585,0.18293,0.30488
2079,10396,-0.34863,-0.08203,0.92236,-0.48780,0.12195,0.30488
2080,10401,-0.35059,-0.08252,0.92334,-0.30488,0.24390,0.24390
2081,10406,-0.35010,-0.08496,0.92041,-0.42683,0.18293,0.24390
2082,10411,-0.34912,-0.08301,0.91748,-0.36585,0.18293,0.42683
2083,10415,-0.35107,-0.07812,0.92529,-0.54878,0.12195,0.36585
2084,10421,-0.35205,-0.08057,0.92432,-0.48780,0.12195,0.30488
2085,10426,-0.35107,-0.08203,0.92334,-0.48780,0.12195,0.30488
2086,10431,-0.34961,-0.08350,0.92236,-0.30488,0.12195,0.30488
2087,10436,-0.34570,-0.08252,0.92236,-0.36585,0.06098,0.24390
2088,10441,-0.35059,-0.08203,0.92334,-0.30488,0.06098,0.24390
2089,10446,-0.35205,-0.08496,0.92188,-0.36585,0.18293,0.30488
2090,10451,-0.35254,-0.08398,0.92285,-0.54878,0.24390,0.18293
2091,10455,-0.34912,-0.08154,0.92090,-0.42683,0.12195,0.24390
2092,10461,-0.34668,-0.08008,0.92432,-0.30488,0.06098,0.30488
2093,10466,-0.34814,-0.08154,0.92480,-0.30488,0.24390,0.24390
2094,10471,-0.35156,-0.08350,0.92285,-0.42683,0.24390,0.30488
2095,10476,-0.35205,-0.08252,0.92334,-0.42683,0.12195,0.18293
2096,10481,-0.34863,-0.08203,0.92188,-0.42683,0.24390,0.12195
2097,10486,-0.35254,-0.08301,0.92480,-0.54878,0.24390,0.30488
2098,10491,-0.35156,-0.08105,0.92432,-0.42683,0.24390,0.30488
2099,10495,-0.34961,-0.08350,0.92188,-0.54878,0.06098,0.24390
2100,10500,-0.35059,-0.08105,0.92822,-0.42683,0.18293,0.24390
2101,10506,-0.35303,-0.08252,0.92383,-0.36585,0.12195,0.30488
2102,10511,-0.35254,-0.08252,0.92285,-0.48780,0.18293,0.36585
2103,10516,-0.35254,-0.08203,0.92188,-0.36585,0.30488,0.24390
2104,10521,-0.35059,-0.08154,0.91943,-0.54878,0.24390,0.18293
2105,10526,-0.34814,-0.08203,0.92041,-0.42683,0.18293,0.30488
2106,10531,-0.34814,-0.08545,0.92090,-0.36585,0.18293,0.24390
2107,10536,-0.34863,-0.08496,0.91992,-0.42683,0.24390,0.30488
2108,10540,-0.35010,-0.08301,0.92090,-0.36585,0.12195,0.30488
2109,10546,-0.35156,-0.07959,0.92139,-0.36585,0.18293,0.42683
2110,10551,-0.34668,-0.07959,0.92041,-0.24390,0.12195,0.18293
2111,10556,-0.35205,-0.08203,0.92432,-0.12195,0.18293,0.30488
2112,10561,-0.35156,-0.08154,0.92578,-0.36585,0.24390,0.30488
2113,10566,-0.35400,-0.08203,0.92334,-0.42683,0.12195,0.24390
2114,10571,-0.35303,-0.08008,0.92285,-0.30488,0.24390,0.18293
2115,10576,-0.35010,-0.08105,0.91699,-0.36585,0.36585,0.36585
2116,10580,-0.34912,-0.08105,0.92773,-0.36585,0.24390,0.30488
2117,10586,-0.34766,-0.08350,0.92578,-0.48780,0.18293,0.18293
2118,10591,-0.34863,-0.08350,0.92432,-0.42683,0.24390,0.36585
2119,10596,-0.35010,-0.08301,0.92480,-0.54878,0.18293,0.24390
2120,10601,-0.35107,-0.08301,0.92529,-0.42683,0.30488,0.30488
2121,10606,-0.34814,-0.08350,0.92236,-0.42683,0.36585,0.30488
2122,10611,-0.34961,-0.08301,0.91797,-0.42683,0.24390,0.30488
2123,10616,-0.35352,-0.08252,0.92236,-0.42683,0.30488,0.36585
2124,10620,-0.34668,-0.08496,0.92383,-0.24390,0.06098,0.42683
2125,10625,-0.34814,-0.08252,0.92969,-0.30488,0.18293,0.24390
2126,10631,-0.35059,-0.08496,0.92578,-0.42683,0.24390,0.24390
2127,10636,-0.35059,-0.08350,0.91992,-0.42683,0.24390,0.30488
2128,10641,-0.34766,-0.08057,0.92285,-0.42683,0.24390,0.24390
2129,10646,-0.35352,-0.08105,0.92139,-0.24390,0.12195,0.30488
2130,10651,-0.35107,-0.08350,0.91943,-0.36585,0.12195,0.30488
2131,10656,-0.34814,-0.08398,0.92578,-0.30488,0.12195,0.18293
2132,10661,-0.35254,-0.08154,0.92383,-0.30488,0.12195,0.12195
2133,10665,-0.35059,-0.08252,0.92285,-0.36585,0.12195,0.36585
2134,10671,-0.34912,-0.08350,0.92432,-0.42683,0.18293,0.30488
2135,10676,-0.34912,-0.08447,0.92334,-0.48780,0.18293,0.30488
2136,10681,-0.34717,-0.08154,0.92334,-0.30488,0.18293,0.30488
2137,10686,-0.35156,-0.08301,0.92236,-0.36585,0.24390,0.24390
2138,10691,-0.34961,-0.08545,0.92285,-0.48780,0.30488,0.30488
2139,10696,-0.34961,-0.08301,0.92578,-0.48780,0.24390,0.30488
2140,10701,-0.35107,-0.08154,0.92578,-0.54878,0.18293,0.36585
2141,10705,-0.34863,-0.07959,0.92529,-0.36585,0.30488,0.18293
2142,10711,-0.34814,-0.08252,0.92529,-0.42683,0.24390,0.18293
2143,10716,-0.35059,-0.08301,0.92432,-0.30488,0.18293,0.24390
2144,10721,-0.35205,-0.08252,0.92285,-0.30488,0.24390,0.30488
2145,10726,-0.35107,-0.08057,0.92041,-0.36585,0.24390,0.24390
2146,10731,-0.35400,-0.08203,0.91895,-0.30488,0.18293,0.18293
2147,10736,-0.35059,-0.08350,0.92529,-0.42683,0.24390,0.30488
2148,10741,-0.35156,-0.08545,0.92236,-0.30488,0.12195,0.30488
2149,10745,-0.35010,-0.08252,0.92090,-0.36585,0.18293,0.30488
2150,10750,-0.34668,-0.08398,0.92578,-0.24390,0.30488,0.36585
2151,10756,-0.34863,-0.08301,0.92529,-0.30488,0.24390,0.30488
2152,10761,-0.34717,-0.08398,0.92236,-0.42683,0.24390,0.18293
2153,10766,-0.34912,-0.08154,0.92285,-0.42683,0.30488,0.36585
2154,10771,-0.35010,-0.08252,0.92041,-0.30488,0.30488,0.24390
2155,10776,-0.35010,-0.08057,0.92139,-0.30488,0.18293,0.18293
2156,10781,-0.35254,-0.08203,0.92188,-0.36585,0.12195,0.30488
2157,10786,-0.34961,-0.08203,0.92285,-0.42683,0.18293,0.30488
2158,10790,-0.35010,-0.08105,0.91846,-0.42683,0.12195,0.24390
2159,10796,-0.35156,-0.08154,0.92236,-0.48780,0.30488,0.36585
2160,10801,-0.35156,-0.08301,0.92432,-0.48780,0.24390,0.30488
2161,10806,-0.35010,-0.08252,0.92578,-0.36585,0.12195,0.24390
2162,10811,-0.35059,-0.08057,0.92334,-0.48780,0.36585,0.12195
2163,10816,-0.35205,-0.08105,0.92383,-0.36585,0.36585,0.24390
2164,10821,-0.34717,-0.08496,0.92285,-0.48780,0.24390,0.24390
2165,10826,-0.34717,-0.08496,0.92285,-0.48780,0.24390,0.24390
2166,10830,-0.34961,-0.08350,0.92529,-0.42683,0.24390,0.30488
2167,10836,-0.34766,-0.08057,0.92334,-0.42683,0.18293,0.24390
2168,10841,-0.34473,-0.08105,0.92383,-0.42683,0.12195,0.24390
2169,10846,-0.34717,-0.07861,0.91943,-0.36585,0.12195,0.12195
2170,10851,-0.35205,-0.08008,0.92041,-0.42683,0.24390,0.12195
2171,10856,-0.35205,-0.08301,0.92676,-0.60976,0.18293,0.30488
2172,10861,-0.35205,-0.08301,0.92676,-0.60976,0.18293,0.30488
2173,10866,-0.34912,-0.08496,0.92383,-0.60976,0.12195,0.30488
2174,10870,-0.34961,-0.08252,0.92480,-0.30488,0.30488,0.24390
2175,10875,-0.35156,-0.07959,0.92432,-0.48780,0.24390,0.24390
2176,10881,-0.35205,-0.08447,0.92432,-0.36585,0.18293,0.42683
2177,10886,-0.35156,-0.08301,0.92334,-0.36585,0.24390,0.30488
2178,10891,-0.35156,-0.08301,0.92334,-0.36585,0.24390,0.30488
2179,10896,-0.34863,-0.08252,0.92383,-0.42683,0.24390,0.30488
2180,10901,-0.35059,-0.08301,0.92334,-0.42683,0.24390,0.30488
2181,10906,-0.35107,-0.08350,0.91895,-0.42683,0.24390,0.18293
2182,10911,-0.34717,-0.08496,0.91602,-0.48780,0.12195,0.24390
2183,10915,-0.34961,-0.08252,0.92480,-0.48780,0.36585,0.36585
2184,10921,-0.35254,-0.08252,0.92041,-0.42683,0.30488,0.30488
2185,10926,-0.35059,-0.08203,0.92139,-0.42683,0.24390,0.30488
2186,10931,-0.35303,-0.07910,0.91699,-0.48780,0.12195,0.42683
2187,10936,-0.35107,-0.08301,0.92139,-0.48780,0.06098,0.24390
2188,10941,-0.35010,-0.08105,0.92432,-0.54878,0.06098,0.30488
2189,10946,-0.34863,-0.07959,0.91992,-0.36585,0.18293,0.24390
2190,10951,-0.35059,-0.08447,0.92285,-0.48780,0.12195,0.24390
2191,10955,-0.34912,-0.07959,0.92480,-0.60976,0.18293,0.30488
2192,10961,-0.35059,-0.08057,0.92188,-0.60976,0.18293,0.30488
2193,10966,-0.35254,-0.08203,0.92139,-0.36585,0.18293,0.30488
2194,10971,-0.35059,-0.08350,0.92041,-0.24390,0.18293,0.12195
2195,10976,-0.34912,-0.08350,0.91992,-0.42683,0.18293,0.30488
2196,10981,-0.35303,-0.08105,0.92334,-0.48780,0.12195,0.30488
2197,10986,-0.35010,-0.07812,0.92041,-0.36585,0.18293,0.24390
2198,10991,-0.35352,-0.08398,0.92236,-0.42683,0.18293,0.36585
2199,10995,-0.34961,-0.08496,0.92480,-0.54878,0.18293,0.30488
2200,11000,-0.34912,-0.07959,0.92334,-0.42683,0.18293,0.30488
2201,11006,-0.34863,-0.08105,0.92480,-0.24390,0.12195,0.30488
2202,11011,-0.34961,-0.08203,0.92432,-0.54878,0.12195,0.36585
2203,11016,-0.34863,-0.08057,0.91943,-0.48780,0.18293,0.36585
2204,11021,-0.34766,-0.08350,0.92139,-0.36585,0.18293,0.30488
2205,11026,-0.34912,-0.08154,0.92432,-0.48780,0.12195,0.30488
2206,11031,-0.35010,-0.08301,0.91992,-0.42683,0.24390,0.24390
2207,11036,-0.35303,-0.08301,0.92334,-0.30488,0.24390,0.24390
2208,11040,-0.35254,-0.08057,0.92578,-0.24390,0.12195,0.24390
2209,11046,-0.35107,-0.08105,0.92480,-0.24390,0.06098,0.30488
2210,11051,-0.34863,-0.08252,0.92383,-0.42683,0.18293,0.30488
2211,11056,-0.34814,-0.08008,0.92334,-0.54878,0.18293,0.36585
2212,11061,-0.35010,-0.08203,0.92529,-0.42683,0.18293,0.30488
2213,11066,-0.35156,-0.08398,0.92627,-0.48780,0.12195,0.30488
2214,11071,-0.35107,-0.08203,0.92334,-0.30488,0.06098,0.36585
2215,11076,-0.35156,-0.08057,0.92090,-0.42683,0.12195,0.36585
2216,11080,-0.34766,-0.08057,0.92334,-0.42683,0.06098,0.30488
2217,11086,-0.35010,-0.07715,0.92334,-0.36585,0.06098,0.24390
2218,11091,-0.34424,-0.07764,0.92334,-0.48780,0.12195,0.24390
2219,11096,-0.34668,-0.08057,0.92383,-0.48780,0.18293,0.18293
2220,11101,-0.35303,-0.08105,0.92188,-0.42683,0.12195,0.24390
2221,11106,-0.35205,-0.08447,0.91992,-0.36585,0.12195,0.30488
2222,11111,-0.34961,-0.08154,0.91797,-0.42683,0.18293,0.30488
2223,11116,-0.34912,-0.08057,0.92041,-0.42683,0.24390,0.30488
2224,11120,-0.34863,-0.08301,0.92139,-0.36585,0.30488,0.24390
2225,11125,-0.35059,-0.08154,0.92334,-0.54878,0.36585,0.30488
2226,11131,-0.35107,-0.08203,0.92529,-0.60976,0.24390,0.24390
2227,11136,-0.35205,-0.08301,0.92383,-0.60976,0.24390,0.24390
2228,11141,-0.35010,-0.08057,0.91992,-0.36585,0.24390,0.30488
2229,11146,-0.35010,-0.08008,0.91895,-0.36585,0.24390,0.30488
2230,11151,-0.34912,-0.08350,0.92383,-0.42683,0.18293,0.18293
2231,11156,-0.34961,-0.08252,0.92432,-0.60976,0.30488,0.24390
2232,11161,-0.34961,-0.08203,0.92334,-0.54878,0.30488,0.18293
2233,11165,-0.34912,-0.07861,0.92334,-0.42683,0.06098,0.18293
2234,11171,-0.34619,-0.08203,0.92236,-0.42683,0.18293,0.24390
2235,11176,-0.34961,-0.08301,0.92041,-0.36585,0.24390,0.24390
2236,11181,-0.34668,-0.08008,0.91895,-0.36585,0.12195,0.24390
2237,11186,-0.34814,-0.08105,0.92090,-0.42683,0.12195,0.24390
2238,11191,-0.35059,-0.08008,0.91797,-0.36585,0.18293,0.30488
2239,11196,-0.35010,-0.08203,0.91992,-0.42683,0.18293,0.36585
2240,11201,-0.34814,-0.08057,0.91943,-0.48780,0.18293,0.30488
2241,11205,-0.35107,-0.08301,0.92383,-0.42683,0.24390,0.36585
2242,11211,-0.34814,-0.08252,0.92480,-0.48780,0.12195,0.18293
2243,11216,-0.35254,-0.08105,0.92529,-0.48780,0.12195,0.24390
2244,11221,-0.35254,-0.08154,0.92529,-0.42683,0.18293,0.36585
2245,11226,-0.35010,-0.08203,0.92090,-0.42683,0.30488,0.24390
2246,11231,-0.35352,-0.08057,0.92041,-0.48780,0.18293,0.18293
2247,11236,-0.35205,-0.08105,0.92578,-0.42683,0.00000,0.30488
2248,11241,-0.34863,-0.08105,0.92285,-0.42683,0.12195,0.30488
2249,11245,-0.34912,-0.07812,0.92334,-0.42683,0.30488,0.30488
2250,11250,-0.34814,-0.07959,0.92236,-0.42683,0.12195,0.30488
2251,11256,-0.34570,-0.08496,0.92188,-0.36585,0.30488,0.30488
2252,11261,-0.34912,-0.08154,0.92236,-0.36585,0.18293,0.24390
2253,11266,-0.35059,-0.08154,0.92383,-0.30488,0.30488,0.24390
2254,11271,-0.35107,-0.08154,0.92188,-0.36585,0.24390,0.24390
2255,11276,-0.34912,-0.08203,0.92285,-0.30488,0.18293,0.36585
2256,11281,-0.35059,-0.08008,0.92578,-0.42683,0.18293,0.30488
2257,11286,-0.34961,-0.08301,0.92578,-0.48780,0.12195,0.30488
2258,11290,-0.35010,-0.08447,0.92432,-0.42683,0.18293,0.24390
2259,11296,-0.35303,-0.08008,0.92188,-0.30488,0.06098,0.24390
2260,11301,-0.35205,-0.08301,0.92383,-0.36585,0.18293,0.24390
2261,11306,-0.35010,-0.08154,0.92139,-0.48780,0.18293,0.18293
2262,11311,-0.34912,-0.08105,0.92334,-0.54878,0.24390,0.42683
2263,11316,-0.34912,-0.08398,0.91895,-0.42683,0.12195,0.24390
2264,11321,-0.35254,-0.08447,0.91992,-0.48780,0.12195,0.24390
2265,11326,-0.35107,-0.08008,0.92676,-0.36585,0.12195,0.24390
2266,11330,-0.35156,-0.08105,0.92432,-0.54878,0.18293,0.36585
2267,11336,-0.35254,-0.08252,0.92236,-0.48780,0.24390,0.30488
2268,11341,-0.34961,-0.08203,0.92578,-0.36585,0.24390,0.36585
2269,11346,-0.34814,-0.08203,0.92285,-0.48780,0.18293,0.24390
2270,11351,-0.35010,-0.08105,0.92334,-0.36585,0.18293,0.36585
2271,11356,-0.34863,-0.08252,0.92188,-0.42683,0.18293,0.36585
2272,11361,-0.34961,-0.08350,0.92139,-0.48780,0.24390,0.30488
2273,11366,-0.34766,-0.08057,0.91895,-0.36585,0.12195,0.36585
2274,11370,-0.34668,-0.08057,0.92529,-0.54878,0.18293,0.30488
2275,11375,-0.34912,-0.08350,0.92627,-0.54878,0.12195,0.30488
2276,11381,-0.34912,-0.07959,0.92188,-0.30488,0.12195,0.24390
2277,11386,-0.35107,-0.08252,0.91895,-0.24390,0.18293,0.36585
2278,11391,-0.34961,-0.08203,0.92285,-0.30488,0.24390,0.36585
2279,11396,-0.34766,-0.07959,0.91992,-0.48780,0.18293,0.24390
2280,11401,-0.34814,-0.08008,0.92432,-0.48780,0.18293,0.36585
2281,11406,-0.34912,-0.08008,0.92383,-0.60976,0.18293,0.42683
2282,11411,-0.35156,-0.07910,0.92188,-0.42683,0.18293,0.36585
2283,11415,-0.35059,-0.08105,0.92529,-0.36585,0.24390,0.30488
2284,11421,-0.34912,-0.08203,0.92480,-0.42683,0.12195,0.30488
2285,11426,-0.35449,-0.08252,0.92139,-0.36585,0.18293,0.30488
2286,11431,-0.35352,-0.08203,0.91797,-0.42683,0.18293,0.36585
2287,11436,-0.35059,-0.07861,0.92236,-0.24390,0.12195,0.36585
2288,11441,-0.34521,-0.08203,0.92822,-0.48780,0.12195,0.30488
2289,11446,-0.35156,-0.08105,0.92041,-0.48780,0.12195,0.36585
2290,11451,-0.35059,-0.08301,0.92480,-0.48780,0.12195,0.36585
2291,11455,-0.34961,-0.08252,0.92480,-0.42683,0.12195,0.24390
2292,11461,-0.35010,-0.07812,0.92236,-0.42683,0.12195,0.36585
2293,11466,-0.34619,-0.07959,0.92725,-0.30488,0.18293,0.36585
2294,11471,-0.35107,-0.08301,0.92188,-0.18293,0.36585,0.36585
2295,11476,-0.34863,-0.08203,0.92139,-0.36585,0.24390,0.24390
2296,11481,-0.34912,-0.08008,0.92432,-0.36585,0.18293,0.36585
2297,11486,-0.34912,-0.08105,0.92334,-0.24390,0.24390,0.36585
2298,11491,-0.35059,-0.08154,0.92432,-0.42683,0.24390,0.24390
2299,11495,-0.35059,-0.08154,0.92432,-0.42683,0.24390,0.24390
2300,11500,-0.35156,-0.08203,0.92139,-0.48780,0.24390,0.30488
2301,11506,-0.34717,-0.08105,0.92188,-0.54878,0.12195,0.18293
2302,11511,-0.35059,-0.07910,0.92383,-0.54878,0.18293,0.24390
2303,11516,-0.35254,-0.08154,0.92188,-0.54878,0.24390,0.18293
2304,11521,-0.34717,-0.07959,0.92432,-0.36585,0.18293,0.24390
2305,11526,-0.34717,-0.07959,0.92432,-0.36585,0.18293,0.24390
2306,11531,-0.34961,-0.08203,0.92432,-0.36585,0.30488,0.30488
2307,11536,-0.34766,-0.08105,0.92090,-0.48780,0.30488,0.24390
2308,11540,-0.34570,-0.07666,0.92285,-0.42683,0.24390,0.24390
2309,11546,-0.35254,-0.08105,0.92090,-0.36585,0.12195,0.30488
2310,11551,-0.34961,-0.08057,0.91895,-0.18293,0.30488,0.36585
2311,11556,-0.34961,-0.08057,0.91895,-0.18293,0.30488,0.36585
2312,11561,-0.34766,-0.08008,0.92432,-0.30488,0.30488,0.30488
2313,11566,-0.35010,-0.08008,0.92236,-0.30488,0.30488,0.24390
2314,11571,-0.35254,-0.08154,0.92383,-0.36585,0.24390,0.24390
2315,11576,-0.35059,-0.08301,0.91992,-0.36585,0.18293,0.30488
2316,11580,-0.34766,-0.08350,0.91943,-0.48780,0.30488,0.30488
2317,11586,-0.34961,-0.08154,0.92090,-0.36585,0.36585,0.18293
2318,11591,-0.34961,-0.08154,0.92090,-0.36585,0.36585,0.18293
2319,11596,-0.34912,-0.08398,0.92334,-0.30488,0.30488,0.30488
2320,11601,-0.34863,-0.08203,0.92529,-0.42683,0.30488,0.18293
2321,11606,-0.34961,-0.08301,0.92432,-0.36585,0.36585,0.24390
2322,11611,-0.35205,-0.08301,0.92627,-0.36585,0.30488,0.30488
2323,11616,-0.34912,-0.08057,0.91992,-0.36585,0.30488,0.24390
2324,11620,-0.35156,-0.08154,0.92285,-0.36585,0.30488,0.18293
2325,11625,-0.34863,-0.08350,0.92139,-0.36585,0.30488,0.36585
2326,11631,-0.34863,-0.08057,0.92139,-0.30488,0.30488,0.42683
2327,11636,-0.34619,-0.08057,0.92334,-0.24390,0.24390,0.36585
2328,11641,-0.35059,-0.08008,0.91943,-0.30488,0.12195,0.24390
2329,11646,-0.34717,-0.08203,0.92236,-0.42683,0.18293,0.18293
2330,11651,-0.35156,-0.07910,0.91553,-0.54878,0.24390,0.30488
2331,11656,-0.35352,-0.08008,0.92236,-0.42683,0.24390,0.36585
2332,11661,-0.35205,-0.08057,0.92236,-0.48780,0.24390,0.42683
2333,11665,-0.34814,-0.07861,0.92285,-0.54878,0.36585,0.36585
2334,11671,-0.35156,-0.08008,0.92383,-0.42683,0.24390,0.30488
2335,11676,-0.34814,-0.08154,0.92529,-0.24390,0.30488,0.36585
2336,11681,-0.35156,-0.08154,0.92578,-0.48780,0.18293,0.30488
2337,11686,-0.35156,-0.08105,0.91895,-0.54878,0.18293,0.42683
2338,11691,-0.35059,-0.08252,0.92188,-0.48780,0.18293,0.36585
2339,11696,-0.35107,-0.08154,0.92139,-0.48780,0.18293,0.24390
2340,11701,-0.35059,-0.07959,0.92041,-0.48780,0.12195,0.30488
2341,11705,-0.34961,-0.07910,0.92139,-0.48780,0.24390,0.24390
2342,11711,-0.34863,-0.08203,0.92285,-0.54878,0.18293,0.24390
2343,11716,-0.34912,-0.07959,0.92139,-0.54878,0.18293,0.30488
2344,11721,-0.34766,-0.07959,0.92432,-0.48780,0.24390,0.30488
2345,11726,-0.34961,-0.07861,0.92578,-0.42683,0.18293,0.24390
2346,11731,-0.34814,-0.08105,0.92383,-0.42683,0.24390,0.24390
2347,11736,-0.35107,-0.08008,0.92285,-0.36585,0.30488,0.30488
2348,11741,-0.35107,-0.07910,0.92139,-0.36585,0.30488,0.30488
2349,11745,-0.35059,-0.08301,0.92334,-0.42683,0.36585,0.24390
2350,11750,-0.34814,-0.08398,0.92236,-0.36585,0.24390,0.36585
2351,11756,-0.34961,-0.08008,0.92334,-0.48780,0.36585,0.30488
2352,11761,-0.35156,-0.08252,0.91943,-0.42683,0.30488,0.30488
2353,11766,-0.34912,-0.07959,0.92188,-0.36585,0.18293,0.24390
2354,11771,-0.34863,-0.08154,0.92480,-0.30488,0.18293,0.24390
2355,11776,-0.34814,-0.08008,0.92627,-0.24390,0.24390,0.24390
2356,11781,-0.34814,-0.08105,0.92334,-0.36585,0.36585,0.30488
2357,11786,-0.35254,-0.08154,0.92236,-0.42683,0.36585,0.24390
2358,11790,-0.35107,-0.08252,0.92090,-0.42683,0.36585,0.24390
2359,11796,-0.34814,-0.08057,0.92383,-0.42683,0.36585,0.36585
2360,11801,-0.34814,-0.08105,0.92676,-0.24390,0.30488,0.24390
2361,11806,-0.35059,-0.08154,0.92578,-0.54878,0.30488,0.36585
2362,11811,-0.35059,-0.08447,0.92188,-0.48780,0.36585,0.24390
2363,11816,-0.35010,-0.08057,0.92236,-0.42683,0.24390,0.24390
2364,11821,-0.35010,-0.08105,0.92871,-0.42683,0.12195,0.18293
2365,11826,-0.35254,-0.08154,0.92236,-0.42683,0.24390,0.24390
2366,11830,-0.35059,-0.07861,0.92188,-0.42683,0.24390,0.24390
2367,11836,-0.35205,-0.08008,0.92383,-0.36585,0.30488,0.30488
2368,11841,-0.35010,-0.08301,0.92285,-0.36585,0.30488,0.18293
2369,11846,-0.34814,-0.08350,0.92578,-0.42683,0.24390,0.24390
2370,11851,-0.35107,-0.07910,0.91797,-0.42683,0.24390,0.42683
2371,11856,-0.35107,-0.08008,0.91602,-0.36585,0.12195,0.30488
2372,11861,-0.35010,-0.07959,0.92920,-0.54878,0.24390,0.12195
2373,11866,-0.35156,-0.08154,0.92627,-0.42683,0.24390,0.18293
2374,11870,-0.34863,-0.08154,0.91895,-0.42683,0.30488,0.30488
2375,11875,-0.35010,-0.07959,0.92090,-0.48780,0.18293,0.24390
2376,11881,-0.35059,-0.08057,0.92285,-0.36585,0.06098,0.30488
2377,11886,-0.35107,-0.08398,0.92139,-0.18293,0.24390,0.36585
2378,11891,-0.35205,-0.08594,0.91992,-0.48780,0.36585,0.30488
2379,11896,-0.34766,-0.08203,0.92432,-0.36585,0.30488,0.12195
2380,11901,-0.34668,-0.08057,0.92627,-0.30488,0.24390,0.18293
2381,11906,-0.34814,-0.08008,0.92334,-0.54878,0.24390,0.18293
2382,11911,-0.35010,-0.07812,0.92090,-0.42683,0.12195,0.24390
2383,11915,-0.34961,-0.08350,0.92188,-0.30488,0.18293,0.30488
2384,11921,-0.34668,-0.08203,0.92236,-0.36585,0.24390,0.36585
2385,11926,-0.34766,-0.07861,0.92041,-0.42683,0.24390,0.24390
2386,11931,-0.35400,-0.08203,0.92529,-0.42683,0.24390,0.18293
2387,11936,-0.35498,-0.08398,0.92090,-0.60976,0.24390,0.24390
2388,11941,-0.35107,-0.08154,0.92139,-0.42683,0.18293,0.24390
2389,11946,-0.35059,-0.08301,0.92188,-0.42683,0.30488,0.24390
2390,11951,-0.35107,-0.08203,0.92432,-0.42683,0.18293,0.42683
2391,11955,-0.35303,-0.08154,0.92188,-0.18293,0.30488,0.24390
2392,11961,-0.34863,-0.08252,0.91943,-0.36585,0.24390,0.18293
2393,11966,-0.35156,-0.08301,0.92236,-0.36585,0.24390,0.30488
2394,11971,-0.35400,-0.08057,0.92676,-0.54878,0.18293,0.36585
2395,11976,-0.34961,-0.08301,0.92041,-0.67073,0.12195,0.30488
2396,11981,-0.35547,-0.08203,0.91992,-0.60976,0.18293,0.30488
2397,11986,-0.35107,-0.07764,0.92188,-0.42683,0.12195,0.24390
2398,11991,-0.34961,-0.08008,0.92480,-0.48780,0.18293,0.24390
2399,11995,-0.34863,-0.08398,0.92236,-0.42683,0.12195,0.30488
2400,12000,-0.34912,-0.08057,0.92236,-0.48780,0.12195,0.24390
2401,12006,-0.35205,-0.08203,0.92041,-0.36585,0.18293,0.30488
2402,12011,-0.34766,-0.07910,0.92090,-0.42683,0.18293,0.18293
2403,12016,-0.34668,-0.08105,0.92676,-0.30488,0.24390,0.18293
2404,12021,-0.35107,-0.08154,0.92627,-0.42683,0.18293,0.18293
2405,12026,-0.35010,-0.08203,0.92676,-0.36585,0.18293,0.30488
2406,12031,-0.34814,-0.08252,0.92285,-0.24390,0.00000,0.36585
2407,12036,-0.34863,-0.08105,0.92432,-0.42683,0.24390,0.36585
2408,12040,-0.35156,-0.08301,0.92236,-0.30488,0.30488,0.24390
2409,12046,-0.35059,-0.08350,0.92188,-0.36585,0.24390,0.30488
2410,12051,-0.35352,-0.08398,0.92432,-0.42683,0.12195,0.36585
2411,12056,-0.35156,-0.08057,0.92822,-0.60976,0.24390,0.48780
2412,12061,-0.34717,-0.08105,0.92871,-0.48780,0.18293,0.30488
2413,12066,-0.34766,-0.08154,0.92578,-0.60976,0.12195,0.18293
2414,12071,-0.34570,-0.08008,0.92383,-0.48780,0.18293,0.18293
2415,12076,-0.34814,-0.08252,0.92041,-0.42683,0.24390,0.30488
2416,12080,-0.34912,-0.07861,0.92529,-0.42683,0.12195,0.30488
2417,12086,-0.34570,-0.08105,0.92725,-0.42683,0.12195,0.30488
2418,12091,-0.35010,-0.08447,0.91846,-0.30488,0.18293,0.18293
2419,12096,-0.35400,-0.08447,0.91943,-0.48780,0.06098,0.36585
2420,12101,-0.35010,-0.07812,0.92383,-0.48780,0.06098,0.24390
2421,12106,-0.34619,-0.07764,0.92334,-0.48780,0.24390,0.30488
2422,12111,-0.35107,-0.08350,0.92188,-0.36585,0.24390,0.36585
2423,12116,-0.34717,-0.07959,0.92627,-0.42683,0.18293,0.30488
2424,12120,-0.35254,-0.08252,0.92676,-0.36585,0.18293,0.30488
2425,12125,-0.35205,-0.08154,0.92383,-0.42683,0.30488,0.24390
2426,12131,-0.34912,-0.08203,0.92432,-0.36585,0.24390,0.18293
2427,12136,-0.35352,-0.08154,0.92529,-0.48780,0.30488,0.24390
2428,12141,-0.35010,-0.08105,0.92090,-0.48780,0.30488,0.36585
2429,12146,-0.35205,-0.08008,0.92090,-0.30488,0.30488,0.36585
2430,12151,-0.35010,-0.08203,0.92334,-0.36585,0.36585,0.24390
2431,12156,-0.35010,-0.08398,0.92139,-0.36585,0.24390,0.24390
2432,12161,-0.35010,-0.08398,0.92139,-0.36585,0.24390,0.24390
2433,12165,-0.34668,-0.08398,0.92529,-0.42683,0.24390,0.18293
2434,12171,-0.35352,-0.08350,0.91943,-0.36585,0.18293,0.24390
2435,12176,-0.35107,-0.08057,0.92334,-0.54878,0.12195,0.36585
2436,12181,-0.34668,-0.07959,0.92871,-0.48780,0.12195,0.30488
2437,12186,-0.34619,-0.07812,0.92578,-0.36585,0.30488,0.24390
2438,12191,-0.35010,-0.08301,0.92285,-0.36585,0.24390,0.12195
2439,12196,-0.35010,-0.08301,0.92285,-0.36585,0.24390,0.12195
2440,12201,-0.35010,-0.08350,0.92725,-0.48780,0.24390,0.24390
2441,12205,-0.34717,-0.08252,0.92871,-0.42683,0.24390,0.36585
2442,12211,-0.35010,-0.07959,0.92041,-0.36585,0.24390,0.24390
2443,12216,-0.34912,-0.08252,0.92236,-0.42683,0.18293,0.24390
2444,12221,-0.34961,-0.08350,0.92725,-0.48780,0.24390,0.18293
2445,12226,-0.34961,-0.08350,0.92725,-0.48780,0.24390,0.18293
2446,12231,-0.35107,-0.08008,0.92432,-0.42683,0.30488,0.12195
2447,12236,-0.34814,-0.08057,0.92285,-0.42683,0.18293,0.18293
2448,12241,-0.34961,-0.08008,0.92432,-0.42683,0.18293,0.36585
2449,12245,-0.35107,-0.08008,0.91846,-0.42683,0.30488,0.24390
2450,12250,-0.35010,-0.08203,0.92188,-0.48780,0.30488,0.30488
2451,12256,-0.35010,-0.08203,0.92188,-0.42683,0.36585,0.36585
2452,12261,-0.35107,-0.07764,0.91992,-0.48780,0.24390,0.30488
2453,12266,-0.34912,-0.07910,0.92480,-0.42683,0.12195,0.18293
2454,12271,-0.34863,-0.08154,0.92627,-0.36585,0.24390,0.24390
2455,12276,-0.34766,-0.08398,0.91846,-0.48780,0.12195,0.36585
2456,12281,-0.34814,-0.08203,0.92480,-0.42683,0.24390,0.24390
2457,12286,-0.34473,-0.08301,0.92676,-0.42683,0.18293,0.30488
2458,12290,-0.34814,-0.08203,0.92676,-0.42683,0.24390,0.18293
2459,12296,-0.35059,-0.08398,0.92529,-0.36585,0.24390,0.24390
2460,12301,-0.35107,-0.08643,0.91943,-0.42683,0.30488,0.24390
2461,12306,-0.35254,-0.08252,0.92334,-0.42683,0.12195,0.12195
2462,12311,-0.34668,-0.07861,0.92285,-0.42683,0.18293,0.18293
2463,12316,-0.35205,-0.08154,0.92480,-0.42683,0.12195,0.24390
2464,12321,-0.34766,-0.08105,0.92725,-0.48780,0.24390,0.18293
2465,12326,-0.35010,-0.08301,0.91943,-0.42683,0.30488,0.18293
2466,12330,-0.35059,-0.08057,0.92480,-0.48780,0.24390,0.30488
2467,12336,-0.34814,-0.08105,0.92090,-0.24390,0.24390,0.30488
2468,12341,-0.35303,-0.08154,0.92285,-0.30488,0.24390,0.18293
2469,12346,-0.34961,-0.08154,0.92041,-0.30488,0.18293,0.30488
2470,12351,-0.34912,-0.08301,0.92236,-0.42683,0.24390,0.18293
2471,12356,-0.34814,-0.08154,0.92188,-0.36585,0.24390,0.18293
2472,12361,-0.34961,-0.08203,0.92236,-0.36585,0.24390,0.30488
2473,12366,-0.35156,-0.08252,0.92529,-0.30488,0.18293,0.30488
2474,12370,-0.35010,-0.08252,0.92627,-0.42683,0.30488,0.18293
2475,12375,-0.34912,-0.08252,0.92578,-0.36585,0.18293,0.24390
2476,12381,-0.34863,-0.08301,0.92432,-0.48780,0.06098,0.18293
2477,12386,-0.34863,-0.08350,0.92334,-0.30488,0.12195,0.30488
2478,12391,-0.35010,-0.08057,0.92139,-0.36585,0.12195,0.18293
2479,12396,-0.34717,-0.07959,0.91895,-0.42683,0.18293,0.24390
2480,12401,-0.35059,-0.08203,0.91748,-0.42683,0.30488,0.18293
2481,12406,-0.34961,-0.08398,0.92334,-0.30488,0.24390,0.30488
2482,12411,-0.35059,-0.08105,0.91943,-0.42683,0.18293,0.24390
2483,12415,-0.34961,-0.08008,0.92676,-0.30488,0.30488,0.30488
2484,12421,-0.34766,-0.08057,0.92236,-0.30488,0.30488,0.30488
2485,12426,-0.35205,-0.08154,0.91748,-0.42683,0.30488,0.30488
2486,12431,-0.35303,-0.08301,0.92432,-0.42683,0.30488,0.12195
2487,12436,-0.34814,-0.08252,0.92627,-0.42683,0.24390,0.18293
2488,12441,-0.34961,-0.08301,0.92139,-0.36585,0.24390,0.30488
2489,12446,-0.34668,-0.08105,0.92139,-0.54878,0.24390,0.30488
2490,12451,-0.34814,-0.08008,0.92334,-0.36585,0.18293,0.24390
2491,12455,-0.34766,-0.08105,0.92139,-0.24390,0.24390,0.30488
2492,12461,-0.34814,-0.08154,0.92285,-0.42683,0.30488,0.30488
2493,12466,-0.35059,-0.08252,0.92334,-0.42683,0.30488,0.30488
2494,12471,-0.35010,-0.08057,0.92236,-0.42683,0.36585,0.30488
2495,12476,-0.35107,-0.08350,0.92090,-0.42683,0.24390,0.30488
2496,12481,-0.35107,-0.08350,0.92334,-0.48780,0.18293,0.30488
2497,12486,-0.34814,-0.08105,0.92236,-0.42683,0.18293,0.24390
2498,12491,-0.35010,-0.08105,0.92285,-0.36585,0.24390,0.24390
2499,12495,-0.35010,-0.08301,0.92188,-0.42683,0.18293,0.36585
2500,12500,-0.34961,-0.08105,0.92773,-0.42683,0.18293,0.30488
2501,12506,-0.34766,-0.07910,0.92383,-0.48780,0.30488,0.24390
2502,12511,-0.34863,-0.08252,0.91797,-0.54878,0.18293,0.36585
2503,12516,-0.35059,-0.08496,0.92334,-0.67073,0.18293,0.24390
2504,12521,-0.35107,-0.08252,0.92188,-0.60976,0.12195,0.30488
2505,12526,-0.35107,-0.08008,0.92139,-0.42683,0.18293,0.36585
2506,12531,-0.35205,-0.08301,0.92725,-0.42683,0.12195,0.18293
2507,12536,-0.34814,-0.08350,0.92480,-0.30488,0.24390,0.24390
2508,12540,-0.34863,-0.08008,0.92041,-0.24390,0.18293,0.30488
2509,12546,-0.34717,-0.08594,0.92432,-0.42683,0.18293,0.30488
2510,12551,-0.35010,-0.08154,0.92090,-0.42683,0.30488,0.30488
2511,12556,-0.35205,-0.08057,0.92285,-0.48780,0.24390,0.18293
2512,12561,-0.35059,-0.08301,0.92188,-0.36585,0.18293,0.24390
2513,12566,-0.34863,-0.08398,0.91846,-0.36585,0.18293,0.30488
2514,12571,-0.34570,-0.07910,0.92529,-0.54878,0.24390,0.36585
2515,12576,-0.35010,-0.08203,0.92480,-0.48780,0.30488,0.24390
2516,12580,-0.35059,-0.08154,0.92285,-0.24390,0.24390,0.36585
2517,12586,-0.34863,-0.08203,0.92383,-0.42683,0.24390,0.30488
2518,12591,-0.35205,-0.08203,0.92090,-0.36585,0.18293,0.24390
2519,12596,-0.35352,-0.08008,0.91650,-0.42683,0.18293,0.24390
2520,12601,-0.35156,-0.07959,0.92529,-0.36585,0.24390,0.24390
2521,12606,-0.34814,-0.08008,0.92383,-0.24390,0.18293,0.24390
2522,12611,-0.35205,-0.08350,0.92529,-0.54878,0.12195,0.24390
2523,12616,-0.34961,-0.08252,0.92480,-0.60976,0.24390,0.24390
2524,12620,-0.35059,-0.08301,0.92676,-0.48780,0.24390,0.18293
2525,12625,-0.34863,-0.08301,0.92529,-0.24390,0.18293,0.24390
2526,12631,-0.34766,-0.08105,0.92383,-0.30488,0.24390,0.24390
2527,12636,-0.34912,-0.08057,0.92188,-0.42683,0.36585,0.24390
2528,12641,-0.35254,-0.08350,0.92334,-0.48780,0.30488,0.30488
2529,12646,-0.34814,-0.08545,0.92676,-0.48780,0.30488,0.24390
2530,12651,-0.34912,-0.08203,0.92383,-0.48780,0.24390,0.30488
2531,12656,-0.35010,-0.08008,0.92627,-0.30488,0.24390,0.30488
2532,12661,-0.35205,-0.07959,0.92627,-0.36585,0.24390,0.24390
2533,12665,-0.35010,-0.08008,0.92041,-0.30488,0.24390,0.36585
2534,12671,-0.34863,-0.08301,0.91992,-0.24390,0.24390,0.30488
2535,12676,-0.35059,-0.08057,0.92334,-0.36585,0.30488,0.30488
2536,12681,-0.34961,-0.08057,0.92383,-0.48780,0.30488,0.36585
2537,12686,-0.35010,-0.08105,0.92285,-0.30488,0.24390,0.24390
2538,12691,-0.34814,-0.08252,0.92383,-0.36585,0.18293,0.18293
2539,12696,-0.34912,-0.08252,0.92676,-0.60976,0.30488,0.30488
2540,12701,-0.34863,-0.08154,0.92285,-0.42683,0.30488,0.36585
2541,12705,-0.34863,-0.07959,0.92139,-0.36585,0.30488,0.24390
2542,12711,-0.34814,-0.08203,0.91699,-0.42683,0.30488,0.18293
2543,12716,-0.34912,-0.08105,0.92188,-0.36585,0.24390,0.24390
2544,12721,-0.34912,-0.08154,0.92627,-0.42683,0.18293,0.36585
2545,12726,-0.34473,-0.08301,0.92627,-0.42683,0.24390,0.36585
2546,12731,-0.34961,-0.08252,0.92236,-0.30488,0.24390,0.30488
2547,12736,-0.34766,-0.08252,0.92188,-0.36585,0.24390,0.30488
2548,12741,-0.34668,-0.08594,0.92236,-0.30488,0.24390,0.18293
2549,12745,-0.35303,-0.08203,0.92480,-0.36585,0.18293,0.24390
2550,12750,-0.34912,-0.07861,0.92725,-0.60976,0.18293,0.24390
2551,12756,-0.35010,-0.08154,0.92041,-0.42683,0.30488,0.24390
2552,12761,-0.35059,-0.08252,0.92041,-0.24390,0.36585,0.24390
2553,12766,-0.34814,-0.07666,0.92480,-0.36585,0.24390,0.30488
2554,12771,-0.35059,-0.08105,0.92090,-0.54878,0.12195,0.18293
2555,12776,-0.34766,-0.08105,0.92676,-0.42683,0.06098,0.30488
2556,12781,-0.34717,-0.08008,0.92383,-0.36585,0.18293,0.24390
2557,12786,-0.34766,-0.07910,0.91943,-0.48780,0.30488,0.24390
2558,12790,-0.34717,-0.08301,0.92529,-0.60976,0.06098,0.18293
2559,12796,-0.34961,-0.07910,0.92432,-0.48780,0.24390,0.36585
2560,12801,-0.34766,-0.07959,0.92285,-0.42683,0.30488,0.36585
2561,12806,-0.35352,-0.08057,0.92383,-0.36585,0.24390,0.30488
2562,12811,-0.35303,-0.08203,0.92285,-0.42683,0.36585,0.18293
2563,12816,-0.34863,-0.08105,0.92578,-0.54878,0.18293,0.24390
2564,12821,-0.34863,-0.08105,0.92480,-0.42683,0.30488,0.36585
2565,12826,-0.35156,-0.08154,0.92188,-0.42683,0.30488,0.30488
2566,12830,-0.35156,-0.08154,0.92188,-0.42683,0.30488,0.30488
2567,12836,-0.35010,-0.07959,0.92432,-0.30488,0.24390,0.24390
2568,12841,-0.34863,-0.08203,0.92480,-0.42683,0.18293,0.48780
2569,12846,-0.35156,-0.08154,0.92383,-0.60976,0.18293,0.30488
2570,12851,-0.34570,-0.07959,0.92334,-0.54878,0.30488,0.24390
2571,12856,-0.34863,-0.08154,0.92480,-0.36585,0.18293,0.30488
2572,12861,-0.34863,-0.08154,0.92480,-0.36585,0.18293,0.30488
2573,12866,-0.35107,-0.08057,0.91992,-0.42683,0.30488,0.24390
2574,12870,-0.35010,-0.08203,0.92139,-0.54878,0.24390,0.18293
2575,12875,-0.34473,-0.08301,0.92627,-0.48780,0.18293,0.30488
2576,12881,-0.34912,-0.08203,0.92578,-0.48780,0.24390,0.24390
2577,12886,-0.34912,-0.08252,0.92334,-0.48780,0.30488,0.24390
2578,12891,-0.34961,-0.08154,0.92480,-0.42683,0.36585,0.30488
2579,12896,-0.34961,-0.08154,0.92480,-0.42683,0.36585,0.30488
2580,12901,-0.34863,-0.08203,0.91797,-0.42683,0.06098,0.36585
2581,12906,-0.34961,-0.08057,0.91992,-0.48780,0.06098,0.30488
2582,12911,-0.34863,-0.07861,0.92383,-0.36585,0.18293,0.30488
2583,12915,-0.35205,-0.08008,0.91895,-0.48780,0.24390,0.24390
2584,12921,-0.34521,-0.08154,0.92578,-0.36585,0.18293,0.18293
2585,12926,-0.34521,-0.08154,0.92578,-0.36585,0.18293,0.18293
2586,12931,-0.35010,-0.08252,0.92920,-0.36585,0.24390,0.24390
2587,12936,-0.35107,-0.08057,0.92334,-0.48780,0.36585,0.30488
2588,12941,-0.35010,-0.07959,0.92041,-0.36585,0.30488,0.24390
2589,12946,-0.35254,-0.08496,0.91895,-0.42683,0.24390,0.12195
2590,12951,-0.34961,-0.08105,0.92041,-0.36585,0.30488,0.30488
2591,12955,-0.35156,-0.08252,0.92139,-0.42683,0.30488,0.24390
2592,12961,-0.35107,-0.08301,0.92188,-0.30488,0.30488,0.24390
2593,12966,-0.35059,-0.08154,0.92627,-0.36585,0.24390,0.18293
2594,12971,-0.34521,-0.07812,0.92529,-0.24390,0.42683,0.12195
2595,12976,-0.35205,-0.08203,0.92188,-0.42683,0.36585,0.24390
2596,12981,-0.35449,-0.08154,0.91943,-0.42683,0.18293,0.18293
2597,12986,-0.35254,-0.08008,0.91943,-0.48780,0.24390,0.18293
2598,12991,-0.34766,-0.07861,0.92529,-0.42683,0.30488,0.18293
2599,12995,-0.34766,-0.08057,0.91992,-0.30488,0.30488,0.30488
2600,13000,-0.34717,-0.07959,0.92578,-0.30488,0.24390,0.30488
2601,13006,-0.35059,-0.08398,0.92871,-0.42683,0.42683,0.24390
2602,13011,-0.35254,-0.08105,0.91895,-0.36585,0.36585,0.18293
2603,13016,-0.35059,-0.08398,0.92529,-0.42683,0.36585,0.36585
2604,13021,-0.35156,-0.08105,0.92334,-0.60976,0.48780,0.36585
2605,13026,-0.34863,-0.08154,0.91553,-0.36585,0.36585,0.18293
2606,13031,-0.34961,-0.07910,0.92432,-0.42683,0.30488,0.18293
2607,13036,-0.34912,-0.08154,0.92529,-0.48780,0.36585,0.24390
2608,13040,-0.35254,-0.08447,0.92090,-0.42683,0.36585,0.36585
2609,13046,-0.35156,-0.08496,0.92432,-0.54878,0.18293,0.24390
2610,13051,-0.34863,-0.08301,0.91992,-0.42683,0.24390,0.18293
2611,13056,-0.35156,-0.08057,0.92529,-0.42683,0.18293,0.36585
2612,13061,-0.34912,-0.08154,0.92480,-0.54878,0.24390,0.36585
2613,13066,-0.35205,-0.08545,0.92139,-0.54878,0.36585,0.24390
2614,13071,-0.35059,-0.08057,0.92383,-0.36585,0.36585,0.12195
2615,13076,-0.34863,-0.07568,0.92773,-0.36585,0.36585,0.42683
2616,13080,-0.34814,-0.07910,0.92188,-0.42683,0.42683,0.18293
2617,13086,-0.34961,-0.08105,0.92285,-0.30488,0.30488,0.18293
2618,13091,-0.35303,-0.08398,0.92334,-0.42683,0.30488,0.30488
2619,13096,-0.35107,-0.08105,0.92188,-0.42683,0.30488,0.30488
2620,13101,-0.35107,-0.07959,0.92236,-0.42683,0.24390,0.30488
2621,13106,-0.35254,-0.08447,0.92188,-0.42683,0.30488,0.18293
2622,13111,-0.34814,-0.08447,0.92480,-0.48780,0.30488,0.18293
2623,13116,-0.35400,-0.08057,0.92285,-0.48780,0.30488,0.24390
2624,13120,-0.35010,-0.08398,0.92529,-0.54878,0.30488,0.24390
2625,13125,-0.34863,-0.08350,0.92285,-0.42683,0.30488,0.24390
2626,13131,-0.34619,-0.08008,0.91943,-0.30488,0.36585,0.18293
2627,13136,-0.34961,-0.08105,0.91895,-0.36585,0.36585,0.24390
2628,13141,-0.34961,-0.08203,0.92529,-0.54878,0.30488,0.30488
2629,13146,-0.34717,-0.08154,0.92578,-0.36585,0.42683,0.24390
2630,13151,-0.35010,-0.08301,0.92383,-0.36585,0.30488,0.30488
2631,13156,-0.35059,-0.08154,0.92090,-0.48780,0.24390,0.36585
2632,13161,-0.35205,-0.08057,0.92090,-0.42683,0.18293,0.36585
2633,13165,-0.35010,-0.08105,0.92236,-0.36585,0.24390,0.24390
2634,13171,-0.34961,-0.08105,0.92090,-0.54878,0.24390,0.24390
2635,13176,-0.34961,-0.08105,0.92188,-0.42683,0.30488,0.24390
2636,13181,-0.34863,-0.08203,0.92236,-0.36585,0.18293,0.30488
2637,13186,-0.35400,-0.08252,0.92139,-0.36585,0.30488,0.24390
2638,13191,-0.35059,-0.08057,0.92285,-0.36585,0.24390,0.24390
2639,13196,-0.35010,-0.08008,0.92285,-0.48780,0.12195,0.30488
2640,13201,-0.35205,-0.08057,0.92236,-0.42683,0.18293,0.24390
2641,13205,-0.35205,-0.08057,0.92090,-0.42683,0.24390,0.24390
2642,13211,-0.34619,-0.07959,0.92725,-0.42683,0.24390,0.24390
2643,13216,-0.35107,-0.08545,0.92139,-0.54878,0.18293,0.18293
2644,13221,-0.35156,-0.07861,0.92188,-0.42683,0.24390,0.18293
2645,13226,-0.35156,-0.07715,0.92480,-0.36585,0.30488,0.24390
2646,13231,-0.35449,-0.07959,0.92041,-0.30488,0.24390,0.30488
2647,13236,-0.34863,-0.08252,0.92432,-0.36585,0.24390,0.30488
2648,13241,-0.34961,-0.08203,0.92090,-0.36585,0.24390,0.24390
2649,13245,-0.34814,-0.07910,0.92383,-0.36585,0.12195,0.30488
2650,13250,-0.35059,-0.08008,0.92725,-0.18293,0.18293,0.30488
2651,13256,-0.34912,-0.07910,0.92480,-0.36585,0.12195,0.24390
2652,13261,-0.34961,-0.08057,0.92432,-0.42683,0.24390,0.12195
2653,13266,-0.34863,-0.08057,0.92090,-0.48780,0.18293,0.12195
2654,13271,-0.35059,-0.08057,0.92041,-0.42683,0.24390,0.30488
2655,13276,-0.34961,-0.08154,0.92822,-0.54878,0.36585,0.24390
2656,13281,-0.34668,-0.08301,0.92188,-0.30488,0.42683,0.30488
2657,13286,-0.34961,-0.08105,0.92480,-0.42683,0.24390,0.24390
2658,13290,-0.35400,-0.08008,0.92188,-0.48780,0.30488,0.30488
2659,13296,-0.35059,-0.08057,0.92822,-0.42683,0.30488,0.24390
2660,13301,-0.35107,-0.08301,0.92529,-0.36585,0.12195,0.24390
2661,13306,-0.35107,-0.08447,0.92090,-0.48780,0.30488,0.18293
2662,13311,-0.34717,-0.08252,0.92188,-0.60976,0.24390,0.24390
2663,13316,-0.34863,-0.08496,0.91846,-0.54878,0.12195,0.12195
2664,13321,-0.35059,-0.08301,0.92529,-0.60976,0.18293,0.24390
2665,13326,-0.35205,-0.08447,0.92676,-0.54878,0.30488,0.24390
2666,13330,-0.35156,-0.07861,0.92383,-0.48780,0.18293,0.24390
2667,13336,-0.35156,-0.07910,0.92188,-0.54878,0.24390,0.36585
2668,13341,-0.35107,-0.08301,0.92041,-0.36585,0.30488,0.30488
2669,13346,-0.35059,-0.08154,0.92383,-0.30488,0.30488,0.12195
2670,13351,-0.35156,-0.08252,0.92188,-0.24390,0.18293,0.36585
2671,13356,-0.35254,-0.08301,0.92188,-0.48780,0.24390,0.18293
2672,13361,-0.35156,-0.08008,0.92139,-0.36585,0.24390,0.18293
2673,13366,-0.34961,-0.08252,0.91943,-0.30488,0.30488,0.24390
2674,13370,-0.34766,-0.08252,0.91943,-0.30488,0.06098,0.18293
2675,13375,-0.35059,-0.07959,0.92090,-0.48780,0.18293,0.18293
2676,13381,-0.35156,-0.08350,0.92236,-0.48780,0.30488,0.18293
2677,13386,-0.35254,-0.08301,0.92236,-0.48780,0.24390,0.30488
2678,13391,-0.35107,-0.08057,0.92383,-0.48780,0.24390,0.30488
2679,13396,-0.34521,-0.07861,0.92676,-0.48780,0.12195,0.24390
2680,13401,-0.34570,-0.08154,0.92090,-0.42683,0.18293,0.24390
2681,13406,-0.35449,-0.08545,0.92139,-0.48780,0.36585,0.18293
2682,13411,-0.35547,-0.08447,0.92188,-0.42683,0.30488,0.30488
2683,13415,-0.35303,-0.08105,0.92383,-0.30488,0.24390,0.30488
2684,13421,-0.34863,-0.08105,0.92432,-0.54878,0.18293,0.24390
2685,13426,-0.35107,-0.07959,0.92236,-0.42683,0.18293,0.30488
2686,13431,-0.35010,-0.08105,0.92139,-0.54878,0.24390,0.24390
2687,13436,-0.35254,-0.08008,0.92090,-0.42683,0.18293,0.24390
2688,13441,-0.34961,-0.08203,0.92383,-0.18293,0.12195,0.30488
2689,13446,-0.34668,-0.07910,0.92334,-0.30488,0.06098,0.18293
2690,13451,-0.34766,-0.08154,0.92041,-0.36585,0.18293,0.30488
2691,13455,-0.34717,-0.07959,0.92090,-0.48780,0.18293,0.24390
2692,13461,-0.35254,-0.08301,0.92090,-0.42683,0.24390,0.24390
2693,13466,-0.35156,-0.08154,0.92188,-0.36585,0.30488,0.30488
2694,13471,-0.35156,-0.08154,0.92383,-0.36585,0.18293,0.30488
2695,13476,-0.35010,-0.08496,0.92041,-0.54878,0.12195,0.30488
2696,13481,-0.35254,-0.08301,0.92383,-0.48780,0.06098,0.36585
2697,13486,-0.35254,-0.07764,0.92383,-0.36585,0.24390,0.18293
2698,13491,-0.34961,-0.08105,0.92041,-0.42683,0.18293,0.24390
2699,13495,-0.35254,-0.08350,0.92676,-0.42683,0.12195,0.36585
2700,13500,-0.35254,-0.08350,0.92676,-0.42683,0.12195,0.36585
2701,13506,-0.34717,-0.08350,0.92383,-0.30488,0.18293,0.24390
2702,13511,-0.35107,-0.08154,0.92578,-0.36585,0.18293,0.30488
2703,13516,-0.35156,-0.07959,0.92188,-0.36585,0.24390,0.30488
2704,13521,-0.34961,-0.08252,0.91602,-0.30488,0.18293,0.24390
2705,13526,-0.35010,-0.08301,0.92334,-0.48780,0.24390,0.30488
2706,13531,-0.35010,-0.08301,0.92334,-0.48780,0.24390,0.30488
2707,13536,-0.35449,-0.08252,0.92041,-0.54878,0.24390,0.18293
2708,13540,-0.34912,-0.08496,0.91748,-0.48780,0.24390,0.30488
2709,13546,-0.35352,-0.08105,0.92236,-0.36585,0.24390,0.18293
2710,13551,-0.35498,-0.08350,0.91846,-0.30488,0.24390,0.18293
2711,13556,-0.35010,-0.08154,0.92139,-0.48780,0.18293,0.30488
2712,13561,-0.35010,-0.08154,0.92139,-0.48780,0.18293,0.30488
2713,13566,-0.34766,-0.08154,0.92383,-0.48780,0.18293,0.18293
2714,13571,-0.34766,-0.08350,0.92676,-0.48780,0.18293,0.18293
2715,13576,-0.35010,-0.08496,0.91992,-0.36585,0.12195,0.24390
2716,13580,-0.34912,-0.08057,0.91846,-0.42683,0.24390,0.30488
2717,13586,-0.34814,-0.08105,0.92334,-0.42683,0.24390,0.36585
2718,13591,-0.34814,-0.08105,0.92334,-0.42683,0.24390,0.36585
2719,13596,-0.35107,-0.08057,0.92090,-0.48780,0.30488,0.36585
2720,13601,-0.34961,-0.08301,0.92041,-0.54878,0.18293,0.12195
2721,13606,-0.35010,-0.08350,0.92090,-0.48780,0.12195,0.30488
2722,13611,-0.34961,-0.08057,0.91992,-0.48780,0.18293,0.30488
2723,13616,-0.35010,-0.07959,0.92969,-0.54878,0.12195,0.36585
2724,13620,-0.35205,-0.08252,0.92139,-0.42683,0.12195,0.36585
2725,13625,-0.35107,-0.08203,0.92432,-0.36585,0.18293,0.24390
2726,13631,-0.35303,-0.08008,0.92090,-0.54878,0.18293,0.30488
2727,13636,-0.35107,-0.08008,0.92041,-0.48780,0.24390,0.42683
2728,13641,-0.35205,-0.08301,0.92139,-0.42683,0.12195,0.24390
2729,13646,-0.35107,-0.08203,0.91943,-0.48780,0.24390,0.12195
2730,13651,-0.34912,-0.08301,0.92139,-0.48780,0.18293,0.18293
2731,13656,-0.35010,-0.08105,0.92480,-0.60976,0.00000,0.36585
2732,13661,-0.34912,-0.07959,0.92432,-0.42683,0.18293,0.30488
2733,13665,-0.34473,-0.08301,0.92236,-0.48780,0.36585,0.24390
2734,13671,-0.35205,-0.08301,0.92041,-0.42683,0.24390,0.24390
2735,13676,-0.35156,-0.08301,0.92188,-0.36585,0.18293,0.18293
2736,13681,-0.35107,-0.08105,0.92188,-0.54878,0.30488,0.18293
2737,13686,-0.34717,-0.08057,0.91846,-0.48780,0.18293,0.24390
2738,13691,-0.35254,-0.08057,0.92090,-0.36585,0.24390,0.30488
2739,13696,-0.34961,-0.08057,0.92041,-0.36585,0.18293,0.42683
2740,13701,-0.35010,-0.07861,0.92334,-0.36585,0.30488,0.36585
2741,13705,-0.34961,-0.08008,0.92676,-0.30488,0.24390,0.18293
2742,13711,-0.35059,-0.07959,0.92627,-0.42683,0.12195,0.30488
2743,13716,-0.34863,-0.07959,0.92383,-0.24390,0.12195,0.30488
2744,13721,-0.35059,-0.08350,0.92139,-0.30488,0.18293,0.36585
2745,13726,-0.35205,-0.08154,0.92432,-0.36585,0.18293,0.30488
2746,13731,-0.34961,-0.08154,0.92529,-0.36585,0.18293,0.36585
2747,13736,-0.35010,-0.08203,0.91895,-0.30488,0.18293,0.36585
2748,13741,-0.34766,-0.08008,0.91748,-0.36585,0.18293,0.30488
2749,13745,-0.34668,-0.08105,0.92188,-0.54878,0.18293,0.30488
2750,13750,-0.35059,-0.08105,0.92480,-0.30488,0.18293,0.30488
2751,13756,-0.34814,-0.08057,0.92725,-0.48780,0.18293,0.30488
2752,13761,-0.35254,-0.08398,0.92188,-0.42683,0.24390,0.18293
2753,13766,-0.34766,-0.08350,0.92480,-0.42683,0.24390,0.30488
2754,13771,-0.34863,-0.08154,0.92676,-0.24390,0.18293,0.36585
2755,13776,-0.35156,-0.08203,0.92578,-0.36585,0.12195,0.24390
2756,13781,-0.35059,-0.08350,0.92480,-0.42683,0.12195,0.30488
2757,13786,-0.35010,-0.08301,0.91699,-0.42683,0.18293,0.24390
2758,13790,-0.35205,-0.08301,0.91943,-0.54878,0.24390,0.24390
2759,13796,-0.34863,-0.08301,0.92334,-0.24390,0.30488,0.30488
2760,13801,-0.35059,-0.07959,0.92188,-0.42683,0.18293,0.24390
2761,13806,-0.35059,-0.07812,0.92236,-0.48780,0.18293,0.24390
2762,13811,-0.34961,-0.08252,0.92529,-0.42683,0.24390,0.24390
2763,13816,-0.34863,-0.08203,0.92285,-0.36585,0.18293,0.24390
2764,13821,-0.34619,-0.08252,0.92529,-0.42683,0.12195,0.30488
2765,13826,-0.34814,-0.08105,0.92432,-0.48780,0.12195,0.36585
2766,13830,-0.35303,-0.08301,0.91943,-0.54878,0.24390,0.24390
2767,13836,-0.35547,-0.08350,0.92090,-0.42683,0.18293,0.24390
2768,13841,-0.35107,-0.08105,0.91846,-0.42683,0.30488,0.24390
2769,13846,-0.35059,-0.08203,0.91846,-0.30488,0.24390,0.24390
2770,13851,-0.34912,-0.08203,0.92432,-0.42683,0.06098,0.18293
2771,13856,-0.34863,-0.08154,0.92578,-0.48780,0.18293,0.18293
2772,13861,-0.34619,-0.08008,0.92627,-0.42683,0.24390,0.24390
2773,13866,-0.34814,-0.08398,0.92480,-0.36585,0.24390,0.24390
2774,13870,-0.34814,-0.08154,0.91992,-0.30488,0.18293,0.24390
2775,13875,-0.34961,-0.08154,0.92285,-0.54878,0.30488,0.24390
2776,13881,-0.34912,-0.08301,0.92432,-0.48780,0.24390,0.30488
2777,13886,-0.34961,-0.08105,0.92236,-0.42683,0.30488,0.36585
2778,13891,-0.35205,-0.08105,0.91895,-0.54878,0.30488,0.30488
2779,13896,-0.35010,-0.08203,0.92383,-0.48780,0.24390,0.24390
2780,13901,-0.34863,-0.08252,0.92139,-0.48780,0.24390,0.24390
2781,13906,-0.35107,-0.08203,0.91895,-0.30488,0.18293,0.24390
2782,13911,-0.34912,-0.08203,0.92480,-0.42683,0.30488,0.24390
2783,13915,-0.34863,-0.08398,0.92236,-0.36585,0.30488,0.24390
2784,13921,-0.35010,-0.08203,0.92285,-0.36585,0.18293,0.30488
2785,13926,-0.34668,-0.08203,0.92139,-0.48780,0.18293,0.30488
2786,13931,-0.34668,-0.08008,0.92188,-0.36585,0.30488,0.18293
2787,13936,-0.35303,-0.08057,0.91943,-0.36585,0.24390,0.12195
2788,13941,-0.35156,-0.08105,0.92334,-0.54878,0.18293,0.24390
2789,13946,-0.34961,-0.08203,0.92334,-0.48780,0.24390,0.24390
2790,13951,-0.35010,-0.08350,0.92285,-0.30488,0.30488,0.24390
2791,13955,-0.35205,-0.08594,0.92383,-0.36585,0.24390,0.24390
2792,13961,-0.34668,-0.08057,0.92578,-0.54878,0.36585,0.24390
2793,13966,-0.34766,-0.08154,0.92383,-0.36585,0.24390,0.30488
2794,13971,-0.34912,-0.08301,0.92480,-0.24390,0.12195,0.24390
2795,13976,-0.34961,-0.08252,0.92480,-0.48780,0.24390,0.30488
2796,13981,-0.34766,-0.08252,0.92529,-0.36585,0.18293,0.30488
2797,13986,-0.35156,-0.08057,0.92529,-0.42683,0.24390,0.24390
2798,13991,-0.35010,-0.08105,0.92334,-0.24390,0.18293,0.36585
2799,13995,-0.34814,-0.07861,0.92188,-0.42683,0.30488,0.24390
2800,14000,-0.35107,-0.07861,0.91943,-0.42683,0.12195,0.30488
2801,14006,-0.35400,-0.07812,0.91895,-0.54878,0.12195,0.30488
2802,14011,-0.34766,-0.08203,0.92529,-0.42683,0.06098,0.24390
2803,14016,-0.34912,-0.08350,0.92432,-0.36585,0.24390,0.30488
2804,14021,-0.34766,-0.08203,0.92041,-0.24390,0.18293,0.30488
2805,14026,-0.34717,-0.08301,0.92090,-0.30488,0.18293,0.18293
2806,14031,-0.35352,-0.08203,0.91748,-0.24390,0.30488,0.24390
2807,14036,-0.35156,-0.08057,0.91846,-0.42683,0.30488,0.18293
2808,14040,-0.34717,-0.08350,0.92139,-0.48780,0.18293,0.18293
2809,14046,-0.34814,-0.08350,0.92188,-0.48780,0.18293,0.30488
2810,14051,-0.35010,-0.08154,0.92432,-0.42683,0.18293,0.30488
2811,14056,-0.34912,-0.07910,0.92725,-0.42683,0.30488,0.30488
2812,14061,-0.34912,-0.08203,0.92236,-0.30488,0.18293,0.24390
2813,14066,-0.35400,-0.08301,0.91943,-0.48780,0.24390,0.30488
2814,14071,-0.35156,-0.08154,0.92041,-0.36585,0.18293,0.24390
2815,14076,-0.34863,-0.07959,0.92041,-0.42683,0.12195,0.30488
2816,14080,-0.35205,-0.08252,0.91699,-0.30488,0.18293,0.24390
2817,14086,-0.34717,-0.08105,0.92285,-0.36585,0.24390,0.30488
2818,14091,-0.34961,-0.08301,0.92627,-0.42683,0.24390,0.24390
2819,14096,-0.34863,-0.08252,0.92041,-0.36585,0.18293,0.18293
2820,14101,-0.34717,-0.08154,0.92334,-0.36585,0.18293,0.18293
2821,14106,-0.35010,-0.08057,0.92529,-0.30488,0.30488,0.30488
2822,14111,-0.34814,-0.08057,0.92236,-0.48780,0.30488,0.30488
2823,14116,-0.34961,-0.08350,0.92041,-0.42683,0.30488,0.30488
2824,14120,-0.34863,-0.08008,0.92334,-0.42683,0.30488,0.30488
2825,14125,-0.35010,-0.08203,0.92480,-0.48780,0.24390,0.30488
2826,14131,-0.35010,-0.08398,0.92334,-0.48780,0.06098,0.30488
2827,14136,-0.35107,-0.08154,0.91992,-0.42683,0.18293,0.24390
2828,14141,-0.35010,-0.08154,0.92090,-0.42683,0.18293,0.24390
2829,14146,-0.34863,-0.08496,0.92383,-0.42683,0.24390,0.18293
2830,14151,-0.34912,-0.07959,0.92383,-0.48780,0.30488,0.36585
2831,14156,-0.35547,-0.08154,0.92334,-0.42683,0.30488,0.30488
2832,14161,-0.34814,-0.08008,0.92529,-0.36585,0.30488,0.30488
2833,14165,-0.34814,-0.08008,0.92529,-0.36585,0.30488,0.30488
2834,14171,-0.35205,-0.08301,0.92285,-0.36585,0.24390,0.30488
2835,14176,-0.34814,-0.08447,0.92188,-0.30488,0.24390,0.30488
2836,14181,-0.35156,-0.08301,0.92432,-0.30488,0.30488,0.30488
2837,14186,-0.35107,-0.08350,0.92383,-0.42683,0.36585,0.18293
2838,14191,-0.35059,-0.07910,0.92334,-0.54878,0.18293,0.24390
2839,14196,-0.35059,-0.07910,0.92334,-0.54878,0.18293,0.24390
2840,14201,-0.34668,-0.08057,0.92285,-0.42683,0.18293,0.36585
2841,14205,-0.34912,-0.08398,0.92188,-0.42683,0.30488,0.24390
2842,14211,-0.34863,-0.08398,0.92041,-0.60976,0.18293,0.24390
2843,14216,-0.34570,-0.08350,0.91992,-0.42683,0.24390,0.18293
2844,14221,-0.35205,-0.08252,0.92285,-0.48780,0.30488,0.12195
2845,14226,-0.35254,-0.08398,0.92236,-0.36585,0.42683,0.18293
2846,14231,-0.35254,-0.08398,0.92236,-0.36585,0.42683,0.18293
2847,14236,-0.35254,-0.08252,0.92236,-0.36585,0.36585,0.24390
2848,14241,-0.34961,-0.07666,0.91992,-0.48780,0.24390,0.24390
2849,14245,-0.35010,-0.07959,0.91748,-0.54878,0.24390,0.24390
2850,14250,-0.35059,-0.08301,0.92432,-0.42683,0.24390,0.30488
2851,14256,-0.35010,-0.08350,0.92139,-0.42683,0.18293,0.24390
2852,14261,-0.35010,-0.08350,0.92139,-0.42683,0.18293,0.24390
2853,14266,-0.35059,-0.08447,0.92383,-0.42683,0.06098,0.30488
2854,14271,-0.35010,-0.08350,0.92090,-0.42683,0.18293,0.30488
2855,14276,-0.35156,-0.08447,0.92285,-0.30488,0.12195,0.24390
2856,14281,-0.35303,-0.08398,0.92334,-0.36585,0.24390,0.18293
2857,14286,-0.34863,-0.08350,0.91992,-0.36585,0.30488,0.30488
2858,14290,-0.34570,-0.08154,0.92627,-0.36585,0.24390,0.24390
2859,14296,-0.35107,-0.08105,0.91943,-0.42683,0.18293,0.18293
2860,14301,-0.35107,-0.08398,0.92090,-0.36585,0.30488,0.24390
2861,14306,-0.35156,-0.08252,0.92188,-0.42683,0.30488,0.30488
2862,14311,-0.34766,-0.08203,0.92432,-0.48780,0.30488,0.36585
2863,14316,-0.35254,-0.08252,0.92236,-0.42683,0.18293,0.24390
2864,14321,-0.34863,-0.08252,0.92139,-0.42683,0.24390,0.30488
2865,14326,-0.34668,-0.08105,0.92236,-0.36585,0.18293,0.18293
2866,14330,-0.34717,-0.07910,0.92871,-0.48780,0.24390,0.18293
2867,14336,-0.35059,-0.08252,0.92041,-0.42683,0.30488,0.24390
2868,14341,-0.35059,-0.08301,0.92236,-0.48780,0.24390,0.24390
2869,14346,-0.34961,-0.08203,0.92090,-0.24390,0.30488,0.36585
2870,14351,-0.34814,-0.08105,0.92432,-0.18293,0.24390,0.36585
2871,14356,-0.35010,-0.08057,0.92041,-0.36585,0.36585,0.30488
2872,14361,-0.35156,-0.08447,0.91943,-0.48780,0.30488,0.24390
2873,14366,-0.35010,-0.08057,0.92041,-0.48780,0.30488,0.24390
2874,14370,-0.35352,-0.08154,0.92432,-0.42683,0.30488,0.30488
2875,14375,-0.35254,-0.08057,0.92383,-0.30488,0.30488,0.30488
2876,14381,-0.35205,-0.08252,0.92285,-0.42683,0.30488,0.30488
2877,14386,-0.34961,-0.08398,0.91650,-0.36585,0.24390,0.24390
2878,14391,-0.34717,-0.08105,0.92041,-0.36585,0.30488,0.36585
2879,14396,-0.35156,-0.08203,0.91943,-0.42683,0.30488,0.36585
2880,14401,-0.34863,-0.08203,0.92529,-0.36585,0.18293,0.30488
2881,14406,-0.34570,-0.08643,0.92676,-0.24390,0.18293,0.24390
2882,14411,-0.35205,-0.08350,0.92725,-0.30488,0.12195,0.36585
2883,14415,-0.34619,-0.08057,0.92529,-0.48780,0.24390,0.24390
2884,14421,-0.34814,-0.08203,0.92090,-0.42683,0.30488,0.30488
2885,14426,-0.35400,-0.08105,0.92139,-0.36585,0.18293,0.18293
2886,14431,-0.35303,-0.08008,0.92383,-0.36585,0.18293,0.24390
2887,14436,-0.34961,-0.08008,0.92090,-0.42683,0.30488,0.18293
2888,14441,-0.34863,-0.08301,0.92188,-0.48780,0.24390,0.24390
2889,14446,-0.35059,-0.08398,0.92383,-0.48780,0.30488,0.18293
2890,14451,-0.34814,-0.08447,0.92285,-0.30488,0.18293,0.18293
2891,14455,-0.35010,-0.08008,0.91943,-0.36585,0.24390,0.18293
2892,14461,-0.34961,-0.08105,0.92139,-0.36585,0.24390,0.30488
2893,14466,-0.34717,-0.08252,0.92383,-0.48780,0.30488,0.30488
2894,14471,-0.35303,-0.08154,0.92383,-0.42683,0.24390,0.24390
2895,14476,-0.34961,-0.08154,0.91992,-0.48780,0.24390,0.30488
2896,14481,-0.35205,-0.08057,0.92041,-0.42683,0.18293,0.36585
2897,14486,-0.35059,-0.08350,0.92090,-0.54878,0.24390,0.24390
2898,14491,-0.34863,-0.08301,0.92383,-0.30488,0.24390,0.12195
2899,14495,-0.34961,-0.08643,0.92236,-0.36585,0.24390,0.30488
2900,14500,-0.34814,-0.08154,0.92188,-0.42683,0.24390,0.30488
2901,14506,-0.34863,-0.08008,0.92188,-0.60976,0.18293,0.24390
2902,14511,-0.34814,-0.08105,0.91992,-0.54878,0.12195,0.30488
2903,14516,-0.35059,-0.08301,0.92578,-0.48780,0.12195,0.24390
2904,14521,-0.34717,-0.07959,0.92432,-0.36585,0.24390,0.30488
2905,14526,-0.34863,-0.08252,0.92383,-0.36585,0.24390,0.24390
2906,14531,-0.35059,-0.08203,0.92139,-0.42683,0.36585,0.24390
2907,14536,-0.35352,-0.08203,0.92188,-0.48780,0.30488,0.30488
2908,14540,-0.34619,-0.07910,0.92139,-0.48780,0.18293,0.36585
2909,14546,-0.35205,-0.08350,0.92041,-0.42683,0.24390,0.30488
2910,14551,-0.35107,-0.08496,0.92139,-0.54878,0.24390,0.12195
2911,14556,-0.34912,-0.08057,0.91943,-0.60976,0.30488,0.18293
2912,14561,-0.34717,-0.07861,0.92090,-0.42683,0.18293,0.24390
2913,14566,-0.35254,-0.08154,0.92383,-0.42683,0.06098,0.30488
2914,14571,-0.35303,-0.08496,0.92236,-0.30488,0.24390,0.30488
2915,14576,-0.34863,-0.08496,0.91895,-0.24390,0.18293,0.18293
2916,14580,-0.34961,-0.07764,0.92090,-0.36585,0.18293,0.30488
2917,14586,-0.35156,-0.08154,0.92676,-0.54878,0.18293,0.30488
2918,14591,-0.35059,-0.08447,0.92236,-0.48780,0.18293,0.30488
2919,14596,-0.35059,-0.07959,0.92236,-0.42683,0.06098,0.36585
2920,14601,-0.34619,-0.08203,0.92480,-0.42683,0.24390,0.36585
2921,14606,-0.34766,-0.08398,0.92627,-0.42683,0.18293,0.30488
2922,14611,-0.35156,-0.07959,0.92480,-0.42683,0.18293,0.36585
2923,14616,-0.34863,-0.08105,0.92383,-0.42683,0.24390,0.24390
2924,14620,-0.34863,-0.08350,0.92139,-0.36585,0.18293,0.30488
2925,14625,-0.35400,-0.07812,0.91797,-0.18293,0.24390,0.30488
2926,14631,-0.35010,-0.08203,0.92090,-0.42683,0.12195,0.30488
2927,14636,-0.34863,-0.08301,0.92627,-0.54878,0.12195,0.36585
2928,14641,-0.34912,-0.08252,0.91943,-0.48780,0.24390,0.36585
2929,14646,-0.34717,-0.08008,0.92285,-0.42683,0.18293,0.30488
2930,14651,-0.34912,-0.08350,0.92139,-0.36585,0.06098,0.24390
2931,14656,-0.35059,-0.08057,0.92188,-0.42683,0.12195,0.24390
2932,14661,-0.35205,-0.08008,0.92236,-0.48780,0.24390,0.30488
2933,14665,-0.35010,-0.08252,0.92188,-0.36585,0.18293,0.18293
2934,14671,-0.34668,-0.08496,0.92041,-0.30488,0.18293,0.12195
2935,14676,-0.34961,-0.08496,0.92529,-0.42683,0.12195,0.18293
2936,14681,-0.34766,-0.08057,0.92383,-0.42683,0.24390,0.30488
2937,14686,-0.35010,-0.08252,0.92383,-0.36585,0.18293,0.24390
2938,14691,-0.34814,-0.08301,0.92090,-0.30488,0.18293,0.18293
2939,14696,-0.34863,-0.08105,0.92139,-0.36585,0.18293,0.30488
2940,14701,-0.35254,-0.08154,0.91846,-0.54878,0.30488,0.30488
2941,14705,-0.35254,-0.08301,0.91943,-0.42683,0.24390,0.30488
2942,14711,-0.34863,-0.08057,0.92090,-0.24390,0.12195,0.24390
2943,14716,-0.35205,-0.08105,0.92529,-0.30488,0.12195,0.24390
2944,14721,-0.35010,-0.08398,0.92920,-0.36585,0.18293,0.18293
2945,14726,-0.34912,-0.08398,0.92236,-0.36585,0.24390,0.30488
2946,14731,-0.34912,-0.08301,0.92188,-0.42683,0.18293,0.42683
2947,14736,-0.34668,-0.08203,0.92480,-0.42683,0.24390,0.36585
2948,14741,-0.35303,-0.08252,0.92529,-0.54878,0.18293,0.18293
2949,14745,-0.35156,-0.08398,0.92139,-0.48780,0.24390,0.30488
2950,14750,-0.34521,-0.08252,0.92529,-0.42683,0.24390,0.18293
2951,14756,-0.34912,-0.08398,0.92432,-0.36585,0.36585,0.36585
2952,14761,-0.34863,-0.08301,0.92236,-0.30488,0.18293,0.18293
2953,14766,-0.34521,-0.08057,0.92188,-0.36585,0.18293,0.24390
2954,14771,-0.35059,-0.08154,0.92334,-0.48780,0.24390,0.30488
2955,14776,-0.34961,-0.08008,0.92432,-0.42683,0.12195,0.24390
2956,14781,-0.35205,-0.07910,0.92529,-0.36585,0.12195,0.24390
2957,14786,-0.35303,-0.08154,0.92480,-0.54878,0.24390,0.42683
2958,14790,-0.35156,-0.08398,0.92090,-0.54878,0.30488,0.30488
2959,14796,-0.34717,-0.08350,0.92383,-0.42683,0.36585,0.30488
2960,14801,-0.34766,-0.08301,0.92090,-0.54878,0.30488,0.36585
2961,14806,-0.34814,-0.08057,0.92041,-0.36585,0.24390,0.30488
2962,14811,-0.35400,-0.07959,0.92139,-0.48780,0.18293,0.30488
2963,14816,-0.34766,-0.08057,0.91943,-0.48780,0.24390,0.24390
2964,14821,-0.34668,-0.08301,0.92578,-0.42683,0.18293,0.24390
2965,14826,-0.34961,-0.08057,0.92090,-0.30488,0.30488,0.30488
2966,14830,-0.35156,-0.08252,0.92383,-0.54878,0.30488,0.24390
2967,14836,-0.35205,-0.08545,0.92236,-0.48780,0.18293,0.24390
2968,14841,-0.35059,-0.08252,0.92676,-0.42683,0.12195,0.36585
2969,14846,-0.34961,-0.08105,0.92432,-0.54878,0.12195,0.24390
2970,14851,-0.35156,-0.08154,0.92432,-0.36585,0.06098,0.24390
2971,14856,-0.34961,-0.08496,0.92529,-0.48780,0.00000,0.24390
2972,14861,-0.35205,-0.08301,0.92139,-0.30488,0.18293,0.36585
2973,14866,-0.35205,-0.08301,0.92139,-0.30488,0.18293,0.36585
2974,14870,-0.34570,-0.07812,0.92725,-0.24390,0.24390,0.36585
2975,14875,-0.35010,-0.08203,0.92529,-0.36585,0.30488,0.30488
2976,14881,-0.34717,-0.08105,0.92236,-0.24390,0.18293,0.18293
2977,14886,-0.34814,-0.08252,0.92188,-0.24390,0.06098,0.24390
2978,14891,-0.35156,-0.07861,0.91699,-0.42683,0.12195,0.36585
2979,14896,-0.35156,-0.07861,0.91699,-0.42683,0.12195,0.36585
2980,14901,-0.34717,-0.08105,0.92236,-0.36585,0.18293,0.30488
2981,14906,-0.34668,-0.08350,0.92432,-0.48780,0.36585,0.36585
2982,14911,-0.34521,-0.08105,0.92480,-0.54878,0.18293,0.36585
2983,14915,-0.35156,-0.08203,0.91943,-0.36585,0.12195,0.24390
2984,14921,-0.35254,-0.08057,0.92480,-0.36585,0.24390,0.30488
2985,14926,-0.35010,-0.08301,0.92188,-0.42683,0.18293,0.24390
2986,14931,-0.35010,-0.08301,0.92188,-0.42683,0.18293,0.24390
2987,14936,-0.34717,-0.08057,0.92627,-0.54878,0.24390,0.24390
2988,14941,-0.34863,-0.08301,0.92285,-0.42683,0.24390,0.36585
2989,14946,-0.35205,-0.08203,0.91797,-0.42683,0.24390,0.36585
2990,14951,-0.35107,-0.08105,0.91846,-0.42683,0.24390,0.24390
2991,14955,-0.34814,-0.08057,0.92480,-0.30488,0.24390,0.24390
2992,14961,-0.35059,-0.08154,0.92041,-0.42683,0.18293,0.36585
2993,14966,-0.34814,-0.08203,0.92334,-0.54878,0.12195,0.24390
2994,14971,-0.34863,-0.08203,0.92383,-0.36585,0.18293,0.24390
2995,14976,-0.34570,-0.08154,0.92383,-0.36585,0.24390,0.24390
2996,14981,-0.35059,-0.08398,0.92139,-0.42683,0.24390,0.30488
2997,14986,-0.35010,-0.08154,0.92969,-0.48780,0.24390,0.36585
2998,14991,-0.34863,-0.08154,0.92432,-0.48780,0.12195,0.24390
2999,14995,-0.34570,-0.07764,0.92383,-0.42683,0.06098,0.24390
3000,15000,-0.35059,-0.07959,0.92627,-0.48780,0.12195,0.24390
3001,15006,-0.34961,-0.08057,0.91846,-0.48780,0.06098,0.36585
3002,15011,-0.34863,-0.08105,0.92432,-0.48780,0.18293,0.42683
3003,15016,-0.34961,-0.08252,0.92188,-0.54878,0.24390,0.36585
3004,15021,-0.35107,-0.08105,0.92432,-0.60976,0.18293,0.24390
3005,15026,-0.35156,-0.08496,0.92285,-0.36585,0.12195,0.24390
3006,15031,-0.34961,-0.08203,0.92432,-0.36585,0.18293,0.18293
3007,15036,-0.34912,-0.08057,0.92432,-0.30488,0.18293,0.30488
3008,15040,-0.35010,-0.08252,0.92139,-0.42683,0.24390,0.30488
3009,15046,-0.34961,-0.08301,0.92480,-0.54878,0.24390,0.36585
3010,15051,-0.34668,-0.08398,0.92676,-0.60976,0.18293,0.36585
3011,15056,-0.35059,-0.08154,0.92627,-0.48780,0.30488,0.24390
3012,15061,-0.35254,-0.08398,0.92285,-0.36585,0.24390,0.24390
3013,15066,-0.35010,-0.08008,0.92334,-0.36585,0.18293,0.30488
3014,15071,-0.34912,-0.08252,0.92188,-0.18293,0.18293,0.24390
3015,15076,-0.35107,-0.08252,0.91943,-0.54878,0.18293,0.24390
3016,15080,-0.35205,-0.08057,0.91992,-0.48780,0.18293,0.42683
3017,15086,-0.34668,-0.08008,0.92578,-0.42683,0.12195,0.36585
3018,15091,-0.34961,-0.07910,0.92578,-0.42683,0.18293,0.18293
3019,15096,-0.35303,-0.08154,0.92383,-0.36585,0.18293,0.18293
3020,15101,-0.35303,-0.08105,0.92236,-0.48780,0.24390,0.24390
3021,15106,-0.34912,-0.07861,0.92432,-0.42683,0.30488,0.24390
3022,15111,-0.34766,-0.08252,0.92285,-0.42683,0.24390,0.30488
3023,15116,-0.35107,-0.08350,0.92139,-0.60976,0.30488,0.24390
3024,15120,-0.35010,-0.08203,0.91846,-0.60976,0.18293,0.18293
3025,15125,-0.35156,-0.08301,0.92188,-0.18293,0.24390,0.18293
3026,15131,-0.34863,-0.08350,0.92383,-0.42683,0.12195,0.30488
3027,15136,-0.34961,-0.08203,0.92578,-0.54878,0.06098,0.24390
3028,15141,-0.34961,-0.07910,0.92285,-0.24390,0.18293,0.36585
3029,15146,-0.35205,-0.08057,0.92334,-0.24390,0.24390,0.42683
3030,15151,-0.35107,-0.08008,0.91895,-0.42683,0.18293,0.36585
3031,15156,-0.35303,-0.08105,0.92188,-0.54878,0.06098,0.30488
3032,15161,-0.34961,-0.08496,0.91846,-0.54878,0.12195,0.12195
3033,15165,-0.34521,-0.07812,0.92139,-0.36585,0.24390,0.30488
3034,15171,-0.35059,-0.08008,0.92285,-0.42683,0.18293,0.30488
3035,15176,-0.35107,-0.08154,0.92529,-0.48780,0.18293,0.24390
3036,15181,-0.34912,-0.08057,0.92822,-0.42683,0.18293,0.12195
3037,15186,-0.34863,-0.08057,0.92236,-0.48780,0.18293,0.30488
3038,15191,-0.34668,-0.08203,0.92041,-0.42683,0.24390,0.30488
3039,15196,-0.35400,-0.08008,0.92041,-0.42683,0.24390,0.12195
3040,15201,-0.35498,-0.08008,0.92334,-0.36585,0.18293,0.30488
3041,15205,-0.34912,-0.08008,0.92578,-0.48780,0.30488,0.30488
3042,15211,-0.34766,-0.08203,0.92188,-0.48780,0.24390,0.42683
3043,15216,-0.34912,-0.08350,0.92383,-0.30488,0.24390,0.30488
3044,15221,-0.35059,-0.08398,0.91895,-0.42683,0.24390,0.24390
3045,15226,-0.35107,-0.08008,0.92188,-0.42683,0.18293,0.36585
3046,15231,-0.34912,-0.08350,0.92383,-0.48780,0.24390,0.36585
3047,15236,-0.35010,-0.08057,0.92285,-0.48780,0.18293,0.36585
3048,15241,-0.34863,-0.07959,0.92432,-0.48780,0.18293,0.24390
3049,15245,-0.35059,-0.08154,0.92529,-0.30488,0.36585,0.18293
3050,15250,-0.35059,-0.08252,0.92480,-0.36585,0.24390,0.18293
3051,15256,-0.35156,-0.08057,0.91943,-0.30488,0.30488,0.30488
3052,15261,-0.35010,-0.07959,0.92236,-0.36585,0.36585,0.24390
3053,15266,-0.35107,-0.08301,0.92334,-0.42683,0.30488,0.30488
3054,15271,-0.35156,-0.08154,0.92432,-0.42683,0.06098,0.24390
3055,15276,-0.35010,-0.07910,0.92139,-0.48780,0.12195,0.18293
3056,15281,-0.35205,-0.08057,0.92383,-0.36585,0.24390,0.18293
3057,15286,-0.35059,-0.08105,0.92285,-0.30488,0.12195,0.18293
3058,15290,-0.34863,-0.08203,0.92334,-0.30488,0.24390,0.30488
3059,15296,-0.35010,-0.08350,0.92041,-0.48780,0.30488,0.30488
3060,15301,-0.34863,-0.08398,0.92432,-0.54878,0.24390,0.30488
3061,15306,-0.34961,-0.07861,0.92139,-0.36585,0.18293,0.24390
3062,15311,-0.35449,-0.08008,0.92090,-0.30488,0.24390,0.24390
3063,15316,-0.34717,-0.08105,0.92139,-0.48780,0.30488,0.24390
3064,15321,-0.34668,-0.07861,0.92578,-0.36585,0.12195,0.30488
3065,15326,-0.35205,-0.08105,0.92090,-0.30488,0.18293,0.24390
3066,15330,-0.35010,-0.08398,0.92041,-0.48780,0.24390,0.18293
3067,15336,-0.35107,-0.08203,0.92285,-0.30488,0.12195,0.30488
3068,15341,-0.35010,-0.08252,0.92285,-0.48780,0.18293,0.36585
3069,15346,-0.34668,-0.08496,0.91992,-0.48780,0.24390,0.36585
3070,15351,-0.35059,-0.08105,0.92041,-0.42683,0.18293,0.30488
3071,15356,-0.35010,-0.07959,0.91895,-0.48780,0.12195,0.18293
3072,15361,-0.35010,-0.08154,0.92480,-0.48780,0.12195,0.30488
3073,15366,-0.34814,-0.08447,0.92285,-0.42683,0.18293,0.36585
3074,15370,-0.34814,-0.08350,0.91748,-0.42683,0.24390,0.24390
3075,15375,-0.35059,-0.08203,0.91748,-0.30488,0.24390,0.30488
3076,15381,-0.34912,-0.08252,0.92578,-0.42683,0.24390,0.30488
3077,15386,-0.35352,-0.08252,0.92188,-0.48780,0.18293,0.24390
3078,15391,-0.34912,-0.08447,0.92383,-0.48780,0.24390,0.30488
3079,15396,-0.34863,-0.08154,0.92578,-0.42683,0.18293,0.30488
3080,15401,-0.35059,-0.08496,0.92285,-0.36585,0.30488,0.24390
3081,15406,-0.35010,-0.08105,0.92090,-0.36585,0.24390,0.24390
3082,15411,-0.35107,-0.08105,0.91895,-0.60976,0.30488,0.18293
3083,15415,-0.35107,-0.08545,0.92041,-0.36585,0.36585,0.24390
3084,15421,-0.34912,-0.08252,0.92725,-0.24390,0.42683,0.24390
3085,15426,-0.34717,-0.07959,0.92236,-0.48780,0.24390,0.18293
3086,15431,-0.35156,-0.08252,0.92529,-0.48780,0.30488,0.30488
3087,15436,-0.35107,-0.08350,0.92334,-0.48780,0.30488,0.36585
3088,15441,-0.35059,-0.08203,0.92236,-0.42683,0.24390,0.24390
3089,15446,-0.35010,-0.08203,0.92480,-0.36585,0.24390,0.18293
3090,15451,-0.34619,-0.08154,0.92090,-0.42683,0.24390,0.30488
3091,15455,-0.35156,-0.08008,0.92041,-0.48780,0.06098,0.18293
3092,15461,-0.35107,-0.08105,0.92285,-0.48780,0.12195,0.30488
3093,15466,-0.34863,-0.08057,0.92480,-0.48780,0.18293,0.24390
3094,15471,-0.34766,-0.08057,0.92285,-0.42683,0.24390,0.36585
3095,15476,-0.34912,-0.07959,0.92188,-0.42683,0.18293,0.36585
3096,15481,-0.35059,-0.08398,0.92432,-0.48780,0.12195,0.24390
3097,15486,-0.34473,-0.08057,0.92285,-0.60976,0.24390,0.24390
3098,15491,-0.34619,-0.08203,0.92383,-0.48780,0.24390,0.30488
3099,15495,-0.34814,-0.08105,0.92578,-0.42683,0.18293,0.18293
3100,15500,-0.34814,-0.08105,0.92578,-0.42683,0.18293,0.18293
3101,15506,-0.34912,-0.08252,0.92188,-0.42683,0.18293,0.24390
3102,15511,-0.34961,-0.07959,0.92383,-0.54878,0.18293,0.36585
3103,15516,-0.34619,-0.07812,0.92285,-0.36585,0.18293,0.30488
3104,15521,-0.34717,-0.08154,0.92090,-0.48780,0.30488,0.30488
3105,15526,-0.34717,-0.08105,0.92529,-0.42683,0.18293,0.36585
3106,15531,-0.34912,-0.08008,0.92432,-0.54878,0.18293,0.42683
3107,15536,-0.34912,-0.08008,0.92432,-0.54878,0.18293,0.42683
3108,15540,-0.34717,-0.08203,0.92383,-0.54878,0.18293,0.30488
3109,15546,-0.35205,-0.08350,0.91797,-0.42683,0.24390,0.18293
3110,15551,-0.34814,-0.08008,0.92041,-0.30488,0.24390,0.18293
3111,15556,-0.35059,-0.07764,0.92188,-0.48780,0.24390,0.30488
3112,15561,-0.34766,-0.08057,0.92822,-0.30488,0.30488,0.36585
3113,15566,-0.34766,-0.08057,0.92822,-0.30488,0.30488,0.36585
3114,15571,-0.34863,-0.08301,0.92090,-0.36585,0.24390,0.18293
3115,15576,-0.35107,-0.08203,0.92383,-0.48780,0.12195,0.24390
3116,15580,-0.34766,-0.07959,0.92529,-0.42683,0.06098,0.42683
3117,15586,-0.35059,-0.08203,0.92432,-0.36585,0.30488,0.30488
3118,15591,-0.34717,-0.08203,0.92285,-0.48780,0.18293,0.30488
3119,15596,-0.34717,-0.08203,0.92285,-0.48780,0.18293,0.30488
3120,15601,-0.35156,-0.08301,0.92139,-0.30488,0.18293,0.36585
3121,15606,-0.34766,-0.08154,0.92529,-0.36585,0.30488,0.30488
3122,15611,-0.34521,-0.07959,0.92334,-0.36585,0.12195,0.24390
3123,15616,-0.35254,-0.07910,0.92285,-0.30488,0.24390,0.12195
3124,15620,-0.34961,-0.08252,0.92236,-0.48780,0.24390,0.12195
3125,15625,-0.34863,-0.08057,0.92041,-0.42683,0.18293,0.30488
3126,15631,-0.34961,-0.08057,0.92285,-0.42683,0.18293,0.30488
3127,15636,-0.34814,-0.08252,0.92090,-0.54878,0.18293,0.24390
3128,15641,-0.34863,-0.07861,0.92090,-0.36585,0.18293,0.18293
3129,15646,-0.34863,-0.07910,0.92529,-0.30488,0.30488,0.24390
3130,15651,-0.34766,-0.08008,0.92969,-0.36585,0.24390,0.24390
3131,15656,-0.35059,-0.08154,0.92529,-0.54878,0.30488,0.24390
3132,15661,-0.35059,-0.08008,0.91992,-0.36585,0.24390,0.30488
3133,15665,-0.35010,-0.07959,0.91650,-0.48780,0.12195,0.30488
3134,15671,-0.35156,-0.08301,0.92236,-0.42683,0.24390,0.18293
3135,15676,-0.35205,-0.08252,0.91895,-0.30488,0.24390,0.24390
3136,15681,-0.34619,-0.07910,0.91992,-0.36585,0.18293,0.36585
3137,15686,-0.34912,-0.08203,0.92383,-0.42683,0.36585,0.30488
3138,15691,-0.35352,-0.08105,0.92236,-0.42683,0.30488,0.24390
3139,15696,-0.35303,-0.08057,0.92139,-0.30488,0.18293,0.24390
3140,15701,-0.34814,-0.08496,0.92041,-0.42683,0.24390,0.30488
3141,15705,-0.35205,-0.08447,0.91943,-0.48780,0.30488,0.30488
3142,15711,-0.34814,-0.08203,0.92676,-0.48780,0.36585,0.24390
3143,15716,-0.34912,-0.08057,0.92578,-0.42683,0.30488,0.30488
3144,15721,-0.34961,-0.08252,0.92188,-0.30488,0.42683,0.30488
3145,15726,-0.35010,-0.08105,0.92334,-0.30488,0.24390,0.24390
3146,15731,-0.34619,-0.08350,0.92529,-0.30488,0.24390,0.24390
3147,15736,-0.35010,-0.08252,0.92285,-0.36585,0.18293,0.24390
3148,15741,-0.34766,-0.08057,0.92041,-0.48780,0.18293,0.18293
3149,15745,-0.34961,-0.08301,0.92480,-0.48780,0.24390,0.30488
3150,15750,-0.34912,-0.08301,0.92334,-0.42683,0.18293,0.36585
3151,15756,-0.34912,-0.08203,0.92285,-0.54878,0.30488,0.24390
3152,15761,-0.34668,-0.08203,0.92529,-0.48780,0.24390,0.36585
3153,15766,-0.34570,-0.08057,0.92676,-0.48780,0.24390,0.24390
3154,15771,-0.34961,-0.08008,0.91943,-0.48780,0.24390,0.24390
3155,15776,-0.35010,-0.08057,0.92627,-0.30488,0.24390,0.30488
3156,15781,-0.35205,-0.08008,0.92432,-0.48780,0.24390,0.24390
3157,15786,-0.34912,-0.08105,0.91992,-0.42683,0.30488,0.24390
3158,15790,-0.34863,-0.08301,0.92627,-0.42683,0.24390,0.30488
3159,15796,-0.34863,-0.08252,0.91992,-0.36585,0.18293,0.18293
3160,15801,-0.34961,-0.08203,0.92529,-0.48780,0.12195,0.30488
3161,15806,-0.34717,-0.08154,0.92188,-0.36585,0.18293,0.36585
3162,15811,-0.34912,-0.08203,0.91797,-0.30488,0.12195,0.30488
3163,15816,-0.35107,-0.08350,0.91992,-0.36585,0.18293,0.30488
3164,15821,-0.35059,-0.08350,0.92383,-0.30488,0.30488,0.24390
3165,15826,-0.35059,-0.08252,0.92139,-0.48780,0.18293,0.24390
3166,15830,-0.35107,-0.08350,0.92090,-0.36585,0.12195,0.24390
3167,15836,-0.34912,-0.08203,0.91992,-0.36585,0.24390,0.24390
3168,15841,-0.34814,-0.08105,0.92529,-0.42683,0.30488,0.24390
3169,15846,-0.35254,-0.08350,0.92627,-0.42683,0.30488,0.24390
3170,15851,-0.35352,-0.08154,0.92188,-0.48780,0.30488,0.30488
3171,15856,-0.35303,-0.08008,0.92188,-0.48780,0.30488,0.30488
3172,15861,-0.35303,-0.07910,0.92041,-0.48780,0.24390,0.18293
3173,15866,-0.34961,-0.08447,0.92334,-0.42683,0.36585,0.30488
3174,15870,-0.34766,-0.08154,0.92090,-0.30488,0.24390,0.36585
3175,15875,-0.34668,-0.08350,0.92480,-0.36585,0.18293,0.30488
3176,15881,-0.34961,-0.08594,0.92529,-0.48780,0.12195,0.24390
3177,15886,-0.34863,-0.08447,0.92188,-0.54878,0.24390,0.30488
3178,15891,-0.34570,-0.08105,0.92139,-0.42683,0.24390,0.48780
3179,15896,-0.34814,-0.08154,0.91943,-0.42683,0.18293,0.36585
3180,15901,-0.34912,-0.08398,0.92090,-0.48780,0.12195,0.12195
3181,15906,-0.34912,-0.08105,0.92285,-0.48780,0.18293,0.30488
3182,15911,-0.34863,-0.08350,0.92139,-0.36585,0.24390,0.24390
3183,15915,-0.34961,-0.08203,0.91895,-0.30488,0.18293,0.18293
3184,15921,-0.34961,-0.08057,0.92188,-0.42683,0.24390,0.30488
3185,15926,-0.35156,-0.08350,0.92090,-0.54878,0.24390,0.30488
3186,15931,-0.35010,-0.08203,0.92334,-0.54878,0.24390,0.24390
3187,15936,-0.34619,-0.08447,0.92188,-0.42683,0.30488,0.30488
3188,15941,-0.35010,-0.08350,0.92090,-0.36585,0.30488,0.24390
3189,15946,-0.34814,-0.08350,0.92285,-0.36585,0.24390,0.18293
3190,15951,-0.35107,-0.08301,0.92236,-0.48780,0.24390,0.24390
3191,15955,-0.35010,-0.08154,0.92334,-0.48780,0.30488,0.18293
3192,15961,-0.35205,-0.08203,0.92236,-0.48780,0.12195,0.24390
3193,15966,-0.34717,-0.08398,0.92578,-0.30488,0.24390,0.24390
3194,15971,-0.35156,-0.08154,0.92432,-0.54878,0.24390,0.30488
3195,15976,-0.34766,-0.08105,0.92090,-0.48780,0.24390,0.36585
3196,15981,-0.34766,-0.08203,0.92432,-0.42683,0.30488,0.24390
3197,15986,-0.34863,-0.08398,0.91992,-0.42683,0.24390,0.30488
3198,15991,-0.35107,-0.08301,0.91748,-0.54878,0.18293,0.36585
3199,15995,-0.34814,-0.07959,0.92285,-0.48780,0.24390,0.30488
3200,16000,-0.35010,-0.08154,0.92334,-0.42683,0.18293,0.36585
3201,16006,-0.34863,-0.08154,0.92139,-0.30488,0.18293,0.24390
3202,16011,-0.34717,-0.07861,0.92529,-0.42683,0.24390,0.24390
3203,16016,-0.34766,-0.07959,0.92334,-0.60976,0.24390,0.36585
3204,16021,-0.34912,-0.07861,0.92334,-0.48780,0.30488,0.24390
3205,16026,-0.35010,-0.07861,0.92334,-0.48780,0.30488,0.30488
3206,16031,-0.34912,-0.08398,0.92383,-0.48780,0.18293,0.30488
3207,16036,-0.35059,-0.08154,0.92236,-0.36585,0.18293,0.24390
3208,16040,-0.34961,-0.08008,0.91797,-0.48780,0.18293,0.30488
3209,16046,-0.34912,-0.07861,0.91992,-0.60976,0.24390,0.24390
3210,16051,-0.35156,-0.08301,0.91748,-0.42683,0.24390,0.42683
3211,16056,-0.35107,-0.08398,0.91748,-0.24390,0.30488,0.36585
3212,16061,-0.35156,-0.07910,0.91992,-0.24390,0.30488,0.30488
3213,16066,-0.35107,-0.08057,0.92480,-0.30488,0.18293,0.24390
3214,16071,-0.34961,-0.08105,0.92529,-0.36585,0.24390,0.30488
3215,16076,-0.35059,-0.08154,0.92236,-0.48780,0.18293,0.36585
3216,16080,-0.35059,-0.07910,0.92578,-0.54878,0.24390,0.36585
3217,16086,-0.34717,-0.08203,0.92334,-0.30488,0.30488,0.30488
3218,16091,-0.35205,-0.08105,0.91992,-0.30488,0.42683,0.24390
3219,16096,-0.35352,-0.08057,0.91748,-0.42683,0.24390,0.36585
3220,16101,-0.34863,-0.08252,0.91797,-0.30488,0.24390,0.36585
3221,16106,-0.34424,-0.08398,0.92480,-0.42683,0.24390,0.30488
3222,16111,-0.34961,-0.08154,0.92480,-0.48780,0.24390,0.18293
3223,16116,-0.35010,-0.08203,0.92529,-0.36585,0.06098,0.24390
3224,16120,-0.35254,-0.08154,0.91650,-0.36585,0.24390,0.24390
3225,16125,-0.34570,-0.08008,0.92383,-0.36585,0.36585,0.30488
3226,16131,-0.34912,-0.08252,0.92432,-0.36585,0.18293,0.18293
3227,16136,-0.35303,-0.08105,0.92334,-0.36585,0.12195,0.30488
3228,16141,-0.35059,-0.08252,0.92236,-0.36585,0.12195,0.36585
3229,16146,-0.35059,-0.08105,0.91846,-0.36585,0.24390,0.42683
3230,16151,-0.35059,-0.07959,0.92041,-0.18293,0.30488,0.42683
3231,16156,-0.34717,-0.08301,0.91748,-0.30488,0.30488,0.24390
3232,16161,-0.35107,-0.08203,0.92285,-0.36585,0.24390,0.30488
3233,16165,-0.34912,-0.08008,0.92334,-0.48780,0.30488,0.36585
3234,16171,-0.35107,-0.07910,0.92334,-0.48780,0.36585,0.30488
3235,16176,-0.34912,-0.08350,0.92627,-0.36585,0.30488,0.36585
3236,16181,-0.34863,-0.08154,0.92529,-0.24390,0.30488,0.30488
3237,16186,-0.34619,-0.08154,0.92041,-0.30488,0.24390,0.30488
3238,16191,-0.34521,-0.08447,0.92334,-0.42683,0.36585,0.24390
3239,16196,-0.35059,-0.08057,0.92480,-0.42683,0.36585,0.24390
3240,16201,-0.35059,-0.08057,0.92480,-0.42683,0.36585,0.24390
3241,16205,-0.34570,-0.07812,0.91992,-0.36585,0.24390,0.30488
3242,16211,-0.34961,-0.08301,0.92041,-0.42683,0.12195,0.30488
3243,16216,-0.34863,-0.07764,0.92090,-0.54878,0.18293,0.24390
3244,16221,-0.35059,-0.07764,0.92090,-0.54878,0.18293,0.30488
3245,16226,-0.34717,-0.08154,0.92578,-0.48780,0.18293,0.24390
3246,16231,-0.34717,-0.08154,0.92578,-0.48780,0.18293,0.24390
3247,16236,-0.34912,-0.08008,0.92285,-0.54878,0.24390,0.18293
3248,16241,-0.34814,-0.08203,0.92139,-0.48780,0.24390,0.18293
3249,16245,-0.34912,-0.08252,0.92285,-0.24390,0.12195,0.30488
3250,16250,-0.35107,-0.08594,0.92188,-0.36585,0.18293,0.24390
3251,16256,-0.35059,-0.08105,0.92285,-0.36585,0.18293,0.30488
3252,16261,-0.34912,-0.08008,0.92188,-0.36585,0.06098,0.24390
3253,16266,-0.34912,-0.08008,0.92188,-0.36585,0.06098,0.24390
3254,16271,-0.34814,-0.08301,0.91504,-0.36585,0.24390,0.24390
3255,16276,-0.34619,-0.08350,0.91846,-0.48780,0.36585,0.18293
3256,16281,-0.34863,-0.08154,0.92676,-0.54878,0.24390,0.18293
3257,16286,-0.35205,-0.08154,0.92236,-0.60976,0.12195,0.24390
3258,16290,-0.35010,-0.08057,0.91699,-0.48780,0.24390,0.24390
3259,16296,-0.34766,-0.08057,0.92334,-0.48780,0.18293,0.30488
3260,16301,-0.34814,-0.07861,0.92529,-0.42683,0.24390,0.36585
3261,16306,-0.35010,-0.08301,0.91992,-0.48780,0.24390,0.42683
3262,16311,-0.34912,-0.08252,0.92383,-0.60976,0.30488,0.30488
3263,16316,-0.34668,-0.08203,0.92383,-0.42683,0.30488,0.30488
3264,16321,-0.34961,-0.07910,0.92432,-0.48780,0.18293,0.24390
3265,16326,-0.34766,-0.07959,0.92041,-0.48780,0.18293,0.30488
3266,16330,-0.34717,-0.08398,0.92432,-0.54878,0.24390,0.36585
3267,16336,-0.35010,-0.08203,0.92383,-0.48780,0.30488,0.24390
3268,16341,-0.35059,-0.08203,0.92334,-0.42683,0.30488,0.24390
3269,16346,-0.35205,-0.08057,0.92139,-0.54878,0.24390,0.12195
3270,16351,-0.35059,-0.07617,0.92188,-0.48780,0.18293,0.24390
3271,16356,-0.35107,-0.08301,0.92236,-0.36585,0.18293,0.30488
3272,16361,-0.35156,-0.08105,0.91943,-0.36585,0.18293,0.18293
3273,16366,-0.35059,-0.07861,0.92432,-0.36585,0.24390,0.30488
3274,16370,-0.35010,-0.07959,0.92480,-0.36585,0.24390,0.36585
3275,16375,-0.34668,-0.08838,0.92676,-0.30488,0.18293,0.30488
3276,16381,-0.35107,-0.08008,0.92334,-0.30488,0.12195,0.24390
3277,16386,-0.34863,-0.07959,0.92090,-0.30488,0.12195,0.24390
3278,16391,-0.34766,-0.08350,0.92480,-0.24390,0.12195,0.24390
3279,16396,-0.34912,-0.08203,0.92334,-0.48780,0.18293,0.24390
3280,16401,-0.34863,-0.08057,0.92236,-0.42683,0.24390,0.36585
3281,16406,-0.34961,-0.08008,0.91846,-0.42683,0.18293,0.24390
3282,16411,-0.35010,-0.08398,0.92432,-0.42683,0.30488,0.30488
3283,16415,-0.34717,-0.08105,0.92236,-0.30488,0.24390,0.42683
3284,16421,-0.34766,-0.08252,0.92236,-0.36585,0.12195,0.30488
3285,16426,-0.34717,-0.08057,0.91943,-0.36585,0.12195,0.24390
3286,16431,-0.34863,-0.08105,0.92383,-0.48780,0.06098,0.30488
3287,16436,-0.34570,-0.08008,0.92090,-0.48780,0.06098,0.30488
3288,16441,-0.35498,-0.08398,0.92139,-0.42683,0.06098,0.24390
3289,16446,-0.35059,-0.08203,0.92236,-0.48780,0.24390,0.24390
3290,16451,-0.34668,-0.08105,0.92090,-0.42683,0.12195,0.30488
3291,16455,-0.34814,-0.08252,0.92334,-0.30488,0.12195,0.36585
3292,16461,-0.34961,-0.08057,0.92188,-0.42683,0.06098,0.30488
3293,16466,-0.34766,-0.08105,0.92090,-0.36585,0.12195,0.30488
3294,16471,-0.34863,-0.08594,0.92480,-0.30488,0.12195,0.24390
3295,16476,-0.34619,-0.08301,0.91846,-0.42683,0.18293,0.30488
3296,16481,-0.35205,-0.08203,0.92383,-0.42683,0.18293,0.24390
3297,16486,-0.34814,-0.08350,0.92432,-0.48780,0.24390,0.18293
3298,16491,-0.34668,-0.08447,0.92188,-0.36585,0.24390,0.30488
3299,16495,-0.35498,-0.08350,0.92090,-0.30488,0.18293,0.36585
3300,16500,-0.35400,-0.08350,0.91992,-0.48780,0.06098,0.42683
3301,16506,-0.35107,-0.08057,0.92285,-0.42683,0.06098,0.36585
3302,16511,-0.34766,-0.07861,0.91943,-0.54878,0.18293,0.24390
3303,16516,-0.35205,-0.08594,0.92041,-0.42683,0.18293,0.36585
3304,16521,-0.35205,-0.08301,0.92432,-0.54878,0.12195,0.30488
3305,16526,-0.34766,-0.08203,0.92188,-0.42683,0.18293,0.18293
3306,16531,-0.34814,-0.08252,0.91992,-0.30488,0.18293,0.24390
3307,16536,-0.34668,-0.07959,0.92188,-0.48780,0.12195,0.24390
3308,16540,-0.34814,-0.08008,0.92236,-0.42683,0.18293,0.30488
3309,16546,-0.35498,-0.08008,0.92383,-0.36585,0.24390,0.12195
3310,16551,-0.34912,-0.08203,0.92041,-0.42683,0.24390,0.24390
3311,16556,-0.34814,-0.08301,0.91943,-0.48780,0.24390,0.24390
3312,16561,-0.34814,-0.08154,0.92139,-0.48780,0.18293,0.24390
3313,16566,-0.34961,-0.07715,0.92822,-0.42683,0.24390,0.36585
3314,16571,-0.34814,-0.08154,0.92432,-0.42683,0.18293,0.24390
3315,16576,-0.35107,-0.08154,0.92188,-0.30488,0.30488,0.24390
3316,16580,-0.35205,-0.08350,0.92480,-0.48780,0.30488,0.24390
3317,16586,-0.34863,-0.08154,0.92529,-0.36585,0.24390,0.24390
3318,16591,-0.35059,-0.08105,0.92627,-0.30488,0.24390,0.24390
3319,16596,-0.35156,-0.08301,0.92432,-0.42683,0.18293,0.36585
3320,16601,-0.35205,-0.08398,0.92432,-0.36585,0.12195,0.30488
3321,16606,-0.35156,-0.08350,0.92529,-0.48780,0.18293,0.24390
3322,16611,-0.35205,-0.08447,0.92041,-0.48780,0.18293,0.24390
3323,16616,-0.35107,-0.08057,0.92236,-0.36585,0.24390,0.36585
3324,16620,-0.34912,-0.08105,0.92725,-0.36585,0.30488,0.24390
3325,16625,-0.34912,-0.08301,0.92334,-0.36585,0.24390,0.24390
3326,16631,-0.35254,-0.07959,0.91943,-0.48780,0.06098,0.30488
3327,16636,-0.34961,-0.08301,0.92090,-0.36585,0.18293,0.18293
3328,16641,-0.34961,-0.08252,0.91748,-0.48780,0.18293,0.36585
3329,16646,-0.35107,-0.08105,0.92236,-0.42683,0.12195,0.18293
3330,16651,-0.34863,-0.08447,0.92529,-0.36585,0.24390,0.30488
3331,16656,-0.34961,-0.08545,0.91992,-0.42683,0.18293,0.24390
3332,16661,-0.35205,-0.08252,0.91846,-0.48780,0.12195,0.30488
3333,16665,-0.34473,-0.08350,0.92529,-0.60976,0.18293,0.30488
3334,16671,-0.34912,-0.08154,0.92480,-0.48780,0.18293,0.30488
3335,16676,-0.34814,-0.08398,0.92139,-0.24390,0.24390,0.12195
3336,16681,-0.34814,-0.08154,0.92383,-0.30488,0.24390,0.24390
3337,16686,-0.34912,-0.07959,0.92480,-0.48780,0.18293,0.24390
3338,16691,-0.35059,-0.08301,0.92041,-0.42683,0.18293,0.18293
3339,16696,-0.34961,-0.08154,0.92578,-0.42683,0.18293,0.30488
3340,16701,-0.35352,-0.08252,0.92236,-0.48780,0.18293,0.24390
3341,16705,-0.35205,-0.08105,0.91699,-0.42683,0.18293,0.30488
3342,16711,-0.34766,-0.08252,0.92432,-0.54878,0.30488,0.30488
3343,16716,-0.34570,-0.08203,0.92822,-0.48780,0.30488,0.24390
3344,16721,-0.35010,-0.08057,0.92383,-0.12195,0.30488,0.24390
3345,16726,-0.34814,-0.08057,0.92383,-0.18293,0.30488,0.30488
3346,16731,-0.34863,-0.08057,0.92090,-0.60976,0.24390,0.30488
3347,16736,-0.34277,-0.08154,0.92236,-0.54878,0.18293,0.24390
3348,16741,-0.34814,-0.07910,0.92285,-0.54878,0.18293,0.18293
3349,16745,-0.34717,-0.08008,0.92383,-0.42683,0.24390,0.30488
3350,16750,-0.35010,-0.08057,0.92090,-0.30488,0.30488,0.24390
3351,16756,-0.34912,-0.08105,0.92432,-0.42683,0.24390,0.30488
3352,16761,-0.34570,-0.08008,0.92627,-0.36585,0.12195,0.36585
3353,16766,-0.34766,-0.08398,0.92432,-0.48780,0.30488,0.30488
3354,16771,-0.35107,-0.08398,0.92188,-0.42683,0.30488,0.18293
3355,16776,-0.34863,-0.07812,0.92578,-0.42683,0.24390,0.18293
3356,16781,-0.35010,-0.08252,0.92090,-0.42683,0.18293,0.24390
3357,16786,-0.34814,-0.08447,0.92676,-0.48780,0.30488,0.18293
3358,16790,-0.35107,-0.08252,0.91992,-0.42683,0.30488,0.24390
3359,16796,-0.34961,-0.08301,0.92578,-0.48780,0.30488,0.24390
3360,16801,-0.34863,-0.08008,0.92432,-0.54878,0.18293,0.24390
3361,16806,-0.35205,-0.08057,0.91943,-0.42683,0.30488,0.12195
3362,16811,-0.34961,-0.08105,0.92188,-0.30488,0.24390,0.24390
3363,16816,-0.35010,-0.08008,0.92188,-0.42683,0.24390,0.24390
3364,16821,-0.34961,-0.08154,0.91992,-0.30488,0.30488,0.18293
3365,16826,-0.35059,-0.08203,0.92139,-0.36585,0.30488,0.30488
3366,16830,-0.35205,-0.07959,0.92090,-0.48780,0.30488,0.30488
3367,16836,-0.35059,-0.07861,0.92725,-0.54878,0.24390,0.24390
3368,16841,-0.35254,-0.08350,0.92383,-0.36585,0.30488,0.24390
3369,16846,-0.35010,-0.08203,0.92578,-0.36585,0.24390,0.24390
3370,16851,-0.34863,-0.07812,0.92480,-0.54878,0.18293,0.12195
3371,16856,-0.35205,-0.07812,0.92334,-0.48780,0.12195,0.24390
3372,16861,-0.34668,-0.08008,0.92676,-0.36585,0.18293,0.36585
3373,16866,-0.34863,-0.07910,0.92188,-0.18293,0.24390,0.24390
3374,16870,-0.34863,-0.07910,0.92188,-0.18293,0.24390,0.24390
3375,16875,-0.34912,-0.08447,0.91797,-0.36585,0.30488,0.24390
3376,16881,-0.34961,-0.08105,0.92822,-0.60976,0.12195,0.30488
3377,16886,-0.34863,-0.08203,0.92725,-0.67073,0.24390,0.30488
3378,16891,-0.34766,-0.08252,0.92627,-0.42683,0.24390,0.30488
3379,16896,-0.34912,-0.08203,0.92432,-0.48780,0.30488,0.30488
3380,16901,-0.34912,-0.08203,0.92432,-0.48780,0.30488,0.30488
3381,16906,-0.34961,-0.08252,0.92041,-0.54878,0.30488,0.18293
3382,16911,-0.35059,-0.08496,0.92285,-0.30488,0.24390,0.18293
3383,16915,-0.35010,-0.08008,0.92334,-0.42683,0.24390,0.36585
3384,16921,-0.34912,-0.08398,0.92090,-0.54878,0.30488,0.30488
3385,16926,-0.34961,-0.08105,0.92041,-0.42683,0.24390,0.24390
3386,16931,-0.34961,-0.08105,0.92041,-0.42683,0.24390,0.24390
3387,16936,-0.34912,-0.08105,0.92188,-0.36585,0.24390,0.24390
3388,16941,-0.35010,-0.08252,0.92334,-0.36585,0.30488,0.42683
3389,16946,-0.35010,-0.08008,0.92041,-0.36585,0.24390,0.30488
3390,16951,-0.35010,-0.08252,0.92432,-0.42683,0.18293,0.36585
3391,16955,-0.34863,-0.08496,0.92969,-0.48780,0.18293,0.30488
3392,16961,-0.34961,-0.08301,0.92480,-0.48780,0.24390,0.24390
3393,16966,-0.35010,-0.08252,0.92480,-0.42683,0.24390,0.30488
3394,16971,-0.34863,-0.08447,0.92236,-0.48780,0.18293,0.24390
3395,16976,-0.35205,-0.08496,0.91748,-0.42683,0.18293,0.24390
3396,16981,-0.35059,-0.08105,0.92139,-0.36585,0.12195,0.12195
3397,16986,-0.34912,-0.07910,0.92578,-0.42683,0.18293,0.24390
3398,16991,-0.35059,-0.08545,0.92334,-0.36585,0.24390,0.36585
3399,16995,-0.35059,-0.08057,0.92383,-0.42683,0.12195,0.36585
3400,17000,-0.34473,-0.08154,0.92139,-0.36585,0.18293,0.36585
3401,17006,-0.34961,-0.08350,0.91797,-0.24390,0.30488,0.24390
3402,17011,-0.35205,-0.08203,0.91895,-0.42683,0.30488,0.24390
3403,17016,-0.35107,-0.08154,0.92236,-0.48780,0.24390,0.30488
3404,17021,-0.35107,-0.08154,0.91650,-0.30488,0.24390,0.36585
3405,17026,-0.35205,-0.08252,0.92480,-0.36585,0.30488,0.24390
3406,17031,-0.35010,-0.07959,0.92041,-0.36585,0.24390,0.12195
3407,17036,-0.35059,-0.08252,0.91846,-0.30488,0.24390,0.24390
3408,17040,-0.34570,-0.08447,0.92676,-0.30488,0.24390,0.30488
3409,17046,-0.34912,-0.08398,0.92969,-0.36585,0.30488,0.24390
3410,17051,-0.34668,-0.08057,0.92871,-0.42683,0.24390,0.30488
3411,17056,-0.35352,-0.07715,0.92041,-0.36585,0.30488,0.24390
3412,17061,-0.35352,-0.08301,0.92090,-0.18293,0.30488,0.36585
3413,17066,-0.35156,-0.08350,0.92041,-0.24390,0.30488,0.36585
3414,17071,-0.35010,-0.08252,0.92188,-0.42683,0.36585,0.24390
3415,17076,-0.34717,-0.08545,0.92480,-0.42683,0.18293,0.30488
3416,17080,-0.34717,-0.08398,0.92188,-0.36585,0.18293,0.18293
3417,17086,-0.35352,-0.08057,0.92383,-0.42683,0.36585,0.30488
3418,17091,-0.35059,-0.08203,0.92432,-0.60976,0.24390,0.30488
3419,17096,-0.34912,-0.08252,0.92773,-0.54878,0.18293,0.36585
3420,17101,-0.34961,-0.08252,0.92529,-0.30488,0.24390,0.36585
3421,17106,-0.35303,-0.08252,0.92285,-0.36585,0.42683,0.36585
3422,17111,-0.35352,-0.07910,0.91699,-0.60976,0.24390,0.24390
3423,17116,-0.34717,-0.08496,0.91602,-0.48780,0.24390,0.24390
3424,17120,-0.34668,-0.08105,0.92334,-0.30488,0.18293,0.18293
3425,17125,-0.34961,-0.08008,0.92773,-0.48780,0.12195,0.30488
3426,17131,-0.35449,-0.08301,0.92236,-0.42683,0.18293,0.30488
3427,17136,-0.34961,-0.08252,0.91943,-0.42683,0.18293,0.36585
3428,17141,-0.34570,-0.08154,0.92236,-0.42683,0.24390,0.24390
3429,17146,-0.34717,-0.07617,0.92236,-0.24390,0.24390,0.18293
3430,17151,-0.34766,-0.08350,0.92285,-0.30488,0.18293,0.24390
3431,17156,-0.34766,-0.08496,0.92383,-0.48780,0.24390,0.30488
3432,17161,-0.34961,-0.08008,0.92334,-0.36585,0.18293,0.30488
3433,17165,-0.35156,-0.08301,0.92236,-0.48780,0.18293,0.30488
3434,17171,-0.34961,-0.08057,0.92334,-0.54878,0.06098,0.24390
3435,17176,-0.34814,-0.08105,0.92383,-0.36585,0.12195,0.30488
3436,17181,-0.34961,-0.08496,0.92383,-0.36585,0.18293,0.30488
3437,17186,-0.35205,-0.08105,0.92383,-0.42683,0.30488,0.36585
3438,17191,-0.35010,-0.08203,0.91943,-0.42683,0.24390,0.30488
3439,17196,-0.34912,-0.08057,0.91895,-0.42683,0.24390,0.24390
3440,17201,-0.34473,-0.08057,0.92383,-0.36585,0.30488,0.24390
3441,17205,-0.34912,-0.08105,0.92578,-0.42683,0.24390,0.30488
3442,17211,-0.35010,-0.08301,0.92334,-0.48780,0.18293,0.30488
3443,17216,-0.34570,-0.08105,0.91943,-0.42683,0.18293,0.30488
3444,17221,-0.35010,-0.07812,0.92285,-0.48780,0.30488,0.18293
3445,17226,-0.35352,-0.08203,0.92041,-0.30488,0.24390,0.36585
3446,17231,-0.35059,-0.08105,0.92480,-0.48780,0.18293,0.24390
3447,17236,-0.34766,-0.08447,0.92236,-0.42683,0.24390,0.30488
3448,17241,-0.35205,-0.08203,0.92432,-0.30488,0.24390,0.30488
3449,17245,-0.35059,-0.08154,0.92090,-0.36585,0.24390,0.24390
3450,17250,-0.34766,-0.07861,0.92334,-0.42683,0.24390,0.24390
3451,17256,-0.34961,-0.08203,0.92236,-0.42683,0.24390,0.30488
3452,17261,-0.34961,-0.08154,0.92188,-0.42683,0.30488,0.30488
3453,17266,-0.35205,-0.08057,0.92334,-0.48780,0.24390,0.24390
3454,17271,-0.35400,-0.08252,0.92383,-0.48780,0.24390,0.30488
3455,17276,-0.34961,-0.08105,0.92285,-0.48780,0.24390,0.24390
3456,17281,-0.35059,-0.08203,0.91943,-0.24390,0.24390,0.24390
3457,17286,-0.35059,-0.08105,0.92383,-0.30488,0.18293,0.18293
3458,17290,-0.34961,-0.07910,0.92480,-0.42683,0.12195,0.18293
3459,17296,-0.35205,-0.08057,0.92480,-0.48780,0.30488,0.30488
3460,17301,-0.35059,-0.08154,0.92041,-0.30488,0.30488,0.30488
3461,17306,-0.34766,-0.08252,0.92139,-0.30488,0.30488,0.36585
3462,17311,-0.35156,-0.08203,0.91992,-0.48780,0.18293,0.24390
3463,17316,-0.35059,-0.08447,0.92041,-0.36585,0.12195,0.30488
3464,17321,-0.35205,-0.08301,0.92383,-0.42683,0.18293,0.18293
3465,17326,-0.35303,-0.07861,0.92529,-0.36585,0.24390,0.30488
3466,17330,-0.34863,-0.08057,0.92578,-0.24390,0.24390,0.36585
3467,17336,-0.35059,-0.08105,0.92236,-0.36585,0.30488,0.24390
3468,17341,-0.35254,-0.08154,0.92090,-0.42683,0.24390,0.24390
3469,17346,-0.35156,-0.07959,0.92139,-0.30488,0.18293,0.18293
3470,17351,-0.34961,-0.08301,0.92480,-0.42683,0.18293,0.30488
3471,17356,-0.34766,-0.08057,0.92383,-0.48780,0.24390,0.30488
3472,17361,-0.35205,-0.08301,0.92432,-0.48780,0.18293,0.30488
3473,17366,-0.34961,-0.07910,0.92432,-0.42683,0.12195,0.18293
3474,17370,-0.34961,-0.08105,0.92041,-0.36585,0.18293,0.24390
3475,17375,-0.35107,-0.08105,0.91992,-0.36585,0.24390,0.30488
3476,17381,-0.34717,-0.08057,0.92480,-0.42683,0.24390,0.36585
3477,17386,-0.35059,-0.08154,0.92041,-0.36585,0.18293,0.36585
3478,17391,-0.34717,-0.08057,0.92529,-0.24390,0.24390,0.24390
3479,17396,-0.34961,-0.08203,0.92334,-0.42683,0.24390,0.24390
3480,17401,-0.34863,-0.08301,0.92188,-0.42683,0.24390,0.30488
3481,17406,-0.34814,-0.08203,0.92285,-0.42683,0.24390,0.36585
3482,17411,-0.35059,-0.08203,0.92285,-0.36585,0.24390,0.36585
3483,17415,-0.35107,-0.07910,0.92529,-0.36585,0.24390,0.24390
3484,17421,-0.34473,-0.08008,0.92627,-0.24390,0.24390,0.24390
3485,17426,-0.35107,-0.08057,0.92139,-0.48780,0.18293,0.36585
3486,17431,-0.34717,-0.08301,0.92920,-0.36585,0.18293,0.30488
3487,17436,-0.34570,-0.08252,0.92871,-0.24390,0.24390,0.36585
3488,17441,-0.34961,-0.07861,0.92432,-0.36585,0.18293,0.36585
3489,17446,-0.34863,-0.08350,0.92432,-0.42683,0.30488,0.30488
3490,17451,-0.35107,-0.08643,0.91943,-0.36585,0.24390,0.24390
3491,17455,-0.34961,-0.08154,0.91699,-0.42683,0.18293,0.30488
3492,17461,-0.35059,-0.08057,0.91992,-0.36585,0.18293,0.24390
3493,17466,-0.35059,-0.08398,0.92725,-0.36585,0.12195,0.24390
3494,17471,-0.34570,-0.08252,0.92188,-0.36585,0.24390,0.30488
3495,17476,-0.34180,-0.08350,0.92090,-0.30488,0.24390,0.30488
3496,17481,-0.34814,-0.08154,0.92676,-0.42683,0.18293,0.36585
3497,17486,-0.35059,-0.08203,0.92432,-0.54878,0.18293,0.24390
3498,17491,-0.34912,-0.08252,0.92383,-0.42683,0.18293,0.24390
3499,17495,-0.34912,-0.08398,0.92480,-0.30488,0.24390,0.24390
3500,17500,-0.34961,-0.08057,0.92627,-0.24390,0.18293,0.18293
3501,17506,-0.35107,-0.08203,0.92432,-0.30488,0.18293,0.24390
3502,17511,-0.35156,-0.08154,0.92334,-0.30488,0.12195,0.30488
3503,17516,-0.34863,-0.08203,0.92334,-0.36585,0.12195,0.36585
3504,17521,-0.34961,-0.08203,0.92139,-0.36585,0.30488,0.30488
3505,17526,-0.35352,-0.08057,0.92578,-0.30488,0.18293,0.30488
3506,17531,-0.35303,-0.08496,0.92090,-0.48780,0.06098,0.24390
3507,17536,-0.35303,-0.08496,0.92090,-0.48780,0.06098,0.24390
3508,17540,-0.35254,-0.08252,0.91992,-0.42683,0.12195,0.30488
3509,17546,-0.34814,-0.07861,0.92090,-0.36585,0.30488,0.36585
3510,17551,-0.34424,-0.08398,0.92383,-0.36585,0.24390,0.24390
3511,17556,-0.34814,-0.08057,0.92334,-0.48780,0.18293,0.24390
3512,17561,-0.34717,-0.08057,0.92725,-0.24390,0.18293,0.24390
3513,17566,-0.34717,-0.08057,0.92725,-0.24390,0.18293,0.24390
3514,17571,-0.35156,-0.08252,0.92529,-0.24390,0.18293,0.30488
3515,17576,-0.34717,-0.08301,0.92383,-0.30488,0.24390,0.36585
3516,17580,-0.34717,-0.08496,0.91992,-0.48780,0.24390,0.30488
3517,17586,-0.34570,-0.08252,0.92285,-0.18293,0.18293,0.30488
3518,17591,-0.34814,-0.08154,0.92285,-0.48780,0.24390,0.30488
3519,17596,-0.35156,-0.08105,0.92432,-0.36585,0.18293,0.18293
3520,17601,-0.35156,-0.08105,0.92432,-0.36585,0.18293,0.18293
3521,17606,-0.34766,-0.08057,0.92236,-0.42683,0.18293,0.30488
3522,17611,-0.35107,-0.08154,0.91992,-0.36585,0.18293,0.30488
3523,17616,-0.35059,-0.08398,0.92090,-0.36585,0.12195,0.36585
3524,17620,-0.34961,-0.08105,0.92285,-0.36585,0.24390,0.24390
3525,17625,-0.35107,-0.08008,0.92578,-0.36585,0.18293,0.30488
3526,17631,-0.34766,-0.08496,0.92285,-0.42683,0.12195,0.18293
3527,17636,-0.35059,-0.08545,0.92090,-0.36585,0.24390,0.30488
3528,17641,-0.35010,-0.07812,0.92627,-0.42683,0.18293,0.36585
3529,17646,-0.35059,-0.08252,0.92090,-0.42683,0.18293,0.30488
3530,17651,-0.34668,-0.08154,0.91748,-0.42683,0.18293,0.24390
3531,17656,-0.34814,-0.08154,0.92188,-0.42683,0.24390,0.30488
3532,17661,-0.34717,-0.08154,0.92529,-0.42683,0.24390,0.24390
3533,17665,-0.34570,-0.08496,0.92334,-0.42683,0.18293,0.24390
3534,17671,-0.34619,-0.08691,0.92480,-0.36585,0.24390,0.30488
3535,17676,-0.34961,-0.08252,0.92480,-0.36585,0.12195,0.30488
3536,17681,-0.34668,-0.08252,0.92139,-0.36585,0.12195,0.24390
3537,17686,-0.34717,-0.08008,0.92090,-0.30488,0.18293,0.24390
3538,17691,-0.35107,-0.08203,0.92188,-0.24390,0.18293,0.30488
3539,17696,-0.34668,-0.08252,0.92139,-0.30488,0.24390,0.30488
3540,17701,-0.34766,-0.07764,0.91943,-0.36585,0.18293,0.36585
3541,17705,-0.35303,-0.08008,0.92139,-0.36585,0.12195,0.30488
3542,17711,-0.34717,-0.08350,0.92236,-0.42683,0.18293,0.30488
3543,17716,-0.34961,-0.08008,0.91895,-0.42683,0.18293,0.24390
3544,17721,-0.34863,-0.08105,0.92480,-0.48780,0.24390,0.30488
3545,17726,-0.34961,-0.08105,0.92090,-0.42683,0.24390,0.24390
3546,17731,-0.34863,-0.08301,0.92285,-0.42683,0.24390,0.24390
3547,17736,-0.34814,-0.08203,0.92578,-0.48780,0.24390,0.30488
3548,17741,-0.34961,-0.08105,0.92334,-0.48780,0.18293,0.30488
3549,17745,-0.35254,-0.08154,0.91943,-0.48780,0.24390,0.24390
3550,17750,-0.35059,-0.08350,0.92285,-0.24390,0.24390,0.24390
3551,17756,-0.34668,-0.08252,0.91992,-0.24390,0.30488,0.36585
3552,17761,-0.34766,-0.08252,0.92285,-0.36585,0.30488,0.30488
3553,17766,-0.35059,-0.08008,0.92041,-0.42683,0.36585,0.18293
3554,17771,-0.34814,-0.08154,0.92041,-0.36585,0.24390,0.24390
3555,17776,-0.34668,-0.08252,0.92090,-0.42683,0.12195,0.24390
3556,17781,-0.34766,-0.08008,0.92334,-0.54878,0.24390,0.36585
3557,17786,-0.34668,-0.07959,0.92090,-0.36585,0.36585,0.30488
3558,17790,-0.34717,-0.08398,0.92090,-0.42683,0.24390,0.18293
3559,17796,-0.34766,-0.08301,0.92383,-0.42683,0.24390,0.30488
3560,17801,-0.34961,-0.07910,0.92334,-0.48780,0.24390,0.24390
3561,17806,-0.35254,-0.08154,0.92383,-0.24390,0.24390,0.24390
3562,17811,-0.35303,-0.08057,0.92041,-0.30488,0.12195,0.24390
3563,17816,-0.34717,-0.08008,0.92139,-0.42683,0.24390,0.30488
3564,17821,-0.34619,-0.07910,0.92578,-0.42683,0.18293,0.24390
3565,17826,-0.35010,-0.08057,0.92236,-0.24390,0.18293,0.24390
3566,17830,-0.35156,-0.08398,0.92188,-0.18293,0.18293,0.30488
3567,17836,-0.35254,-0.07959,0.92578,-0.30488,0.24390,0.30488
3568,17841,-0.34766,-0.07959,0.92432,-0.30488,0.18293,0.30488
3569,17846,-0.34912,-0.08252,0.92432,-0.48780,0.24390,0.30488
3570,17851,-0.35156,-0.08203,0.92285,-0.67073,0.24390,0.30488
3571,17856,-0.34863,-0.08154,0.92285,-0.42683,0.18293,0.42683
3572,17861,-0.35254,-0.08057,0.92383,-0.36585,0.12195,0.42683
3573,17866,-0.34619,-0.08398,0.91846,-0.30488,0.18293,0.30488
3574,17870,-0.34521,-0.08057,0.92236,-0.60976,0.18293,0.30488
3575,17875,-0.34814,-0.07959,0.92432,-0.48780,0.24390,0.18293
3576,17881,-0.34961,-0.08057,0.92432,-0.48780,0.12195,0.24390
3577,17886,-0.34961,-0.08252,0.92041,-0.36585,0.18293,0.24390
3578,17891,-0.35010,-0.07959,0.92627,-0.42683,0.30488,0.30488
3579,17896,-0.34961,-0.08154,0.92383,-0.48780,0.24390,0.18293
3580,17901,-0.34668,-0.08057,0.92334,-0.36585,0.36585,0.24390
3581,17906,-0.35254,-0.08154,0.92139,-0.48780,0.24390,0.18293
3582,17911,-0.35156,-0.08154,0.91943,-0.48780,0.18293,0.24390
3583,17915,-0.34766,-0.08252,0.92285,-0.36585,0.30488,0.36585
3584,17921,-0.34717,-0.08154,0.92188,-0.30488,0.18293,0.30488
3585,17926,-0.35205,-0.08447,0.92676,-0.48780,0.18293,0.30488
3586,17931,-0.34863,-0.07910,0.92529,-0.36585,0.30488,0.36585
3587,17936,-0.34668,-0.08203,0.92822,-0.42683,0.24390,0.30488
3588,17941,-0.34863,-0.08398,0.92627,-0.48780,0.24390,0.30488
3589,17946,-0.35156,-0.08203,0.92285,-0.54878,0.24390,0.42683
3590,17951,-0.35059,-0.08154,0.92188,-0.42683,0.18293,0.30488
3591,17955,-0.35156,-0.08203,0.91846,-0.42683,0.24390,0.18293
3592,17961,-0.34766,-0.08057,0.91797,-0.42683,0.12195,0.24390
3593,17966,-0.35107,-0.08154,0.92236,-0.36585,0.06098,0.24390
3594,17971,-0.34912,-0.08105,0.91992,-0.36585,0.18293,0.24390
3595,17976,-0.34473,-0.07910,0.92285,-0.42683,0.12195,0.24390
3596,17981,-0.34521,-0.08252,0.92676,-0.36585,0.18293,0.36585
3597,17986,-0.34766,-0.08203,0.92627,-0.36585,0.24390,0.36585
3598,17991,-0.35010,-0.08057,0.92285,-0.42683,0.30488,0.24390
3599,17995,-0.35205,-0.07861,0.92139,-0.42683,0.30488,0.24390
3600,18000,-0.34961,-0.07861,0.92432,-0.60976,0.30488,0.42683
3601,18006,-0.34814,-0.07910,0.92480,-0.48780,0.24390,0.42683
3602,18011,-0.34961,-0.08154,0.92383,-0.30488,0.06098,0.30488
3603,18016,-0.34668,-0.08203,0.92285,-0.42683,0.06098,0.24390
3604,18021,-0.34912,-0.07861,0.92285,-0.54878,0.24390,0.30488
3605,18026,-0.34717,-0.08203,0.92725,-0.60976,0.18293,0.36585
3606,18031,-0.34961,-0.08008,0.92432,-0.24390,0.18293,0.30488
3607,18036,-0.34668,-0.08350,0.92139,-0.24390,0.18293,0.24390
3608,18040,-0.35156,-0.08447,0.91846,-0.42683,0.24390,0.30488
3609,18046,-0.34863,-0.07959,0.91699,-0.36585,0.24390,0.24390
3610,18051,-0.35010,-0.08203,0.92139,-0.30488,0.12195,0.18293
3611,18056,-0.35156,-0.08203,0.92334,-0.24390,0.18293,0.30488
3612,18061,-0.34814,-0.08008,0.92236,-0.30488,0.18293,0.24390
3613,18066,-0.34961,-0.07861,0.92578,-0.54878,0.30488,0.24390
3614,18071,-0.35010,-0.07959,0.92334,-0.42683,0.24390,0.18293
3615,18076,-0.35010,-0.08301,0.92188,-0.36585,0.30488,0.24390
3616,18080,-0.34912,-0.08203,0.92188,-0.48780,0.24390,0.24390
3617,18086,-0.34912,-0.08008,0.92090,-0.48780,0.30488,0.18293
3618,18091,-0.35059,-0.07910,0.92529,-0.36585,0.30488,0.24390
3619,18096,-0.34814,-0.08252,0.92432,-0.36585,0.30488,0.30488
3620,18101,-0.35059,-0.08203,0.92334,-0.36585,0.30488,0.18293
3621,18106,-0.35107,-0.08154,0.91992,-0.30488,0.24390,0.24390
3622,18111,-0.34912,-0.07910,0.92529,-0.42683,0.12195,0.24390
3623,18116,-0.34814,-0.07959,0.92676,-0.48780,0.12195,0.18293
3624,18120,-0.35205,-0.08203,0.92383,-0.54878,0.24390,0.36585
3625,18125,-0.34961,-0.08008,0.92236,-0.42683,0.36585,0.30488
3626,18131,-0.35107,-0.08252,0.93018,-0.54878,0.30488,0.24390
3627,18136,-0.35010,-0.08105,0.92383,-0.42683,0.18293,0.30488
3628,18141,-0.34912,-0.08008,0.92334,-0.42683,0.30488,0.24390
3629,18146,-0.35156,-0.08203,0.92871,-0.54878,0.18293,0.30488
3630,18151,-0.35107,-0.08105,0.92334,-0.48780,0.12195,0.24390
3631,18156,-0.34814,-0.08154,0.92188,-0.48780,0.12195,0.36585
3632,18161,-0.34814,-0.08252,0.92432,-0.54878,0.24390,0.30488
3633,18165,-0.35205,-0.08105,0.92432,-0.42683,0.18293,0.30488
3634,18171,-0.35107,-0.08057,0.92236,-0.24390,0.24390,0.18293
3635,18176,-0.35010,-0.08057,0.92529,-0.30488,0.24390,0.30488
3636,18181,-0.35010,-0.08203,0.92480,-0.36585,0.18293,0.30488
3637,18186,-0.34717,-0.07910,0.92822,-0.36585,0.12195,0.36585
3638,18191,-0.35107,-0.08203,0.92139,-0.42683,0.18293,0.30488
3639,18196,-0.34717,-0.08252,0.92090,-0.42683,0.18293,0.24390
3640,18201,-0.34961,-0.08008,0.92432,-0.48780,0.24390,0.24390
3641,18205,-0.34961,-0.08008,0.92432,-0.48780,0.24390,0.24390
3642,18211,-0.34961,-0.08252,0.92480,-0.42683,0.30488,0.24390
3643,18216,-0.34766,-0.08301,0.92871,-0.48780,0.12195,0.36585
3644,18221,-0.34766,-0.08154,0.92383,-0.36585,0.18293,0.30488
3645,18226,-0.34863,-0.08252,0.92041,-0.48780,0.24390,0.24390
3646,18231,-0.35107,-0.08008,0.92285,-0.36585,0.18293,0.24390
3647,18236,-0.35107,-0.08008,0.92285,-0.36585,0.18293,0.24390
3648,18241,-0.34912,-0.08301,0.92285,-0.36585,0.24390,0.30488
3649,18245,-0.35303,-0.08350,0.92285,-0.42683,0.12195,0.36585
3650,18250,-0.34814,-0.08008,0.92676,-0.60976,0.00000,0.36585
3651,18256,-0.35059,-0.07715,0.92285,-0.24390,0.18293,0.18293
3652,18261,-0.34814,-0.08008,0.92139,-0.18293,0.30488,0.30488
3653,18266,-0.34814,-0.08008,0.92139,-0.18293,0.30488,0.30488
3654,18271,-0.34619,-0.08203,0.92383,-0.36585,0.24390,0.24390
3655,18276,-0.35400,-0.07959,0.91992,-0.60976,0.18293,0.24390
3656,18281,-0.34766,-0.08252,0.92676,-0.42683,0.06098,0.30488
3657,18286,-0.34814,-0.08105,0.91943,-0.36585,0.12195,0.30488
3658,18290,-0.34961,-0.08008,0.92188,-0.36585,0.18293,0.30488
3659,18296,-0.34814,-0.08203,0.92432,-0.48780,0.18293,0.12195
3660,18301,-0.34814,-0.08203,0.92432,-0.48780,0.18293,0.12195
3661,18306,-0.34717,-0.07861,0.92041,-0.42683,0.24390,0.36585
3662,18311,-0.35303,-0.08154,0.92188,-0.24390,0.18293,0.30488
3663,18316,-0.35156,-0.08252,0.92432,-0.36585,0.18293,0.30488
3664,18321,-0.34814,-0.08398,0.92432,-0.48780,0.18293,0.30488
3665,18326,-0.35107,-0.08154,0.92480,-0.42683,0.12195,0.24390
3666,18330,-0.35107,-0.08057,0.91992,-0.48780,0.12195,0.30488
3667,18336,-0.34766,-0.08252,0.92725,-0.60976,0.06098,0.30488
3668,18341,-0.34912,-0.07910,0.92480,-0.42683,0.12195,0.18293
3669,18346,-0.34619,-0.07861,0.91992,-0.48780,0.24390,0.30488
3670,18351,-0.34766,-0.08057,0.92480,-0.54878,0.24390,0.36585
3671,18356,-0.34521,-0.08496,0.92676,-0.54878,0.00000,0.36585
3672,18361,-0.34326,-0.08398,0.92578,-0.48780,0.12195,0.42683
3673,18366,-0.34570,-0.07764,0.92334,-0.36585,0.24390,0.30488
3674,18370,-0.34717,-0.08008,0.92920,-0.54878,0.06098,0.24390
3675,18375,-0.34668,-0.08154,0.92236,-0.48780,0.06098,0.30488
3676,18381,-0.34961,-0.08154,0.92139,-0.36585,0.12195,0.36585
3677,18386,-0.34668,-0.08105,0.92285,-0.48780,0.12195,0.36585
3678,18391,-0.34961,-0.07910,0.91846,-0.36585,0.00000,0.24390
3679,18396,-0.34912,-0.08105,0.92480,-0.42683,0.00000,0.24390
3680,18401,-0.34717,-0.08496,0.92334,-0.54878,0.18293,0.24390
3681,18406,-0.34912,-0.07910,0.91943,-0.48780,0.24390,0.24390
3682,18411,-0.35010,-0.07910,0.92139,-0.48780,0.18293,0.18293
3683,18415,-0.34521,-0.07959,0.92188,-0.48780,0.06098,0.24390
3684,18421,-0.34766,-0.07959,0.92334,-0.24390,0.06098,0.30488
3685,18426,-0.34766,-0.08105,0.92188,-0.54878,0.24390,0.36585
3686,18431,-0.34717,-0.08252,0.92480,-0.42683,0.24390,0.18293
3687,18436,-0.34814,-0.08252,0.92529,-0.42683,0.36585,0.24390
3688,18441,-0.34863,-0.08252,0.92529,-0.54878,0.24390,0.36585
3689,18446,-0.34717,-0.08057,0.92285,-0.36585,0.24390,0.24390
3690,18451,-0.34863,-0.08057,0.92334,-0.42683,0.18293,0.36585
3691,18455,-0.35205,-0.08398,0.92188,-0.36585,0.12195,0.18293
3692,18461,-0.34961,-0.08252,0.91943,-0.36585,0.18293,0.24390
3693,18466,-0.34570,-0.08008,0.92188,-0.42683,0.24390,0.30488
3694,18471,-0.35303,-0.07812,0.92529,-0.30488,0.18293,0.30488
3695,18476,-0.35010,-0.08105,0.92236,-0.30488,0.24390,0.30488
3696,18481,-0.35010,-0.08105,0.92480,-0.42683,0.24390,0.30488
3697,18486,-0.35254,-0.08057,0.92725,-0.48780,0.30488,0.36585
3698,18491,-0.35303,-0.08203,0.92529,-0.36585,0.06098,0.30488
3699,18495,-0.35156,-0.08008,0.92188,-0.36585,0.24390,0.36585
3700,18500,-0.35010,-0.08057,0.91797,-0.24390,0.36585,0.36585
3701,18506,-0.35205,-0.08057,0.92822,-0.36585,0.06098,0.18293
3702,18511,-0.34863,-0.08105,0.92627,-0.48780,0.24390,0.06098
3703,18516,-0.34863,-0.08301,0.92383,-0.60976,0.18293,0.24390
3704,18521,-0.34668,-0.08008,0.92432,-0.54878,0.06098,0.30488
3705,18526,-0.34863,-0.08008,0.92334,-0.30488,0.18293,0.30488
3706,18531,-0.35059,-0.08105,0.92236,-0.36585,0.18293,0.24390
3707,18536,-0.34668,-0.07959,0.92871,-0.54878,0.18293,0.24390
3708,18540,-0.34863,-0.07910,0.92334,-0.36585,0.24390,0.30488
3709,18546,-0.34863,-0.08057,0.92236,-0.48780,0.18293,0.18293
3710,18551,-0.34766,-0.08057,0.92090,-0.36585,0.12195,0.30488
3711,18556,-0.34863,-0.07959,0.92529,-0.42683,0.18293,0.42683
3712,18561,-0.34912,-0.08057,0.92529,-0.48780,0.30488,0.30488
3713,18566,-0.34912,-0.08008,0.92139,-0.48780,0.18293,0.30488
3714,18571,-0.34668,-0.07959,0.92529,-0.30488,0.12195,0.24390
3715,18576,-0.34668,-0.08203,0.92578,-0.42683,0.18293,0.24390
3716,18580,-0.35010,-0.08252,0.92334,-0.48780,0.24390,0.36585
3717,18586,-0.34814,-0.08252,0.92578,-0.42683,0.24390,0.30488
3718,18591,-0.34668,-0.08252,0.92432,-0.60976,0.12195,0.18293
3719,18596,-0.34717,-0.08105,0.92139,-0.54878,0.18293,0.36585
3720,18601,-0.34619,-0.08252,0.91943,-0.36585,0.24390,0.30488
3721,18606,-0.34961,-0.08105,0.92041,-0.36585,0.24390,0.30488
3722,18611,-0.34766,-0.08350,0.92236,-0.48780,0.12195,0.36585
3723,18616,-0.34766,-0.08301,0.92139,-0.36585,0.30488,0.30488
3724,18620,-0.34961,-0.08057,0.92334,-0.36585,0.24390,0.36585
3725,18625,-0.35107,-0.08057,0.92578,-0.42683,0.12195,0.18293
3726,18631,-0.34912,-0.08008,0.92334,-0.36585,0.24390,0.30488
3727,18636,-0.34863,-0.08252,0.92090,-0.30488,0.18293,0.30488
3728,18641,-0.35547,-0.08301,0.92627,-0.30488,0.18293,0.24390
3729,18646,-0.34912,-0.08154,0.92090,-0.36585,0.24390,0.18293
3730,18651,-0.35107,-0.07959,0.92383,-0.48780,0.24390,0.24390
3731,18656,-0.35010,-0.08252,0.92627,-0.30488,0.30488,0.30488
3732,18661,-0.35254,-0.08203,0.92090,-0.30488,0.36585,0.18293
3733,18665,-0.34912,-0.08203,0.92285,-0.36585,0.36585,0.12195
3734,18671,-0.34912,-0.08350,0.92383,-0.48780,0.30488,0.24390
3735,18676,-0.35254,-0.08105,0.92236,-0.36585,0.12195,0.30488
3736,18681,-0.35010,-0.08057,0.92334,-0.30488,0.24390,0.24390
3737,18686,-0.35205,-0.08154,0.92480,-0.24390,0.18293,0.36585
3738,18691,-0.35156,-0.07959,0.92236,-0.36585,0.18293,0.42683
3739,18696,-0.34961,-0.08203,0.92480,-0.36585,0.24390,0.24390
3740,18701,-0.34668,-0.08105,0.92188,-0.48780,0.30488,0.30488
3741,18705,-0.35107,-0.08008,0.92334,-0.48780,0.18293,0.30488
3742,18711,-0.35156,-0.08203,0.92090,-0.30488,0.12195,0.24390
3743,18716,-0.35010,-0.08252,0.92090,-0.42683,0.24390,0.36585
3744,18721,-0.34766,-0.08105,0.92773,-0.42683,0.18293,0.30488
3745,18726,-0.35156,-0.08203,0.92627,-0.42683,0.24390,0.30488
3746,18731,-0.35156,-0.08203,0.92432,-0.48780,0.18293,0.30488
3747,18736,-0.35352,-0.08057,0.92041,-0.36585,0.18293,0.18293
3748,18741,-0.34961,-0.08057,0.92090,-0.42683,0.18293,0.18293
3749,18745,-0.34619,-0.07861,0.92383,-0.42683,0.18293,0.42683
3750,18750,-0.34863,-0.07812,0.92725,-0.36585,0.18293,0.36585
3751,18756,-0.35010,-0.08252,0.92627,-0.54878,0.12195,0.30488
3752,18761,-0.35107,-0.08105,0.92529,-0.36585,0.24390,0.24390
3753,18766,-0.34863,-0.07812,0.92578,-0.42683,0.18293,0.24390
3754,18771,-0.34717,-0.08057,0.91992,-0.36585,0.24390,0.24390
3755,18776,-0.35059,-0.08398,0.92285,-0.36585,0.18293,0.30488
3756,18781,-0.34863,-0.07959,0.92627,-0.30488,0.30488,0.18293
3757,18786,-0.35107,-0.08057,0.92188,-0.36585,0.06098,0.30488
3758,18790,-0.34814,-0.08203,0.92529,-0.36585,0.00000,0.36585
3759,18796,-0.34766,-0.08154,0.92334,-0.30488,0.24390,0.30488
3760,18801,-0.34766,-0.08057,0.92871,-0.36585,0.24390,0.18293
3761,18806,-0.35010,-0.07861,0.92480,-0.42683,0.24390,0.36585
3762,18811,-0.35156,-0.08252,0.92139,-0.42683,0.24390,0.36585
3763,18816,-0.34961,-0.08154,0.92139,-0.30488,0.24390,0.24390
3764,18821,-0.34521,-0.07959,0.92480,-0.36585,0.24390,0.24390
3765,18826,-0.34863,-0.08154,0.92529,-0.30488,0.24390,0.36585
3766,18830,-0.34814,-0.08203,0.92773,-0.30488,0.24390,0.36585
3767,18836,-0.35205,-0.08447,0.92334,-0.36585,0.24390,0.30488
3768,18841,-0.35156,-0.08057,0.92773,-0.24390,0.24390,0.36585
3769,18846,-0.34863,-0.08008,0.92041,-0.30488,0.30488,0.30488
3770,18851,-0.34814,-0.08008,0.91846,-0.24390,0.30488,0.24390
3771,18856,-0.35059,-0.08252,0.92139,-0.36585,0.24390,0.18293
3772,18861,-0.35010,-0.08057,0.92236,-0.24390,0.24390,0.30488
3773,18866,-0.34912,-0.07910,0.92285,-0.30488,0.30488,0.30488
3774,18870,-0.34912,-0.07910,0.92285,-0.30488,0.30488,0.30488
3775,18875,-0.35156,-0.08154,0.92139,-0.42683,0.24390,0.24390
3776,18881,-0.35010,-0.08301,0.91895,-0.42683,0.12195,0.24390
3777,18886,-0.34863,-0.08008,0.92627,-0.36585,0.06098,0.30488
3778,18891,-0.34814,-0.08398,0.92432,-0.42683,0.18293,0.36585
3779,18896,-0.34766,-0.08496,0.92383,-0.36585,0.30488,0.18293
3780,18901,-0.34961,-0.08057,0.92139,-0.42683,0.12195,0.24390
3781,18906,-0.34961,-0.08057,0.92139,-0.42683,0.12195,0.24390
3782,18911,-0.35010,-0.07764,0.92578,-0.42683,0.24390,0.36585
3783,18915,-0.34961,-0.08057,0.92285,-0.42683,0.18293,0.24390
3784,18921,-0.34619,-0.08252,0.92139,-0.24390,0.30488,0.42683
3785,18926,-0.34814,-0.08350,0.92383,-0.30488,0.18293,0.30488
3786,18931,-0.35107,-0.08008,0.92285,-0.30488,0.24390,0.42683
3787,18936,-0.35107,-0.08008,0.92285,-0.30488,0.24390,0.42683
3788,18941,-0.34375,-0.08350,0.92529,-0.48780,0.12195,0.36585
3789,18946,-0.34912,-0.07812,0.92432,-0.36585,0.18293,0.36585
3790,18951,-0.35449,-0.07812,0.92041,-0.24390,0.24390,0.30488
3791,18955,-0.34766,-0.08105,0.92334,-0.48780,0.12195,0.18293
3792,18961,-0.34961,-0.08057,0.92578,-0.42683,0.24390,0.18293
3793,18966,-0.34961,-0.08057,0.92578,-0.42683,0.24390,0.18293
3794,18971,-0.35059,-0.08252,0.92090,-0.48780,0.18293,0.30488
3795,18976,-0.34668,-0.08154,0.92627,-0.42683,0.24390,0.36585
3796,18981,-0.34912,-0.08008,0.92139,-0.24390,0.18293,0.30488
3797,18986,-0.34863,-0.08154,0.92041,-0.36585,0.24390,0.30488
3798,18991,-0.34863,-0.08252,0.92236,-0.42683,0.18293,0.24390
3799,18995,-0.34717,-0.08203,0.91553,-0.30488,0.12195,0.18293
3800,19000,-0.35107,-0.08057,0.92041,-0.24390,0.24390,0.24390
3801,19006,-0.34961,-0.08203,0.92041,-0.30488,0.24390,0.30488
3802,19011,-0.34961,-0.08154,0.92383,-0.42683,0.24390,0.24390
3803,19016,-0.34912,-0.08252,0.92285,-0.36585,0.30488,0.24390
3804,19021,-0.35010,-0.08203,0.91846,-0.48780,0.18293,0.24390
3805,19026,-0.34961,-0.08545,0.92871,-0.54878,0.24390,0.18293
3806,19031,-0.35205,-0.08154,0.92529,-0.36585,0.18293,0.30488
3807,19036,-0.35107,-0.07861,0.92139,-0.36585,0.18293,0.30488
3808,19040,-0.35010,-0.08252,0.92285,-0.42683,0.24390,0.24390
3809,19046,-0.34814,-0.08350,0.92334,-0.42683,0.18293,0.30488
3810,19051,-0.35010,-0.08252,0.92236,-0.54878,0.24390,0.24390
3811,19056,-0.35010,-0.08301,0.92480,-0.42683,0.30488,0.12195
3812,19061,-0.35303,-0.08057,0.92480,-0.30488,0.18293,0.36585
3813,19066,-0.34473,-0.07910,0.92480,-0.42683,0.12195,0.36585
3814,19071,-0.34619,-0.08252,0.92773,-0.54878,0.18293,0.18293
3815,19076,-0.34619,-0.08057,0.92285,-0.42683,0.12195,0.30488
3816,19080,-0.34912,-0.08350,0.92139,-0.42683,0.18293,0.24390
3817,19086,-0.34863,-0.08154,0.92090,-0.30488,0.30488,0.30488
3818,19091,-0.34717,-0.08447,0.92432,-0.36585,0.18293,0.24390
3819,19096,-0.35059,-0.07910,0.92285,-0.30488,0.24390,0.36585
3820,19101,-0.34863,-0.08057,0.91992,-0.30488,0.24390,0.30488
3821,19106,-0.34766,-0.07910,0.92578,-0.36585,0.18293,0.30488
3822,19111,-0.34766,-0.08301,0.92480,-0.42683,0.24390,0.30488
3823,19116,-0.34961,-0.08301,0.92334,-0.30488,0.18293,0.18293
3824,19120,-0.34912,-0.07910,0.92480,-0.36585,0.12195,0.24390
3825,19125,-0.35010,-0.08057,0.92480,-0.30488,0.18293,0.12195
3826,19131,-0.35059,-0.08545,0.92285,-0.36585,0.24390,0.30488
3827,19136,-0.34912,-0.08545,0.91992,-0.36585,0.12195,0.36585
3828,19141,-0.34668,-0.08301,0.92188,-0.42683,0.30488,0.30488
3829,19146,-0.35010,-0.08301,0.92188,-0.60976,0.24390,0.42683
3830,19151,-0.35156,-0.08154,0.92188,-0.48780,0.18293,0.30488
3831,19156,-0.34814,-0.08252,0.92334,-0.24390,0.12195,0.24390
3832,19161,-0.34717,-0.08398,0.92139,-0.36585,0.30488,0.30488
3833,19165,-0.35156,-0.08154,0.92383,-0.36585,0.24390,0.42683
3834,19171,-0.35156,-0.07959,0.91992,-0.36585,0.18293,0.42683
3835,19176,-0.35156,-0.08008,0.92529,-0.36585,0.24390,0.36585
3836,19181,-0.34863,-0.08057,0.92676,-0.42683,0.24390,0.24390
3837,19186,-0.34717,-0.08057,0.92285,-0.42683,0.12195,0.24390
3838,19191,-0.34814,-0.08105,0.92578,-0.60976,0.12195,0.18293
3839,19196,-0.34863,-0.08447,0.92383,-0.48780,0.30488,0.30488
3840,19201,-0.35010,-0.08154,0.92041,-0.48780,0.24390,0.30488
3841,19205,-0.34814,-0.08057,0.92529,-0.36585,0.12195,0.30488
3842,19211,-0.34521,-0.07812,0.92676,-0.36585,0.18293,0.30488
3843,19216,-0.34912,-0.07959,0.91846,-0.42683,0.24390,0.36585
3844,19221,-0.35254,-0.08301,0.92090,-0.48780,0.24390,0.18293
3845,19226,-0.35254,-0.08203,0.92334,-0.30488,0.18293,0.18293
3846,19231,-0.34717,-0.08008,0.92480,-0.36585,0.12195,0.30488
3847,19236,-0.35059,-0.08008,0.92236,-0.48780,0.24390,0.36585
3848,19241,-0.35156,-0.08057,0.92139,-0.42683,0.30488,0.30488
3849,19245,-0.35254,-0.08350,0.92383,-0.36585,0.30488,0.36585
3850,19250,-0.34961,-0.08350,0.92432,-0.48780,0.18293,0.30488
3851,19256,-0.35352,-0.08057,0.92285,-0.42683,0.12195,0.30488
3852,19261,-0.34766,-0.08008,0.92285,-0.42683,0.12195,0.24390
3853,19266,-0.34814,-0.08057,0.92627,-0.48780,0.30488,0.30488
3854,19271,-0.35107,-0.08301,0.92480,-0.48780,0.18293,0.24390
3855,19276,-0.34766,-0.08057,0.92529,-0.42683,0.00000,0.30488
3856,19281,-0.34717,-0.08301,0.92090,-0.30488,0.18293,0.30488
3857,19286,-0.35156,-0.08252,0.92236,-0.24390,0.18293,0.30488
3858,19290,-0.34912,-0.08154,0.92285,-0.30488,0.12195,0.24390
3859,19296,-0.35156,-0.08154,0.92090,-0.42683,0.06098,0.30488
3860,19301,-0.35205,-0.08057,0.92725,-0.42683,0.12195,0.30488
3861,19306,-0.34766,-0.08008,0.92578,-0.54878,0.12195,0.18293
3862,19311,-0.34863,-0.08008,0.92285,-0.48780,0.12195,0.30488
3863,19316,-0.35107,-0.08154,0.91602,-0.54878,0.06098,0.18293
3864,19321,-0.34375,-0.08008,0.92383,-0.30488,0.00000,0.18293
3865,19326,-0.35059,-0.08057,0.92480,-0.48780,0.18293,0.36585
3866,19330,-0.34961,-0.07812,0.92139,-0.48780,0.30488,0.24390
3867,19336,-0.35059,-0.08203,0.92285,-0.48780,0.24390,0.24390
3868,19341,-0.34912,-0.07861,0.92627,-0.36585,0.12195,0.30488
3869,19346,-0.34814,-0.07910,0.92236,-0.30488,0.12195,0.24390
3870,19351,-0.34961,-0.08398,0.92383,-0.24390,0.24390,0.24390
3871,19356,-0.35010,-0.08350,0.92236,-0.36585,0.30488,0.30488
3872,19361,-0.34668,-0.08057,0.91895,-0.48780,0.30488,0.36585
3873,19366,-0.34961,-0.07910,0.92236,-0.30488,0.24390,0.24390
3874,19370,-0.34766,-0.08203,0.92383,-0.36585,0.18293,0.36585
3875,19375,-0.34766,-0.08545,0.92676,-0.36585,0.18293,0.30488
3876,19381,-0.34668,-0.08203,0.92236,-0.36585,0.12195,0.30488
3877,19386,-0.35059,-0.08252,0.92188,-0.36585,0.24390,0.36585
3878,19391,-0.34814,-0.08105,0.91943,-0.24390,0.12195,0.30488
3879,19396,-0.34619,-0.08105,0.91699,-0.36585,0.12195,0.30488
3880,19401,-0.35645,-0.08350,0.91846,-0.42683,0.18293,0.30488
3881,19406,-0.35352,-0.08252,0.92139,-0.42683,0.18293,0.30488
3882,19411,-0.34912,-0.08154,0.92529,-0.30488,0.12195,0.30488
3883,19415,-0.34717,-0.08057,0.92383,-0.42683,0.18293,0.30488
3884,19421,-0.34863,-0.08057,0.92627,-0.48780,0.24390,0.36585
3885,19426,-0.34814,-0.08154,0.92480,-0.42683,0.24390,0.36585
3886,19431,-0.35010,-0.08154,0.92041,-0.42683,0.24390,0.30488
3887,19436,-0.34961,-0.08252,0.92090,-0.36585,0.12195,0.30488
3888,19441,-0.34912,-0.07715,0.92090,-0.30488,0.24390,0.18293
3889,19446,-0.34863,-0.08008,0.91992,-0.30488,0.12195,0.18293
3890,19451,-0.35059,-0.08203,0.92285,-0.42683,0.12195,0.30488
3891,19455,-0.34668,-0.08057,0.92236,-0.42683,0.18293,0.30488
3892,19461,-0.34863,-0.08154,0.91992,-0.42683,0.18293,0.18293
3893,19466,-0.35010,-0.08594,0.92383,-0.36585,0.18293,0.24390
3894,19471,-0.34961,-0.08350,0.92090,-0.36585,0.12195,0.30488
3895,19476,-0.34668,-0.08008,0.92188,-0.24390,0.12195,0.30488
3896,19481,-0.34766,-0.07617,0.92090,-0.42683,0.00000,0.36585
3897,19486,-0.34717,-0.07910,0.91895,-0.42683,0.12195,0.36585
3898,19491,-0.34766,-0.07764,0.92334,-0.36585,0.24390,0.24390
3899,19495,-0.35059,-0.07959,0.92188,-0.36585,0.24390,0.24390
3900,19500,-0.35059,-0.08008,0.92285,-0.48780,0.24390,0.30488
3901,19506,-0.35010,-0.07959,0.92285,-0.48780,0.12195,0.18293
3902,19511,-0.34814,-0.08105,0.92480,-0.54878,0.12195,0.18293
3903,19516,-0.35205,-0.08008,0.92383,-0.42683,0.24390,0.24390
3904,19521,-0.34961,-0.08008,0.92041,-0.24390,0.06098,0.18293
3905,19526,-0.34814,-0.08154,0.92383,-0.36585,0.18293,0.30488
3906,19531,-0.34717,-0.07812,0.92529,-0.42683,0.18293,0.36585
3907,19536,-0.35010,-0.07959,0.92285,-0.54878,0.18293,0.18293
3908,19540,-0.35010,-0.07959,0.92285,-0.54878,0.18293,0.18293
3909,19546,-0.34814,-0.08301,0.92432,-0.54878,0.18293,0.30488
3910,19551,-0.35254,-0.07861,0.92090,-0.36585,0.18293,0.24390
3911,19556,-0.34863,-0.08008,0.92041,-0.42683,0.18293,0.30488
3912,19561,-0.34668,-0.08105,0.92090,-0.42683,0.18293,0.36585
3913,19566,-0.34814,-0.08105,0.91846,-0.42683,0.18293,0.24390
3914,19571,-0.34814,-0.08105,0.91846,-0.42683,0.18293,0.24390
3915,19576,-0.34863,-0.08008,0.91943,-0.48780,0.12195,0.24390
3916,19580,-0.34668,-0.08105,0.92334,-0.42683,0.06098,0.24390
3917,19586,-0.34717,-0.08057,0.92432,-0.36585,0.06098,0.36585
3918,19591,-0.34766,-0.07959,0.92432,-0.36585,0.18293,0.30488
3919,19596,-0.34814,-0.08105,0.92041,-0.54878,0.12195,0.30488
3920,19601,-0.34863,-0.08301,0.92432,-0.48780,0.00000,0.30488
3921,19606,-0.34863,-0.08301,0.92432,-0.48780,0.00000,0.30488
3922,19611,-0.34766,-0.08252,0.92432,-0.36585,0.12195,0.24390
3923,19616,-0.34912,-0.07959,0.92285,-0.36585,0.24390,0.36585
3924,19620,-0.34473,-0.07910,0.92871,-0.42683,0.00000,0.36585
3925,19625,-0.34473,-0.08008,0.91846,-0.42683,0.06098,0.36585
3926,19631,-0.35156,-0.08350,0.92920,-0.42683,0.18293,0.42683
3927,19636,-0.35156,-0.08350,0.92920,-0.42683,0.18293,0.42683
3928,19641,-0.35107,-0.08008,0.92236,-0.42683,0.06098,0.36585
3929,19646,-0.34668,-0.08057,0.92236,-0.36585,0.06098,0.30488
3930,19651,-0.35010,-0.08203,0.92334,-0.24390,0.12195,0.30488
3931,19656,-0.34863,-0.08252,0.92725,-0.12195,0.12195,0.42683
3932,19661,-0.34668,-0.08252,0.92432,-0.30488,0.06098,0.42683
3933,19665,-0.34473,-0.07910,0.92090,-0.48780,0.00000,0.30488
3934,19671,-0.34473,-0.07715,0.91992,-0.48780,0.12195,0.18293
3935,19676,-0.34473,-0.08203,0.92383,-0.36585,0.18293,0.24390
3936,19681,-0.34277,-0.08105,0.92529,-0.42683,0.24390,0.18293
3937,19686,-0.34668,-0.08203,0.92822,-0.36585,0.24390,0.30488
3938,19691,-0.35010,-0.07861,0.91992,-0.48780,0.36585,0.24390
3939,19696,-0.34863,-0.08203,0.91943,-0.42683,0.36585,0.24390
3940,19701,-0.34863,-0.08350,0.91699,-0.48780,0.24390,0.24390
3941,19705,-0.35107,-0.08301,0.92383,-0.42683,0.24390,0.18293
3942,19711,-0.34912,-0.08496,0.92480,-0.42683,0.24390,0.30488
3943,19716,-0.34570,-0.08252,0.92236,-0.42683,0.24390,0.24390
3944,19721,-0.35205,-0.08057,0.91943,-0.24390,0.30488,0.24390
3945,19726,-0.35107,-0.08398,0.92285,-0.36585,0.24390,0.24390
3946,19731,-0.34619,-0.07959,0.92725,-0.30488,0.24390,0.24390
3947,19736,-0.35059,-0.08154,0.91943,-0.36585,0.36585,0.24390
3948,19741,-0.35010,-0.08154,0.92529,-0.30488,0.24390,0.30488
3949,19745,-0.35010,-0.08203,0.92236,-0.24390,0.36585,0.30488
3950,19750,-0.35059,-0.08301,0.92285,-0.18293,0.24390,0.36585
3951,19756,-0.34668,-0.08057,0.92627,-0.36585,0.18293,0.30488
3952,19761,-0.34668,-0.08301,0.91943,-0.42683,0.30488,0.30488
3953,19766,-0.34375,-0.08105,0.92188,-0.36585,0.18293,0.18293
3954,19771,-0.34717,-0.07812,0.92334,-0.42683,0.18293,0.24390
3955,19776,-0.35059,-0.08008,0.91992,-0.36585,0.30488,0.30488
3956,19781,-0.35010,-0.08350,0.92188,-0.36585,0.18293,0.24390
3957,19786,-0.35059,-0.08008,0.92285,-0.36585,0.12195,0.30488
3958,19790,-0.34863,-0.07910,0.92285,-0.36585,0.24390,0.18293
3959,19796,-0.34619,-0.08057,0.91992,-0.36585,0.30488,0.30488
3960,19801,-0.34912,-0.08252,0.92285,-0.36585,0.18293,0.30488
3961,19806,-0.34717,-0.07959,0.92773,-0.36585,0.12195,0.36585
3962,19811,-0.34912,-0.08301,0.92578,-0.36585,0.24390,0.36585
3963,19816,-0.35059,-0.08203,0.91602,-0.36585,0.12195,0.36585
3964,19821,-0.34912,-0.08203,0.92139,-0.48780,0.18293,0.30488
3965,19826,-0.34766,-0.07959,0.91992,-0.54878,0.00000,0.30488
3966,19830,-0.35010,-0.08203,0.92529,-0.42683,0.12195,0.30488
3967,19836,-0.34961,-0.08105,0.92822,-0.30488,0.18293,0.30488
3968,19841,-0.34277,-0.08105,0.92383,-0.42683,0.12195,0.36585
3969,19846,-0.34521,-0.08105,0.92773,-0.36585,0.24390,0.24390
3970,19851,-0.34668,-0.08105,0.92627,-0.48780,0.06098,0.30488
3971,19856,-0.35254,-0.07910,0.92236,-0.48780,0.12195,0.36585
3972,19861,-0.34619,-0.08154,0.92334,-0.54878,0.30488,0.42683
3973,19866,-0.34863,-0.08105,0.92090,-0.54878,0.24390,0.24390
3974,19870,-0.34766,-0.08398,0.92334,-0.24390,0.18293,0.24390
3975,19875,-0.35010,-0.08252,0.92529,-0.48780,0.24390,0.24390
3976,19881,-0.34814,-0.08301,0.92334,-0.42683,0.12195,0.30488
3977,19886,-0.34619,-0.08105,0.92236,-0.36585,0.18293,0.30488
3978,19891,-0.34717,-0.08008,0.92236,-0.48780,0.18293,0.30488
3979,19896,-0.34912,-0.08154,0.92236,-0.42683,0.30488,0.18293
3980,19901,-0.34570,-0.08057,0.92090,-0.36585,0.24390,0.24390
3981,19906,-0.34961,-0.08105,0.92480,-0.30488,0.18293,0.36585
3982,19911,-0.34912,-0.08252,0.92432,-0.36585,0.24390,0.30488
3983,19915,-0.34570,-0.08154,0.92090,-0.42683,0.24390,0.30488
3984,19921,-0.34717,-0.07959,0.92432,-0.36585,0.30488,0.30488
3985,19926,-0.34717,-0.08057,0.92188,-0.48780,0.12195,0.30488
3986,19931,-0.35010,-0.08008,0.92627,-0.36585,0.06098,0.30488
3987,19936,-0.34814,-0.07910,0.92334,-0.36585,0.00000,0.30488
3988,19941,-0.34668,-0.08203,0.92383,-0.42683,0.12195,0.24390
3989,19946,-0.34814,-0.08057,0.92432,-0.36585,0.12195,0.24390
3990,19951,-0.34766,-0.08008,0.92090,-0.54878,0.00000,0.30488
3991,19955,-0.34814,-0.08105,0.92480,-0.48780,0.00000,0.18293
3992,19961,-0.34863,-0.08252,0.92334,-0.36585,0.18293,0.24390
3993,19966,-0.34668,-0.08154,0.92285,-0.36585,0.18293,0.36585
3994,19971,-0.34424,-0.08008,0.92139,-0.36585,0.12195,0.36585
3995,19976,-0.34619,-0.08252,0.92188,-0.60976,0.18293,0.24390
3996,19981,-0.34863,-0.08057,0.92188,-0.36585,0.18293,0.36585
3997,19986,-0.34375,-0.07959,0.92236,-0.48780,0.24390,0.30488
3998,19991,-0.34814,-0.08350,0.92139,-0.48780,0.30488,0.30488
