seq,t_ms,ax_g,ay_g,az_g,gx_dps,gy_dps,gz_dps
0,1,-0.38403,-0.06317,0.92249,-0.40396,0.32774,0.23628
1,10,-0.38257,-0.06384,0.92474,-0.41159,0.40396,0.17530
2,20,-0.38226,-0.06500,0.92316,-0.39634,0.42683,0.12195
3,30,-0.38202,-0.06488,0.92651,-0.49543,0.37348,0.13720
4,40,-0.38196,-0.06201,0.92731,-0.48018,0.33537,0.20579
5,50,-0.38287,-0.06311,0.92499,-0.38872,0.39634,0.19055
6,60,-0.38153,-0.06281,0.92432,-0.41921,0.41159,0.21341
7,70,-0.38220,-0.06366,0.92468,-0.27439,0.38110,0.15244
8,80,-0.38574,-0.06360,0.92584,-0.35061,0.38110,0.19055
9,91,-0.38550,-0.06519,0.92395,-0.46494,0.41159,0.12957
10,100,-0.38281,-0.06519,0.92474,-0.49543,0.30488,0.07622
11,110,-0.38092,-0.06488,0.92511,-0.56402,0.32774,0.09909
12,120,-0.38354,-0.06439,0.92346,-0.38110,0.16006,0.25915
13,131,-0.38257,-0.06256,0.92529,-0.45732,0.14482,0.22104
14,140,-0.38373,-0.06177,0.92377,-0.47256,0.19817,0.20579
15,150,-0.38300,-0.06421,0.92468,-0.41159,0.11433,0.20579
16,160,-0.38208,-0.06451,0.92468,-0.37348,-0.00762,0.20579
17,171,-0.38318,-0.06409,0.92596,-0.41921,-0.02287,0.19817
18,180,-0.38202,-0.06390,0.92743,-0.42683,0.02287,0.21341
19,190,-0.38055,-0.06207,0.92615,-0.55640,-0.00762,0.14482
20,200,-0.38184,-0.06317,0.92487,-0.44207,-0.12957,0.14482
21,211,-0.38013,-0.06305,0.92535,-0.46494,-0.09909,0.24390
22,220,-0.37946,-0.06250,0.92603,-0.55640,0.09146,0.25152
23,230,-0.38342,-0.06366,0.92511,-0.50305,0.00762,0.19817
24,240,-0.38245,-0.06458,0.92352,-0.41921,-0.04573,0.16006
25,250,-0.38489,-0.06293,0.92450,-0.48018,0.03049,0.20579
26,260,-0.38110,-0.06470,0.92499,-0.49543,-0.05335,0.22866
27,270,-0.38007,-0.06445,0.92816,-0.48780,0.00000,0.17530
28,280,-0.38080,-0.06317,0.92450,-0.57927,-0.07622,0.26677
29,290,-0.38214,-0.06360,0.92334,-0.51067,0.06860,0.28201
30,300,-0.38068,-0.06506,0.92700,-0.43445,0.16768,0.28201
31,310,-0.38080,-0.06384,0.92499,-0.48018,0.23628,0.19817
32,320,-0.38190,-0.06439,0.92346,-0.48780,0.14482,0.24390
33,330,-0.38147,-0.06238,0.92529,-0.51067,0.19055,0.27439
34,341,-0.38379,-0.06403,0.92426,-0.55640,0.22866,0.13720
35,350,-0.38116,-0.06525,0.92395,-0.49543,0.23628,0.12957
36,360,-0.38135,-0.06226,0.92542,-0.43445,0.20579,0.19817
37,370,-0.38092,-0.06635,0.92480,-0.45732,0.32012,0.27439
38,381,-0.38019,-0.06543,0.92358,-0.41159,0.39634,0.24390
39,390,-0.38135,-0.06189,0.92474,-0.48018,0.41159,0.22104
40,400,-0.38385,-0.06396,0.92535,-0.42683,0.28963,0.21341
41,410,-0.38159,-0.06366,0.92297,-0.44970,0.30488,0.07622
42,421,-0.38068,-0.06335,0.92584,-0.48780,0.28201,0.16006
43,430,-0.38025,-0.06287,0.92572,-0.47256,0.32012,0.10671
44,440,-0.38196,-0.06293,0.92468,-0.36585,0.32774,0.15244
45,450,-0.38068,-0.06213,0.92474,-0.41159,0.16768,0.23628
46,461,-0.38275,-0.06464,0.92578,-0.38110,0.22104,0.27439
47,470,-0.38141,-0.06427,0.92279,-0.25152,0.35061,0.26677
48,480,-0.38208,-0.06354,0.92389,-0.28201,0.25915,0.16006
49,490,-0.38116,-0.06238,0.92407,-0.41921,0.25915,0.21341
50,500,-0.38263,-0.06390,0.92548,-0.49543,0.28201,0.16768
51,510,-0.38287,-0.06464,0.92413,-0.42683,0.18293,0.18293
52,520,-0.38190,-0.06409,0.92474,-0.42683,0.23628,0.22104
53,530,-0.38220,-0.06445,0.92609,-0.42683,0.19817,0.17530
54,540,-0.38123,-0.06512,0.92529,-0.38872,0.27439,0.15244
55,550,-0.38269,-0.06476,0.92560,-0.36585,0.30488,0.27439
56,560,-0.38324,-0.06378,0.92682,-0.33537,0.30488,0.25915
57,570,-0.38251,-0.06268,0.92352,-0.36585,0.31250,0.26677
58,580,-0.38348,-0.06238,0.92316,-0.29726,0.28963,0.21341
59,591,-0.38239,-0.06543,0.92456,-0.42683,0.23628,0.26677
60,600,-0.38196,-0.06525,0.92444,-0.48780,0.22866,0.26677
61,610,-0.38257,-0.06110,0.92175,-0.50305,0.28963,0.22866
62,620,-0.38043,-0.06317,0.92542,-0.42683,0.14482,0.25915
63,631,-0.38141,-0.06470,0.92401,-0.43445,0.16006,0.27439
64,640,-0.38342,-0.06299,0.92310,-0.44970,0.27439,0.28963
65,650,-0.37976,-0.06647,0.92371,-0.45732,0.32012,0.25152
66,660,-0.38306,-0.06445,0.92181,-0.43445,0.28201,0.31250
67,671,-0.38220,-0.06305,0.92822,-0.36585,0.23628,0.23628
68,680,-0.38055,-0.06384,0.92480,-0.32774,0.25915,0.25152
69,690,-0.38171,-0.06366,0.92261,-0.36585,0.29726,0.28201
70,700,-0.38226,-0.06445,0.92480,-0.38110,0.24390,0.28963
71,711,-0.38190,-0.06409,0.92310,-0.47256,0.20579,0.33537
72,720,-0.38159,-0.06390,0.92572,-0.48018,0.16768,0.27439
73,730,-0.38165,-0.06519,0.92511,-0.41921,0.22866,0.29726
74,740,-0.38123,-0.06323,0.92548,-0.41159,0.21341,0.24390
75,750,-0.38263,-0.06494,0.92474,-0.47256,0.16006,0.20579
76,760,-0.38196,-0.06537,0.92487,-0.48780,0.15244,0.25152
77,770,-0.38159,-0.06366,0.92493,-0.50305,0.16768,0.18293
78,780,-0.38214,-0.06445,0.92804,-0.40396,0.15244,0.23628
79,790,-0.38129,-0.06610,0.92639,-0.43445,0.26677,0.15244
80,800,-0.38141,-0.06372,0.92609,-0.40396,0.09909,0.16768
81,810,-0.38324,-0.06287,0.92566,-0.39634,0.15244,0.22866
82,820,-0.38037,-0.06317,0.92865,-0.44970,0.27439,0.25915
83,830,-0.38037,-0.06317,0.92865,-0.44970,0.27439,0.25915
84,841,-0.38171,-0.06219,0.92438,-0.40396,0.28201,0.20579
85,850,-0.38116,-0.06421,0.92651,-0.42683,0.25915,0.19055
86,860,-0.38116,-0.06421,0.92651,-0.42683,0.25915,0.19055
87,870,-0.38068,-0.06488,0.92725,-0.47256,0.25152,0.18293
88,881,-0.38159,-0.06390,0.92639,-0.49543,0.20579,0.19055
89,890,-0.38159,-0.06390,0.92639,-0.49543,0.20579,0.19055
90,900,-0.38208,-0.06476,0.92456,-0.48018,0.28201,0.16006
91,910,-0.38263,-0.06427,0.92352,-0.43445,0.26677,0.16006
92,921,-0.38000,-0.06378,0.92676,-0.33537,0.21341,0.29726
93,930,-0.38275,-0.06390,0.92230,-0.28201,0.33537,0.25152
94,940,-0.38239,-0.06274,0.92175,-0.28201,0.29726,0.27439
95,950,-0.38220,-0.06360,0.92548,-0.32012,0.30488,0.27439
96,961,-0.38177,-0.06519,0.92755,-0.41159,0.37348,0.19817
97,970,-0.38263,-0.06561,0.92535,-0.32774,0.27439,0.17530
98,980,-0.38141,-0.06311,0.92749,-0.33537,0.16768,0.23628
99,990,-0.38214,-0.06323,0.92517,-0.37348,0.31250,0.34299
100,1000,-0.38116,-0.06409,0.92871,-0.49543,0.24390,0.22104
101,1010,-0.38141,-0.06287,0.92761,-0.40396,0.35061,0.16768
102,1020,-0.38226,-0.06311,0.92419,-0.33537,0.40396,0.19055
103,1030,-0.38409,-0.06427,0.92407,-0.22866,0.47256,0.28963
104,1040,-0.38214,-0.06299,0.92670,-0.55640,0.50305,0.25915
105,1050,-0.38019,-0.06390,0.92639,-0.51067,0.48780,0.24390
106,1060,-0.38428,-0.06470,0.92365,-0.35823,0.46494,0.15244
107,1070,-0.38239,-0.06012,0.92554,-0.30488,0.32774,0.25152
108,1080,-0.38220,-0.06311,0.92554,-0.41921,0.32774,0.25915
109,1091,-0.38165,-0.06555,0.92407,-0.44970,0.35823,0.14482
110,1100,-0.38428,-0.06458,0.92279,-0.46494,0.31250,0.23628
111,1110,-0.38306,-0.06396,0.92426,-0.38110,0.34299,0.25915
112,1120,-0.38165,-0.06274,0.92584,-0.40396,0.39634,0.24390
113,1131,-0.38184,-0.06470,0.92462,-0.45732,0.32012,0.21341
114,1140,-0.38159,-0.06287,0.92542,-0.38110,0.23628,0.18293
115,1150,-0.38275,-0.06396,0.92480,-0.43445,0.22866,0.26677
116,1160,-0.38354,-0.06525,0.92377,-0.47256,0.22866,0.30488
117,1171,-0.38190,-0.06537,0.92468,-0.29726,0.25915,0.25915
118,1180,-0.38177,-0.06238,0.92621,-0.33537,0.30488,0.22866
119,1190,-0.38220,-0.06500,0.92694,-0.35823,0.25915,0.25152
120,1200,-0.38049,-0.06207,0.92554,-0.47256,0.22866,0.24390
121,1211,-0.38104,-0.06323,0.92590,-0.42683,0.25915,0.27439
122,1220,-0.38239,-0.06445,0.92517,-0.40396,0.20579,0.27439
123,1230,-0.38208,-0.06348,0.92480,-0.33537,0.15244,0.24390
124,1240,-0.38214,-0.06384,0.92670,-0.33537,0.21341,0.19055
125,1250,-0.38043,-0.06329,0.92267,-0.45732,0.22104,0.35823
126,1260,-0.37994,-0.06366,0.92297,-0.37348,0.27439,0.26677
127,1270,-0.38019,-0.06403,0.92480,-0.38872,0.22866,0.32012
128,1280,-0.38165,-0.06458,0.92535,-0.50305,0.26677,0.27439
129,1290,-0.38068,-0.06396,0.92511,-0.32774,0.32012,0.21341
130,1300,-0.38104,-0.06427,0.92432,-0.41159,0.37348,0.28963
131,1310,-0.38293,-0.06305,0.92621,-0.50305,0.31250,0.22104
132,1320,-0.38318,-0.06354,0.92505,-0.42683,0.27439,0.21341
133,1330,-0.38214,-0.06470,0.92407,-0.38110,0.20579,0.20579
134,1341,-0.38263,-0.06641,0.92297,-0.47256,0.23628,0.22104
135,1350,-0.38074,-0.06458,0.92291,-0.48780,0.22104,0.20579
136,1360,-0.38025,-0.06177,0.92493,-0.41159,0.18293,0.31250
137,1370,-0.38232,-0.06433,0.92346,-0.39634,0.16768,0.32012
138,1381,-0.38147,-0.06549,0.92627,-0.36585,0.17530,0.25152
139,1390,-0.38202,-0.06537,0.92560,-0.42683,0.22866,0.20579
140,1400,-0.38245,-0.06287,0.92401,-0.44970,0.22866,0.27439
141,1410,-0.38251,-0.06372,0.92542,-0.40396,0.31250,0.20579
142,1421,-0.38306,-0.06409,0.92401,-0.29726,0.28963,0.13720
143,1430,-0.38281,-0.06329,0.92493,-0.34299,0.17530,0.27439
144,1440,-0.38092,-0.06415,0.92859,-0.54878,0.14482,0.24390
145,1450,-0.38324,-0.06421,0.92450,-0.50305,0.10671,0.30488
146,1461,-0.38184,-0.06451,0.92426,-0.53354,0.12957,0.30488
147,1470,-0.38068,-0.06287,0.92621,-0.48018,0.11433,0.21341
148,1480,-0.38123,-0.06299,0.92578,-0.33537,0.17530,0.21341
149,1490,-0.38092,-0.06287,0.92456,-0.26677,0.16006,0.22104
150,1500,-0.38190,-0.06458,0.92499,-0.32012,0.16006,0.18293
151,1510,-0.38312,-0.06470,0.92334,-0.35061,0.19817,0.29726
152,1520,-0.38330,-0.06445,0.92554,-0.34299,0.12195,0.30488
153,1530,-0.38306,-0.06244,0.92487,-0.29726,0.25152,0.19817
154,1540,-0.37946,-0.06470,0.92444,-0.35061,0.15244,0.19055
155,1550,-0.38116,-0.06360,0.92529,-0.51067,0.10671,0.26677
156,1560,-0.38373,-0.06519,0.92554,-0.48018,0.14482,0.21341
157,1570,-0.38116,-0.06403,0.92450,-0.41159,0.09909,0.21341
158,1580,-0.38086,-0.06458,0.92517,-0.34299,0.10671,0.24390
159,1591,-0.38184,-0.06415,0.92352,-0.47256,0.11433,0.27439
160,1600,-0.38159,-0.06494,0.92426,-0.48780,0.21341,0.28963
161,1610,-0.38110,-0.06250,0.92426,-0.38872,0.25152,0.21341
162,1620,-0.38007,-0.06415,0.92639,-0.43445,0.34299,0.28963
163,1631,-0.38080,-0.06311,0.92529,-0.34299,0.26677,0.32012
164,1640,-0.38013,-0.06201,0.92383,-0.40396,0.29726,0.24390
165,1650,-0.37878,-0.06329,0.92816,-0.41159,0.31250,0.22104
166,1660,-0.38068,-0.06470,0.92609,-0.32774,0.24390,0.27439
167,1671,-0.38190,-0.06335,0.92291,-0.28201,0.32774,0.25152
168,1680,-0.37897,-0.06476,0.92590,-0.32012,0.25152,0.28201
169,1690,-0.37915,-0.06445,0.92493,-0.39634,0.13720,0.32012
170,1700,-0.38098,-0.06409,0.92395,-0.39634,0.14482,0.22866
171,1711,-0.38202,-0.06470,0.92377,-0.38110,0.20579,0.29726
172,1720,-0.38245,-0.06311,0.92395,-0.35823,0.12195,0.15244
173,1730,-0.38281,-0.06451,0.92468,-0.41921,0.14482,0.19055
174,1740,-0.38080,-0.06372,0.92725,-0.46494,0.25152,0.20579
175,1750,-0.38184,-0.06451,0.92725,-0.28963,0.28963,0.22104
176,1760,-0.38184,-0.06555,0.92706,-0.38110,0.29726,0.19817
177,1770,-0.38098,-0.06439,0.92511,-0.35823,0.35823,0.18293
178,1780,-0.38275,-0.06335,0.92450,-0.41921,0.35061,0.24390
179,1790,-0.37921,-0.06403,0.92450,-0.39634,0.27439,0.25152
180,1800,-0.38135,-0.06366,0.92505,-0.33537,0.29726,0.28963
181,1810,-0.38367,-0.06543,0.92609,-0.41921,0.29726,0.19817
182,1820,-0.38287,-0.06458,0.92621,-0.48018,0.20579,0.16768
183,1830,-0.38177,-0.06299,0.92444,-0.52591,0.21341,0.20579
184,1841,-0.38129,-0.06335,0.92578,-0.46494,0.22104,0.31250
185,1850,-0.38385,-0.06415,0.92657,-0.35061,0.29726,0.22104
186,1860,-0.38287,-0.06250,0.92480,-0.40396,0.27439,0.21341
187,1870,-0.38159,-0.06177,0.92401,-0.48780,0.18293,0.28201
188,1881,-0.38147,-0.06305,0.92444,-0.54116,0.14482,0.25915
189,1890,-0.38177,-0.06506,0.92712,-0.32012,0.16768,0.30488
190,1900,-0.38208,-0.06476,0.92645,-0.28963,0.19817,0.32012
191,1910,-0.38373,-0.06464,0.92407,-0.48018,0.15244,0.26677
192,1921,-0.38049,-0.06348,0.92566,-0.34299,0.19055,0.25915
193,1930,-0.37854,-0.06317,0.92340,-0.32774,0.21341,0.24390
194,1940,-0.38184,-0.06281,0.92511,-0.45732,0.17530,0.21341
195,1950,-0.38165,-0.06287,0.92444,-0.46494,0.14482,0.26677
196,1961,-0.38257,-0.06152,0.92480,-0.40396,0.20579,0.31250
197,1970,-0.38019,-0.06519,0.92511,-0.41921,0.25915,0.22104
198,1980,-0.38129,-0.06488,0.92432,-0.42683,0.22866,0.26677
199,1990,-0.38293,-0.06342,0.92487,-0.34299,0.25152,0.24390
200,2000,-0.38263,-0.06213,0.92572,-0.45732,0.27439,0.26677
201,2010,-0.38245,-0.06384,0.92499,-0.48018,0.27439,0.26677
202,2020,-0.38123,-0.06458,0.92523,-0.41921,0.22104,0.27439
203,2030,-0.38177,-0.06427,0.92188,-0.23628,0.22104,0.19817
204,2040,-0.38196,-0.06348,0.92322,-0.43445,0.19055,0.22866
205,2050,-0.38208,-0.06329,0.92560,-0.48780,0.21341,0.24390
206,2060,-0.38293,-0.06378,0.92487,-0.48780,0.21341,0.16006
207,2070,-0.38251,-0.06458,0.92596,-0.46494,0.19055,0.23628
208,2080,-0.38257,-0.06439,0.92487,-0.40396,0.28201,0.29726
209,2091,-0.38135,-0.06482,0.92401,-0.38872,0.17530,0.27439
210,2100,-0.38232,-0.06403,0.92529,-0.32012,0.12957,0.18293
211,2110,-0.38019,-0.06366,0.92737,-0.57165,0.04573,0.17530
212,2120,-0.38171,-0.06439,0.92426,-0.48780,0.07622,0.14482
213,2131,-0.38031,-0.06531,0.92535,-0.41921,0.16006,0.13720
214,2140,-0.37982,-0.06323,0.92670,-0.48018,0.17530,0.25915
215,2150,-0.38062,-0.06165,0.92480,-0.54116,0.19055,0.35061
216,2160,-0.38397,-0.06256,0.92450,-0.46494,0.14482,0.23628
217,2171,-0.38403,-0.06287,0.92407,-0.44970,0.01524,0.28963
218,2180,-0.38068,-0.06409,0.92499,-0.41159,0.04573,0.24390
219,2190,-0.38062,-0.06378,0.92792,-0.47256,0.07622,0.18293
220,2200,-0.38062,-0.06378,0.92792,-0.47256,0.07622,0.18293
221,2211,-0.38434,-0.06403,0.92792,-0.28201,0.18293,0.27439
222,2220,-0.37946,-0.06464,0.92535,-0.46494,0.26677,0.26677
223,2230,-0.37946,-0.06464,0.92535,-0.46494,0.26677,0.26677
224,2240,-0.38129,-0.06403,0.92407,-0.39634,0.18293,0.17530
225,2250,-0.38196,-0.06531,0.92554,-0.40396,0.14482,0.30488
226,2260,-0.38007,-0.06183,0.92627,-0.38872,0.11433,0.32774
227,2270,-0.38141,-0.06311,0.92584,-0.48780,0.17530,0.22104
228,2280,-0.38147,-0.06470,0.92731,-0.43445,0.18293,0.15244
229,2290,-0.38043,-0.06476,0.92615,-0.36585,0.22866,0.25152
230,2300,-0.37964,-0.06128,0.92767,-0.38110,0.30488,0.24390
231,2310,-0.38239,-0.06384,0.92542,-0.29726,0.34299,0.27439
232,2320,-0.38141,-0.06415,0.92365,-0.38110,0.36585,0.28201
233,2330,-0.38055,-0.06573,0.92200,-0.34299,0.23628,0.25152
234,2341,-0.38055,-0.06372,0.92529,-0.49543,0.23628,0.24390
235,2350,-0.38196,-0.06561,0.92688,-0.53354,0.38110,0.23628
236,2360,-0.38263,-0.06476,0.92401,-0.32012,0.43445,0.24390
237,2370,-0.38055,-0.06354,0.92328,-0.30488,0.37348,0.24390
238,2381,-0.38190,-0.06537,0.92383,-0.41159,0.33537,0.25915
239,2390,-0.38153,-0.06592,0.92737,-0.40396,0.33537,0.23628
240,2400,-0.38177,-0.06525,0.92627,-0.43445,0.35061,0.18293
241,2410,-0.38055,-0.06573,0.92462,-0.41921,0.36585,0.19817
242,2421,-0.38226,-0.06445,0.92535,-0.34299,0.38872,0.19055
243,2430,-0.38239,-0.06439,0.92578,-0.34299,0.33537,0.18293
244,2440,-0.38336,-0.06567,0.92389,-0.32012,0.36585,0.16768
245,2450,-0.38190,-0.06604,0.92596,-0.37348,0.24390,0.28963
246,2461,-0.37750,-0.06268,0.92700,-0.37348,0.21341,0.28201
247,2470,-0.38007,-0.06354,0.92523,-0.37348,0.30488,0.20579
248,2480,-0.38257,-0.06470,0.92310,-0.50305,0.32774,0.22866
249,2490,-0.38232,-0.06378,0.92511,-0.52591,0.28963,0.30488
250,2500,-0.38171,-0.06403,0.92200,-0.43445,0.25915,0.32774
251,2510,-0.38123,-0.06500,0.92426,-0.40396,0.24390,0.26677
252,2520,-0.38196,-0.06360,0.92560,-0.43445,0.23628,0.24390
253,2530,-0.38287,-0.06335,0.92621,-0.44970,0.22866,0.31250
254,2540,-0.38226,-0.06281,0.92462,-0.34299,0.24390,0.21341
255,2550,-0.38263,-0.06293,0.92590,-0.38110,0.16006,0.24390
256,2560,-0.38263,-0.06494,0.92505,-0.49543,0.20579,0.28201
257,2570,-0.38330,-0.06494,0.92572,-0.47256,0.15244,0.31250
258,2580,-0.38202,-0.06439,0.92365,-0.49543,0.24390,0.20579
259,2591,-0.38013,-0.06140,0.92480,-0.48018,0.16006,0.28963
260,2600,-0.38116,-0.06421,0.92432,-0.36585,0.17530,0.19817
261,2610,-0.38257,-0.06323,0.92261,-0.40396,0.19817,0.25152
262,2620,-0.38281,-0.06445,0.92395,-0.42683,0.16006,0.26677
263,2631,-0.38104,-0.06396,0.92682,-0.45732,0.05335,0.28201
264,2640,-0.38202,-0.06506,0.92487,-0.46494,0.01524,0.22104
265,2650,-0.38080,-0.06555,0.92358,-0.31250,0.10671,0.24390
266,2660,-0.38025,-0.06323,0.92175,-0.44207,0.12195,0.20579
267,2671,-0.37988,-0.06238,0.92761,-0.41159,0.15244,0.20579
268,2680,-0.38037,-0.06519,0.92603,-0.36585,0.23628,0.23628
269,2690,-0.38062,-0.06567,0.92529,-0.34299,0.20579,0.22104
270,2700,-0.38037,-0.06305,0.92535,-0.42683,0.18293,0.24390
271,2711,-0.38171,-0.06342,0.92377,-0.35823,0.21341,0.22866
272,2720,-0.38281,-0.06244,0.92712,-0.43445,0.19817,0.13720
273,2730,-0.38159,-0.06232,0.92645,-0.54116,0.26677,0.24390
274,2740,-0.37970,-0.06390,0.92462,-0.41921,0.27439,0.22866
275,2750,-0.38104,-0.06482,0.92389,-0.46494,0.30488,0.25915
276,2760,-0.37927,-0.06622,0.92651,-0.41159,0.27439,0.21341
277,2770,-0.37976,-0.06458,0.92560,-0.39634,0.28963,0.12957
278,2780,-0.38129,-0.06281,0.92596,-0.40396,0.29726,0.14482
279,2790,-0.38153,-0.06323,0.92535,-0.48780,0.23628,0.28201
280,2800,-0.38123,-0.06403,0.92432,-0.38872,0.28201,0.19817
281,2810,-0.38123,-0.06396,0.92542,-0.48780,0.25915,0.22866
282,2820,-0.38104,-0.06451,0.92566,-0.32774,0.29726,0.25152
283,2830,-0.37988,-0.06396,0.92603,-0.32774,0.21341,0.24390
284,2841,-0.38062,-0.06396,0.92456,-0.40396,0.20579,0.25152
285,2850,-0.38055,-0.06244,0.92877,-0.35823,0.20579,0.25915
286,2860,-0.38098,-0.06287,0.92548,-0.39634,0.22104,0.19055
287,2870,-0.38013,-0.06329,0.92560,-0.40396,0.22104,0.19055
288,2881,-0.38190,-0.06140,0.92761,-0.35823,0.21341,0.19055
289,2890,-0.38257,-0.06268,0.92694,-0.39634,0.35061,0.15244
290,2900,-0.38135,-0.06268,0.92419,-0.27439,0.25915,0.22866
291,2910,-0.38190,-0.06433,0.92346,-0.38872,0.14482,0.19055
292,2921,-0.38220,-0.06482,0.92676,-0.46494,0.04573,0.09909
293,2930,-0.38263,-0.06342,0.92566,-0.50305,0.09146,0.10671
294,2940,-0.38153,-0.06287,0.92651,-0.45732,0.12957,0.19817
295,2950,-0.38098,-0.06293,0.92456,-0.34299,0.28963,0.28201
296,2961,-0.37994,-0.06140,0.92310,-0.31250,0.41921,0.30488
297,2970,-0.38037,-0.06482,0.92450,-0.23628,0.46494,0.22866
298,2980,-0.38226,-0.06378,0.92389,-0.37348,0.45732,0.22866
299,2990,-0.38110,-0.06274,0.92230,-0.36585,0.45732,0.26677
300,3000,-0.38306,-0.06366,0.92334,-0.38872,0.28201,0.27439
301,3010,-0.38306,-0.06458,0.92505,-0.38110,0.20579,0.22104
302,3020,-0.38000,-0.06354,0.92822,-0.47256,0.19817,0.19817
303,3030,-0.38147,-0.06366,0.92780,-0.48018,0.18293,0.24390
304,3040,-0.38025,-0.06262,0.92578,-0.27439,0.10671,0.27439
305,3050,-0.37915,-0.06512,0.92554,-0.45732,0.03811,0.28963
306,3060,-0.38141,-0.06317,0.92694,-0.38110,0.03811,0.24390
307,3070,-0.38092,-0.06287,0.92877,-0.41159,0.06098,0.22104
308,3080,-0.37915,-0.06421,0.92664,-0.44970,0.08384,0.17530
309,3091,-0.37921,-0.06305,0.92548,-0.42683,0.06098,0.21341
310,3100,-0.38068,-0.06195,0.92596,-0.44970,0.08384,0.15244
311,3110,-0.37872,-0.06451,0.92615,-0.36585,0.20579,0.17530
312,3120,-0.38043,-0.06689,0.92438,-0.28201,0.24390,0.28201
313,3131,-0.37976,-0.06372,0.92761,-0.48018,0.32012,0.26677
314,3140,-0.38098,-0.06360,0.92719,-0.40396,0.38110,0.26677
315,3150,-0.37976,-0.06274,0.92493,-0.46494,0.34299,0.20579
316,3160,-0.38135,-0.06500,0.92596,-0.44970,0.23628,0.16768
317,3171,-0.38043,-0.06372,0.92676,-0.52591,0.23628,0.15244
318,3180,-0.38068,-0.06403,0.92358,-0.47256,0.17530,0.22104
319,3190,-0.37891,-0.06403,0.92542,-0.38872,0.26677,0.17530
320,3200,-0.37891,-0.06384,0.92468,-0.41159,0.22104,0.28201
321,3211,-0.37909,-0.06317,0.92639,-0.41921,0.22104,0.26677
322,3220,-0.37909,-0.06372,0.92853,-0.37348,0.31250,0.22866
323,3230,-0.37964,-0.06348,0.92682,-0.44970,0.36585,0.23628
324,3240,-0.37970,-0.06506,0.92633,-0.47256,0.39634,0.20579
325,3250,-0.37982,-0.06305,0.92456,-0.38110,0.38872,0.29726
326,3260,-0.38055,-0.06354,0.92773,-0.43445,0.30488,0.30488
327,3270,-0.38055,-0.06360,0.92749,-0.53354,0.22104,0.20579
328,3280,-0.38007,-0.06281,0.92578,-0.41159,0.33537,0.21341
329,3290,-0.38055,-0.06433,0.92657,-0.35823,0.41921,0.25152
330,3300,-0.38037,-0.06293,0.92578,-0.35823,0.42683,0.32012
331,3310,-0.37939,-0.06146,0.92615,-0.37348,0.43445,0.25152
332,3320,-0.38086,-0.06256,0.92499,-0.35823,0.40396,0.16768
333,3330,-0.38177,-0.06110,0.92841,-0.40396,0.28963,0.22866
334,3341,-0.38214,-0.06281,0.92688,-0.51829,0.28963,0.26677
335,3350,-0.37927,-0.06427,0.92700,-0.38872,0.33537,0.16006
336,3360,-0.37976,-0.06415,0.92670,-0.39634,0.37348,0.19817
337,3370,-0.38037,-0.06335,0.92676,-0.37348,0.28963,0.28201
338,3381,-0.38184,-0.06482,0.92279,-0.37348,0.23628,0.22104
339,3390,-0.38031,-0.06146,0.92761,-0.41921,0.27439,0.20579
340,3400,-0.38025,-0.06415,0.92542,-0.41159,0.22866,0.30488
341,3410,-0.37830,-0.06390,0.92596,-0.31250,0.22104,0.31250
342,3421,-0.38110,-0.06354,0.92560,-0.35061,0.32012,0.31250
343,3430,-0.38147,-0.06329,0.92401,-0.41159,0.35061,0.35061
344,3440,-0.37903,-0.06262,0.92603,-0.22104,0.28963,0.26677
345,3450,-0.37988,-0.06525,0.92865,-0.32012,0.37348,0.29726
346,3461,-0.38190,-0.06409,0.92584,-0.33537,0.52591,0.28963
347,3470,-0.38135,-0.06561,0.92456,-0.33537,0.45732,0.24390
348,3480,-0.37994,-0.06451,0.92749,-0.25915,0.38110,0.32012
349,3490,-0.38184,-0.06372,0.92560,-0.30488,0.28201,0.33537
350,3500,-0.38184,-0.06372,0.92560,-0.30488,0.28201,0.33537
351,3510,-0.37866,-0.06262,0.92432,-0.38872,0.26677,0.26677
352,3520,-0.38104,-0.06335,0.92432,-0.31250,0.25152,0.26677
353,3530,-0.38104,-0.06335,0.92432,-0.31250,0.25152,0.26677
354,3540,-0.38287,-0.06506,0.92798,-0.46494,0.28963,0.25915
355,3550,-0.37933,-0.06232,0.92596,-0.41159,0.16006,0.28201
356,3560,-0.37933,-0.06232,0.92596,-0.41159,0.16006,0.28201
357,3570,-0.37946,-0.06268,0.92310,-0.47256,0.16768,0.25152
358,3580,-0.38116,-0.06390,0.92413,-0.38872,0.11433,0.21341
359,3591,-0.37805,-0.06274,0.92621,-0.51067,0.22104,0.31250
360,3600,-0.37805,-0.06274,0.92621,-0.51067,0.22104,0.31250
361,3610,-0.37915,-0.06409,0.92603,-0.42683,0.22866,0.26677
362,3620,-0.38037,-0.06287,0.92535,-0.38110,0.24390,0.16768
363,3631,-0.37921,-0.06360,0.92725,-0.44207,0.28963,0.23628
364,3640,-0.37952,-0.06299,0.92792,-0.50305,0.35061,0.25915
365,3650,-0.38074,-0.06207,0.92578,-0.48018,0.31250,0.23628
366,3660,-0.37866,-0.06244,0.92743,-0.46494,0.25152,0.28201
367,3671,-0.37970,-0.06201,0.92535,-0.43445,0.36585,0.27439
368,3680,-0.38177,-0.06183,0.92725,-0.41159,0.30488,0.22866
369,3690,-0.38019,-0.06171,0.92664,-0.37348,0.25915,0.22104
370,3700,-0.38007,-0.06409,0.92377,-0.43445,0.20579,0.17530
371,3711,-0.38153,-0.06567,0.92603,-0.51829,0.29726,0.14482
372,3720,-0.38324,-0.06378,0.92511,-0.48018,0.31250,0.16006
373,3730,-0.37988,-0.06299,0.92688,-0.48780,0.22104,0.19817
374,3740,-0.37921,-0.06274,0.92645,-0.46494,0.31250,0.17530
375,3750,-0.38153,-0.06299,0.92334,-0.48018,0.27439,0.12957
376,3760,-0.38293,-0.06390,0.92377,-0.36585,0.16768,0.21341
377,3770,-0.37915,-0.06604,0.92889,-0.37348,0.19817,0.19817
378,3780,-0.38007,-0.06396,0.92737,-0.38110,0.12957,0.22866
379,3790,-0.38019,-0.06567,0.92462,-0.40396,0.08384,0.29726
380,3800,-0.38068,-0.06342,0.92755,-0.47256,0.09146,0.29726
381,3810,-0.38013,-0.06512,0.92444,-0.45732,0.04573,0.22104
382,3820,-0.38068,-0.06396,0.92419,-0.43445,0.06098,0.23628
383,3830,-0.37982,-0.06268,0.92413,-0.44207,0.12195,0.28201
384,3841,-0.38037,-0.06470,0.92426,-0.36585,0.10671,0.25915
385,3850,-0.38190,-0.06348,0.92468,-0.45732,0.22104,0.19055
386,3860,-0.38049,-0.06311,0.92371,-0.48018,0.21341,0.14482
387,3870,-0.38043,-0.06494,0.92651,-0.38110,0.20579,0.21341
388,3881,-0.37897,-0.06403,0.92499,-0.41159,0.06860,0.22104
389,3890,-0.37946,-0.06421,0.92499,-0.42683,0.12957,0.29726
390,3900,-0.37885,-0.06500,0.92749,-0.45732,0.19817,0.24390
391,3910,-0.37885,-0.06427,0.92761,-0.37348,0.22866,0.22104
392,3921,-0.37946,-0.06158,0.92413,-0.30488,0.31250,0.23628
393,3930,-0.37988,-0.06500,0.92523,-0.44207,0.24390,0.25915
394,3940,-0.38031,-0.06348,0.92847,-0.40396,0.13720,0.16006
395,3950,-0.38043,-0.06470,0.92725,-0.45732,0.16768,0.20579
396,3961,-0.37933,-0.06354,0.92596,-0.48780,0.16006,0.16006
397,3970,-0.38055,-0.06396,0.92432,-0.44207,0.12957,0.22866
398,3980,-0.37982,-0.06348,0.92529,-0.44207,0.16768,0.29726
399,3990,-0.37933,-0.06604,0.92474,-0.42683,0.20579,0.23628
400,4000,-0.37976,-0.06506,0.92450,-0.42683,0.17530,0.24390
401,4010,-0.37994,-0.06219,0.92627,-0.51829,0.13720,0.22104
402,4020,-0.38074,-0.06415,0.92651,-0.44970,0.03811,0.16006
403,4030,-0.38007,-0.06360,0.92657,-0.43445,0.10671,0.18293
404,4040,-0.38080,-0.06451,0.92566,-0.48018,-0.00762,0.30488
405,4050,-0.38019,-0.06274,0.92603,-0.52591,0.00762,0.26677
406,4060,-0.37994,-0.06293,0.92804,-0.41921,0.14482,0.27439
407,4070,-0.38110,-0.06299,0.92548,-0.48018,0.24390,0.25915
408,4080,-0.38080,-0.06262,0.92456,-0.41159,0.22104,0.24390
409,4091,-0.37891,-0.06274,0.92804,-0.32012,0.19817,0.26677
410,4100,-0.37811,-0.06451,0.92889,-0.35061,0.17530,0.28201
411,4110,-0.37866,-0.06232,0.92682,-0.23628,0.20579,0.34299
412,4120,-0.37872,-0.06592,0.92670,-0.39634,0.28963,0.35061
413,4131,-0.38031,-0.06500,0.92542,-0.44207,0.23628,0.28201
414,4140,-0.38275,-0.06506,0.92609,-0.42683,0.27439,0.26677
415,4150,-0.38013,-0.06415,0.92627,-0.40396,0.09909,0.22866
416,4160,-0.37677,-0.06366,0.92902,-0.38872,0.14482,0.31250
417,4171,-0.37811,-0.06073,0.92810,-0.31250,0.28963,0.28963
418,4180,-0.38159,-0.06451,0.92511,-0.33537,0.37348,0.26677
419,4190,-0.38031,-0.06506,0.92542,-0.41921,0.32774,0.28201
420,4200,-0.38080,-0.06201,0.92493,-0.36585,0.28963,0.25915
421,4211,-0.38049,-0.06152,0.92828,-0.34299,0.46494,0.25915
422,4220,-0.38080,-0.06470,0.92542,-0.22104,0.57927,0.29726
423,4230,-0.37903,-0.06287,0.92560,-0.25152,0.56402,0.25915
424,4240,-0.37750,-0.06403,0.92743,-0.35061,0.48780,0.23628
425,4250,-0.38104,-0.06403,0.92664,-0.33537,0.44970,0.24390
426,4260,-0.38141,-0.06268,0.92578,-0.33537,0.43445,0.25152
427,4270,-0.38049,-0.06342,0.92712,-0.14482,0.51067,0.29726
428,4280,-0.38159,-0.06244,0.92468,-0.30488,0.54878,0.19817
429,4290,-0.37811,-0.06409,0.92584,-0.35061,0.39634,0.19055
430,4300,-0.38190,-0.06531,0.92737,-0.22104,0.48780,0.20579
431,4310,-0.38171,-0.06366,0.92517,-0.29726,0.59451,0.33537
432,4320,-0.38135,-0.06329,0.92511,-0.23628,0.49543,0.20579
433,4330,-0.37866,-0.06128,0.92236,-0.32012,0.46494,0.15244
434,4341,-0.38190,-0.06433,0.92444,-0.32012,0.51829,0.23628
435,4350,-0.38300,-0.06445,0.92438,-0.32774,0.46494,0.16768
436,4360,-0.38141,-0.06445,0.92542,-0.37348,0.39634,0.21341
437,4370,-0.37988,-0.06207,0.92731,-0.32774,0.33537,0.21341
438,4381,-0.38080,-0.06348,0.92377,-0.31250,0.32012,0.19817
439,4390,-0.38196,-0.06494,0.92590,-0.25152,0.39634,0.21341
440,4400,-0.38086,-0.06335,0.92175,-0.20579,0.44970,0.24390
441,4410,-0.37982,-0.06213,0.92377,-0.37348,0.38872,0.18293
442,4421,-0.38141,-0.06012,0.92645,-0.33537,0.30488,0.24390
443,4430,-0.38159,-0.06305,0.92926,-0.28963,0.23628,0.27439
444,4440,-0.38293,-0.06323,0.92596,-0.26677,0.18293,0.25915
445,4450,-0.38074,-0.06476,0.92651,-0.32012,0.12957,0.19055
446,4461,-0.37946,-0.06268,0.92474,-0.35061,0.15244,0.17530
447,4470,-0.38049,-0.06250,0.92456,-0.32012,0.17530,0.25152
448,4480,-0.38275,-0.06354,0.92725,-0.40396,0.22104,0.29726
449,4490,-0.38318,-0.06305,0.92517,-0.47256,0.16768,0.18293
450,4500,-0.38116,-0.06311,0.92798,-0.42683,0.15244,0.16006
451,4510,-0.37897,-0.06287,0.92700,-0.41159,0.05335,0.25915
452,4520,-0.38019,-0.06262,0.92621,-0.44207,0.09146,0.24390
453,4530,-0.38251,-0.06506,0.92468,-0.27439,0.16768,0.28963
454,4540,-0.38177,-0.06537,0.92548,-0.35823,0.18293,0.23628
455,4550,-0.38007,-0.06335,0.92493,-0.35061,0.17530,0.28201
456,4560,-0.37878,-0.06287,0.92816,-0.32012,0.16006,0.32774
457,4570,-0.38013,-0.06067,0.92572,-0.26677,0.29726,0.27439
458,4580,-0.38043,-0.06219,0.92505,-0.30488,0.41159,0.20579
459,4591,-0.38257,-0.06274,0.92694,-0.34299,0.47256,0.21341
460,4600,-0.37970,-0.06134,0.92566,-0.35061,0.60976,0.22866
461,4610,-0.38019,-0.06573,0.92664,-0.26677,0.64024,0.10671
462,4620,-0.38177,-0.06360,0.92444,-0.27439,0.61738,0.14482
463,4631,-0.38116,-0.06305,0.92401,-0.25152,0.65549,0.19817
464,4640,-0.38074,-0.06403,0.92456,-0.36585,0.48780,0.19817
465,4650,-0.38062,-0.06342,0.92517,-0.32774,0.35061,0.25915
466,4660,-0.38092,-0.06238,0.92645,-0.44970,0.15244,0.27439
467,4671,-0.38202,-0.06323,0.92639,-0.54878,0.21341,0.25915
468,4680,-0.38116,-0.06384,0.92572,-0.49543,0.19817,0.26677
469,4690,-0.38263,-0.06384,0.92572,-0.39634,0.08384,0.22866
470,4700,-0.38348,-0.06335,0.92511,-0.44970,0.03049,0.20579
471,4711,-0.38208,-0.06299,0.92499,-0.54116,-0.04573,0.26677
472,4720,-0.37891,-0.06268,0.92596,-0.47256,0.06098,0.25915
473,4730,-0.37927,-0.06207,0.92566,-0.49543,0.06860,0.29726
474,4740,-0.38208,-0.06445,0.92535,-0.50305,0.16768,0.32012
475,4750,-0.38184,-0.06445,0.92657,-0.39634,0.19817,0.24390
476,4760,-0.38049,-0.06360,0.92743,-0.37348,0.28201,0.25152
477,4770,-0.37909,-0.06506,0.92670,-0.54116,0.20579,0.28963
478,4780,-0.37982,-0.06317,0.92590,-0.44207,0.19817,0.23628
479,4790,-0.38135,-0.06390,0.92511,-0.42683,0.14482,0.17530
480,4800,-0.38239,-0.06378,0.92584,-0.46494,0.13720,0.19817
481,4810,-0.38281,-0.06567,0.92603,-0.44970,0.06098,0.26677
482,4820,-0.38092,-0.06226,0.92639,-0.34299,0.00762,0.25152
483,4830,-0.38190,-0.06427,0.92499,-0.44207,-0.07622,0.20579
484,4841,-0.38202,-0.06482,0.92523,-0.47256,-0.08384,0.25915
485,4850,-0.38110,-0.06451,0.92572,-0.38110,-0.12957,0.25915
486,4860,-0.38165,-0.06519,0.92383,-0.34299,-0.19817,0.31250
487,4870,-0.38165,-0.06519,0.92383,-0.34299,-0.19817,0.31250
488,4881,-0.38025,-0.06366,0.92389,-0.54116,-0.32774,0.20579
489,4890,-0.37854,-0.06354,0.92548,-0.49543,-0.29726,0.27439
490,4900,-0.37854,-0.06354,0.92548,-0.49543,-0.29726,0.27439
491,4910,-0.37744,-0.06244,0.92432,-0.46494,-0.24390,0.33537
492,4921,-0.37762,-0.06097,0.92456,-0.39634,0.03811,0.28201
493,4930,-0.37762,-0.06097,0.92456,-0.39634,0.03811,0.28201
494,4940,-0.37653,-0.06134,0.92871,-0.38110,0.17530,0.29726
495,4950,-0.38129,-0.06219,0.92682,-0.29726,0.33537,0.28963
496,4961,-0.38104,-0.06476,0.92438,-0.38110,0.20579,0.25915
497,4970,-0.37830,-0.06451,0.92517,-0.43445,0.04573,0.28963
498,4980,-0.37720,-0.06165,0.92389,-0.61738,-0.03811,0.23628
499,4990,-0.37775,-0.06067,0.92523,-0.58689,0.12195,0.27439
500,5000,-0.37903,-0.06305,0.92767,-0.43445,0.42683,0.27439
501,5010,-0.37885,-0.06287,0.92719,-0.25915,0.52591,0.35823
502,5020,-0.38037,-0.06134,0.92535,-0.28201,0.54116,0.38872
503,5030,-0.38049,-0.06403,0.92615,-0.38110,0.32774,0.28963
504,5040,-0.38208,-0.06281,0.92560,-0.51829,0.17530,0.27439
505,5050,-0.37903,-0.06451,0.92542,-0.45732,0.13720,0.23628
506,5060,-0.37952,-0.06580,0.92670,-0.45732,0.13720,0.23628
507,5070,-0.38062,-0.06342,0.92505,-0.57165,0.21341,0.17530
508,5080,-0.38074,-0.06354,0.92682,-0.45732,0.32774,0.16006
509,5091,-0.38055,-0.06329,0.92865,-0.38110,0.45732,0.25152
510,5100,-0.37909,-0.06226,0.92676,-0.35061,0.48018,0.14482
511,5110,-0.38135,-0.06384,0.92419,-0.43445,0.54116,0.13720
512,5120,-0.38031,-0.06378,0.92499,-0.40396,0.40396,0.18293
513,5131,-0.37933,-0.06238,0.92657,-0.47256,0.33537,0.19817
514,5140,-0.37976,-0.06512,0.92645,-0.48780,0.32012,0.15244
515,5150,-0.37921,-0.06384,0.92578,-0.40396,0.36585,0.19055
516,5160,-0.38086,-0.06299,0.92444,-0.41159,0.37348,0.23628
517,5171,-0.38013,-0.06366,0.92480,-0.49543,0.17530,0.22104
518,5180,-0.38055,-0.06305,0.92511,-0.38110,0.00762,0.12195
519,5190,-0.38019,-0.06329,0.92566,-0.48780,0.10671,0.14482
520,5200,-0.37970,-0.06561,0.92688,-0.50305,0.15244,0.10671
521,5211,-0.37958,-0.06445,0.92773,-0.34299,0.03049,0.19817
522,5220,-0.37927,-0.06268,0.92505,-0.34299,0.05335,0.16006
523,5230,-0.37866,-0.06433,0.92432,-0.44207,0.22104,0.20579
524,5240,-0.37958,-0.06390,0.92664,-0.41159,0.30488,0.19055
525,5250,-0.37915,-0.06329,0.92664,-0.44970,0.35823,0.22104
526,5260,-0.38000,-0.06232,0.92346,-0.41921,0.29726,0.22104
527,5270,-0.37933,-0.06354,0.92645,-0.35823,0.25152,0.23628
528,5280,-0.38055,-0.06238,0.92743,-0.54116,0.35061,0.15244
529,5290,-0.38171,-0.06354,0.92731,-0.44970,0.42683,0.09909
530,5300,-0.37878,-0.06598,0.92755,-0.40396,0.38110,0.16006
531,5310,-0.38080,-0.06525,0.92590,-0.45732,0.33537,0.18293
532,5320,-0.38031,-0.06293,0.92511,-0.36585,0.24390,0.20579
533,5330,-0.37927,-0.06195,0.92633,-0.38110,0.23628,0.13720
534,5341,-0.38025,-0.06390,0.92340,-0.48018,0.22866,0.21341
535,5350,-0.38049,-0.06342,0.92621,-0.37348,0.22104,0.19817
536,5360,-0.37811,-0.06378,0.92578,-0.38872,0.27439,0.18293
537,5370,-0.38049,-0.06250,0.92804,-0.38872,0.36585,0.26677
538,5381,-0.38037,-0.06396,0.92810,-0.19055,0.38110,0.23628
539,5390,-0.37952,-0.06445,0.92657,-0.30488,0.45732,0.24390
540,5400,-0.38086,-0.06305,0.92249,-0.25915,0.44970,0.25152
541,5410,-0.38135,-0.06177,0.92780,-0.25152,0.44970,0.21341
542,5421,-0.38000,-0.06195,0.92596,-0.23628,0.42683,0.17530
543,5430,-0.38068,-0.06354,0.92584,-0.29726,0.44970,0.19055
544,5440,-0.38300,-0.06384,0.92310,-0.34299,0.32012,0.19055
545,5450,-0.38159,-0.06317,0.92871,-0.32774,0.37348,0.18293
546,5461,-0.37964,-0.06104,0.92657,-0.22104,0.39634,0.25152
547,5470,-0.38092,-0.06195,0.92804,-0.29726,0.41921,0.14482
548,5480,-0.37683,-0.06421,0.92670,-0.30488,0.61738,0.25915
549,5490,-0.37775,-0.06232,0.92755,-0.12195,0.75457,0.28201
550,5500,-0.38098,-0.06232,0.92694,-0.13720,0.81555,0.19817
551,5510,-0.38245,-0.06464,0.92633,-0.22104,0.83841,0.22866
552,5520,-0.38092,-0.06622,0.92773,-0.14482,0.76220,0.23628
553,5530,-0.38080,-0.06281,0.92792,-0.13720,0.73171,0.25152
554,5540,-0.37946,-0.06274,0.92639,-0.36585,0.63262,0.25152
555,5550,-0.37952,-0.06171,0.92603,-0.16006,0.59451,0.22866
556,5560,-0.38013,-0.06226,0.92383,-0.16006,0.63262,0.19817
557,5570,-0.38037,-0.06470,0.92615,-0.21341,0.64787,0.19055
558,5580,-0.38159,-0.06384,0.92737,-0.30488,0.58689,0.19055
559,5591,-0.38098,-0.06354,0.92474,-0.33537,0.62500,0.19055
560,5600,-0.38129,-0.06415,0.92542,-0.33537,0.59451,0.20579
561,5610,-0.38196,-0.06311,0.92590,-0.27439,0.48780,0.20579
562,5620,-0.38269,-0.06396,0.92371,-0.27439,0.57927,0.19817
563,5631,-0.38214,-0.06354,0.92426,-0.22104,0.56402,0.24390
564,5640,-0.38025,-0.06305,0.92657,-0.24390,0.52591,0.19055
565,5650,-0.38153,-0.06427,0.92401,-0.38872,0.43445,0.15244
566,5660,-0.38110,-0.06287,0.92627,-0.34299,0.29726,0.19055
567,5671,-0.38074,-0.06226,0.92584,-0.35061,0.27439,0.17530
568,5680,-0.38098,-0.06165,0.92529,-0.45732,0.28201,0.22866
569,5690,-0.38177,-0.06219,0.92621,-0.37348,0.43445,0.15244
570,5700,-0.38098,-0.06604,0.92523,-0.29726,0.48018,0.22104
571,5711,-0.38281,-0.06415,0.92694,-0.38110,0.48018,0.16006
572,5720,-0.38269,-0.06305,0.92548,-0.29726,0.48780,0.16006
573,5730,-0.38214,-0.06213,0.92462,-0.27439,0.44970,0.25152
574,5740,-0.38129,-0.06445,0.92548,-0.34299,0.41159,0.25915
575,5750,-0.38159,-0.06274,0.92474,-0.45732,0.37348,0.26677
576,5760,-0.38257,-0.06390,0.92395,-0.51067,0.32774,0.27439
577,5770,-0.38098,-0.06165,0.92566,-0.44970,0.22866,0.25152
578,5780,-0.38043,-0.06226,0.92609,-0.35061,0.23628,0.23628
579,5790,-0.38306,-0.06519,0.92743,-0.35823,0.14482,0.24390
580,5800,-0.38287,-0.06458,0.92670,-0.41921,0.16006,0.29726
581,5810,-0.37982,-0.06329,0.92859,-0.40396,0.22866,0.24390
582,5820,-0.38110,-0.06409,0.92523,-0.30488,0.34299,0.36585
583,5830,-0.38055,-0.06195,0.92737,-0.34299,0.25915,0.29726
584,5841,-0.38031,-0.06323,0.92529,-0.32012,0.20579,0.26677
585,5850,-0.38068,-0.06262,0.92596,-0.38872,0.16768,0.32012
586,5860,-0.38043,-0.06268,0.92456,-0.45732,0.09909,0.28963
587,5870,-0.38007,-0.06335,0.92352,-0.49543,0.10671,0.30488
588,5881,-0.38098,-0.06360,0.92688,-0.60213,0.20579,0.21341
589,5890,-0.38226,-0.06189,0.92596,-0.57165,0.19817,0.21341
590,5900,-0.38208,-0.06396,0.92682,-0.39634,0.12957,0.25152
591,5910,-0.38159,-0.06470,0.92847,-0.44970,0.18293,0.18293
592,5921,-0.37964,-0.06390,0.92664,-0.38110,0.17530,0.22104
593,5930,-0.38080,-0.06384,0.92505,-0.47256,0.06098,0.23628
594,5940,-0.38293,-0.06342,0.92639,-0.51829,0.19055,0.21341
595,5950,-0.38062,-0.06366,0.92523,-0.50305,0.12195,0.20579
596,5961,-0.38055,-0.06482,0.92383,-0.54878,0.07622,0.20579
597,5970,-0.38165,-0.06177,0.92609,-0.51067,0.13720,0.16006
598,5980,-0.38135,-0.06287,0.92291,-0.51829,0.08384,0.25152
599,5990,-0.38275,-0.06476,0.92438,-0.61738,0.00000,0.20579
600,6000,-0.37927,-0.06281,0.92609,-0.62500,-0.12957,0.19055
601,6010,-0.37952,-0.06262,0.92633,-0.43445,0.06098,0.21341
602,6020,-0.38202,-0.06427,0.92609,-0.38110,0.18293,0.29726
603,6030,-0.38257,-0.06409,0.92450,-0.41159,0.32012,0.28963
604,6040,-0.38074,-0.06342,0.92676,-0.38110,0.38872,0.25915
605,6050,-0.38214,-0.06433,0.92670,-0.40396,0.40396,0.20579
606,6060,-0.38159,-0.06287,0.92633,-0.38110,0.32774,0.21341
607,6070,-0.37958,-0.06213,0.92773,-0.31250,0.20579,0.20579
608,6080,-0.38263,-0.06104,0.92670,-0.27439,0.22104,0.17530
609,6091,-0.38251,-0.06439,0.92706,-0.25152,0.28963,0.23628
610,6100,-0.37988,-0.06323,0.92383,-0.40396,0.31250,0.17530
611,6110,-0.38116,-0.06256,0.92462,-0.41159,0.24390,0.19817
612,6120,-0.38049,-0.06390,0.92615,-0.37348,0.28963,0.19055
613,6131,-0.38202,-0.06537,0.92548,-0.44970,0.34299,0.19817
614,6140,-0.38055,-0.06470,0.92426,-0.35823,0.32774,0.18293
615,6150,-0.38025,-0.06421,0.92731,-0.51829,0.26677,0.20579
616,6160,-0.38013,-0.06177,0.92621,-0.40396,0.37348,0.18293
617,6171,-0.38043,-0.06311,0.92651,-0.49543,0.40396,0.20579
618,6180,-0.38263,-0.06268,0.92499,-0.48018,0.48018,0.16768
619,6190,-0.38220,-0.06000,0.92737,-0.34299,0.38872,0.22104
620,6200,-0.38220,-0.06000,0.92737,-0.34299,0.38872,0.22104
621,6211,-0.38184,-0.06403,0.92401,-0.51067,0.39634,0.09909
622,6220,-0.38129,-0.06201,0.92505,-0.51829,0.34299,0.17530
623,6230,-0.38055,-0.06244,0.92554,-0.43445,0.19817,0.19817
624,6240,-0.38055,-0.06244,0.92554,-0.43445,0.19817,0.19817
625,6250,-0.38092,-0.06439,0.92633,-0.41159,0.18293,0.25915
626,6260,-0.38165,-0.06458,0.92517,-0.48018,0.33537,0.20579
627,6270,-0.38165,-0.06458,0.92517,-0.48018,0.33537,0.20579
628,6280,-0.38074,-0.06299,0.92535,-0.38110,0.28201,0.27439
629,6290,-0.38037,-0.06470,0.92731,-0.46494,0.25152,0.22866
630,6300,-0.38153,-0.06488,0.92749,-0.47256,0.27439,0.25915
631,6310,-0.38037,-0.06653,0.92426,-0.30488,0.24390,0.30488
632,6320,-0.37952,-0.06433,0.92749,-0.42683,0.29726,0.30488
633,6330,-0.38068,-0.06305,0.92523,-0.52591,0.24390,0.20579
634,6341,-0.37891,-0.06219,0.92706,-0.40396,0.22866,0.19817
635,6350,-0.38116,-0.06323,0.92896,-0.46494,0.14482,0.25915
636,6360,-0.37921,-0.06281,0.93085,-0.35823,0.16006,0.25152
637,6370,-0.38135,-0.06372,0.92810,-0.26677,0.16768,0.27439
638,6381,-0.38098,-0.06476,0.92798,-0.32012,0.25152,0.24390
639,6390,-0.38074,-0.06384,0.92645,-0.35823,0.25152,0.25152
640,6400,-0.38007,-0.06647,0.92700,-0.39634,0.24390,0.35823
641,6410,-0.38196,-0.06403,0.92456,-0.35823,0.19817,0.25152
642,6421,-0.38171,-0.06274,0.92487,-0.44207,0.19817,0.28963
643,6430,-0.38165,-0.06464,0.92523,-0.41921,0.30488,0.23628
644,6440,-0.38110,-0.06305,0.92419,-0.26677,0.29726,0.27439
645,6450,-0.37994,-0.06311,0.92529,-0.25152,0.32774,0.26677
646,6461,-0.38214,-0.06360,0.92700,-0.25152,0.36585,0.29726
647,6470,-0.38123,-0.06396,0.92828,-0.27439,0.26677,0.22866
648,6480,-0.38153,-0.06244,0.92377,-0.38110,0.22866,0.24390
649,6490,-0.38190,-0.06281,0.92499,-0.38872,0.19055,0.20579
650,6500,-0.38000,-0.06537,0.92847,-0.41921,0.22104,0.26677
651,6510,-0.37927,-0.06372,0.92456,-0.41159,0.20579,0.25152
652,6520,-0.37958,-0.06390,0.92603,-0.36585,0.19817,0.19817
653,6530,-0.38031,-0.06458,0.92664,-0.41159,0.26677,0.15244
654,6540,-0.38092,-0.06433,0.92719,-0.41159,0.31250,0.17530
655,6550,-0.38196,-0.06329,0.92877,-0.51067,0.28201,0.13720
656,6560,-0.38208,-0.06354,0.92676,-0.32012,0.32774,0.19055
657,6570,-0.38239,-0.06396,0.92328,-0.31250,0.34299,0.19817
658,6580,-0.38202,-0.06512,0.92682,-0.29726,0.36585,0.15244
659,6591,-0.38171,-0.06366,0.92615,-0.35823,0.30488,0.18293
660,6600,-0.38019,-0.06311,0.92603,-0.42683,0.31250,0.16006
661,6610,-0.38086,-0.06317,0.92535,-0.41921,0.36585,0.12957
662,6620,-0.38141,-0.06445,0.92706,-0.37348,0.34299,0.16768
663,6631,-0.38220,-0.06445,0.92395,-0.41159,0.28963,0.21341
664,6640,-0.37933,-0.06158,0.92432,-0.34299,0.38110,0.24390
665,6650,-0.38092,-0.06305,0.92615,-0.45732,0.42683,0.29726
666,6660,-0.38318,-0.06525,0.92578,-0.43445,0.47256,0.23628
667,6671,-0.38300,-0.06238,0.92627,-0.25152,0.48018,0.21341
668,6680,-0.38165,-0.06287,0.92572,-0.50305,0.45732,0.25915
669,6690,-0.38336,-0.06262,0.92517,-0.44207,0.38872,0.25152
670,6700,-0.38348,-0.06409,0.92316,-0.41921,0.27439,0.20579
671,6711,-0.38336,-0.06396,0.92688,-0.49543,0.14482,0.14482
672,6720,-0.38422,-0.06403,0.92645,-0.51067,0.11433,0.21341
673,6730,-0.37946,-0.06323,0.92493,-0.54116,0.14482,0.23628
674,6740,-0.38245,-0.06482,0.92633,-0.51067,-0.03811,0.19817
675,6750,-0.38110,-0.06287,0.92432,-0.44970,-0.03811,0.23628
676,6760,-0.38239,-0.06421,0.92401,-0.47256,0.05335,0.17530
677,6770,-0.38098,-0.06262,0.92645,-0.47256,0.07622,0.19817
678,6780,-0.38092,-0.06342,0.92554,-0.43445,0.05335,0.22866
679,6790,-0.38202,-0.06372,0.92426,-0.46494,-0.02287,0.21341
680,6800,-0.38110,-0.06244,0.92737,-0.47256,0.09909,0.28201
681,6810,-0.38342,-0.06268,0.92535,-0.45732,0.03811,0.33537
682,6820,-0.38202,-0.06372,0.92554,-0.35061,-0.08384,0.22866
683,6830,-0.37976,-0.06219,0.92584,-0.41921,-0.03811,0.38872
684,6841,-0.38055,-0.06421,0.92578,-0.47256,-0.03049,0.35061
685,6850,-0.38019,-0.06366,0.92651,-0.41921,0.00762,0.27439
686,6860,-0.38220,-0.06378,0.92682,-0.38110,-0.01524,0.22104
687,6870,-0.37878,-0.06372,0.92792,-0.49543,-0.00762,0.38110
688,6881,-0.38062,-0.06421,0.92743,-0.41159,-0.01524,0.31250
689,6890,-0.38080,-0.06165,0.92493,-0.52591,-0.13720,0.26677
690,6900,-0.38116,-0.06342,0.92712,-0.44207,-0.18293,0.27439
691,6910,-0.38007,-0.06140,0.92725,-0.42683,-0.19055,0.31250
692,6921,-0.37909,-0.06213,0.92725,-0.48018,-0.15244,0.25915
693,6930,-0.38104,-0.06476,0.92474,-0.48780,-0.14482,0.25915
694,6940,-0.37958,-0.06274,0.92694,-0.48018,-0.01524,0.32774
695,6950,-0.37891,-0.06201,0.92676,-0.36585,-0.00762,0.28963
696,6961,-0.37939,-0.06213,0.92798,-0.43445,-0.11433,0.32774
697,6970,-0.38098,-0.06415,0.92743,-0.47256,-0.08384,0.33537
698,6980,-0.37933,-0.06427,0.92889,-0.48780,0.04573,0.27439
699,6990,-0.37958,-0.06335,0.92340,-0.42683,0.03049,0.38110
700,7000,-0.38104,-0.06342,0.92291,-0.47256,0.00762,0.32012
701,7010,-0.38031,-0.06226,0.92426,-0.48780,0.03049,0.19055
702,7020,-0.37915,-0.06384,0.92554,-0.48018,-0.03811,0.30488
703,7030,-0.38116,-0.06403,0.92609,-0.48018,0.01524,0.23628
704,7040,-0.38000,-0.06421,0.92615,-0.35061,-0.02287,0.19055
705,7050,-0.37988,-0.06360,0.92621,-0.42683,0.00000,0.31250
706,7060,-0.38098,-0.06152,0.92584,-0.35823,0.03049,0.27439
707,7070,-0.38037,-0.06256,0.92596,-0.37348,0.09146,0.35061
708,7080,-0.37939,-0.06415,0.92572,-0.44970,0.05335,0.34299
709,7091,-0.38013,-0.06262,0.92480,-0.46494,0.06098,0.27439
710,7100,-0.37994,-0.06329,0.92535,-0.52591,0.10671,0.28963
711,7110,-0.37781,-0.06317,0.92590,-0.41159,0.11433,0.22866
712,7120,-0.37775,-0.06299,0.92639,-0.44970,0.06098,0.19055
713,7131,-0.38141,-0.06335,0.92401,-0.44207,0.15244,0.27439
714,7140,-0.38068,-0.06396,0.92639,-0.46494,0.21341,0.28963
715,7150,-0.38000,-0.06201,0.92798,-0.43445,0.15244,0.24390
716,7160,-0.37811,-0.06378,0.92407,-0.46494,0.19817,0.12957
717,7171,-0.37830,-0.06287,0.92651,-0.46494,0.17530,0.30488
718,7180,-0.37982,-0.06201,0.92816,-0.41921,0.17530,0.27439
719,7190,-0.38214,-0.06067,0.92694,-0.41921,0.19055,0.25152
720,7200,-0.37946,-0.06268,0.92700,-0.40396,0.16768,0.23628
721,7211,-0.37970,-0.06317,0.92761,-0.37348,0.09146,0.32774
722,7220,-0.37988,-0.06189,0.92853,-0.41921,-0.02287,0.30488
723,7230,-0.37848,-0.06219,0.92676,-0.44970,0.09909,0.22866
724,7240,-0.37909,-0.06366,0.92554,-0.51829,0.12957,0.37348
725,7250,-0.38135,-0.06299,0.92480,-0.46494,0.14482,0.32774
726,7260,-0.38055,-0.06287,0.92554,-0.41159,0.16768,0.26677
727,7270,-0.37903,-0.06342,0.92664,-0.43445,0.05335,0.38872
728,7280,-0.37775,-0.06409,0.92651,-0.35823,0.00762,0.28963
729,7290,-0.37885,-0.06378,0.92474,-0.31250,0.09146,0.26677
730,7300,-0.37891,-0.06158,0.92609,-0.36585,0.05335,0.28201
731,7310,-0.37756,-0.06244,0.92841,-0.44970,0.00762,0.25915
732,7320,-0.37994,-0.06104,0.92719,-0.49543,0.08384,0.27439
733,7330,-0.38184,-0.06598,0.92450,-0.35061,0.04573,0.28201
734,7341,-0.37848,-0.06525,0.92578,-0.38110,0.01524,0.25152
735,7350,-0.38019,-0.06433,0.92499,-0.44207,-0.04573,0.28201
736,7360,-0.37982,-0.06262,0.92627,-0.51829,-0.09146,0.12957
737,7370,-0.37903,-0.06396,0.92444,-0.45732,-0.09146,0.25152
738,7381,-0.37897,-0.06451,0.92822,-0.34299,-0.06098,0.30488
739,7390,-0.37793,-0.06409,0.92737,-0.50305,-0.09146,0.28201
740,7400,-0.38074,-0.06470,0.92365,-0.55640,-0.12957,0.23628
741,7410,-0.37787,-0.06348,0.92737,-0.44970,-0.05335,0.33537
742,7421,-0.37854,-0.06097,0.92694,-0.51829,-0.01524,0.32012
743,7430,-0.37958,-0.06268,0.92749,-0.46494,0.00000,0.25915
744,7440,-0.37769,-0.06287,0.92694,-0.40396,0.12195,0.26677
745,7450,-0.37958,-0.06488,0.92542,-0.39634,0.16768,0.25915
746,7461,-0.37952,-0.06372,0.92560,-0.44207,0.09146,0.28201
747,7470,-0.37769,-0.06274,0.92883,-0.48018,0.06860,0.19055
748,7480,-0.37866,-0.06549,0.92706,-0.51067,0.12957,0.25915
749,7490,-0.37817,-0.06409,0.92719,-0.41921,0.19055,0.31250
750,7500,-0.37976,-0.06299,0.92719,-0.39634,0.16768,0.26677
751,7510,-0.37915,-0.06335,0.92926,-0.50305,0.16768,0.22104
752,7520,-0.37750,-0.06372,0.92841,-0.47256,0.15244,0.32012
753,7530,-0.38013,-0.06427,0.92725,-0.42683,0.08384,0.35061
754,7540,-0.38013,-0.06427,0.92725,-0.42683,0.08384,0.35061
755,7550,-0.37671,-0.06183,0.92914,-0.38872,-0.05335,0.38110
756,7560,-0.37842,-0.06219,0.92841,-0.35823,0.09146,0.33537
757,7570,-0.37842,-0.06219,0.92841,-0.35823,0.09146,0.33537
758,7580,-0.37952,-0.06384,0.92841,-0.32012,0.16768,0.28201
759,7591,-0.37915,-0.06329,0.92767,-0.32012,0.12195,0.30488
760,7600,-0.37915,-0.06329,0.92767,-0.32012,0.12195,0.30488
761,7610,-0.38000,-0.06299,0.92590,-0.49543,0.09909,0.28963
762,7620,-0.37762,-0.06433,0.92676,-0.41921,0.08384,0.32012
763,7631,-0.37653,-0.06342,0.92834,-0.38872,0.11433,0.27439
764,7640,-0.37653,-0.06342,0.92834,-0.38872,0.11433,0.27439
765,7650,-0.38000,-0.06439,0.92841,-0.39634,0.14482,0.28963
766,7660,-0.37982,-0.06451,0.92694,-0.37348,0.20579,0.32774
767,7671,-0.37836,-0.06250,0.92822,-0.25152,0.20579,0.36585
768,7680,-0.38007,-0.06323,0.92590,-0.42683,0.08384,0.33537
769,7690,-0.37939,-0.06268,0.92352,-0.48018,-0.05335,0.30488
770,7700,-0.38135,-0.06580,0.92511,-0.44207,-0.16768,0.18293
771,7711,-0.38104,-0.06604,0.93024,-0.52591,-0.28201,0.29726
772,7720,-0.37891,-0.06506,0.92816,-0.54878,-0.41921,0.39634
773,7730,-0.37891,-0.06567,0.92688,-0.59451,-0.56402,0.41159
774,7740,-0.37543,-0.06012,0.92529,-0.64024,-0.67835,0.42683
775,7750,-0.37018,-0.05774,0.92224,-0.73171,-0.73171,0.37348
776,7760,-0.37341,-0.06097,0.92657,-0.80030,-0.32774,0.18293
777,7770,-0.37842,-0.06323,0.92932,-0.83841,0.12195,0.15244
778,7780,-0.37848,-0.06500,0.92908,-0.57165,0.35823,0.20579
779,7790,-0.37909,-0.06512,0.92712,-0.38110,0.43445,0.25915
780,7800,-0.38055,-0.06677,0.92749,-0.42683,0.20579,0.23628
781,7810,-0.37988,-0.06360,0.92621,-0.45732,0.03811,0.29726
782,7820,-0.37958,-0.06470,0.92859,-0.32774,-0.02287,0.35823
783,7830,-0.37866,-0.06787,0.92920,-0.41159,-0.08384,0.24390
784,7841,-0.37872,-0.06409,0.92712,-0.32012,-0.18293,0.31250
785,7850,-0.37726,-0.06464,0.92700,-0.32012,-0.18293,0.39634
786,7860,-0.37598,-0.06488,0.92511,-0.21341,-0.16768,0.44207
787,7870,-0.37439,-0.06134,0.92798,-0.22866,-0.09146,0.37348
788,7881,-0.37640,-0.06122,0.92938,-0.32774,0.08384,0.34299
789,7890,-0.37805,-0.06250,0.92596,-0.36585,0.04573,0.35061
790,7900,-0.37677,-0.06116,0.92767,-0.32012,-0.04573,0.36585
791,7910,-0.37714,-0.06470,0.92474,-0.35823,0.00762,0.32774
792,7921,-0.37482,-0.06189,0.92682,-0.39634,0.06098,0.28963
793,7930,-0.37402,-0.06219,0.93066,-0.41159,0.16768,0.28963
794,7940,-0.37756,-0.06378,0.92773,-0.32012,0.18293,0.21341
795,7950,-0.37836,-0.06476,0.92767,-0.32774,0.28201,0.26677
796,7961,-0.37689,-0.06403,0.92682,-0.25915,0.30488,0.24390
797,7970,-0.37732,-0.06415,0.92871,-0.43445,0.21341,0.22866
798,7980,-0.37787,-0.06500,0.92517,-0.44207,0.20579,0.25152
799,7990,-0.37775,-0.06384,0.92786,-0.36585,0.31250,0.23628
800,8000,-0.37537,-0.06616,0.92804,-0.47256,0.34299,0.32012
801,8010,-0.37531,-0.06403,0.93042,-0.41921,0.25915,0.26677
802,8020,-0.37689,-0.06567,0.92853,-0.35823,0.28963,0.27439
803,8030,-0.37592,-0.06226,0.92700,-0.36585,0.20579,0.25915
804,8040,-0.37744,-0.06274,0.92755,-0.28963,0.22104,0.27439
805,8050,-0.37817,-0.06152,0.92633,-0.28201,0.18293,0.22104
806,8060,-0.37512,-0.06433,0.92761,-0.25152,0.19817,0.17530
807,8070,-0.37708,-0.06543,0.92853,-0.29726,0.26677,0.17530
808,8080,-0.37695,-0.06512,0.92914,-0.31250,0.14482,0.27439
809,8091,-0.37677,-0.06256,0.92664,-0.36585,0.13720,0.30488
810,8100,-0.37640,-0.06396,0.92548,-0.46494,0.22866,0.23628
811,8110,-0.37738,-0.06476,0.92877,-0.46494,0.23628,0.14482
812,8120,-0.37347,-0.06378,0.92877,-0.35823,0.19817,0.12957
813,8131,-0.37762,-0.06549,0.92834,-0.41159,0.20579,0.22104
814,8140,-0.37671,-0.06482,0.92938,-0.35823,0.22866,0.25915
815,8150,-0.37543,-0.06287,0.92914,-0.36585,0.22104,0.27439
816,8160,-0.37604,-0.06268,0.92804,-0.39634,0.19817,0.28963
817,8171,-0.37567,-0.06348,0.92938,-0.30488,0.11433,0.21341
818,8180,-0.37701,-0.06311,0.93091,-0.45732,0.09909,0.24390
819,8190,-0.37579,-0.06189,0.92743,-0.49543,0.12957,0.23628
820,8200,-0.37756,-0.06396,0.92737,-0.41921,0.10671,0.19055
821,8211,-0.37659,-0.06445,0.92883,-0.38110,0.07622,0.23628
822,8220,-0.37830,-0.06335,0.92828,-0.38872,0.09146,0.22866
823,8230,-0.37677,-0.06354,0.92993,-0.44207,0.03049,0.22866
824,8240,-0.37463,-0.06458,0.92694,-0.44207,0.04573,0.17530
825,8250,-0.37927,-0.06384,0.92798,-0.35823,0.08384,0.22104
826,8260,-0.37726,-0.06329,0.92804,-0.35823,-0.01524,0.24390
827,8270,-0.37421,-0.06390,0.92737,-0.44970,-0.05335,0.23628
828,8280,-0.37585,-0.06195,0.92780,-0.46494,-0.06098,0.25152
829,8290,-0.37579,-0.06342,0.93024,-0.34299,-0.06098,0.26677
830,8300,-0.37543,-0.06171,0.92847,-0.40396,0.03811,0.24390
831,8310,-0.37598,-0.06409,0.92719,-0.40396,0.12957,0.36585
832,8320,-0.37677,-0.06323,0.92670,-0.32774,0.15244,0.28201
833,8330,-0.37579,-0.06305,0.92810,-0.35823,0.06098,0.26677
834,8341,-0.37622,-0.06445,0.92920,-0.38110,0.02287,0.30488
835,8350,-0.37701,-0.06311,0.92859,-0.42683,-0.05335,0.34299
836,8360,-0.37677,-0.06281,0.92810,-0.34299,0.05335,0.35061
837,8370,-0.37354,-0.06158,0.93097,-0.40396,-0.06860,0.31250
838,8381,-0.37567,-0.06366,0.93268,-0.38110,0.00000,0.29726
839,8390,-0.37512,-0.06396,0.92725,-0.47256,0.00762,0.23628
840,8400,-0.37567,-0.06366,0.92865,-0.47256,0.00762,0.25152
841,8410,-0.37585,-0.06573,0.92865,-0.41159,-0.03811,0.22104
842,8421,-0.37653,-0.06439,0.92792,-0.42683,-0.05335,0.29726
843,8430,-0.37585,-0.06354,0.92828,-0.59451,0.10671,0.25152
844,8440,-0.37268,-0.06299,0.92804,-0.42683,0.09909,0.38110
845,8450,-0.37329,-0.06158,0.92798,-0.38872,0.21341,0.37348
846,8461,-0.37640,-0.06366,0.92969,-0.46494,0.25152,0.30488
847,8470,-0.37494,-0.06281,0.92889,-0.42683,0.25152,0.23628
848,8480,-0.37396,-0.06201,0.92780,-0.43445,0.20579,0.24390
849,8490,-0.37549,-0.06287,0.93060,-0.50305,0.12957,0.22866
850,8500,-0.37506,-0.06244,0.92987,-0.45732,0.18293,0.20579
851,8510,-0.37299,-0.06189,0.92664,-0.44970,0.06098,0.22866
852,8520,-0.37628,-0.06409,0.92755,-0.50305,0.06098,0.19817
853,8530,-0.37390,-0.06348,0.92877,-0.46494,0.07622,0.27439
854,8540,-0.37189,-0.06287,0.93127,-0.42683,0.09909,0.26677
855,8550,-0.37354,-0.06171,0.92938,-0.40396,0.06098,0.22104
856,8560,-0.37476,-0.06177,0.92676,-0.44970,0.04573,0.19817
857,8570,-0.37372,-0.06293,0.92804,-0.44207,-0.04573,0.20579
858,8580,-0.37610,-0.06451,0.92859,-0.44970,-0.04573,0.22104
859,8591,-0.37616,-0.06567,0.92841,-0.40396,0.03049,0.29726
860,8600,-0.37378,-0.06476,0.92963,-0.43445,-0.06860,0.32012
861,8610,-0.37323,-0.06152,0.92902,-0.51067,-0.09146,0.33537
862,8620,-0.37457,-0.06183,0.92688,-0.55640,0.03811,0.19817
863,8631,-0.37579,-0.06219,0.93011,-0.43445,0.15244,0.19817
864,8640,-0.37622,-0.06366,0.92957,-0.46494,0.10671,0.22866
865,8650,-0.37494,-0.06494,0.92804,-0.37348,0.10671,0.31250
866,8660,-0.37537,-0.06299,0.93170,-0.28201,0.14482,0.26677
867,8671,-0.37476,-0.06354,0.92767,-0.40396,0.06098,0.22866
868,8680,-0.37531,-0.06433,0.92792,-0.44970,0.03811,0.28963
869,8690,-0.37347,-0.06348,0.92950,-0.35823,0.03049,0.30488
870,8700,-0.37384,-0.06415,0.92957,-0.47256,0.17530,0.25915
871,8711,-0.37384,-0.06305,0.92914,-0.48780,0.30488,0.24390
872,8720,-0.37335,-0.06335,0.93109,-0.35061,0.22104,0.25915
873,8730,-0.37646,-0.06348,0.92889,-0.43445,0.24390,0.28201
874,8740,-0.37634,-0.06335,0.92731,-0.40396,0.28963,0.22866
875,8750,-0.37372,-0.06323,0.92664,-0.40396,0.22104,0.18293
876,8760,-0.37305,-0.06256,0.92859,-0.38110,0.12195,0.28201
877,8770,-0.37390,-0.06305,0.92908,-0.44970,0.20579,0.25915
878,8780,-0.37445,-0.06219,0.92883,-0.46494,0.19817,0.28963
879,8790,-0.37500,-0.06311,0.93134,-0.19055,0.19055,0.19055
880,8800,-0.37573,-0.06262,0.92938,-0.27439,0.19817,0.28201
881,8810,-0.37292,-0.06299,0.92755,-0.27439,0.31250,0.32012
882,8820,-0.37372,-0.06281,0.92938,-0.34299,0.19817,0.27439
883,8830,-0.37140,-0.06232,0.93146,-0.42683,0.15244,0.21341
884,8841,-0.37231,-0.06396,0.92963,-0.44970,0.28201,0.27439
885,8850,-0.37433,-0.06451,0.92694,-0.41159,0.28963,0.22866
886,8860,-0.37396,-0.06409,0.92950,-0.43445,0.29726,0.22866
887,8870,-0.37543,-0.06531,0.92981,-0.32012,0.32012,0.28201
888,8881,-0.37439,-0.06305,0.93079,-0.38110,0.34299,0.25915
889,8890,-0.37402,-0.06183,0.92755,-0.42683,0.29726,0.16006
890,8900,-0.37445,-0.06512,0.92999,-0.41159,0.32012,0.13720
891,8910,-0.37445,-0.06512,0.92999,-0.41159,0.32012,0.13720
892,8921,-0.37628,-0.06268,0.92627,-0.31250,0.45732,0.17530
893,8930,-0.37482,-0.06506,0.92810,-0.39634,0.51067,0.23628
894,8940,-0.37482,-0.06506,0.92810,-0.39634,0.51067,0.23628
895,8950,-0.37494,-0.06378,0.92926,-0.32012,0.41921,0.30488
896,8961,-0.37622,-0.06427,0.92944,-0.36585,0.31250,0.25152
897,8970,-0.37622,-0.06427,0.92944,-0.36585,0.31250,0.25152
898,8980,-0.37518,-0.06287,0.92828,-0.32012,0.42683,0.14482
899,8990,-0.37103,-0.06152,0.92920,-0.35823,0.40396,0.20579
900,9000,-0.37555,-0.06433,0.93024,-0.25915,0.43445,0.20579
901,9010,-0.37714,-0.06244,0.92859,-0.25152,0.46494,0.34299
902,9020,-0.37396,-0.06250,0.92834,-0.32774,0.44970,0.21341
903,9030,-0.37531,-0.06207,0.92804,-0.36585,0.41921,0.23628
904,9040,-0.37463,-0.06415,0.92859,-0.35061,0.44970,0.21341
905,9050,-0.37494,-0.06354,0.92896,-0.36585,0.46494,0.16006
906,9060,-0.37701,-0.06195,0.92938,-0.35823,0.41921,0.23628
907,9070,-0.37531,-0.06512,0.92999,-0.32012,0.38872,0.20579
908,9080,-0.37219,-0.06335,0.92828,-0.28963,0.42683,0.22104
909,9091,-0.37567,-0.06256,0.92609,-0.38110,0.43445,0.21341
910,9100,-0.37573,-0.06403,0.92761,-0.41159,0.36585,0.20579
911,9110,-0.37537,-0.06519,0.92975,-0.32774,0.33537,0.26677
912,9120,-0.37408,-0.06598,0.92847,-0.35061,0.30488,0.19817
913,9131,-0.37262,-0.06116,0.92847,-0.34299,0.31250,0.17530
914,9140,-0.37549,-0.06152,0.92816,-0.35823,0.44207,0.24390
915,9150,-0.37549,-0.06439,0.93085,-0.41921,0.43445,0.15244
916,9160,-0.37555,-0.06458,0.92908,-0.33537,0.39634,0.19055
917,9171,-0.37695,-0.06451,0.92780,-0.40396,0.35823,0.22104
918,9180,-0.37805,-0.06293,0.92719,-0.48018,0.28201,0.10671
919,9190,-0.37555,-0.06171,0.92926,-0.37348,0.28201,0.19055
920,9200,-0.37537,-0.06158,0.93011,-0.32774,0.24390,0.28963
921,9211,-0.37677,-0.06396,0.92780,-0.38110,0.32774,0.25152
922,9220,-0.37543,-0.06323,0.92834,-0.35823,0.24390,0.32774
923,9230,-0.37512,-0.06171,0.92841,-0.41921,0.18293,0.28963
924,9240,-0.37579,-0.06207,0.93103,-0.49543,0.29726,0.27439
925,9250,-0.37665,-0.06335,0.92767,-0.37348,0.30488,0.22866
926,9260,-0.37579,-0.06091,0.92755,-0.32012,0.27439,0.25152
927,9270,-0.37482,-0.06317,0.92816,-0.35823,0.35061,0.17530
928,9280,-0.37384,-0.06433,0.92969,-0.37348,0.37348,0.24390
929,9290,-0.37549,-0.06390,0.92834,-0.46494,0.30488,0.27439
930,9300,-0.37445,-0.06378,0.92786,-0.38872,0.27439,0.26677
931,9310,-0.37476,-0.06372,0.92914,-0.41921,0.24390,0.22104
932,9320,-0.37634,-0.06458,0.92889,-0.50305,0.25915,0.27439
933,9330,-0.37579,-0.06305,0.92853,-0.45732,0.25152,0.19055
934,9341,-0.37640,-0.06311,0.92853,-0.48018,0.30488,0.25915
935,9350,-0.37451,-0.06348,0.92932,-0.54878,0.30488,0.21341
936,9360,-0.37671,-0.06378,0.92993,-0.43445,0.20579,0.24390
937,9370,-0.37799,-0.06390,0.92822,-0.46494,0.12957,0.31250
938,9381,-0.37408,-0.06378,0.92950,-0.44970,0.16006,0.31250
939,9390,-0.37469,-0.06317,0.92737,-0.44970,0.16006,0.32012
940,9400,-0.37439,-0.06335,0.92896,-0.54116,0.12195,0.23628
941,9410,-0.37469,-0.06287,0.92938,-0.52591,0.13720,0.29726
942,9421,-0.37372,-0.06213,0.92950,-0.44970,0.15244,0.25915
943,9430,-0.37762,-0.06299,0.92651,-0.51067,0.16006,0.25152
944,9440,-0.37604,-0.06384,0.92981,-0.38110,0.08384,0.27439
945,9450,-0.37610,-0.06366,0.92987,-0.38872,0.12195,0.22104
946,9461,-0.37616,-0.06378,0.93060,-0.39634,0.13720,0.23628
947,9470,-0.37463,-0.06500,0.92950,-0.48018,0.03811,0.22104
948,9480,-0.37421,-0.06476,0.92889,-0.42683,0.03811,0.20579
949,9490,-0.37610,-0.06335,0.92676,-0.39634,0.10671,0.28201
950,9500,-0.37274,-0.06262,0.92926,-0.49543,0.12195,0.31250
951,9510,-0.37299,-0.06311,0.93396,-0.42683,0.03049,0.22866
952,9520,-0.37518,-0.06311,0.92981,-0.47256,0.06098,0.19817
953,9530,-0.37604,-0.06250,0.92877,-0.39634,0.01524,0.25152
954,9540,-0.37299,-0.06226,0.92932,-0.48018,0.03049,0.28963
955,9550,-0.37341,-0.06055,0.92773,-0.42683,0.00762,0.24390
956,9560,-0.37317,-0.06140,0.92700,-0.49543,0.16768,0.22866
957,9570,-0.37360,-0.06433,0.92859,-0.41921,0.33537,0.25915
958,9580,-0.37317,-0.06329,0.92743,-0.46494,0.30488,0.20579
959,9591,-0.37256,-0.06458,0.92865,-0.36585,0.28201,0.25152
960,9600,-0.37665,-0.06647,0.93048,-0.29726,0.25915,0.28201
961,9610,-0.37579,-0.06561,0.92871,-0.35823,0.25915,0.21341
962,9620,-0.37457,-0.06323,0.92700,-0.32012,0.18293,0.19817
963,9631,-0.37451,-0.06293,0.92902,-0.41921,0.29726,0.26677
964,9640,-0.37518,-0.06293,0.92664,-0.46494,0.28201,0.20579
965,9650,-0.37500,-0.06476,0.92871,-0.39634,0.29726,0.19817
966,9660,-0.37390,-0.06476,0.93085,-0.39634,0.32012,0.26677
967,9671,-0.37463,-0.06287,0.93060,-0.44207,0.32012,0.25152
968,9680,-0.37494,-0.06470,0.92975,-0.41921,0.39634,0.19817
969,9690,-0.37482,-0.06342,0.92719,-0.43445,0.32774,0.19055
970,9700,-0.37494,-0.06226,0.92853,-0.43445,0.25915,0.21341
971,9711,-0.37708,-0.06433,0.92499,-0.41159,0.32774,0.22866
972,9720,-0.37549,-0.06354,0.92651,-0.32774,0.34299,0.23628
973,9730,-0.37311,-0.06232,0.93066,-0.35061,0.30488,0.22104
974,9740,-0.37439,-0.06427,0.92902,-0.45732,0.32012,0.15244
975,9750,-0.37665,-0.06403,0.92798,-0.42683,0.39634,0.19817
976,9760,-0.37415,-0.06470,0.92798,-0.43445,0.41159,0.24390
977,9770,-0.37286,-0.06207,0.92920,-0.43445,0.37348,0.23628
978,9780,-0.37555,-0.06384,0.92859,-0.42683,0.30488,0.16768
979,9790,-0.37500,-0.06451,0.92688,-0.43445,0.32774,0.17530
980,9800,-0.37500,-0.06439,0.92773,-0.42683,0.44207,0.16006
981,9810,-0.37665,-0.06470,0.93018,-0.29726,0.39634,0.22104
982,9820,-0.37329,-0.06439,0.92737,-0.36585,0.42683,0.22866
983,9830,-0.37646,-0.06323,0.92773,-0.44970,0.38872,0.25152
984,9841,-0.37671,-0.06268,0.92780,-0.38872,0.32774,0.28963
985,9850,-0.37415,-0.06512,0.92920,-0.40396,0.35061,0.21341
986,9860,-0.37567,-0.06445,0.92761,-0.41921,0.36585,0.18293
987,9870,-0.37494,-0.06299,0.93079,-0.33537,0.33537,0.22866
988,9881,-0.37445,-0.06207,0.93042,-0.31250,0.32012,0.19055
989,9890,-0.37695,-0.06213,0.93207,-0.42683,0.29726,0.16768
990,9900,-0.37708,-0.06403,0.92938,-0.48018,0.23628,0.20579
991,9910,-0.37738,-0.06250,0.93030,-0.30488,0.32774,0.20579
992,9921,-0.37463,-0.06366,0.92651,-0.32774,0.26677,0.27439
993,9930,-0.37366,-0.06195,0.92487,-0.47256,0.18293,0.19817
994,9940,-0.37445,-0.06366,0.92804,-0.41921,0.28963,0.19055
995,9950,-0.37524,-0.06390,0.92877,-0.49543,0.32012,0.22104
996,9961,-0.37482,-0.06372,0.93121,-0.44207,0.28201,0.17530
997,9970,-0.37482,-0.06311,0.92822,-0.42683,0.28963,0.25152
998,9980,-0.37421,-0.06250,0.92859,-0.49543,0.25152,0.25915
999,9990,-0.37372,-0.06354,0.92749,-0.44207,0.35061,0.16768
1000,10000,-0.37463,-0.06189,0.92822,-0.35823,0.35061,0.19055
1001,10010,-0.37561,-0.06274,0.92944,-0.39634,0.29726,0.13720
1002,10020,-0.37439,-0.06311,0.92987,-0.52591,0.35061,0.17530
1003,10030,-0.37262,-0.06281,0.92786,-0.44970,0.27439,0.27439
1004,10040,-0.37347,-0.06323,0.92676,-0.35061,0.30488,0.21341
1005,10050,-0.37598,-0.06360,0.92944,-0.51829,0.41159,0.16006
1006,10060,-0.37494,-0.06128,0.93109,-0.35823,0.38110,0.23628
1007,10070,-0.37549,-0.06152,0.93030,-0.35823,0.34299,0.20579
1008,10080,-0.37616,-0.06226,0.92810,-0.48018,0.25915,0.28963
1009,10091,-0.37531,-0.06378,0.92767,-0.46494,0.32012,0.32012
1010,10100,-0.37488,-0.06372,0.92871,-0.37348,0.35823,0.22866
1011,10110,-0.37378,-0.06360,0.92755,-0.44207,0.43445,0.20579
1012,10120,-0.37445,-0.06323,0.92920,-0.41921,0.38872,0.19055
1013,10131,-0.37579,-0.06525,0.93134,-0.32774,0.51829,0.12195
1014,10140,-0.37512,-0.06403,0.92657,-0.41921,0.40396,0.20579
1015,10150,-0.37567,-0.06244,0.92731,-0.38872,0.38872,0.28201
1016,10160,-0.37592,-0.06378,0.92706,-0.36585,0.50305,0.14482
1017,10171,-0.37579,-0.06427,0.93158,-0.41921,0.38110,0.19817
1018,10180,-0.37622,-0.06232,0.92877,-0.47256,0.27439,0.21341
1019,10190,-0.37689,-0.06232,0.92572,-0.45732,0.32774,0.15244
1020,10200,-0.37433,-0.06396,0.92847,-0.37348,0.34299,0.12957
1021,10211,-0.37653,-0.06293,0.93140,-0.47256,0.28963,0.23628
1022,10220,-0.37543,-0.06140,0.93164,-0.48018,0.28963,0.25915
1023,10230,-0.37677,-0.06354,0.92688,-0.39634,0.37348,0.25915
1024,10240,-0.37677,-0.06354,0.92688,-0.39634,0.37348,0.25915
1025,10250,-0.37634,-0.06476,0.92822,-0.38872,0.35061,0.29726
1026,10260,-0.37769,-0.06226,0.92755,-0.44970,0.32774,0.25152
1027,10270,-0.37512,-0.06464,0.92932,-0.47256,0.44207,0.19055
1028,10280,-0.37512,-0.06464,0.92932,-0.47256,0.44207,0.19055
1029,10290,-0.37488,-0.06403,0.93231,-0.51067,0.40396,0.19055
1030,10300,-0.37518,-0.06372,0.92700,-0.40396,0.32774,0.24390
1031,10310,-0.37518,-0.06372,0.92700,-0.40396,0.32774,0.24390
1032,10320,-0.37695,-0.06256,0.92822,-0.41159,0.30488,0.19055
1033,10330,-0.37610,-0.06281,0.92719,-0.41921,0.25915,0.24390
1034,10341,-0.37531,-0.06268,0.93103,-0.42683,0.23628,0.17530
1035,10350,-0.37488,-0.06140,0.92749,-0.41159,0.19055,0.16768
1036,10360,-0.37732,-0.06360,0.92853,-0.33537,0.19055,0.21341
1037,10370,-0.37213,-0.06506,0.92719,-0.41921,0.25152,0.12957
1038,10381,-0.37292,-0.06421,0.92957,-0.46494,0.31250,0.21341
1039,10390,-0.37701,-0.06439,0.92816,-0.39634,0.16006,0.19055
1040,10400,-0.37714,-0.06671,0.92810,-0.42683,0.18293,0.19817
1041,10410,-0.37653,-0.06366,0.92865,-0.40396,0.32012,0.10671
1042,10421,-0.37616,-0.06354,0.92957,-0.44207,0.28963,0.21341
1043,10430,-0.37708,-0.06134,0.92938,-0.41921,0.21341,0.30488
1044,10440,-0.37622,-0.06317,0.92749,-0.43445,0.09146,0.21341
1045,10450,-0.37787,-0.06421,0.92889,-0.42683,0.17530,0.15244
1046,10461,-0.37592,-0.06537,0.92963,-0.46494,0.13720,0.27439
1047,10470,-0.37561,-0.06323,0.92853,-0.41159,0.15244,0.27439
1048,10480,-0.37549,-0.06152,0.92847,-0.41921,0.24390,0.30488
1049,10490,-0.37732,-0.06323,0.92920,-0.44207,0.12957,0.16768
1050,10500,-0.37720,-0.06427,0.92725,-0.41159,0.20579,0.19055
1051,10510,-0.37592,-0.06354,0.92682,-0.43445,0.27439,0.25915
1052,10520,-0.37439,-0.06372,0.92706,-0.48018,0.28201,0.18293
1053,10530,-0.37683,-0.06219,0.92999,-0.47256,0.29726,0.15244
1054,10540,-0.37701,-0.06250,0.92896,-0.40396,0.39634,0.21341
1055,10550,-0.37567,-0.06293,0.92853,-0.37348,0.33537,0.16006
1056,10560,-0.37738,-0.06335,0.92804,-0.32012,0.28201,0.22866
1057,10570,-0.37714,-0.06262,0.92657,-0.35061,0.32012,0.25915
1058,10580,-0.37537,-0.06232,0.92871,-0.32774,0.31250,0.22866
1059,10591,-0.37476,-0.06287,0.92816,-0.41159,0.29726,0.16006
1060,10600,-0.37628,-0.06238,0.92786,-0.45732,0.32012,0.18293
1061,10610,-0.37543,-0.06134,0.92645,-0.36585,0.32774,0.19055
1062,10620,-0.37561,-0.06293,0.93024,-0.46494,0.35823,0.20579
1063,10631,-0.37549,-0.06317,0.93060,-0.29726,0.38872,0.13720
1064,10640,-0.37537,-0.06232,0.92847,-0.38110,0.46494,0.23628
1065,10650,-0.37421,-0.06390,0.93066,-0.43445,0.40396,0.19817
1066,10660,-0.37567,-0.06470,0.92902,-0.42683,0.44207,0.23628
1067,10671,-0.37592,-0.06262,0.92816,-0.35061,0.38872,0.20579
1068,10680,-0.37476,-0.06293,0.92767,-0.28963,0.40396,0.18293
1069,10690,-0.37671,-0.06183,0.92725,-0.38110,0.40396,0.23628
1070,10700,-0.37469,-0.06311,0.92810,-0.31250,0.44207,0.18293
1071,10711,-0.37506,-0.06421,0.92920,-0.33537,0.55640,0.11433
1072,10720,-0.37708,-0.06439,0.92755,-0.38110,0.50305,0.23628
1073,10730,-0.37738,-0.06488,0.92822,-0.32012,0.51067,0.15244
1074,10740,-0.37543,-0.06360,0.93060,-0.32012,0.48018,0.15244
1075,10750,-0.37683,-0.06299,0.92621,-0.31250,0.43445,0.19817
1076,10760,-0.37567,-0.06219,0.92560,-0.38110,0.45732,0.14482
1077,10770,-0.37579,-0.06226,0.92975,-0.36585,0.54878,0.19055
1078,10780,-0.37415,-0.06305,0.93048,-0.32012,0.53354,0.17530
1079,10790,-0.37750,-0.06519,0.92743,-0.30488,0.51067,0.20579
1080,10800,-0.37585,-0.06335,0.92670,-0.28963,0.44970,0.28963
1081,10810,-0.37854,-0.06317,0.93042,-0.25915,0.44970,0.17530
1082,10820,-0.37836,-0.06372,0.92792,-0.35061,0.39634,0.13720
1083,10830,-0.37714,-0.06580,0.92712,-0.41921,0.41921,0.22104
1084,10841,-0.37482,-0.06232,0.92932,-0.36585,0.36585,0.26677
1085,10850,-0.37415,-0.06445,0.92761,-0.33537,0.39634,0.22104
1086,10860,-0.37366,-0.06232,0.92792,-0.42683,0.42683,0.12195
1087,10870,-0.37494,-0.06250,0.92712,-0.41921,0.44207,0.22866
1088,10881,-0.37799,-0.06409,0.92755,-0.42683,0.48018,0.25915
1089,10890,-0.37756,-0.06287,0.92865,-0.35823,0.50305,0.23628
1090,10900,-0.37665,-0.06348,0.92963,-0.35823,0.39634,0.19055
1091,10910,-0.37628,-0.06342,0.92896,-0.28963,0.26677,0.19055
1092,10921,-0.37659,-0.06525,0.92987,-0.51067,0.28201,0.25915
1093,10930,-0.37708,-0.06519,0.92889,-0.51829,0.33537,0.28963
1094,10940,-0.37683,-0.06439,0.92950,-0.35061,0.34299,0.29726
1095,10950,-0.37689,-0.06335,0.92786,-0.42683,0.25152,0.25915
1096,10961,-0.37512,-0.06049,0.92792,-0.35061,0.32774,0.28201
1097,10970,-0.37732,-0.06256,0.92682,-0.33537,0.37348,0.26677
1098,10980,-0.37634,-0.06604,0.92780,-0.39634,0.22104,0.18293
1099,10990,-0.37787,-0.06390,0.92737,-0.42683,0.16006,0.26677
1100,11000,-0.37616,-0.06360,0.92883,-0.41159,0.33537,0.23628
1101,11010,-0.37738,-0.06274,0.92719,-0.30488,0.35061,0.21341
1102,11020,-0.37683,-0.06390,0.92505,-0.33537,0.35823,0.13720
1103,11030,-0.37671,-0.06226,0.92609,-0.33537,0.43445,0.16006
1104,11040,-0.37592,-0.06122,0.93005,-0.36585,0.44207,0.22866
1105,11050,-0.37750,-0.06122,0.92908,-0.39634,0.37348,0.23628
1106,11060,-0.37830,-0.06274,0.92773,-0.30488,0.34299,0.20579
1107,11070,-0.37610,-0.06537,0.92798,-0.30488,0.31250,0.23628
1108,11080,-0.37500,-0.06189,0.92841,-0.25152,0.40396,0.16006
1109,11091,-0.37708,-0.06195,0.92859,-0.38872,0.40396,0.17530
1110,11100,-0.37640,-0.06409,0.92859,-0.48018,0.25915,0.17530
1111,11110,-0.37659,-0.06390,0.92712,-0.42683,0.28201,0.20579
1112,11120,-0.37604,-0.06488,0.92523,-0.45732,0.19055,0.20579
1113,11131,-0.37866,-0.06287,0.92841,-0.48780,0.22104,0.19817
1114,11140,-0.37622,-0.06183,0.92621,-0.49543,0.23628,0.17530
1115,11150,-0.37573,-0.06323,0.92712,-0.44970,0.22866,0.23628
1116,11160,-0.37616,-0.06348,0.92792,-0.35061,0.28963,0.22866
1117,11171,-0.37689,-0.06384,0.92657,-0.32774,0.40396,0.23628
1118,11180,-0.37799,-0.06360,0.92657,-0.38110,0.41159,0.22866
1119,11190,-0.37720,-0.06305,0.92877,-0.30488,0.38872,0.28963
1120,11200,-0.37787,-0.06458,0.92719,-0.34299,0.24390,0.24390
1121,11211,-0.37646,-0.06500,0.92761,-0.34299,0.22104,0.19055
1122,11220,-0.37469,-0.06567,0.92694,-0.27439,0.29726,0.12195
1123,11230,-0.37561,-0.06287,0.92957,-0.39634,0.32774,0.28963
1124,11240,-0.37775,-0.06128,0.92773,-0.39634,0.24390,0.37348
1125,11250,-0.37823,-0.06171,0.92975,-0.33537,0.24390,0.26677
1126,11260,-0.37854,-0.06305,0.92859,-0.32774,0.22866,0.25152
1127,11270,-0.37671,-0.06378,0.92651,-0.31250,0.18293,0.26677
1128,11280,-0.37506,-0.06311,0.92657,-0.38110,0.18293,0.29726
1129,11290,-0.37567,-0.06207,0.92810,-0.44970,0.09909,0.19817
1130,11300,-0.37653,-0.06354,0.92676,-0.48018,0.17530,0.22104
1131,11310,-0.37701,-0.06464,0.92725,-0.49543,0.20579,0.28201
1132,11320,-0.37616,-0.06372,0.92969,-0.45732,0.16006,0.19817
1133,11330,-0.37506,-0.06421,0.92810,-0.34299,0.22866,0.21341
1134,11341,-0.37512,-0.06470,0.92938,-0.41921,0.24390,0.22866
1135,11350,-0.37854,-0.06470,0.92731,-0.33537,0.18293,0.16768
1136,11360,-0.37854,-0.06500,0.92731,-0.35823,0.25152,0.26677
1137,11370,-0.37714,-0.06421,0.93109,-0.45732,0.22866,0.23628
1138,11381,-0.37628,-0.06415,0.92737,-0.44970,0.24390,0.19055
1139,11390,-0.37549,-0.06177,0.92688,-0.42683,0.28963,0.06860
1140,11400,-0.37744,-0.06360,0.92871,-0.42683,0.26677,0.15244
1141,11410,-0.37671,-0.06256,0.93085,-0.38110,0.21341,0.25152
1142,11421,-0.37659,-0.06213,0.92773,-0.45732,0.27439,0.29726
1143,11430,-0.37646,-0.06287,0.92700,-0.49543,0.33537,0.28963
1144,11440,-0.37836,-0.06427,0.92993,-0.43445,0.28963,0.21341
1145,11450,-0.37701,-0.06317,0.92792,-0.27439,0.28201,0.19817
1146,11461,-0.37866,-0.06226,0.92749,-0.41921,0.24390,0.22104
1147,11470,-0.37744,-0.06451,0.92572,-0.36585,0.25152,0.25152
1148,11480,-0.37659,-0.06305,0.92426,-0.38872,0.29726,0.21341
1149,11490,-0.37659,-0.06390,0.92737,-0.45732,0.34299,0.19817
1150,11500,-0.37512,-0.06384,0.93042,-0.47256,0.28201,0.28963
1151,11510,-0.37543,-0.06525,0.92743,-0.38872,0.33537,0.32012
1152,11520,-0.37744,-0.06580,0.92749,-0.35823,0.31250,0.22866
1153,11530,-0.37646,-0.06458,0.93005,-0.36585,0.26677,0.23628
1154,11540,-0.37646,-0.06458,0.92719,-0.50305,0.28201,0.20579
1155,11550,-0.37598,-0.06451,0.92877,-0.46494,0.27439,0.20579
1156,11560,-0.37671,-0.06445,0.92810,-0.49543,0.32012,0.22866
1157,11570,-0.37805,-0.06256,0.92694,-0.45732,0.38110,0.23628
1158,11580,-0.37805,-0.06256,0.92694,-0.45732,0.38110,0.23628
1159,11591,-0.37457,-0.06317,0.92743,-0.45732,0.27439,0.12957
1160,11600,-0.37903,-0.06311,0.92804,-0.38872,0.27439,0.20579
1161,11610,-0.37903,-0.06311,0.92804,-0.38872,0.27439,0.20579
1162,11620,-0.37708,-0.06232,0.93085,-0.35061,0.26677,0.22104
1163,11631,-0.37628,-0.06189,0.92743,-0.37348,0.33537,0.16006
1164,11640,-0.37628,-0.06189,0.92743,-0.37348,0.33537,0.16006
1165,11650,-0.37750,-0.06317,0.92920,-0.40396,0.33537,0.27439
1166,11660,-0.37897,-0.06378,0.92938,-0.44207,0.28201,0.22866
1167,11671,-0.37482,-0.06329,0.92633,-0.38110,0.23628,0.16768
1168,11680,-0.37482,-0.06329,0.92633,-0.38110,0.23628,0.16768
1169,11690,-0.37817,-0.06213,0.92853,-0.50305,0.34299,0.20579
1170,11700,-0.37756,-0.06396,0.92676,-0.33537,0.34299,0.23628
1171,11711,-0.37537,-0.06384,0.92743,-0.29726,0.28201,0.19817
1172,11720,-0.37585,-0.06421,0.92804,-0.43445,0.22866,0.33537
1173,11730,-0.37640,-0.06433,0.92810,-0.47256,0.11433,0.23628
1174,11740,-0.37561,-0.06573,0.92731,-0.36585,0.14482,0.22866
1175,11750,-0.37805,-0.06427,0.92987,-0.36585,0.12957,0.23628
1176,11760,-0.37714,-0.06512,0.92645,-0.38110,0.13720,0.30488
1177,11770,-0.37665,-0.06384,0.92633,-0.32012,0.15244,0.29726
1178,11780,-0.37695,-0.06360,0.92688,-0.41159,0.13720,0.28201
1179,11790,-0.37708,-0.06226,0.92804,-0.37348,0.12195,0.28963
1180,11800,-0.37756,-0.06335,0.92749,-0.37348,0.23628,0.22866
1181,11810,-0.37622,-0.06519,0.92981,-0.38110,0.22104,0.19055
1182,11820,-0.37720,-0.06476,0.92786,-0.46494,0.12195,0.17530
1183,11830,-0.37750,-0.06384,0.92889,-0.44970,0.09146,0.28963
1184,11841,-0.37537,-0.06409,0.92688,-0.40396,0.06860,0.26677
1185,11850,-0.37646,-0.06396,0.92731,-0.57927,0.09909,0.29726
1186,11860,-0.37744,-0.06445,0.92737,-0.41921,0.12957,0.25915
1187,11870,-0.37646,-0.06561,0.92688,-0.38872,0.08384,0.13720
1188,11881,-0.37653,-0.06403,0.92706,-0.44207,0.05335,0.23628
1189,11890,-0.37555,-0.06305,0.92896,-0.39634,0.12195,0.22104
1190,11900,-0.37695,-0.06445,0.93024,-0.44970,0.11433,0.31250
1191,11910,-0.37885,-0.06519,0.92676,-0.39634,0.35061,0.29726
1192,11921,-0.37659,-0.06403,0.92859,-0.31250,0.33537,0.31250
1193,11930,-0.37396,-0.06207,0.92798,-0.29726,0.16768,0.27439
1194,11940,-0.37610,-0.06189,0.92773,-0.25915,0.16768,0.20579
1195,11950,-0.37604,-0.06213,0.93036,-0.36585,0.28963,0.22866
1196,11961,-0.37537,-0.06348,0.92902,-0.37348,0.30488,0.27439
1197,11970,-0.37720,-0.06439,0.92664,-0.39634,0.22866,0.28963
1198,11980,-0.37756,-0.06293,0.92639,-0.48018,0.28963,0.27439
1199,11990,-0.37775,-0.06201,0.92664,-0.47256,0.12957,0.22104
1200,12000,-0.37744,-0.06146,0.92938,-0.44207,0.10671,0.26677
1201,12010,-0.37677,-0.06427,0.92841,-0.44970,0.06098,0.28963
1202,12020,-0.37622,-0.06305,0.92834,-0.40396,0.02287,0.16006
1203,12030,-0.37463,-0.06244,0.92743,-0.48780,0.06098,0.15244
1204,12040,-0.37561,-0.06171,0.92889,-0.46494,0.12957,0.17530
1205,12050,-0.37793,-0.06390,0.93048,-0.33537,0.17530,0.26677
1206,12060,-0.37732,-0.06403,0.92694,-0.44970,0.28963,0.25915
1207,12070,-0.37750,-0.06378,0.92664,-0.51067,0.26677,0.24390
1208,12080,-0.37610,-0.06299,0.92902,-0.53354,0.25915,0.20579
1209,12091,-0.37659,-0.06311,0.93091,-0.48018,0.30488,0.27439
1210,12100,-0.37463,-0.06049,0.92944,-0.39634,0.23628,0.31250
1211,12110,-0.37512,-0.06134,0.92975,-0.38110,0.19055,0.22104
1212,12120,-0.37793,-0.06360,0.92810,-0.48780,0.21341,0.30488
1213,12131,-0.37683,-0.06396,0.92920,-0.54116,0.20579,0.27439
1214,12140,-0.37695,-0.06189,0.93115,-0.45732,0.11433,0.28201
1215,12150,-0.37836,-0.06287,0.92731,-0.48780,0.10671,0.29726
1216,12160,-0.37579,-0.06342,0.92584,-0.46494,0.11433,0.30488
1217,12171,-0.37610,-0.06256,0.92950,-0.37348,-0.02287,0.28201
1218,12180,-0.37604,-0.06281,0.92761,-0.43445,0.08384,0.28201
1219,12190,-0.37598,-0.06305,0.92816,-0.32012,0.12195,0.22866
1220,12200,-0.37909,-0.06512,0.92804,-0.44970,0.06860,0.23628
1221,12211,-0.37775,-0.06537,0.92865,-0.43445,0.19817,0.22866
1222,12220,-0.37701,-0.06335,0.92755,-0.34299,0.18293,0.20579
1223,12230,-0.37750,-0.06372,0.92719,-0.28963,0.14482,0.20579
1224,12240,-0.37469,-0.06342,0.92896,-0.19817,0.11433,0.31250
1225,12250,-0.37646,-0.06525,0.92944,-0.23628,0.09909,0.30488
1226,12260,-0.37311,-0.06348,0.92767,-0.32012,0.11433,0.24390
1227,12270,-0.37555,-0.06323,0.92694,-0.20579,0.19055,0.20579
1228,12280,-0.37750,-0.06506,0.92664,-0.30488,0.22104,0.27439
1229,12290,-0.37653,-0.06287,0.92828,-0.38872,0.24390,0.34299
1230,12300,-0.37482,-0.06421,0.92700,-0.32774,0.28963,0.32774
1231,12310,-0.37543,-0.06335,0.92694,-0.38872,0.19055,0.32774
1232,12320,-0.37573,-0.06525,0.92810,-0.48780,0.22104,0.25152
1233,12330,-0.37622,-0.06128,0.92902,-0.40396,0.23628,0.32774
1234,12341,-0.37854,-0.06085,0.92804,-0.34299,0.16768,0.19817
1235,12350,-0.37531,-0.06134,0.92731,-0.38110,0.21341,0.25152
1236,12360,-0.37262,-0.06335,0.92822,-0.28201,0.32012,0.24390
1237,12370,-0.37482,-0.06378,0.92664,-0.29726,0.24390,0.25915
1238,12381,-0.37634,-0.06287,0.92810,-0.44207,0.30488,0.32012
1239,12390,-0.37665,-0.06360,0.92847,-0.32774,0.24390,0.27439
1240,12400,-0.37726,-0.06262,0.92755,-0.28963,0.25152,0.29726
1241,12410,-0.37567,-0.06287,0.92816,-0.31250,0.21341,0.27439
1242,12421,-0.37274,-0.06396,0.92725,-0.40396,0.25152,0.25915
1243,12430,-0.37482,-0.06317,0.92999,-0.39634,0.31250,0.24390
1244,12440,-0.37653,-0.06274,0.92920,-0.37348,0.37348,0.25152
1245,12450,-0.37683,-0.06348,0.92975,-0.44207,0.27439,0.25915
1246,12461,-0.37848,-0.06439,0.92993,-0.35061,0.29726,0.22866
1247,12470,-0.37433,-0.06335,0.92908,-0.33537,0.41159,0.23628
1248,12480,-0.37585,-0.06232,0.92981,-0.32012,0.34299,0.23628
1249,12490,-0.37750,-0.06049,0.92780,-0.35061,0.28963,0.22104
1250,12500,-0.37665,-0.06146,0.92773,-0.51829,0.27439,0.26677
1251,12510,-0.37421,-0.06342,0.92889,-0.50305,0.22866,0.30488
1252,12520,-0.37457,-0.06323,0.93048,-0.41921,0.35061,0.22104
1253,12530,-0.37537,-0.06158,0.92932,-0.38872,0.34299,0.10671
1254,12540,-0.37653,-0.06238,0.92889,-0.35823,0.28201,0.15244
1255,12550,-0.37598,-0.06219,0.92938,-0.48018,0.29726,0.33537
1256,12560,-0.37848,-0.06238,0.92877,-0.43445,0.22104,0.25915
1257,12570,-0.37561,-0.06329,0.92761,-0.39634,0.27439,0.24390
1258,12580,-0.37677,-0.06409,0.92871,-0.35061,0.31250,0.19817
1259,12591,-0.37555,-0.06128,0.92987,-0.35823,0.30488,0.16768
1260,12600,-0.37872,-0.06268,0.92841,-0.44970,0.37348,0.16768
1261,12610,-0.37665,-0.06281,0.92798,-0.44207,0.31250,0.28201
1262,12620,-0.37592,-0.06274,0.92877,-0.42683,0.31250,0.23628
1263,12631,-0.37543,-0.06171,0.93091,-0.51829,0.32774,0.20579
1264,12640,-0.37659,-0.06268,0.92883,-0.44207,0.35061,0.13720
1265,12650,-0.37781,-0.06409,0.92706,-0.36585,0.36585,0.19055
1266,12660,-0.37775,-0.06213,0.92883,-0.39634,0.38110,0.22104
1267,12671,-0.37543,-0.06421,0.92719,-0.41921,0.28201,0.27439
1268,12680,-0.37653,-0.06433,0.92664,-0.44207,0.25915,0.20579
1269,12690,-0.37634,-0.06378,0.92914,-0.52591,0.32774,0.18293
1270,12700,-0.37427,-0.06158,0.92798,-0.48780,0.15244,0.18293
1271,12711,-0.37640,-0.06445,0.92700,-0.50305,0.16006,0.20579
1272,12720,-0.37701,-0.06451,0.92926,-0.43445,0.23628,0.21341
1273,12730,-0.37616,-0.06470,0.92749,-0.41159,0.17530,0.18293
1274,12740,-0.37622,-0.06360,0.92627,-0.26677,0.25915,0.27439
1275,12750,-0.37610,-0.06439,0.92859,-0.27439,0.26677,0.25915
1276,12760,-0.37488,-0.06378,0.92889,-0.56402,0.19055,0.16768
1277,12770,-0.37616,-0.06061,0.92841,-0.48018,0.27439,0.16768
1278,12780,-0.37756,-0.06158,0.92975,-0.44970,0.33537,0.16768
1279,12790,-0.37897,-0.06274,0.92841,-0.48018,0.28963,0.12957
1280,12800,-0.37457,-0.06335,0.92853,-0.51829,0.24390,0.12957
1281,12810,-0.37628,-0.06219,0.92865,-0.55640,0.26677,0.27439
1282,12820,-0.37543,-0.06378,0.92712,-0.44970,0.27439,0.34299
1283,12830,-0.37659,-0.06140,0.92871,-0.39634,0.27439,0.16768
1284,12841,-0.37732,-0.06152,0.92694,-0.26677,0.32012,0.10671
1285,12850,-0.37695,-0.06219,0.92719,-0.28963,0.36585,0.22866
1286,12860,-0.37585,-0.06488,0.92670,-0.41921,0.34299,0.28201
1287,12870,-0.37653,-0.06219,0.92712,-0.41921,0.30488,0.21341
1288,12881,-0.37598,-0.06451,0.92896,-0.33537,0.26677,0.22104
1289,12890,-0.37817,-0.06403,0.92810,-0.37348,0.28963,0.21341
1290,12900,-0.37726,-0.06134,0.92645,-0.45732,0.29726,0.28201
1291,12910,-0.37555,-0.06427,0.92853,-0.33537,0.28963,0.25152
1292,12921,-0.37860,-0.06342,0.92767,-0.32774,0.37348,0.25152
1293,12930,-0.37738,-0.06140,0.92877,-0.46494,0.28963,0.27439
1294,12940,-0.37677,-0.06409,0.92609,-0.51829,0.28201,0.26677
1295,12950,-0.37677,-0.06409,0.92609,-0.51829,0.28201,0.26677
1296,12961,-0.37640,-0.06366,0.92682,-0.40396,0.25915,0.22866
1297,12970,-0.37506,-0.06293,0.93024,-0.44970,0.23628,0.28963
1298,12980,-0.37506,-0.06293,0.93024,-0.44970,0.23628,0.28963
1299,12990,-0.37659,-0.06354,0.92865,-0.42683,0.28201,0.22866
1300,13000,-0.37744,-0.06177,0.92712,-0.41159,0.34299,0.21341
1301,13010,-0.37640,-0.06195,0.93048,-0.44207,0.29726,0.23628
1302,13020,-0.37598,-0.06238,0.92834,-0.33537,0.37348,0.17530
1303,13030,-0.37695,-0.06335,0.92920,-0.33537,0.34299,0.25152
1304,13040,-0.37708,-0.06213,0.92816,-0.44970,0.31250,0.16006
1305,13050,-0.37628,-0.06213,0.92889,-0.38872,0.25915,0.13720
1306,13060,-0.37317,-0.06433,0.92896,-0.38872,0.20579,0.21341
1307,13070,-0.37781,-0.06378,0.92938,-0.45732,0.25915,0.20579
1308,13080,-0.37744,-0.06342,0.92914,-0.44207,0.35061,0.22866
1309,13091,-0.37701,-0.06213,0.92896,-0.48018,0.32774,0.22104
1310,13100,-0.37689,-0.06305,0.92505,-0.43445,0.20579,0.26677
1311,13110,-0.37537,-0.06299,0.92786,-0.43445,0.17530,0.35061
1312,13120,-0.37518,-0.06335,0.92651,-0.42683,0.12957,0.33537
1313,13131,-0.37500,-0.06378,0.92841,-0.42683,0.25152,0.19817
1314,13140,-0.37695,-0.06323,0.92731,-0.36585,0.37348,0.10671
1315,13150,-0.37708,-0.06140,0.92859,-0.42683,0.34299,0.23628
1316,13160,-0.37646,-0.06238,0.92865,-0.38872,0.30488,0.28963
1317,13171,-0.37769,-0.06396,0.93115,-0.32774,0.33537,0.29726
1318,13180,-0.37653,-0.06219,0.92560,-0.48780,0.21341,0.24390
1319,13190,-0.37524,-0.06299,0.92688,-0.49543,0.27439,0.12195
1320,13200,-0.37726,-0.06366,0.92987,-0.40396,0.35823,0.15244
1321,13211,-0.37689,-0.06384,0.92938,-0.42683,0.29726,0.28201
1322,13220,-0.37762,-0.06262,0.92792,-0.36585,0.28201,0.19055
1323,13230,-0.37567,-0.06305,0.93060,-0.36585,0.33537,0.19817
1324,13240,-0.37476,-0.06348,0.92914,-0.53354,0.42683,0.33537
1325,13250,-0.37775,-0.06464,0.92651,-0.41159,0.33537,0.22104
1326,13260,-0.37659,-0.06213,0.92731,-0.35823,0.33537,0.18293
1327,13270,-0.37604,-0.06177,0.92822,-0.53354,0.34299,0.25152
1328,13280,-0.37701,-0.06622,0.92834,-0.54116,0.45732,0.19817
1329,13290,-0.37671,-0.06561,0.92792,-0.44207,0.35061,0.22866
1330,13300,-0.37561,-0.06256,0.92828,-0.34299,0.25152,0.19817
1331,13310,-0.37610,-0.06268,0.92944,-0.41921,0.35061,0.23628
1332,13320,-0.37671,-0.06238,0.92786,-0.39634,0.29726,0.21341
1333,13330,-0.37579,-0.06110,0.92773,-0.35823,0.32774,0.17530
1334,13341,-0.37616,-0.06409,0.93225,-0.38872,0.41921,0.25152
1335,13350,-0.37799,-0.06464,0.92865,-0.37348,0.38872,0.13720
1336,13360,-0.37671,-0.06287,0.92902,-0.43445,0.35823,0.20579
1337,13370,-0.37689,-0.06244,0.92590,-0.42683,0.38872,0.25152
1338,13381,-0.37732,-0.06409,0.92682,-0.32774,0.37348,0.19817
1339,13390,-0.37701,-0.06354,0.92883,-0.44207,0.29726,0.12195
1340,13400,-0.37653,-0.06219,0.92767,-0.42683,0.30488,0.19055
1341,13410,-0.37701,-0.06329,0.92834,-0.38872,0.32012,0.24390
1342,13421,-0.37665,-0.06323,0.92816,-0.41921,0.25915,0.22866
1343,13430,-0.37732,-0.06348,0.92755,-0.53354,0.35061,0.14482
1344,13440,-0.37708,-0.06256,0.92755,-0.38872,0.42683,0.21341
1345,13450,-0.37634,-0.06207,0.92706,-0.25915,0.41159,0.22866
1346,13461,-0.37610,-0.06134,0.92517,-0.44970,0.48018,0.20579
1347,13470,-0.37744,-0.06274,0.92804,-0.43445,0.48018,0.19055
1348,13480,-0.37689,-0.06366,0.92963,-0.47256,0.41921,0.21341
1349,13490,-0.37762,-0.06238,0.92548,-0.47256,0.51067,0.21341
1350,13500,-0.37793,-0.06012,0.92639,-0.41921,0.48018,0.16006
1351,13510,-0.37610,-0.06055,0.92767,-0.41921,0.53354,0.16006
1352,13520,-0.37555,-0.06433,0.92676,-0.46494,0.64787,0.13720
1353,13530,-0.37695,-0.06372,0.92859,-0.43445,0.63262,0.16768
1354,13540,-0.37701,-0.06451,0.92664,-0.48018,0.47256,0.21341
1355,13550,-0.37616,-0.06055,0.92859,-0.24390,0.38872,0.26677
1356,13560,-0.37689,-0.06317,0.92914,-0.33537,0.35823,0.28201
1357,13570,-0.37756,-0.06384,0.92969,-0.46494,0.36585,0.17530
1358,13580,-0.37555,-0.06360,0.92804,-0.36585,0.32774,0.19817
1359,13591,-0.37622,-0.06488,0.92664,-0.39634,0.29726,0.12195
1360,13600,-0.37714,-0.06317,0.92853,-0.52591,0.41921,0.17530
1361,13610,-0.37799,-0.06372,0.92694,-0.50305,0.44207,0.13720
1362,13620,-0.37592,-0.06317,0.92737,-0.43445,0.31250,0.22104
1363,13631,-0.37738,-0.06403,0.92926,-0.41921,0.34299,0.33537
1364,13640,-0.37744,-0.06183,0.92767,-0.51067,0.25915,0.30488
1365,13650,-0.37683,-0.06049,0.92798,-0.47256,0.24390,0.17530
1366,13660,-0.37549,-0.06537,0.92590,-0.42683,0.27439,0.16768
1367,13671,-0.37708,-0.06537,0.92700,-0.48018,0.22104,0.23628
1368,13680,-0.37909,-0.06390,0.92963,-0.51829,0.26677,0.17530
1369,13690,-0.37921,-0.06451,0.92816,-0.37348,0.20579,0.19817
1370,13700,-0.38013,-0.06360,0.92786,-0.35823,0.16006,0.32012
1371,13711,-0.37653,-0.06396,0.92834,-0.42683,0.27439,0.22866
1372,13720,-0.37860,-0.06390,0.92731,-0.42683,0.27439,0.19817
1373,13730,-0.37817,-0.06232,0.92761,-0.35061,0.19817,0.24390
1374,13740,-0.37683,-0.06415,0.92743,-0.44207,0.04573,0.25152
1375,13750,-0.37732,-0.06366,0.92499,-0.40396,-0.03811,0.20579
1376,13760,-0.37799,-0.06195,0.92780,-0.36585,0.07622,0.22104
1377,13770,-0.37811,-0.06293,0.92908,-0.38110,0.13720,0.28963
1378,13780,-0.37610,-0.06482,0.92584,-0.35061,0.16006,0.25915
1379,13790,-0.37671,-0.06464,0.92645,-0.44207,0.09146,0.24390
1380,13800,-0.37720,-0.06348,0.92584,-0.44207,0.00762,0.28963
1381,13810,-0.37592,-0.06226,0.92511,-0.46494,0.09909,0.23628
1382,13820,-0.37646,-0.06293,0.93030,-0.41921,0.12195,0.23628
1383,13830,-0.37646,-0.06458,0.92987,-0.40396,0.19817,0.23628
1384,13841,-0.37866,-0.06152,0.92657,-0.37348,0.20579,0.27439
1385,13850,-0.37787,-0.06366,0.92529,-0.42683,0.20579,0.25152
1386,13860,-0.37762,-0.06396,0.92944,-0.41159,0.16006,0.25152
1387,13870,-0.37677,-0.06256,0.92798,-0.45732,0.10671,0.24390
1388,13881,-0.37744,-0.06329,0.92590,-0.41921,0.03811,0.27439
1389,13890,-0.37677,-0.06366,0.92670,-0.54116,0.02287,0.22104
1390,13900,-0.37579,-0.06091,0.92841,-0.46494,0.07622,0.26677
1391,13910,-0.37610,-0.06305,0.92749,-0.46494,0.12195,0.28201
1392,13921,-0.37695,-0.06378,0.92694,-0.44207,0.19055,0.23628
1393,13930,-0.37494,-0.06299,0.93011,-0.37348,0.23628,0.22104
1394,13940,-0.37665,-0.06213,0.93018,-0.34299,0.31250,0.20579
1395,13950,-0.37567,-0.06317,0.92969,-0.38110,0.32774,0.20579
1396,13961,-0.37628,-0.06415,0.92981,-0.36585,0.35061,0.26677
1397,13970,-0.37714,-0.06458,0.92749,-0.44970,0.32774,0.28963
1398,13980,-0.37695,-0.06543,0.92792,-0.31250,0.21341,0.26677
1399,13990,-0.37634,-0.06384,0.92871,-0.25915,0.35823,0.22866
1400,14000,-0.37738,-0.06470,0.92682,-0.24390,0.32774,0.25915
1401,14010,-0.37653,-0.06360,0.92719,-0.44970,0.22104,0.21341
1402,14020,-0.37500,-0.06110,0.92883,-0.51067,0.26677,0.14482
1403,14030,-0.37659,-0.06219,0.92816,-0.48018,0.25152,0.20579
1404,14040,-0.37708,-0.06311,0.92639,-0.33537,0.22104,0.28201
1405,14050,-0.37836,-0.06244,0.92743,-0.38110,0.21341,0.28963
1406,14060,-0.37689,-0.06152,0.92554,-0.27439,0.28201,0.21341
1407,14070,-0.37744,-0.06305,0.92780,-0.32774,0.26677,0.23628
1408,14080,-0.37659,-0.06458,0.92981,-0.38872,0.21341,0.22104
1409,14091,-0.37695,-0.06104,0.92841,-0.26677,0.22866,0.23628
1410,14100,-0.37720,-0.06061,0.92816,-0.39634,0.13720,0.28201
1411,14110,-0.37683,-0.06256,0.92828,-0.44970,0.21341,0.27439
1412,14120,-0.37750,-0.06238,0.92834,-0.48018,0.25915,0.23628
1413,14131,-0.37634,-0.06122,0.92560,-0.35061,0.22104,0.17530
1414,14140,-0.37799,-0.06403,0.92578,-0.35061,0.28201,0.23628
1415,14150,-0.37872,-0.06476,0.92633,-0.36585,0.21341,0.19055
1416,14160,-0.37885,-0.06317,0.92688,-0.35823,0.15244,0.22866
1417,14171,-0.37781,-0.06287,0.92975,-0.31250,0.25152,0.25152
1418,14180,-0.37659,-0.06219,0.92780,-0.42683,0.24390,0.22866
1419,14190,-0.37799,-0.06494,0.92853,-0.42683,0.25915,0.16006
1420,14200,-0.37695,-0.06396,0.92938,-0.36585,0.27439,0.23628
1421,14211,-0.37708,-0.06494,0.92822,-0.41921,0.25915,0.17530
1422,14220,-0.37909,-0.06342,0.92834,-0.41921,0.19055,0.26677
1423,14230,-0.37787,-0.06360,0.92834,-0.40396,0.23628,0.31250
1424,14240,-0.37799,-0.06287,0.92914,-0.33537,0.33537,0.25915
1425,14250,-0.37799,-0.06287,0.92914,-0.33537,0.33537,0.25915
1426,14260,-0.37695,-0.06433,0.92798,-0.42683,0.27439,0.26677
1427,14270,-0.37677,-0.06348,0.92615,-0.33537,0.32012,0.28201
1428,14280,-0.37677,-0.06348,0.92615,-0.33537,0.32012,0.28201
1429,14290,-0.37793,-0.06152,0.92908,-0.36585,0.25915,0.20579
1430,14300,-0.37744,-0.06189,0.92743,-0.52591,0.23628,0.20579
1431,14310,-0.37683,-0.06250,0.92926,-0.42683,0.20579,0.13720
1432,14320,-0.37683,-0.06250,0.92926,-0.42683,0.20579,0.13720
1433,14330,-0.37787,-0.06360,0.93060,-0.39634,0.24390,0.12957
1434,14341,-0.37488,-0.06219,0.92566,-0.49543,0.26677,0.19817
1435,14350,-0.37488,-0.06219,0.92566,-0.49543,0.26677,0.19817
1436,14360,-0.37622,-0.06122,0.92792,-0.32012,0.28963,0.27439
1437,14370,-0.37543,-0.06165,0.92651,-0.42683,0.28201,0.30488
1438,14381,-0.37781,-0.06195,0.92603,-0.30488,0.28201,0.21341
1439,14390,-0.37671,-0.06299,0.92883,-0.41921,0.26677,0.20579
1440,14400,-0.37756,-0.06470,0.92902,-0.42683,0.23628,0.21341
1441,14410,-0.37689,-0.06219,0.92657,-0.48780,0.30488,0.27439
1442,14421,-0.37634,-0.06134,0.92773,-0.47256,0.33537,0.16006
1443,14430,-0.37872,-0.06323,0.92902,-0.41921,0.29726,0.14482
1444,14440,-0.37811,-0.06378,0.92737,-0.41159,0.25915,0.25152
1445,14450,-0.37750,-0.06311,0.92908,-0.41921,0.17530,0.18293
1446,14461,-0.37531,-0.06158,0.92975,-0.47256,0.19055,0.12195
1447,14470,-0.37604,-0.06348,0.92749,-0.46494,0.27439,0.18293
1448,14480,-0.37866,-0.06396,0.92871,-0.40396,0.31250,0.25152
1449,14490,-0.37457,-0.06201,0.93140,-0.36585,0.28963,0.24390
1450,14500,-0.37677,-0.06555,0.93079,-0.34299,0.19817,0.14482
1451,14510,-0.37659,-0.06329,0.92859,-0.40396,0.26677,0.29726
1452,14520,-0.37543,-0.06140,0.92798,-0.37348,0.23628,0.28963
1453,14530,-0.37628,-0.06366,0.92676,-0.38110,0.19817,0.17530
1454,14540,-0.37701,-0.06415,0.92822,-0.37348,0.17530,0.12957
1455,14550,-0.37598,-0.06305,0.92786,-0.33537,0.23628,0.18293
1456,14560,-0.37860,-0.06317,0.92670,-0.38110,0.20579,0.19817
1457,14570,-0.37781,-0.06372,0.92731,-0.40396,0.25915,0.24390
1458,14580,-0.37732,-0.06665,0.92664,-0.41159,0.22866,0.24390
1459,14591,-0.37738,-0.06421,0.92773,-0.35823,0.24390,0.24390
1460,14600,-0.37677,-0.06281,0.92926,-0.38110,0.23628,0.16006
1461,14610,-0.37506,-0.06433,0.92548,-0.39634,0.26677,0.16768
1462,14620,-0.37860,-0.06427,0.92859,-0.42683,0.31250,0.21341
1463,14631,-0.37878,-0.06335,0.92804,-0.33537,0.22866,0.22104
1464,14640,-0.37622,-0.06335,0.92596,-0.43445,0.28963,0.21341
1465,14650,-0.37872,-0.06311,0.92627,-0.48018,0.29726,0.17530
1466,14660,-0.37769,-0.06403,0.92712,-0.38110,0.26677,0.16768
1467,14671,-0.37836,-0.06226,0.92804,-0.41159,0.24390,0.24390
1468,14680,-0.37659,-0.06232,0.92731,-0.57927,0.25152,0.12195
1469,14690,-0.37567,-0.06293,0.92792,-0.39634,0.35823,0.19817
1470,14700,-0.37878,-0.06183,0.92743,-0.21341,0.37348,0.24390
1471,14711,-0.37714,-0.06366,0.92834,-0.32774,0.33537,0.15244
1472,14720,-0.37653,-0.06445,0.92957,-0.43445,0.32012,0.17530
1473,14730,-0.37720,-0.06354,0.92816,-0.32774,0.32012,0.23628
1474,14740,-0.37720,-0.06055,0.92694,-0.44970,0.49543,0.15244
1475,14750,-0.37927,-0.06226,0.92908,-0.36585,0.37348,0.18293
1476,14760,-0.38025,-0.06378,0.92706,-0.29726,0.34299,0.14482
1477,14770,-0.38013,-0.06415,0.92578,-0.39634,0.41159,0.22866
1478,14780,-0.37878,-0.06317,0.92664,-0.46494,0.32012,0.19817
1479,14790,-0.37799,-0.06427,0.92859,-0.46494,0.34299,0.25915
1480,14800,-0.37793,-0.06409,0.92493,-0.41921,0.29726,0.19817
1481,14810,-0.37921,-0.06488,0.92767,-0.51829,0.35061,0.20579
1482,14820,-0.37555,-0.06213,0.92590,-0.45732,0.40396,0.16006
1483,14830,-0.37720,-0.06342,0.92694,-0.34299,0.32774,0.14482
1484,14841,-0.37781,-0.06390,0.92896,-0.43445,0.22104,0.17530
1485,14850,-0.37769,-0.06299,0.92932,-0.44970,0.25152,0.28201
1486,14860,-0.37622,-0.06171,0.92639,-0.51067,0.28963,0.18293
1487,14870,-0.37823,-0.06317,0.92798,-0.41921,0.28201,0.09909
1488,14881,-0.37976,-0.06384,0.92877,-0.42683,0.30488,0.17530
1489,14890,-0.37854,-0.06244,0.92584,-0.42683,0.27439,0.25915
1490,14900,-0.37885,-0.06464,0.92767,-0.39634,0.36585,0.24390
1491,14910,-0.37860,-0.06189,0.92639,-0.35823,0.40396,0.18293
1492,14921,-0.37616,-0.06403,0.92401,-0.25915,0.32012,0.19055
1493,14930,-0.37720,-0.06299,0.92517,-0.38110,0.31250,0.24390
1494,14940,-0.37970,-0.06470,0.92737,-0.38110,0.37348,0.26677
1495,14950,-0.37994,-0.06018,0.92786,-0.38110,0.33537,0.28963
1496,14961,-0.37915,-0.06201,0.93213,-0.40396,0.32012,0.19055
1497,14970,-0.37872,-0.06348,0.92590,-0.35823,0.22104,0.21341
1498,14980,-0.37823,-0.06537,0.92596,-0.44970,0.19817,0.18293
1499,14990,-0.37842,-0.06610,0.92621,-0.41921,0.24390,0.20579
1500,15000,-0.37659,-0.06390,0.92688,-0.23628,0.23628,0.27439
1501,15010,-0.37799,-0.06360,0.92493,-0.41921,0.13720,0.17530
1502,15020,-0.37744,-0.06439,0.92615,-0.51829,0.15244,0.25152
1503,15030,-0.37750,-0.06384,0.92505,-0.35061,0.16006,0.24390
1504,15040,-0.37848,-0.06274,0.92664,-0.27439,0.13720,0.23628
1505,15050,-0.37634,-0.06213,0.92792,-0.32774,0.14482,0.25915
1506,15060,-0.37872,-0.06287,0.92975,-0.44207,0.16768,0.22866
1507,15070,-0.37842,-0.06451,0.92767,-0.36585,0.25152,0.20579
1508,15080,-0.37860,-0.06317,0.92932,-0.31250,0.22866,0.17530
1509,15091,-0.37823,-0.06403,0.92523,-0.32012,0.22866,0.25915
1510,15100,-0.37665,-0.06500,0.92682,-0.32012,0.24390,0.23628
1511,15110,-0.37683,-0.06219,0.92542,-0.45732,0.17530,0.27439
1512,15120,-0.37921,-0.06110,0.92755,-0.34299,0.18293,0.19817
1513,15131,-0.37714,-0.06342,0.92328,-0.43445,0.23628,0.28201
1514,15140,-0.37897,-0.06573,0.92554,-0.41159,0.26677,0.22104
1515,15150,-0.37732,-0.06476,0.92670,-0.44207,0.38872,0.26677
1516,15160,-0.37872,-0.06427,0.92517,-0.39634,0.31250,0.25915
1517,15171,-0.37781,-0.06409,0.92383,-0.38110,0.28963,0.19817
1518,15180,-0.37726,-0.06335,0.92670,-0.44970,0.26677,0.25915
1519,15190,-0.37659,-0.06299,0.92889,-0.44970,0.20579,0.20579
1520,15200,-0.37775,-0.06238,0.92987,-0.38110,0.19055,0.14482
1521,15211,-0.37793,-0.06281,0.92676,-0.42683,0.19055,0.16768
1522,15220,-0.37793,-0.06238,0.92725,-0.39634,0.21341,0.21341
1523,15230,-0.37726,-0.06293,0.92242,-0.38872,0.19055,0.26677
1524,15240,-0.37860,-0.06366,0.92523,-0.41159,0.22866,0.22866
1525,15250,-0.37848,-0.06445,0.92651,-0.54116,0.18293,0.30488
1526,15260,-0.37799,-0.06146,0.92566,-0.50305,0.12957,0.36585
1527,15270,-0.37744,-0.06732,0.92700,-0.50305,0.09146,0.38110
1528,15280,-0.37714,-0.06488,0.92902,-0.43445,0.03049,0.28963
1529,15290,-0.37744,-0.06372,0.92657,-0.41921,-0.01524,0.22104
1530,15300,-0.37830,-0.06293,0.92657,-0.42683,0.09909,0.27439
1531,15310,-0.37665,-0.06323,0.92786,-0.41921,0.15244,0.28963
1532,15320,-0.37830,-0.06403,0.92682,-0.41921,0.06860,0.27439
1533,15330,-0.37921,-0.06268,0.92682,-0.41159,0.19817,0.22866
1534,15341,-0.37708,-0.06207,0.92657,-0.43445,0.21341,0.29726
1535,15350,-0.37604,-0.06213,0.92914,-0.35061,0.22104,0.27439
1536,15360,-0.37872,-0.06268,0.92847,-0.41921,0.24390,0.28201
1537,15370,-0.37793,-0.06323,0.92694,-0.38110,0.18293,0.20579
1538,15381,-0.37708,-0.06195,0.92548,-0.28201,0.06860,0.19055
1539,15390,-0.37708,-0.06439,0.92749,-0.37348,0.12195,0.24390
1540,15400,-0.37830,-0.06427,0.92542,-0.28963,0.22104,0.26677
1541,15410,-0.37689,-0.06232,0.92639,-0.33537,0.15244,0.25915
1542,15421,-0.37610,-0.06195,0.92841,-0.51067,0.22866,0.24390
1543,15430,-0.37592,-0.06415,0.92584,-0.42683,0.30488,0.26677
1544,15440,-0.37775,-0.06494,0.92731,-0.35061,0.32774,0.19817
1545,15450,-0.37836,-0.06323,0.92786,-0.35823,0.13720,0.25915
1546,15461,-0.37598,-0.06238,0.92828,-0.48780,0.01524,0.29726
1547,15470,-0.37604,-0.06262,0.92786,-0.45732,0.18293,0.31250
1548,15480,-0.37695,-0.06201,0.92719,-0.44207,0.27439,0.22866
1549,15490,-0.37781,-0.06354,0.92603,-0.45732,0.28201,0.22104
1550,15500,-0.37622,-0.06171,0.92828,-0.39634,0.30488,0.27439
1551,15510,-0.37659,-0.06354,0.92725,-0.24390,0.35061,0.22104
1552,15520,-0.37805,-0.06366,0.92804,-0.28201,0.36585,0.20579
1553,15530,-0.37799,-0.06268,0.92621,-0.51067,0.32012,0.18293
1554,15540,-0.37903,-0.06512,0.92560,-0.45732,0.27439,0.19817
1555,15550,-0.37909,-0.06256,0.92731,-0.35823,0.33537,0.17530
1556,15560,-0.37848,-0.06335,0.92603,-0.40396,0.30488,0.31250
1557,15570,-0.37939,-0.06238,0.92761,-0.43445,0.25152,0.26677
1558,15580,-0.37744,-0.06458,0.92499,-0.41921,0.25915,0.22104
1559,15591,-0.37616,-0.06238,0.92432,-0.41921,0.17530,0.25152
1560,15600,-0.37775,-0.06439,0.92865,-0.44207,0.25152,0.23628
1561,15610,-0.37726,-0.06439,0.92822,-0.46494,0.29726,0.25152
1562,15620,-0.37726,-0.06439,0.92822,-0.46494,0.29726,0.25152
1563,15631,-0.37677,-0.06390,0.92773,-0.42683,0.24390,0.16006
1564,15640,-0.37561,-0.06268,0.92664,-0.32774,0.22866,0.16768
1565,15650,-0.37561,-0.06268,0.92664,-0.32774,0.22866,0.16768
1566,15660,-0.37689,-0.06287,0.92657,-0.29726,0.25152,0.23628
1567,15671,-0.37659,-0.06335,0.92847,-0.45732,0.19055,0.19055
1568,15680,-0.37659,-0.06335,0.92847,-0.45732,0.19055,0.19055
1569,15690,-0.37823,-0.06293,0.92596,-0.46494,0.13720,0.26677
1570,15700,-0.37714,-0.06213,0.92816,-0.44207,0.13720,0.28963
1571,15711,-0.37665,-0.06226,0.92920,-0.38110,0.24390,0.12957
1572,15720,-0.37732,-0.06342,0.92688,-0.29726,0.22104,0.28201
1573,15730,-0.37842,-0.06268,0.92566,-0.25152,0.28201,0.29726
1574,15740,-0.37787,-0.06329,0.92749,-0.28963,0.22104,0.24390
1575,15750,-0.37830,-0.06403,0.92548,-0.35823,0.16768,0.25915
1576,15760,-0.37793,-0.06201,0.92639,-0.39634,0.15244,0.25915
1577,15770,-0.37799,-0.06140,0.92578,-0.40396,0.19817,0.18293
1578,15780,-0.37561,-0.06311,0.92883,-0.44207,0.22104,0.19817
1579,15790,-0.37683,-0.06256,0.92694,-0.41921,0.17530,0.30488
1580,15800,-0.37689,-0.06165,0.92474,-0.44207,0.25152,0.34299
1581,15810,-0.37738,-0.06183,0.92841,-0.42683,0.12195,0.27439
1582,15820,-0.37573,-0.06409,0.92853,-0.42683,0.17530,0.24390
1583,15830,-0.37683,-0.06482,0.92877,-0.45732,0.22104,0.22104
1584,15841,-0.37830,-0.06421,0.92993,-0.47256,0.19055,0.11433
1585,15850,-0.37720,-0.06372,0.92877,-0.47256,0.14482,0.22104
1586,15860,-0.37689,-0.06293,0.92957,-0.53354,0.23628,0.16006
1587,15870,-0.37787,-0.06238,0.92535,-0.49543,0.18293,0.28963
1588,15881,-0.37952,-0.06335,0.92645,-0.44970,0.30488,0.24390
1589,15890,-0.37909,-0.06348,0.92798,-0.54878,0.38110,0.21341
1590,15900,-0.37842,-0.06232,0.92670,-0.50305,0.36585,0.21341
1591,15910,-0.37891,-0.06342,0.92462,-0.41921,0.24390,0.24390
1592,15921,-0.37854,-0.06311,0.92633,-0.49543,0.19817,0.23628
1593,15930,-0.37616,-0.06305,0.92554,-0.48780,0.16768,0.28963
1594,15940,-0.37640,-0.06293,0.92773,-0.39634,0.19055,0.26677
1595,15950,-0.37872,-0.06335,0.92926,-0.31250,0.26677,0.30488
1596,15961,-0.37817,-0.06342,0.92572,-0.30488,0.28201,0.31250
1597,15970,-0.37610,-0.06158,0.92651,-0.37348,0.22866,0.22866
1598,15980,-0.37714,-0.06256,0.92822,-0.39634,0.23628,0.21341
1599,15990,-0.37866,-0.06500,0.92957,-0.42683,0.32012,0.14482
1600,16000,-0.37897,-0.06171,0.92676,-0.38872,0.35823,0.19055
1601,16010,-0.37903,-0.06451,0.92578,-0.38872,0.26677,0.31250
1602,16020,-0.37744,-0.06451,0.92682,-0.38872,0.16768,0.22104
1603,16030,-0.37585,-0.06378,0.92657,-0.38872,0.23628,0.21341
1604,16040,-0.37445,-0.06134,0.92847,-0.32774,0.21341,0.21341
1605,16050,-0.37543,-0.06354,0.92792,-0.48780,0.24390,0.20579
1606,16060,-0.37744,-0.06470,0.92877,-0.44970,0.25915,0.25915
1607,16070,-0.37793,-0.06506,0.92621,-0.40396,0.25915,0.22866
1608,16080,-0.37830,-0.06384,0.92639,-0.49543,0.24390,0.22104
1609,16091,-0.37708,-0.06232,0.92682,-0.48780,0.27439,0.16768
1610,16100,-0.37714,-0.06390,0.92853,-0.44970,0.29726,0.18293
1611,16110,-0.37610,-0.06348,0.92841,-0.40396,0.29726,0.25915
1612,16120,-0.37689,-0.06488,0.92511,-0.41921,0.27439,0.15244
1613,16131,-0.37561,-0.06250,0.92633,-0.32774,0.28963,0.22866
1614,16140,-0.37689,-0.06335,0.92957,-0.37348,0.38110,0.25152
1615,16150,-0.37750,-0.06348,0.92737,-0.46494,0.38110,0.22104
1616,16160,-0.37811,-0.06165,0.92792,-0.38872,0.26677,0.25152
1617,16171,-0.37781,-0.06268,0.92810,-0.44207,0.22866,0.29726
1618,16180,-0.37781,-0.06348,0.92950,-0.45732,0.24390,0.28963
1619,16190,-0.37695,-0.06396,0.92920,-0.45732,0.33537,0.21341
1620,16200,-0.37787,-0.06372,0.92804,-0.39634,0.31250,0.25152
1621,16211,-0.37592,-0.06427,0.92700,-0.28201,0.25152,0.17530
1622,16220,-0.37732,-0.06335,0.93005,-0.30488,0.22104,0.23628
1623,16230,-0.37793,-0.06616,0.92810,-0.45732,0.22866,0.16768
1624,16240,-0.37604,-0.06323,0.92731,-0.44207,0.22104,0.25152
1625,16250,-0.37598,-0.06085,0.92773,-0.44207,0.14482,0.26677
1626,16260,-0.37671,-0.06342,0.92706,-0.35061,0.25915,0.19055
1627,16270,-0.37579,-0.06256,0.92761,-0.21341,0.23628,0.22866
1628,16280,-0.37659,-0.06091,0.92725,-0.35061,0.26677,0.22866
1629,16290,-0.37762,-0.06122,0.92847,-0.45732,0.24390,0.17530
1630,16300,-0.37665,-0.06116,0.92969,-0.44207,0.22104,0.29726
1631,16310,-0.37677,-0.06250,0.92731,-0.32774,0.25152,0.22866
1632,16320,-0.37842,-0.06268,0.92792,-0.40396,0.26677,0.22866
1633,16330,-0.37592,-0.06213,0.92670,-0.53354,0.28963,0.22866
1634,16341,-0.37701,-0.06287,0.92566,-0.36585,0.23628,0.25152
1635,16350,-0.37726,-0.06384,0.92731,-0.33537,0.27439,0.21341
1636,16360,-0.37842,-0.06287,0.92584,-0.32774,0.27439,0.26677
1637,16370,-0.37885,-0.06323,0.92352,-0.39634,0.28201,0.28963
1638,16381,-0.37823,-0.06604,0.92761,-0.53354,0.19055,0.29726
1639,16390,-0.37714,-0.06390,0.92847,-0.39634,0.22104,0.30488
1640,16400,-0.37714,-0.06354,0.92712,-0.32774,0.21341,0.32012
1641,16410,-0.37671,-0.06335,0.92804,-0.46494,0.17530,0.31250
1642,16421,-0.37683,-0.06158,0.93030,-0.32012,0.23628,0.28201
1643,16430,-0.37561,-0.06512,0.93011,-0.32012,0.22104,0.21341
1644,16440,-0.37592,-0.06396,0.92639,-0.42683,0.22866,0.31250
1645,16450,-0.37842,-0.06213,0.92511,-0.48018,0.23628,0.24390
1646,16461,-0.37805,-0.06317,0.92633,-0.38872,0.25152,0.22866
1647,16470,-0.37701,-0.06122,0.92755,-0.29726,0.23628,0.28963
1648,16480,-0.37787,-0.06055,0.92841,-0.38872,0.18293,0.26677
1649,16490,-0.37817,-0.06360,0.92645,-0.48018,0.29726,0.26677
1650,16500,-0.37878,-0.06342,0.92798,-0.32774,0.23628,0.25152
1651,16510,-0.37817,-0.06128,0.92938,-0.48780,0.19817,0.16768
1652,16520,-0.37805,-0.06238,0.92755,-0.47256,0.25915,0.24390
1653,16530,-0.37592,-0.06213,0.92938,-0.39634,0.26677,0.25915
1654,16540,-0.37769,-0.06207,0.92969,-0.33537,0.25152,0.24390
1655,16550,-0.37769,-0.06250,0.92645,-0.35061,0.28201,0.23628
1656,16560,-0.37634,-0.06195,0.92578,-0.54116,0.24390,0.23628
1657,16570,-0.37646,-0.06250,0.92651,-0.48018,0.32774,0.28201
1658,16580,-0.37732,-0.06226,0.92700,-0.43445,0.32012,0.23628
1659,16591,-0.37878,-0.06366,0.92682,-0.47256,0.35061,0.22866
1660,16600,-0.37781,-0.06201,0.92743,-0.48780,0.31250,0.27439
1661,16610,-0.37726,-0.06390,0.92780,-0.35061,0.35823,0.25915
1662,16620,-0.37769,-0.06470,0.92731,-0.36585,0.34299,0.28201
1663,16631,-0.37750,-0.06335,0.92896,-0.41159,0.25915,0.22866
1664,16640,-0.37860,-0.06238,0.92786,-0.51829,0.19055,0.25152
1665,16650,-0.37665,-0.06079,0.92932,-0.57927,0.16768,0.20579
1666,16660,-0.37494,-0.06293,0.92682,-0.38110,0.12957,0.16006
1667,16671,-0.37451,-0.06195,0.92743,-0.39634,0.28963,0.15244
1668,16680,-0.37543,-0.06250,0.92529,-0.46494,0.28201,0.12195
1669,16690,-0.37787,-0.06268,0.92664,-0.42683,0.38110,0.19055
1670,16700,-0.37781,-0.06543,0.92926,-0.41159,0.36585,0.21341
1671,16711,-0.37701,-0.06305,0.92938,-0.36585,0.39634,0.21341
1672,16720,-0.37738,-0.06256,0.92621,-0.41159,0.32774,0.22866
1673,16730,-0.37561,-0.06567,0.92847,-0.39634,0.30488,0.24390
1674,16740,-0.37714,-0.06415,0.92902,-0.36585,0.28963,0.18293
1675,16750,-0.37714,-0.06311,0.92694,-0.24390,0.34299,0.15244
1676,16760,-0.37811,-0.06342,0.92603,-0.31250,0.30488,0.19817
1677,16770,-0.37665,-0.06262,0.92688,-0.44207,0.29726,0.23628
1678,16780,-0.37762,-0.06158,0.92767,-0.37348,0.28201,0.24390
1679,16790,-0.37695,-0.06061,0.92798,-0.43445,0.22866,0.23628
1680,16800,-0.37592,-0.06335,0.92871,-0.43445,0.21341,0.18293
1681,16810,-0.37842,-0.06342,0.92798,-0.41159,0.21341,0.18293
1682,16820,-0.37708,-0.06061,0.92725,-0.51067,0.15244,0.28963
1683,16830,-0.37738,-0.06256,0.92688,-0.52591,0.09146,0.20579
1684,16841,-0.37683,-0.06256,0.92767,-0.32012,0.14482,0.22104
1685,16850,-0.37622,-0.06317,0.92853,-0.37348,0.19055,0.25152
1686,16860,-0.37714,-0.06372,0.92853,-0.41921,0.21341,0.26677
1687,16870,-0.37567,-0.06415,0.92590,-0.49543,0.22866,0.30488
1688,16881,-0.37677,-0.06281,0.92847,-0.42683,0.17530,0.25152
1689,16890,-0.37738,-0.06268,0.92749,-0.38110,0.11433,0.19055
1690,16900,-0.37573,-0.06256,0.92798,-0.44970,0.15244,0.22104
1691,16910,-0.37469,-0.06201,0.92822,-0.41921,0.12957,0.35823
1692,16921,-0.37604,-0.06281,0.92645,-0.35823,0.18293,0.25152
1693,16930,-0.37842,-0.06348,0.92670,-0.46494,0.18293,0.20579
1694,16940,-0.37769,-0.06372,0.92914,-0.47256,0.15244,0.14482
1695,16950,-0.37683,-0.06207,0.92633,-0.44207,0.11433,0.22866
1696,16961,-0.37598,-0.06329,0.92688,-0.41921,0.14482,0.24390
1697,16970,-0.37634,-0.06323,0.92712,-0.51829,0.14482,0.19817
1698,16980,-0.37549,-0.06445,0.92865,-0.36585,0.18293,0.26677
1699,16990,-0.37549,-0.06445,0.92865,-0.36585,0.18293,0.26677
1700,17000,-0.37598,-0.06238,0.92822,-0.29726,0.21341,0.28963
1701,17010,-0.37531,-0.06293,0.92828,-0.25152,0.32012,0.22866
1702,17020,-0.37531,-0.06293,0.92828,-0.25152,0.32012,0.22866
1703,17030,-0.37622,-0.06427,0.92682,-0.35823,0.33537,0.25152
1704,17040,-0.37714,-0.06445,0.92834,-0.28201,0.30488,0.27439
1705,17050,-0.37561,-0.06372,0.92841,-0.28201,0.32774,0.16768
1706,17060,-0.37585,-0.06262,0.92731,-0.36585,0.38872,0.20579
1707,17070,-0.37640,-0.06287,0.92725,-0.44207,0.35823,0.25915
1708,17080,-0.37573,-0.06415,0.92761,-0.41159,0.38872,0.27439
1709,17091,-0.37720,-0.06189,0.92731,-0.40396,0.38110,0.22104
1710,17100,-0.37817,-0.06274,0.92712,-0.38110,0.28963,0.21341
1711,17110,-0.37958,-0.06464,0.92554,-0.46494,0.28201,0.20579
1712,17120,-0.37537,-0.06329,0.92749,-0.44970,0.26677,0.22104
1713,17131,-0.37659,-0.06140,0.92841,-0.49543,0.27439,0.19055
1714,17140,-0.37762,-0.06323,0.92932,-0.49543,0.20579,0.22104
1715,17150,-0.37732,-0.06256,0.92749,-0.40396,0.13720,0.21341
1716,17160,-0.37640,-0.06207,0.92749,-0.50305,0.17530,0.19817
1717,17171,-0.37689,-0.06293,0.93018,-0.41921,0.21341,0.20579
1718,17180,-0.37677,-0.06238,0.92584,-0.43445,0.18293,0.22104
1719,17190,-0.37750,-0.06323,0.92407,-0.41159,0.10671,0.16006
1720,17200,-0.37744,-0.06226,0.92737,-0.53354,0.19817,0.25152
1721,17211,-0.37665,-0.06158,0.92987,-0.59451,0.17530,0.25152
1722,17220,-0.37811,-0.06146,0.92816,-0.46494,0.12195,0.22104
1723,17230,-0.37616,-0.06238,0.92621,-0.38872,0.17530,0.19055
1724,17240,-0.37439,-0.06299,0.93018,-0.42683,0.23628,0.19817
1725,17250,-0.37701,-0.06189,0.92743,-0.28201,0.42683,0.26677
1726,17260,-0.37439,-0.06317,0.92609,-0.40396,0.40396,0.22866
1727,17270,-0.37585,-0.06250,0.92767,-0.49543,0.44970,0.12195
1728,17280,-0.37683,-0.06323,0.92987,-0.34299,0.45732,0.19055
1729,17290,-0.37708,-0.06311,0.92761,-0.35061,0.41921,0.17530
1730,17300,-0.37878,-0.06293,0.92584,-0.47256,0.46494,0.12957
1731,17310,-0.37628,-0.06262,0.92328,-0.23628,0.45732,0.28201
1732,17320,-0.37793,-0.06390,0.92566,-0.35061,0.32774,0.35061
1733,17330,-0.37909,-0.06329,0.92828,-0.50305,0.16768,0.25915
1734,17341,-0.37970,-0.06287,0.92535,-0.37348,0.16006,0.26677
1735,17350,-0.37799,-0.06195,0.92688,-0.44970,0.12195,0.22866
1736,17360,-0.37616,-0.06342,0.92877,-0.39634,0.11433,0.19817
1737,17370,-0.37384,-0.06042,0.92712,-0.28963,0.09909,0.26677
1738,17381,-0.37506,-0.06036,0.92657,-0.26677,0.19055,0.24390
1739,17390,-0.37646,-0.06256,0.92560,-0.46494,0.21341,0.16768
1740,17400,-0.37677,-0.06372,0.92761,-0.40396,0.22866,0.20579
1741,17410,-0.37555,-0.06201,0.92590,-0.39634,0.29726,0.26677
1742,17421,-0.37372,-0.06183,0.92725,-0.32774,0.33537,0.22866
1743,17430,-0.37762,-0.06305,0.92822,-0.26677,0.47256,0.21341
1744,17440,-0.37769,-0.06287,0.92633,-0.23628,0.31250,0.19055
1745,17450,-0.37756,-0.06281,0.92810,-0.28201,0.25915,0.17530
1746,17461,-0.37781,-0.06219,0.92749,-0.28963,0.34299,0.24390
1747,17470,-0.37872,-0.06256,0.92487,-0.38872,0.26677,0.29726
1748,17480,-0.37775,-0.06354,0.92651,-0.41921,0.17530,0.20579
1749,17490,-0.37714,-0.06201,0.92877,-0.50305,0.22866,0.23628
1750,17500,-0.37793,-0.06183,0.92566,-0.42683,0.21341,0.28201
1751,17510,-0.37634,-0.06116,0.92517,-0.45732,0.28201,0.22866
1752,17520,-0.37653,-0.06177,0.92822,-0.53354,0.31250,0.25152
1753,17530,-0.37836,-0.06342,0.92664,-0.41159,0.31250,0.25915
1754,17540,-0.37866,-0.06354,0.92725,-0.57165,0.30488,0.18293
1755,17550,-0.37732,-0.06281,0.92792,-0.33537,0.23628,0.11433
1756,17560,-0.37817,-0.06329,0.92975,-0.37348,0.20579,0.12195
1757,17570,-0.37646,-0.06293,0.92737,-0.49543,0.34299,0.13720
1758,17580,-0.37823,-0.06335,0.92578,-0.38110,0.29726,0.16768
1759,17591,-0.37744,-0.06335,0.92462,-0.32774,0.31250,0.26677
1760,17600,-0.37830,-0.06366,0.92700,-0.41921,0.35061,0.27439
1761,17610,-0.37775,-0.06427,0.92743,-0.44970,0.21341,0.27439
1762,17620,-0.37756,-0.06360,0.92719,-0.40396,0.25915,0.25152
1763,17631,-0.37781,-0.06329,0.92877,-0.34299,0.24390,0.32012
1764,17640,-0.37842,-0.06372,0.92828,-0.32012,0.22104,0.28963
1765,17650,-0.37787,-0.06171,0.92767,-0.35061,0.25915,0.26677
1766,17660,-0.37689,-0.06165,0.92706,-0.38872,0.20579,0.26677
1767,17671,-0.37579,-0.06317,0.92737,-0.45732,0.13720,0.30488
1768,17680,-0.37555,-0.06458,0.92725,-0.48018,0.09146,0.25915
1769,17690,-0.37634,-0.06165,0.92841,-0.42683,0.11433,0.16768
1770,17700,-0.37830,-0.06189,0.92773,-0.38872,0.12957,0.26677
1771,17711,-0.37598,-0.06165,0.92755,-0.27439,0.12957,0.36585
1772,17720,-0.37891,-0.06250,0.92505,-0.30488,0.24390,0.17530
1773,17730,-0.37714,-0.06445,0.92847,-0.37348,0.25152,0.19817
1774,17740,-0.37567,-0.06226,0.92816,-0.32012,0.30488,0.35061
1775,17750,-0.37573,-0.06177,0.92889,-0.28201,0.28963,0.36585
1776,17760,-0.37640,-0.06281,0.92798,-0.32774,0.29726,0.25915
1777,17770,-0.37714,-0.06311,0.92847,-0.33537,0.36585,0.36585
1778,17780,-0.37598,-0.06409,0.92694,-0.37348,0.24390,0.28963
1779,17790,-0.37878,-0.06335,0.92578,-0.30488,0.19055,0.25915
1780,17800,-0.37628,-0.06201,0.92767,-0.39634,0.22866,0.28963
1781,17810,-0.37708,-0.06226,0.92743,-0.44970,0.25152,0.14482
1782,17820,-0.37708,-0.06317,0.92603,-0.34299,0.20579,0.18293
1783,17830,-0.37915,-0.06024,0.92676,-0.28963,0.14482,0.32012
1784,17841,-0.37744,-0.06238,0.92792,-0.44970,0.18293,0.25915
1785,17850,-0.37775,-0.06403,0.92712,-0.49543,0.16006,0.25915
1786,17860,-0.37689,-0.06348,0.92664,-0.35061,0.09909,0.28201
1787,17870,-0.37708,-0.06134,0.92719,-0.36585,0.11433,0.26677
1788,17881,-0.37622,-0.06311,0.92688,-0.41159,0.14482,0.28963
1789,17890,-0.37708,-0.06360,0.92816,-0.42683,0.19055,0.26677
1790,17900,-0.37958,-0.06512,0.92529,-0.44970,0.16006,0.19817
1791,17910,-0.37531,-0.06354,0.92291,-0.39634,0.15244,0.29726
1792,17921,-0.37665,-0.06366,0.92737,-0.45732,0.22104,0.19817
1793,17930,-0.37585,-0.06195,0.92694,-0.39634,0.20579,0.28201
1794,17940,-0.37793,-0.06146,0.92450,-0.50305,0.12195,0.25915
1795,17950,-0.37610,-0.06226,0.92847,-0.49543,0.16768,0.23628
1796,17961,-0.37854,-0.06183,0.92651,-0.35823,0.24390,0.20579
1797,17970,-0.37744,-0.06256,0.92749,-0.39634,0.19817,0.22104
1798,17980,-0.37640,-0.06268,0.92810,-0.46494,0.17530,0.18293
1799,17990,-0.37793,-0.06390,0.92932,-0.35061,0.31250,0.22866
1800,18000,-0.37708,-0.06177,0.92572,-0.35823,0.30488,0.22866
1801,18010,-0.37646,-0.06378,0.92529,-0.40396,0.22104,0.20579
1802,18020,-0.37439,-0.06213,0.92688,-0.35061,0.29726,0.23628
1803,18030,-0.37506,-0.06110,0.92725,-0.36585,0.22866,0.21341
1804,18040,-0.37653,-0.06213,0.92816,-0.50305,0.21341,0.25915
1805,18050,-0.37909,-0.06287,0.92621,-0.49543,0.22866,0.24390
1806,18060,-0.37671,-0.06329,0.92572,-0.44207,0.21341,0.29726
1807,18070,-0.37469,-0.06201,0.92883,-0.35061,0.14482,0.32012
1808,18080,-0.37628,-0.06146,0.92914,-0.38872,0.14482,0.28963
1809,18091,-0.37592,-0.06299,0.92786,-0.36585,0.22866,0.15244
1810,18100,-0.37653,-0.06207,0.92682,-0.44970,0.22104,0.19055
1811,18110,-0.37610,-0.06317,0.92670,-0.37348,0.20579,0.31250
1812,18120,-0.37720,-0.06366,0.92731,-0.33537,0.17530,0.27439
1813,18131,-0.37622,-0.06110,0.92798,-0.44970,0.35823,0.20579
1814,18140,-0.37689,-0.06085,0.92651,-0.36585,0.44207,0.21341
1815,18150,-0.37592,-0.06366,0.92883,-0.24390,0.46494,0.28201
1816,18160,-0.37689,-0.06183,0.92529,-0.37348,0.46494,0.23628
1817,18171,-0.37543,-0.06262,0.92853,-0.38872,0.43445,0.16006
1818,18180,-0.37543,-0.06311,0.92920,-0.34299,0.37348,0.30488
1819,18190,-0.37701,-0.06189,0.92834,-0.28201,0.38110,0.28963
1820,18200,-0.37805,-0.06183,0.92889,-0.32774,0.37348,0.24390
1821,18211,-0.37744,-0.06207,0.92706,-0.52591,0.34299,0.32012
1822,18220,-0.37756,-0.06201,0.92773,-0.45732,0.32012,0.24390
1823,18230,-0.37555,-0.06445,0.92639,-0.38872,0.31250,0.21341
1824,18240,-0.37695,-0.06323,0.92493,-0.45732,0.33537,0.25915
1825,18250,-0.37659,-0.06165,0.92792,-0.44207,0.35061,0.21341
1826,18260,-0.37695,-0.06482,0.92743,-0.51829,0.29726,0.21341
1827,18270,-0.37720,-0.06311,0.92645,-0.28963,0.41159,0.16006
1828,18280,-0.37799,-0.06244,0.92584,-0.34299,0.35061,0.19817
1829,18290,-0.37799,-0.06244,0.92584,-0.34299,0.35061,0.19817
1830,18300,-0.37543,-0.06219,0.92511,-0.41921,0.34299,0.17530
1831,18310,-0.37848,-0.06091,0.92743,-0.34299,0.28201,0.24390
1832,18320,-0.37848,-0.06091,0.92743,-0.34299,0.28201,0.24390
1833,18330,-0.37628,-0.06238,0.92664,-0.43445,0.29726,0.17530
1834,18341,-0.37671,-0.06366,0.92535,-0.51829,0.38872,0.16006
1835,18350,-0.37756,-0.06396,0.92865,-0.39634,0.28963,0.24390
1836,18360,-0.37756,-0.06396,0.92865,-0.39634,0.28963,0.24390
1837,18370,-0.37579,-0.06183,0.92664,-0.47256,0.26677,0.28201
1838,18381,-0.37781,-0.06494,0.92621,-0.45732,0.16006,0.16006
1839,18390,-0.37781,-0.06494,0.92621,-0.45732,0.16006,0.16006
1840,18400,-0.37585,-0.06158,0.92749,-0.45732,0.24390,0.22866
1841,18410,-0.37762,-0.06183,0.92542,-0.50305,0.42683,0.20579
1842,18421,-0.37811,-0.06274,0.92535,-0.48018,0.33537,0.13720
1843,18430,-0.37646,-0.06171,0.92743,-0.31250,0.32012,0.22866
1844,18440,-0.37781,-0.06213,0.92969,-0.38872,0.36585,0.17530
1845,18450,-0.37769,-0.06384,0.92969,-0.46494,0.32012,0.12195
1846,18461,-0.37677,-0.06183,0.92584,-0.35061,0.22104,0.24390
1847,18470,-0.37482,-0.06189,0.92560,-0.41159,0.28201,0.27439
1848,18480,-0.37817,-0.06183,0.92694,-0.37348,0.28963,0.22866
1849,18490,-0.37708,-0.06201,0.92908,-0.54116,0.25915,0.19817
1850,18500,-0.37653,-0.06342,0.92743,-0.34299,0.28963,0.16768
1851,18510,-0.37622,-0.06274,0.92664,-0.32774,0.30488,0.19817
1852,18520,-0.37592,-0.06213,0.92755,-0.44207,0.26677,0.25152
1853,18530,-0.37646,-0.06177,0.92859,-0.41921,0.23628,0.29726
1854,18540,-0.37573,-0.06073,0.92792,-0.32012,0.25152,0.25915
1855,18550,-0.37915,-0.06158,0.92670,-0.44970,0.31250,0.18293
1856,18560,-0.37720,-0.06238,0.92688,-0.45732,0.30488,0.27439
1857,18570,-0.37823,-0.06177,0.92389,-0.37348,0.29726,0.23628
1858,18580,-0.37585,-0.06213,0.92548,-0.30488,0.27439,0.24390
1859,18591,-0.37683,-0.06335,0.92706,-0.39634,0.38872,0.20579
1860,18600,-0.37592,-0.06287,0.92822,-0.38872,0.28201,0.25915
1861,18610,-0.37823,-0.06232,0.92834,-0.46494,0.26677,0.25152
1862,18620,-0.37970,-0.06238,0.92352,-0.44207,0.23628,0.29726
1863,18631,-0.37799,-0.06134,0.92487,-0.40396,0.19817,0.27439
1864,18640,-0.37854,-0.06342,0.92810,-0.32774,0.21341,0.26677
1865,18650,-0.37775,-0.06287,0.92627,-0.20579,0.17530,0.35823
1866,18660,-0.37921,-0.06146,0.92572,-0.25152,0.18293,0.27439
1867,18671,-0.37610,-0.06274,0.92847,-0.25152,0.23628,0.23628
1868,18680,-0.37866,-0.06317,0.92688,-0.40396,0.20579,0.24390
1869,18690,-0.37811,-0.06329,0.92657,-0.40396,0.27439,0.26677
1870,18700,-0.37720,-0.06274,0.92743,-0.41159,0.25152,0.24390
1871,18711,-0.37842,-0.06390,0.92920,-0.31250,0.14482,0.25152
1872,18720,-0.37787,-0.06427,0.93011,-0.35823,0.18293,0.23628
1873,18730,-0.37854,-0.06262,0.92841,-0.35061,0.24390,0.18293
1874,18740,-0.37769,-0.06189,0.92859,-0.32774,0.16768,0.16768
1875,18750,-0.37860,-0.06323,0.92761,-0.39634,0.19055,0.22866
1876,18760,-0.37634,-0.06421,0.92572,-0.39634,0.28963,0.22866
1877,18770,-0.37622,-0.06403,0.92401,-0.39634,0.32012,0.18293
1878,18780,-0.37683,-0.06415,0.92712,-0.45732,0.41921,0.22104
1879,18790,-0.37640,-0.06189,0.92615,-0.38872,0.38872,0.25152
1880,18800,-0.37415,-0.06354,0.93085,-0.41159,0.29726,0.19817
1881,18810,-0.37683,-0.06171,0.92902,-0.39634,0.36585,0.27439
1882,18820,-0.37738,-0.06238,0.92615,-0.23628,0.29726,0.27439
1883,18830,-0.37915,-0.06403,0.92853,-0.36585,0.30488,0.19055
1884,18841,-0.37793,-0.06256,0.92816,-0.63262,0.30488,0.22104
1885,18850,-0.37659,-0.06219,0.92688,-0.42683,0.31250,0.28963
1886,18860,-0.37701,-0.06152,0.92780,-0.38872,0.22104,0.19055
1887,18870,-0.37720,-0.06305,0.92786,-0.48780,0.10671,0.21341
1888,18881,-0.37744,-0.06219,0.92950,-0.48780,0.22104,0.27439
1889,18890,-0.37830,-0.06201,0.92609,-0.41159,0.25152,0.19817
1890,18900,-0.37518,-0.06366,0.92664,-0.32774,0.25915,0.14482
1891,18910,-0.37775,-0.06488,0.92535,-0.40396,0.20579,0.24390
1892,18921,-0.37720,-0.06311,0.92395,-0.44207,0.16768,0.28201
1893,18930,-0.37946,-0.06165,0.93011,-0.53354,0.21341,0.25152
1894,18940,-0.38000,-0.06097,0.92889,-0.46494,0.25915,0.31250
1895,18950,-0.37708,-0.06348,0.92590,-0.53354,0.14482,0.19817
1896,18961,-0.37622,-0.06299,0.92682,-0.51067,0.09146,0.22104
1897,18970,-0.37720,-0.06262,0.92725,-0.44970,0.10671,0.28201
1898,18980,-0.37762,-0.06238,0.92798,-0.38110,0.15244,0.29726
1899,18990,-0.37671,-0.06238,0.92712,-0.46494,0.10671,0.28963
1900,19000,-0.37714,-0.06287,0.92810,-0.46494,0.15244,0.12195
1901,19010,-0.37872,-0.06299,0.92773,-0.42683,0.15244,0.18293
1902,19020,-0.37708,-0.06342,0.92743,-0.48780,0.09146,0.23628
1903,19030,-0.37756,-0.06055,0.92670,-0.44970,0.10671,0.24390
1904,19040,-0.37805,-0.06165,0.92780,-0.47256,0.18293,0.30488
1905,19050,-0.37610,-0.06396,0.92694,-0.48018,0.19055,0.32774
1906,19060,-0.37677,-0.06470,0.92474,-0.37348,0.19817,0.28963
1907,19070,-0.37878,-0.06470,0.92871,-0.48780,0.16006,0.25915
1908,19080,-0.37714,-0.06244,0.92816,-0.38110,0.09909,0.25152
1909,19091,-0.37488,-0.06134,0.92694,-0.44970,0.15244,0.28201
1910,19100,-0.37750,-0.05939,0.92755,-0.57165,0.18293,0.22104
1911,19110,-0.37634,-0.06268,0.92621,-0.44207,0.09146,0.19817
1912,19120,-0.37488,-0.06213,0.92853,-0.42683,0.00000,0.15244
1913,19131,-0.37567,-0.06305,0.92505,-0.57165,0.10671,0.24390
1914,19140,-0.37640,-0.06366,0.92749,-0.48018,0.28201,0.25152
1915,19150,-0.37805,-0.06158,0.92999,-0.44970,0.32012,0.23628
1916,19160,-0.37921,-0.06256,0.92822,-0.40396,0.25915,0.15244
1917,19171,-0.37762,-0.06372,0.92902,-0.38110,0.22866,0.16006
1918,19180,-0.37860,-0.06384,0.92694,-0.43445,0.23628,0.17530
1919,19190,-0.37750,-0.06287,0.92426,-0.53354,0.12957,0.18293
1920,19200,-0.37817,-0.06232,0.92944,-0.38110,0.19055,0.21341
1921,19211,-0.37720,-0.06342,0.93103,-0.42683,0.30488,0.24390
1922,19220,-0.37799,-0.06158,0.92914,-0.37348,0.38110,0.16768
1923,19230,-0.37610,-0.06122,0.92700,-0.47256,0.31250,0.25152
1924,19240,-0.37701,-0.06201,0.92761,-0.39634,0.27439,0.25915
1925,19250,-0.37817,-0.06189,0.92773,-0.48018,0.33537,0.24390
1926,19260,-0.37659,-0.06146,0.92700,-0.38872,0.34299,0.31250
1927,19270,-0.37543,-0.06354,0.92700,-0.36585,0.27439,0.22866
1928,19280,-0.37659,-0.06348,0.92627,-0.35061,0.26677,0.30488
1929,19290,-0.37567,-0.06116,0.92535,-0.31250,0.28963,0.22866
1930,19300,-0.37720,-0.06122,0.92493,-0.30488,0.24390,0.16006
1931,19310,-0.37750,-0.06207,0.92743,-0.34299,0.25915,0.15244
1932,19320,-0.37708,-0.06464,0.92847,-0.31250,0.24390,0.27439
1933,19330,-0.37787,-0.06250,0.92627,-0.43445,0.16768,0.28963
1934,19341,-0.37799,-0.06305,0.92523,-0.44207,0.21341,0.24390
1935,19350,-0.37854,-0.06427,0.92743,-0.35823,0.19817,0.30488
1936,19360,-0.37799,-0.06274,0.92657,-0.45732,0.17530,0.28201
1937,19370,-0.37573,-0.06238,0.92749,-0.41921,0.19817,0.29726
1938,19381,-0.37915,-0.06366,0.92957,-0.44970,0.31250,0.27439
1939,19390,-0.37653,-0.06342,0.92749,-0.48018,0.25152,0.27439
1940,19400,-0.37683,-0.06445,0.92664,-0.41159,0.25152,0.23628
1941,19410,-0.37634,-0.06342,0.92731,-0.41921,0.34299,0.21341
1942,19421,-0.37701,-0.06244,0.92773,-0.45732,0.32012,0.19055
1943,19430,-0.37744,-0.06244,0.92749,-0.43445,0.21341,0.22866
1944,19440,-0.37683,-0.06323,0.92706,-0.40396,0.18293,0.27439
1945,19450,-0.37573,-0.06226,0.92529,-0.34299,0.24390,0.25152
1946,19461,-0.37756,-0.06281,0.92676,-0.39634,0.23628,0.22866
1947,19470,-0.37726,-0.06311,0.92621,-0.44207,0.28963,0.32774
1948,19480,-0.37653,-0.06171,0.92883,-0.45732,0.22866,0.32774
1949,19490,-0.37616,-0.06201,0.92719,-0.46494,0.29726,0.28201
1950,19500,-0.37695,-0.06268,0.92981,-0.41921,0.21341,0.30488
1951,19510,-0.37543,-0.06451,0.93011,-0.26677,0.10671,0.28963
1952,19520,-0.37683,-0.06323,0.92847,-0.33537,0.15244,0.22104
1953,19530,-0.37799,-0.06171,0.92865,-0.35061,0.19817,0.25152
1954,19540,-0.37726,-0.06122,0.92590,-0.39634,0.25152,0.27439
1955,19550,-0.37793,-0.06183,0.92700,-0.41159,0.26677,0.19055
1956,19560,-0.37872,-0.06329,0.92853,-0.32012,0.22866,0.15244
1957,19570,-0.37744,-0.06201,0.92749,-0.29726,0.34299,0.24390
1958,19580,-0.37640,-0.06158,0.92694,-0.32774,0.35823,0.24390
1959,19591,-0.37543,-0.06152,0.92657,-0.47256,0.37348,0.24390
1960,19600,-0.37781,-0.06323,0.92456,-0.44970,0.30488,0.27439
1961,19610,-0.37854,-0.06256,0.92688,-0.40396,0.29726,0.25915
1962,19620,-0.37677,-0.06268,0.92621,-0.41159,0.33537,0.16768
1963,19631,-0.37903,-0.06207,0.92621,-0.40396,0.27439,0.20579
1964,19640,-0.37561,-0.06183,0.92725,-0.32774,0.22866,0.17530
1965,19650,-0.37549,-0.06042,0.92755,-0.32774,0.30488,0.21341
1966,19660,-0.37549,-0.06042,0.92755,-0.32774,0.30488,0.21341
1967,19671,-0.37616,-0.06207,0.92633,-0.44970,0.28963,0.22866
1968,19680,-0.37781,-0.06299,0.92529,-0.37348,0.28963,0.24390
1969,19690,-0.37781,-0.06299,0.92529,-0.37348,0.28963,0.24390
1970,19700,-0.37622,-0.06201,0.92773,-0.36585,0.26677,0.20579
1971,19711,-0.37677,-0.06152,0.92749,-0.40396,0.32774,0.16006
1972,19720,-0.37677,-0.06152,0.92749,-0.40396,0.32774,0.16006
1973,19730,-0.37646,-0.06158,0.92804,-0.37348,0.28201,0.11433
1974,19740,-0.37787,-0.06238,0.92896,-0.30488,0.27439,0.16768
1975,19750,-0.37927,-0.06256,0.92670,-0.44970,0.39634,0.24390
1976,19760,-0.37708,-0.06110,0.92645,-0.37348,0.37348,0.18293
1977,19770,-0.37805,-0.06390,0.92609,-0.44207,0.27439,0.25152
1978,19780,-0.37762,-0.06433,0.92725,-0.43445,0.19055,0.27439
1979,19790,-0.37756,-0.06299,0.92535,-0.51829,0.23628,0.20579
1980,19800,-0.37646,-0.06268,0.92792,-0.41921,0.30488,0.16768
1981,19810,-0.37640,-0.06360,0.92657,-0.52591,0.23628,0.22866
1982,19820,-0.37518,-0.06219,0.92548,-0.41159,0.21341,0.30488
1983,19830,-0.37775,-0.06079,0.92578,-0.50305,0.16006,0.20579
1984,19841,-0.37823,-0.06256,0.92865,-0.43445,0.08384,0.19817
1985,19850,-0.37573,-0.06348,0.92938,-0.46494,0.16006,0.23628
1986,19860,-0.37952,-0.06232,0.92682,-0.54116,0.16768,0.29726
1987,19870,-0.37787,-0.06268,0.92621,-0.51067,0.28963,0.24390
1988,19881,-0.38080,-0.06250,0.92749,-0.47256,0.31250,0.25152
1989,19890,-0.37909,-0.06415,0.92719,-0.39634,0.25152,0.18293
1990,19900,-0.37750,-0.06219,0.92773,-0.41159,0.15244,0.18293
1991,19910,-0.37781,-0.06152,0.92847,-0.54116,0.18293,0.24390
1992,19921,-0.37756,-0.06122,0.92804,-0.57165,0.28963,0.22104
1993,19930,-0.37799,-0.06146,0.92767,-0.54116,0.23628,0.20579
1994,19940,-0.37610,-0.06281,0.92987,-0.51067,0.20579,0.20579
1995,19950,-0.37848,-0.06470,0.92719,-0.32012,0.32012,0.22866
1996,19961,-0.37653,-0.06488,0.92798,-0.41921,0.24390,0.25152
1997,19970,-0.37500,-0.06201,0.92694,-0.51067,0.12957,0.31250
1998,19980,-0.37665,-0.06006,0.92529,-0.38872,0.14482,0.22104
1999,19990,-0.37714,-0.06427,0.92761,-0.46494,0.16768,0.22866
2000,20000,-0.37665,-0.06366,0.92755,-0.40396,0.25915,0.16768
2001,20010,-0.37701,-0.06165,0.92920,-0.39634,0.28963,0.25152
2002,20020,-0.37646,-0.06238,0.92761,-0.50305,0.28201,0.36585
2003,20030,-0.37762,-0.06171,0.92963,-0.38872,0.27439,0.29726
