seq,t_ms,ax_g,ay_g,az_g,gx_dps,gy_dps,gz_dps,ax_raw_g,ay_raw_g,az_raw_g,gx_raw_dps,gy_raw_dps,gz_raw_dps
0,1,-0.4149148740249859,0.020086035291861145,0.9018843350866649,0.054572045813586045,2.896842814639284,-0.5192051079515534,-0.38623,-0.07715,0.90234,-0.36585,3.10976,-0.2439
1,6,-0.4139315185790675,0.017631973197182255,0.9014099755214,0.054572045813586045,3.018792814639284,-0.5801851079515534,-0.38525,-0.07959,0.90186,-0.36585,3.23171,-0.30488
2,11,-0.4232432925975594,0.014685087157260473,0.9023685771428728,-0.006407954186413933,3.3236728146392838,-0.7631051079515534,-0.39453,-0.08252,0.90283,-0.42683,3.53659,-0.4878
3,16,-0.4149148740249859,0.020086035291861145,0.9052641469891772,-0.250307954186414,3.3236728146392838,-0.9460351079515534,-0.38623,-0.07715,0.90576,-0.67073,3.53659,-0.67073
4,21,-0.41442319630202673,0.017631973197182255,0.9057483890453851,-0.128357954186414,3.5675728146392838,-0.8850651079515535,-0.38574,-0.07959,0.90625,-0.54878,3.78049,-0.60976
5,26,-0.41736322840053763,0.014685087157260473,0.9071912327230659,-0.06737795418641396,3.628542814639284,-0.9460351079515534,-0.38867,-0.08252,0.90771,-0.4878,3.84146,-0.67073
6,31,-0.4168715506775785,0.01369943926677468,0.9033370612552886,-0.06737795418641396,3.750492814639284,-0.8850651079515535,-0.38818,-0.0835,0.90381,-0.4878,3.96341,-0.60976
7,36,-0.4168715506775785,0.01567073504774625,0.9033370612552886,-0.128357954186414,3.9334228146392842,-0.8850651079515535,-0.38818,-0.08154,0.90381,-0.54878,4.14634,-0.60976
8,40,-0.41736322840053763,0.016646325306696463,0.9076754747792738,-0.128357954186414,4.116352814639284,-1.0070151079515535,-0.38867,-0.08057,0.9082,-0.54878,4.32927,-0.73171
9,46,-0.41344987509535247,0.016163558992989147,0.9043055453677044,-0.006407954186413933,4.421232814639284,-1.1289651079515535,-0.38477,-0.08105,0.90479,-0.42683,4.63415,-0.85366
10,51,-0.4193199050531302,0.018617621087668033,0.9057483890453851,-0.128357954186414,4.604152814639284,-1.2509151079515535,-0.39062,-0.07861,0.90625,-0.54878,4.81707,-0.97561
11,56,-0.41442319630202673,0.016646325306696463,0.906232631101593,-0.128357954186414,4.787082814639284,-1.2509151079515535,-0.38574,-0.08057,0.90674,-0.54878,5.0,-0.97561
12,61,-0.41442319630202673,0.01812479714242514,0.9038213033114965,-0.250307954186414,4.787082814639284,-1.1899351079515534,-0.38574,-0.0791,0.9043,-0.67073,5.0,-0.91463
13,66,-0.4158982294709042,0.014192263212017577,0.9014099755214,-0.18933795418641391,5.213912814639284,-1.2509151079515535,-0.38721,-0.08301,0.90186,-0.60976,5.42683,-0.97561
14,71,-0.4149148740249859,0.01173820111733869,0.9071912327230659,-0.06737795418641396,5.6407428146392835,-1.3728651079515535,-0.38623,-0.08545,0.90771,-0.4878,5.85366,-1.09756
15,76,-0.4139315185790675,0.021071683182346923,0.9028528191990807,-0.18933795418641391,6.067572814639284,-1.4948151079515535,-0.38525,-0.07617,0.90332,-0.60976,6.28049,-1.21951
16,81,-0.4158982294709042,0.00829849113217401,0.906232631101593,-0.250307954186414,6.494402814639284,-1.2509151079515535,-0.38721,-0.08887,0.90674,-0.67073,6.70732,-0.97561
17,86,-0.41883826156941506,0.002897542997573338,0.9076754747792738,-0.6161679541864138,7.043182814639284,-1.0070151079515535,-0.39014,-0.09424,0.9082,-1.03659,7.2561,-0.73171
18,91,-0.41834658384645595,0.01026978691314558,0.9047799049329693,-0.799087954186414,7.470012814639284,-1.0679851079515534,-0.38965,-0.08691,0.90527,-1.21951,7.68293,-0.79268
19,96,-0.41834658384645595,0.011245377172095793,0.9018843350866649,-0.799087954186414,8.079762814639285,-0.8850651079515535,-0.38965,-0.08594,0.90234,-1.21951,8.29268,-0.60976
20,101,-0.41540655174794505,0.0058444290374951215,0.9023685771428728,-0.4332379541864139,8.445622814639284,-0.7021351079515534,-0.38672,-0.09131,0.90283,-0.85366,8.65854,-0.42683
21,106,-0.4139315185790675,0.0073229008732237965,0.9071912327230659,-0.250307954186414,9.116352814639283,-0.5801851079515534,-0.38525,-0.08984,0.90771,-0.67073,9.32927,-0.30488
22,111,-0.4163899071938634,0.012231025062581585,0.9057483890453851,-0.555187954186414,9.970012814639285,-0.5801851079515534,-0.3877,-0.08496,0.90625,-0.97561,10.18293,-0.30488
23,116,-0.4139315185790675,0.012723849007824467,0.9096124430041054,-0.494207954186414,11.006592814639284,-0.5801851079515534,-0.38525,-0.08447,0.91016,-0.91463,11.21951,-0.30488
24,121,-0.40707813317537145,0.013216672953067363,0.9091282009478975,-0.4332379541864139,11.921232814639284,-0.6411551079515534,-0.37842,-0.08398,0.90967,-0.85366,12.13415,-0.36585
25,125,-0.4095264875509232,0.01567073504774625,0.9100868025693704,-0.372257954186414,13.140742814639284,-0.7631051079515534,-0.38086,-0.08154,0.91064,-0.79268,13.35366,-0.4878
26,131,-0.4129581973723933,0.021564507127589817,0.9110552866817861,-0.494207954186414,14.421232814639284,-0.7631051079515534,-0.38428,-0.07568,0.91162,-0.91463,14.63415,-0.4878
27,136,-0.41246651964943415,0.0245113931675116,0.9154035826967143,-0.372257954186414,15.823662814639285,-1.0070151079515535,-0.38379,-0.07275,0.91602,-0.79268,16.03658,-0.73171
28,141,-0.40805145438204576,0.020578859237104025,0.9158779422619792,-0.3112879541864139,17.530982814639284,-1.2509151079515535,-0.37939,-0.07666,0.9165,-0.73171,17.7439,-0.97561
29,146,-0.4011980689783497,0.027458279207433385,0.9182991525430189,-0.555187954186414,19.360252814639285,-1.6167651079515535,-0.37256,-0.06982,0.91895,-0.97561,19.57317,-1.34146
30,151,-0.4002147135324314,0.03432764154622715,0.9192577541644915,-0.921037954186414,21.250502814639283,-1.7996951079515533,-0.37158,-0.06299,0.91992,-1.34146,21.46342,-1.52439
31,156,-0.3982580368798388,0.01911044503291093,0.9202262382769074,-1.1649479541864138,23.567572814639284,-2.1045751079515536,-0.36963,-0.07812,0.9209,-1.58537,23.78049,-1.82927
32,161,-0.4002147135324314,0.019593211346618247,0.9207104803331153,-1.2868979541864138,26.311472814639284,-2.4704251079515536,-0.37158,-0.07764,0.92139,-1.70732,26.52439,-2.19512
33,165,-0.39874971460279796,0.0284338694663836,0.9216690819545881,-1.2259179541864138,28.933422814639282,-3.1411551079515534,-0.37012,-0.06885,0.92236,-1.64634,29.14634,-2.86585
34,171,-0.3982580368798388,0.02892669341162648,0.9293971898720287,-1.2868979541864138,32.104152814639285,-3.8728651079515535,-0.36963,-0.06836,0.93018,-1.70732,32.31707,-3.59756
35,176,-0.3845412318332026,0.0412070615165565,0.9414538288225114,-1.5307979541864138,35.45781281463928,-4.665545107951554,-0.35596,-0.05615,0.94238,-1.95122,35.67073,-4.39024
36,181,-0.3835578763872843,0.057409905920358516,0.9535203502639371,-2.5064079541864137,39.17732281463928,-5.641155107951554,-0.35498,-0.04004,0.95459,-2.92683,39.39024,-5.36585
37,186,-0.3909029395139395,0.053970195935193845,0.9554474359978257,-4.335677954186414,43.01879281463928,-6.799695107951554,-0.3623,-0.04346,0.95654,-4.7561,43.23171,-6.52439
38,191,-0.39139461723689867,0.03875299942187761,0.9597957320127539,-5.4332379541864135,47.65294281463928,-8.141155107951553,-0.36279,-0.05859,0.96094,-5.85366,47.86586,-7.86585
39,196,-0.3806178442887734,0.05004771963632185,0.969925285229348,-6.469817954186414,52.59196281463928,-9.787505107951553,-0.35205,-0.04736,0.97119,-6.89024,52.80488,-9.5122
40,201,-0.3816011997346917,0.059863968015037405,0.9733050971318603,-7.323477954186414,57.713912814639286,-11.007015107951553,-0.35303,-0.0376,0.97461,-7.7439,57.92683,-10.73171
41,206,-0.38404955411024344,0.053970195935193845,0.9795804788806772,-8.603967954186414,63.384642814639285,-12.897255107951553,-0.35547,-0.04346,0.98096,-9.02439,63.59756,-12.62195
42,211,-0.3830661986643251,0.04955489569107896,0.9868144622509668,-10.128357954186415,69.4212328146393,-15.031405107951553,-0.35449,-0.04785,0.98828,-10.54878,69.63415,-14.7561
43,216,-0.3806178442887734,0.04955489569107896,0.9892257900410634,-11.225917954186414,76.55538281463927,-17.348475107951554,-0.35205,-0.04785,0.99072,-11.64634,76.7683,-17.07317
44,221,-0.37375442464583325,0.05004771963632185,0.9983967416361845,-12.628357954186415,84.2992828146393,-19.970425107951552,-0.34521,-0.04736,1.0,-13.04878,84.5122,-19.69512
45,226,-0.3649443625895446,0.04710083359640006,0.9983967416361845,-14.396647954186413,92.77489281463929,-22.89725510795155,-0.33643,-0.05029,1.0,-14.81707,92.98781,-22.62195
46,231,-0.3801261665658142,0.04562236176067139,0.9945326876774644,-16.103967954186416,102.1041628146393,-26.250915107951553,-0.35156,-0.05176,0.99609,-16.52439,102.31708,-25.97561
47,236,-0.4011980689783497,0.03923576573558493,0.9940583281121995,-17.872257954186416,111.49440281463927,-29.848475107951554,-0.37256,-0.05811,0.99561,-18.29268,111.70732,-29.57317
48,241,-0.425199969250152,0.0073229008732237965,0.9901942741534792,-19.030797954186415,120.45782281463929,-33.933845107951555,-0.39648,-0.08984,0.9917,-19.45122,120.67074,-33.65854
49,246,-0.44725522710860577,-0.007904353271628004,0.9882671884195904,-19.030797954186415,129.3602628146393,-38.56798510795155,-0.41846,-0.10498,0.98975,-19.45122,129.57318,-38.29268
50,250,-0.47910390246926654,0.01173820111733869,0.9993652257486003,-17.994207954186415,137.95781281463928,-43.872865107951554,-0.4502,-0.08545,1.00098,-18.41463,138.17073,-43.59756
51,256,-0.5300577693506261,0.05347737198995095,1.0133588329239147,-16.957627954186417,146.0065928146393,-49.36067510795155,-0.50098,-0.04395,1.01514,-17.37805,146.21951,-49.08537
52,261,-0.5736565388660864,0.09718783864353478,1.0408618052183354,-15.921037954186415,151.8602628146393,-53.872865107951554,-0.54443,-0.00049,1.04297,-16.34146,152.07318,-53.59756
53,266,-0.6255937611933643,0.19343937243893225,1.0572667401837463,-14.762507954186415,156.3114828146393,-56.982625107951556,-0.59619,0.09521,1.05957,-15.18293,156.5244,-56.70732
54,271,-0.6883077564687675,0.2577780413719685,1.0949091481857043,-13.786897954186413,159.1163528146393,-58.750915107951556,-0.65869,0.15918,1.09766,-14.20732,159.32927,-58.47561
55,276,-0.7230964639279391,0.2754593576114992,1.121927878423917,-14.945427954186414,159.2992728146393,-60.153355107951555,-0.69336,0.17676,1.125,-15.36585,159.51219,-59.87805
56,281,-0.72260478620498,0.25924645557616166,1.1113140831511152,-15.799087954186414,157.4090328146393,-61.250915107951556,-0.69287,0.16064,1.11426,-16.21951,157.62195,-60.97561
57,286,-0.8122707480899405,0.23224171490315826,1.1571490761448353,-14.335677954186414,156.0065928146393,-63.385065107951554,-0.78223,0.13379,1.16064,-14.7561,156.21951,-63.10976
58,290,-0.8984949659141869,0.17183557990052956,1.2411206016876646,-11.774697954186413,151.2505028146393,-65.76311510795155,-0.86816,0.07373,1.24561,-12.19512,151.46342,-65.48781
59,296,-0.8725363889897919,0.1462992534317193,1.21216490322462,-11.225917954186414,142.5919728146393,-69.23872510795155,-0.84229,0.04834,1.21631,-11.64634,142.80489,-68.96342
60,301,-0.8294192629580467,0.17282122779101533,1.0949091481857043,-11.469817954186414,135.45781281463928,-73.20213510795155,-0.79932,0.07471,1.09766,-11.89024,135.67073,-72.92683
61,306,-0.7588584925937851,0.21603887049935627,1.0181814885041078,-13.482017954186414,131.7992728146393,-77.10457510795155,-0.729,0.11768,1.02002,-13.90244,132.01219,-76.82927
62,311,-0.7500383962982524,0.192463782179982,1.053886928281234,-14.396647954186413,128.6895228146393,-80.64115510795155,-0.72021,0.09424,1.05615,-14.81707,128.90244,-80.36585
63,316,-0.6716509193236204,0.13696577136671104,1.1571490761448353,-12.872257954186415,122.47001281463929,-84.42165510795155,-0.64209,0.03906,1.16064,-13.29268,122.68293,-84.14635
64,321,-0.5908050537341927,0.1791977661845662,1.2256742683437265,-13.360067954186414,113.44562281463928,-86.18993510795156,-0.56152,0.08105,1.22998,-13.78049,113.65854,-85.91463
65,326,-0.5521029929698359,0.24205796328187384,1.259452622386964,-13.116167954186414,103.56757281463928,-86.25091510795156,-0.52295,0.14355,1.26416,-13.53659,103.78049,-85.97561
66,331,-0.38698958620875434,0.268087113695927,1.3110886375642363,-11.164947954186413,92.0431828146393,-85.39726510795155,-0.3584,0.16943,1.31641,-11.58537,92.2561,-85.12196
67,336,-0.2757700784275433,0.2951019120004659,1.2937152184864096,-10.738117954186414,80.15293281463929,-83.87286510795155,-0.24756,0.19629,1.29883,-11.15854,80.36585,-83.59756
68,341,-0.15180708680637034,0.34813580308752234,1.2353294619950554,-11.164947954186413,69.4212328146393,-81.37286510795155,-0.12402,0.24902,1.23975,-11.58537,69.63415,-81.09756
69,346,-0.03764754692664839,0.4247548401254887,1.170668323754885,-12.933237954186414,61.12854281463928,-77.47042510795156,-0.01025,0.3252,1.17432,-13.35366,61.34146,-77.19512
70,351,-0.026870773978523096,0.3736721295563326,1.085738196590583,-13.969817954186414,55.03098281463928,-71.67774510795155,0.00049,0.27441,1.08838,-14.39024,55.2439,-71.40244
71,356,-0.11800173479311699,0.34813580308752234,1.1195165506338205,-11.286897954186413,50.51879281463928,-65.03140510795156,-0.09033,0.24902,1.12256,-11.70732,50.73171,-64.7561
72,361,-0.07292793210877921,0.37318936324262536,1.2314654080363354,-2.811287954186414,42.40903281463928,-56.06798510795155,-0.04541,0.27393,1.23584,-3.23171,42.62195,-55.79268
73,366,-0.012170613485968589,0.3830056116213409,1.253661482694355,5.725302045813586,30.335862814639285,-45.76310510795155,0.01514,0.28369,1.2583,5.30488,30.54878,-45.4878
74,371,0.06769189665754086,0.4036338139007934,1.1779023071251746,12.615542045813585,18.445622814639282,-36.372865107951554,0.09473,0.3042,1.18164,12.19512,18.65854,-36.09756
75,375,0.13334592403145495,0.41394288622475184,1.0958677498071772,16.944812045813585,9.726102814639283,-27.714335107951552,0.16016,0.31445,1.09863,16.52439,9.93902,-27.43903
76,381,0.17400466144840435,0.4114888241300729,1.059193825917635,18.469202045813585,3.384642814639284,-19.787505107951553,0.20068,0.31201,1.06152,18.04878,3.59756,-19.5122
77,386,0.19654156279057325,0.38889938370118443,1.027836682155437,19.322862045813583,-1.920237185360716,-12.470425107951552,0.22314,0.28955,1.02979,18.90244,-1.70732,-12.19512
78,391,0.19752491823649157,0.3496142749232511,1.0037036392725855,19.932622045813584,-6.676327185360716,-5.580185107951554,0.22412,0.25049,1.00537,19.5122,-6.46341,-5.30488
79,396,0.1847914686357737,0.30738228010539587,0.9998395853138653,20.908222045813584,-11.188527185360716,1.1271348920484465,0.21143,0.2085,1.00146,20.4878,-10.97561,1.40244
80,401,0.16764295376766747,0.2754593576114992,0.9983967416361845,22.737492045813585,-16.005597185360717,7.834454892048446,0.19434,0.17676,1.0,22.31707,-15.79268,8.10976
81,406,0.15245111555215377,0.25237709323736784,0.9983967416361845,24.993592045813585,-21.066577185360718,14.480794892048447,0.1792,0.15381,1.0,24.57317,-20.85366,14.7561
82,411,0.15245111555215377,0.25237709323736784,0.9983967416361845,24.993592045813585,-21.066577185360718,14.480794892048447,0.1792,0.15381,1.0,24.57317,-20.85366,14.7561
83,415,0.13530260068404754,0.2307632430674296,1.0080519352875137,27.188712045813585,-26.371457185360715,20.944204892048447,0.16211,0.13232,1.00977,26.76829,-26.15854,21.21951
84,421,0.0882620871078731,0.20769103632483382,1.022045542462828,29.322862045813583,-37.52998718536072,33.261284892048444,0.11523,0.10938,1.02393,28.90244,-37.31707,33.53659
85,426,0.06524354228198911,0.19197095823473911,1.0307223695107985,28.835052045813583,-43.26169718536072,38.87103489204845,0.09229,0.09375,1.03271,28.41463,-43.04878,39.14634
86,431,0.040739930047983576,0.17674370408988732,1.0365135092034072,27.493592045813585,-49.054377185360714,43.99299489204845,0.06787,0.07861,1.03857,27.07317,-48.84146,44.2683
87,436,0.012814642231752042,0.15366143971575594,1.0355549075819346,25.603352045813583,-54.54218718536072,48.566154892048445,0.04004,0.05566,1.0376,25.18293,-54.32927,48.84146
88,441,0.012814642231752042,0.15366143971575594,1.0355549075819346,25.603352045813583,-54.54218718536072,48.566154892048445,0.04004,0.05566,1.0376,25.18293,-54.32927,48.84146
89,446,-0.006782227011905947,0.12567105115226682,1.0316908536232143,23.347252045813583,-60.02998718536072,53.078354892048445,0.02051,0.02783,1.03369,22.92683,-59.81707,53.35366
90,451,-0.026379096255563936,0.09817348653402057,1.026383955986813,21.213102045813585,-65.21291718536071,57.28567489204845,0.00098,0.00049,1.02832,20.79268,-65.0,57.56098
91,456,-0.04597596549922192,0.07410557426940342,1.0249411123091325,19.200912045813585,-69.90803718536071,61.066154892048445,-0.01855,-0.02344,1.02686,18.78049,-69.69512,61.34146
92,461,-0.10820831729091003,0.02352574527702581,1.0355549075819346,16.822862045813583,-78.2616971853607,67.65152489204844,-0.08057,-0.07373,1.0376,16.40244,-78.04878,67.92683
93,466,-0.13907363720565244,0.002404719052330456,1.0403775631621277,16.030182045813586,-82.34706718536071,70.57835489204845,-0.11133,-0.09473,1.04248,15.60976,-82.13415,70.85366
94,471,-0.17434398814853921,-0.01478377324195735,1.0379662353720311,15.237492045813585,-86.37145718536073,73.26128489204845,-0.14648,-0.11182,1.04004,14.81707,-86.15854,73.53659
95,476,-0.17434398814853921,-0.01478377324195735,1.0379662353720311,15.237492045813585,-86.37145718536073,73.26128489204845,-0.14648,-0.11182,1.04004,14.81707,-86.15854,73.53659
96,481,-0.20178763248105566,-0.021653135580751128,1.0427888909522243,14.261882045813586,-90.21291718536071,75.33445489204844,-0.17383,-0.11865,1.04492,13.84146,-90.0,75.60976
97,486,-0.22628121047581712,-0.026078493456401588,1.038450477428239,13.347252045813587,-93.87145718536073,77.16372489204845,-0.19824,-0.12305,1.04053,12.92683,-93.65854,77.43903
98,491,-0.24930978954094518,-0.034919151576166936,1.0302480099455336,12.005792045813585,-97.28608718536071,78.68811489204845,-0.22119,-0.13184,1.03223,11.58537,-97.07317,78.96342
99,496,-0.2693983365075623,-0.04178851391496069,1.022045542462828,10.359442045813585,-100.33487718536071,79.78566489204844,-0.24121,-0.13867,1.02393,9.93902,-100.12196,80.06097
100,500,-0.2894868834741795,-0.048175109940047166,1.0157701607140113,8.835052045813587,-102.9568171853607,80.45640489204845,-0.26123,-0.14502,1.01758,8.41463,-102.7439,80.73171
101,506,-0.3110404293704301,-0.0580014159502983,1.002260795594905,7.1887120458135865,-105.15194718536071,80.88323489204845,-0.28271,-0.15479,1.00391,6.76829,-104.93903,81.15854
102,511,-0.3375007182570282,-0.06732484038377097,0.9969538979585039,6.213102045813586,-106.92023718536072,80.88323489204845,-0.30908,-0.16406,0.99854,5.79268,-106.70732,81.15854
103,516,-0.36396100714362634,-0.07665832244877918,1.00659920911889,5.969202045813586,-108.0787771853607,81.00518489204845,-0.33545,-0.17334,1.0083,5.54878,-107.86586,81.28049
104,521,-0.402181424424268,-0.09040710475790233,1.0152859186578034,6.396032045813586,-109.35926718536072,81.18811489204845,-0.37354,-0.18701,1.01709,5.97561,-109.14635,81.46342
105,526,-0.43745177536715474,-0.09826211498718186,1.0210770583504123,7.371642045813586,-111.0056071853607,81.49299489204844,-0.40869,-0.19482,1.02295,6.95122,-110.79269,81.7683
106,531,-0.4693004507278155,-0.09679370078298877,1.0258997139306054,8.469202045813587,-112.52999718536071,81.73689489204845,-0.44043,-0.19336,1.02783,8.04878,-112.31708,82.0122
107,536,-0.48840564224851435,-0.08599180451378743,1.0201085742379965,8.652132045813586,-113.68852718536073,82.04177489204845,-0.45947,-0.18262,1.02197,8.23171,-113.47561,82.31708
108,540,-0.5089858669380907,-0.06634925012482075,1.0167287623354841,8.286272045813586,-114.66414718536072,82.28566489204844,-0.47998,-0.16309,1.01855,7.86585,-114.45123,82.56097
109,546,-0.5241777051536043,-0.053083234129404945,1.0094947789651945,6.883832045813586,-115.15194718536071,82.28566489204844,-0.49512,-0.1499,1.01123,6.46341,-114.93903,82.56097
110,551,-0.5467146064957733,-0.04129568996971781,1.0032193972163777,4.8106620458135865,-115.09096718536071,81.98079489204845,-0.51758,-0.13818,1.00488,4.39024,-114.87805,82.2561
111,556,-0.5628797659179611,-0.03540191788987424,1.0032193972163777,2.249692045813586,-114.78608718536071,81.67591489204845,-0.53369,-0.13232,1.00488,1.82927,-114.57317,81.95122
112,561,-0.5795366030631082,-0.03147944159100226,1.0003238273700732,-0.4332379541864139,-114.42023718536072,81.55396489204844,-0.55029,-0.12842,1.00195,-0.85366,-114.20732,81.82927
113,566,-0.598160151100092,-0.02558566951115869,1.000808069426281,-2.5064079541864137,-113.38364718536073,81.37104489204845,-0.56885,-0.12256,1.00244,-2.92683,-113.17073,81.64635
114,571,-0.6231454068178126,-0.021160311635508234,1.0075676932313058,-4.091777954186414,-112.28608718536071,81.31006489204844,-0.59375,-0.11816,1.00928,-4.5122,-112.07317,81.58537
115,576,-0.6515623723570034,-0.008397177216870886,1.0133588329239147,-5.250307954186414,-110.7616971853607,81.24908489204844,-0.62207,-0.10547,1.01514,-5.67073,-110.54878,81.52439
116,581,-0.6892911119146858,0.002404719052330456,1.0254154718743973,-5.982017954186414,-109.29828718536072,81.24908489204844,-0.65967,-0.09473,1.02734,-6.40244,-109.08537,81.52439
117,586,-0.7358299135286571,0.011245377172095793,1.0369977512596154,-6.774697954186414,-108.38364718536073,81.61493489204845,-0.70605,-0.08594,1.03906,-7.19512,-108.17073,81.89024
118,591,-0.7745420085322581,0.0245113931675116,1.043273133008432,-7.140557954186414,-108.0787771853607,82.04177489204845,-0.74463,-0.07275,1.04541,-7.56098,-107.86586,82.31708
119,596,-0.8132440692966149,0.041699885461799396,1.0505071163787216,-7.750307954186415,-107.9568171853607,82.22469489204845,-0.7832,-0.05566,1.05273,-8.17073,-107.7439,82.5
120,601,-0.85292948550689,0.05937114406979452,1.0529283266597613,-8.664947954186413,-108.5056071853607,82.22469489204845,-0.82275,-0.03809,1.05518,-9.08537,-108.29269,82.5
121,606,-0.8803731298394064,0.07018309797053142,1.0476115465324174,-9.884457954186415,-109.35926718536072,82.28566489204844,-0.8501,-0.02734,1.0498,-10.30488,-109.14635,82.56097
122,611,-0.8960466115386351,0.08393188027965455,1.027352440099229,-11.469817954186414,-110.21291718536071,82.28566489204844,-0.86572,-0.01367,1.0293,-11.89024,-110.0,82.56097
123,616,-0.9112384497541487,0.09129406656369123,1.006114967062682,-13.177137954186414,-110.7007271853607,81.91981489204845,-0.88086,-0.00635,1.00781,-13.59756,-110.48781,82.19512
124,621,-0.9352503842651951,0.08884000446901234,0.9824760487269817,-14.701527954186414,-110.88364718536073,81.12713489204845,-0.90479,-0.00879,0.98389,-15.12195,-110.67073,81.40244
125,625,-0.9597439622599566,0.07902375609029677,0.9660711137615707,-15.860067954186414,-111.0056071853607,80.15152489204844,-0.9292,-0.01855,0.96729,-16.28049,-110.79269,80.42683
126,631,-0.9759091216821446,0.07115868822948164,0.932767119283598,-16.896647954186417,-110.7616971853607,78.99299489204844,-0.94531,-0.02637,0.93359,-17.31707,-110.54878,79.2683
127,636,-0.9886526055221064,0.05299460567624363,0.8994730072965683,-17.201527954186414,-109.78608718536071,77.52957489204844,-0.95801,-0.04443,0.8999,-17.62195,-109.57317,77.80488
128,641,-1.000894377399865,0.0284338694663836,0.8656946532533307,-16.591777954186416,-108.62754718536073,76.06616489204845,-0.97021,-0.06885,0.86572,-17.0122,-108.41463,76.34147
129,646,-1.0151128944087047,-0.0010249333012986583,0.8324005412663011,-15.067387954186414,-107.28608718536071,74.35884489204845,-0.98438,-0.09814,0.83203,-15.48781,-107.07317,74.63415
130,651,-1.0244146341879525,-0.018706249540829348,0.7991064292792714,-12.933237954186414,-105.5787771853607,72.40762489204845,-0.99365,-0.11572,0.79834,-13.35366,-105.36586,72.68293
131,656,-1.0322513750375668,-0.03688038972560292,0.7629167474459372,-10.189337954186414,-103.74950718536073,70.33445489204844,-1.00146,-0.13379,0.76172,-10.60976,-103.53659,70.60976
132,661,-1.045486536600488,-0.057015768059812504,0.7450590863119027,-7.323477954186414,-101.55438718536072,67.65152489204844,-1.01465,-0.15381,0.74365,-7.7439,-101.34147,67.92683
133,665,-1.069006793388575,-0.08648462845903031,0.7339610489828927,-3.786897954186414,-99.48121718536072,64.60274489204845,-1.03809,-0.18311,0.73242,-4.20732,-99.2683,64.87805
134,671,-1.081740242989293,-0.10759559705219011,0.7001826949396551,-0.18933795418641391,-98.0177971853607,61.188114892048446,-1.05078,-0.2041,0.69824,-0.60976,-97.80488,61.46342
135,676,-1.082231920712252,-0.12282285119704191,0.6712368789675537,3.530182045813586,-96.37145718536073,57.71249489204845,-1.05127,-0.21924,0.66895,3.10976,-96.15854,57.9878
136,681,-1.0783085331678228,-0.13853287165560105,0.648072320197118,7.127742045813586,-94.35926718536072,53.810064892048445,-1.04736,-0.23486,0.64551,6.70732,-94.14635,54.08537
137,686,-1.091543694730744,-0.14982759187004527,0.6316673852317071,10.542372045813586,-92.04218718536072,49.72469489204845,-1.06055,-0.24609,0.62891,10.12195,-91.82927,50.0
138,691,-1.1140805960729128,-0.16210795997497526,0.6094713105736874,13.347252045813587,-89.72511718536072,45.395424892048446,-1.08301,-0.2583,0.60645,12.92683,-89.5122,45.67073
139,696,-1.1273057233965897,-0.1650548460148971,0.5732717462494101,15.359442045813585,-87.28608718536071,40.94420489204845,-1.09619,-0.26123,0.56982,14.93902,-87.07317,41.21951
140,701,-1.1317207886639782,-0.1689873799453046,0.5404618763185884,16.761882045813586,-84.78608718536071,36.310064892048445,-1.10059,-0.26514,0.53662,16.34146,-84.57317,36.58537
141,706,-1.1322024321476933,-0.18519022434910665,0.5071677643315587,17.981402045813585,-81.61535718536072,31.310064892048448,-1.10107,-0.28125,0.50293,17.56098,-81.40244,31.58537
142,711,-1.1434708828187778,-0.2072868408327522,0.4714623245544325,18.896032045813584,-78.0177971853607,25.944204892048447,-1.1123,-0.30322,0.4668,18.47561,-77.80488,26.21951
143,716,-1.157197722104658,-0.22890069100269048,0.4347884006648905,19.444812045813585,-74.29828718536072,20.273474892048448,-1.12598,-0.32471,0.42969,19.02439,-74.08537,20.54878
144,721,-1.1679744950527833,-0.25198295537682186,0.4043898585241652,20.054572045813586,-70.2738871853607,13.992984892048447,-1.13672,-0.34766,0.39893,19.63415,-70.06097,14.26829
145,726,-1.1748278804564793,-0.278012105790875,0.3566178973056133,20.725302045813585,-66.06657718536073,7.468594892048446,-1.14355,-0.37354,0.35059,20.30488,-65.85366,7.7439
146,731,-1.173854559249805,-0.2937221262494341,0.30546612418454894,21.152132045813584,-61.73730718536071,0.6393248920484467,-1.14258,-0.38916,0.29883,20.73171,-61.52439,0.91463
147,736,-1.1728712038038867,-0.308456556449043,0.2543143510634847,21.700912045813585,-56.92023718536072,-6.433845107951554,-1.1416,-0.40381,0.24707,21.28049,-56.70732,-6.15854
148,741,-1.169931171705376,-0.3256450487433308,0.21233352953754164,22.249692045813585,-51.676337185360715,-13.689935107951554,-1.13867,-0.4209,0.20459,21.82927,-51.46342,-13.41463
149,746,-1.1728712038038867,-0.3359541210672892,0.1771123318166233,23.286272045813583,-45.700717185360716,-20.946035107951552,-1.1416,-0.43115,0.16895,22.86585,-45.4878,-20.67073
150,750,-1.1846313321979303,-0.33840818316196813,0.15539061672386842,24.383842045813584,-39.603157185360715,-28.385065107951554,-1.15332,-0.43359,0.14697,23.96342,-39.39024,-28.10976
151,756,-1.192959750770504,-0.32760628689276683,0.13175169838816791,25.603352045813583,-33.32267718536072,-35.76310510795155,-1.16162,-0.42285,0.12305,25.18293,-33.10976,-35.4878
152,761,-1.1763029136253569,-0.30992497065323615,0.10713441344910858,26.639932045813584,-26.859257185360715,-42.77530510795155,-1.14502,-0.40527,0.09814,26.21951,-26.64634,-42.5
153,766,-1.160137754203169,-0.2902824162642695,0.09941618802261104,28.042372045813583,-19.969017185360716,-49.78750510795155,-1.12891,-0.38574,0.09033,27.62195,-19.7561,-49.5122
154,771,-1.0783085331678228,-0.0894315144989521,-0.1881741809101734,27.188712045813585,-11.188527185360716,-56.61676510795155,-1.04736,-0.18604,-0.20068,26.76829,-10.97561,-56.34146
155,776,-1.5790471741643741,0.1610336836313282,-0.6210174017234453,-3.421037954186414,40.213912814639286,-65.70213510795155,-1.54639,0.06299,-0.63867,-3.84146,40.42683,-65.42683
156,781,-0.7510217517441706,0.10602849676330013,-0.42124284731032424,-41.225917954186414,77.2261128146393,-65.09238510795156,-0.72119,0.0083,-0.43652,-41.64634,77.43903,-64.81708
157,786,-0.22284950065434705,-0.181750514363942,-0.5616631611196755,-51.286897954186415,87.28708281463929,-68.08018510795155,-0.19482,-0.27783,-0.57861,-51.70732,87.5,-67.80488
158,790,-0.023439064157053036,-0.44547167085810246,-0.10710810770459178,-25.982017954186414,112.0431828146393,-64.84847510795156,0.00391,-0.54004,-0.11865,-26.40244,112.2561,-64.57317
159,796,0.08239205715009537,-0.09040710475790233,0.7035625068421675,-11.652747954186413,138.14075281463928,-52.89725510795155,0.10938,-0.18701,0.70166,-12.07317,138.35367,-52.62195
160,801,-0.2693983365075623,0.366309943272296,1.4886572348283944,-12.994207954186415,150.57977281463928,-40.336285107951554,-0.24121,0.26709,1.49609,-13.41463,150.79269,-40.06098
161,806,-0.3423974270081317,0.5102044776516849,1.8356117268558918,-12.994207954186415,141.3724528146393,-35.702135107951555,-0.31396,0.41016,1.84717,-13.41463,141.58537,-35.42683
162,811,-0.4198115827760894,0.5200207260304004,1.7579155830618796,-14.945427954186414,121.8602528146393,-34.421645107951555,-0.39111,0.41992,1.76855,-15.36585,122.07317,-34.14634
163,816,-0.6074618908793397,0.4635471249581792,1.5079577396401098,-22.567387954186415,103.20171281463928,-34.17774510795155,-0.57812,0.36377,1.51562,-22.98781,103.41463,-33.90244
164,821,-0.5506279598009585,0.42867731642436074,1.074640159261573,-30.738117954186414,89.66513281463929,-34.421645107951555,-0.52148,0.3291,1.07715,-31.15854,89.87805,-34.14634
165,826,-0.4026630679079831,0.30738228010539587,0.7247900973877714,-29.640557954186416,91.25050281463928,-32.04359510795155,-0.37402,0.2085,0.72314,-30.06098,91.46342,-31.76829
166,831,-0.33897575142590564,0.11437633093782258,0.6335944709655957,-27.689337954186417,103.68952281463928,-27.592375107951554,-0.31055,0.0166,0.63086,-28.10976,103.90244,-27.31707
167,836,-0.5491629608713251,-0.06585642617957785,0.8705271913244668,-24.274697954186415,119.3602528146393,-22.714335107951552,-0.52002,-0.1626,0.87061,-24.69512,119.57317,-22.43903
168,841,-0.8911499027875316,-0.07371143640885741,1.3578921146703724,-24.274697954186415,125.45782281463929,-19.543595107951553,-0.86084,-0.17041,1.36377,-24.69512,125.67074,-19.26829
169,846,-1.3512197721278894,0.1625020978355213,1.9803704541892284,-37.018607954186415,112.34806281463929,-22.409455107951555,-1.31934,0.06445,1.99365,-37.43903,112.56098,-22.13415
170,851,-1.9308275335827878,0.5391704564741241,2.4691881037037575,-73.17713795418642,83.44562281463928,-28.385065107951554,-1.89697,0.43896,2.48828,-73.59756,83.65854,-28.10976
171,856,-2.0988809724423803,0.3844840834570696,1.924880267544179,-64.15274795418642,36.98220281463929,-30.153355107951555,-2.06445,0.28516,1.9375,-64.57317,37.19512,-29.87805
172,861,-1.2272567805067165,-0.20091030243920133,1.1682569959647884,-19.884457954186416,2.3480628146392837,-17.043595107951553,-1.1958,-0.29688,1.17188,-20.30488,2.56098,-16.76829
173,866,-0.06606451246583907,-0.11054248309211188,0.7214201679762021,-6.469817954186414,-5.517797185360716,-7.531405107951554,-0.03857,-0.20703,0.71973,-6.89024,-5.30488,-7.2561
174,871,0.001546191560667596,-0.039827275765524715,0.7127334584372887,-10.494207954186415,9.238302814639283,-4.177745107951553,0.02881,-0.13672,0.71094,-10.91463,9.45122,-3.90244
175,875,-0.19492421283811553,-0.01134406325679267,0.9569001621664495,-17.628357954186416,21.006592814639284,-5.702135107951554,-0.16699,-0.1084,0.95801,-18.04878,21.21951,-5.42683
176,881,-0.5026141250181096,0.05004771963632185,1.1180638244651968,-18.299087954186415,23.811472814639284,-6.982625107951554,-0.47363,-0.04736,1.12109,-18.71951,24.02439,-6.70732
177,886,-0.6388289227562854,0.016646325306696463,1.1523264205646422,-10.372257954186415,18.323672814639284,-3.8728651079515535,-0.60938,-0.08057,1.15576,-10.79268,18.53659,-3.59756
178,891,-0.4482285483152801,-0.04866793388529005,0.9733050971318603,-5.494207954186414,9.970012814639285,-2.6533551079515534,-0.41943,-0.14551,0.97461,-5.91463,10.18293,-2.37805
179,896,-0.44725522710860577,-0.08648462845903031,0.9018843350866649,-5.128357954186414,7.409032814639284,-2.1655451079515533,-0.41846,-0.18311,0.90234,-5.54878,7.62195,-1.89024
180,901,-0.460972032155242,-0.0034890530275131114,0.9795804788806772,-6.0429879541864135,6.0065928146392835,-1.9826251079515533,-0.43213,-0.10059,0.98096,-6.46341,6.21951,-1.70732
181,906,-0.38797294165467267,0.10504284887281434,0.9424223129349272,-6.835677954186414,3.2017128146392837,-1.8606751079515533,-0.35938,0.00732,0.94336,-7.2561,3.41463,-1.58537
182,911,-0.3835578763872843,0.15170020156631997,0.916846426374395,-5.982017954186414,2.3480628146392837,-1.3118951079515533,-0.35498,0.05371,0.91748,-6.40244,2.56098,-1.03659
183,915,-0.4330467443390104,0.10456008255910702,0.9482134526275361,-4.823477954186414,1.982202814639284,-0.7631051079515534,-0.4043,0.00684,0.94922,-5.2439,2.19512,-0.4878
184,921,-0.45704864461081274,0.013216672953067363,0.9573844042226574,-3.9698179541864143,0.5797628146392839,-0.7021351079515534,-0.42822,-0.08398,0.9585,-4.39024,0.79268,-0.42683
185,926,-0.4296150345175404,-0.016252187446150458,0.9482134526275361,-3.7259179541864142,-0.7007171853607161,-0.9460351079515534,-0.40088,-0.11328,0.94922,-4.14634,-0.4878,-0.67073
186,931,-0.41834658384645595,0.017631973197182255,0.9419380708787193,-3.7259179541864142,-1.1275471853607162,-0.8240851079515534,-0.38965,-0.07959,0.94287,-4.14634,-0.91463,-0.54878
187,936,-0.41050984299684157,0.05691708197511563,0.9289129478158208,-3.6039679541864142,-1.3104771853607162,-0.8850651079515535,-0.38184,-0.04053,0.92969,-4.02439,-1.09756,-0.60976
188,941,-0.4139315185790675,0.05594149171616541,0.927944463703405,-3.177137954186414,-1.615357185360716,-0.8240851079515534,-0.38525,-0.0415,0.92871,-3.59756,-1.40244,-0.54878
189,946,-0.41246651964943415,0.022047273441297133,0.9284287057596129,-2.445427954186414,-1.615357185360716,-0.4582351079515534,-0.38379,-0.0752,0.9292,-2.86585,-1.40244,-0.18293
190,951,-0.4100181652738824,-0.00495746723170622,0.9342198454522217,-1.9576279541864139,-1.798287185360716,-0.15335510795155344,-0.38135,-0.10205,0.93506,-2.37805,-1.58537,0.12195
191,956,-0.40658645545241234,-0.008890001162113782,0.9308400335497093,-1.5307979541864138,-1.798287185360716,0.33445489204844653,-0.37793,-0.10596,0.93164,-1.95122,-1.58537,0.60976
192,961,-0.3967830037109613,0.017631973197182255,0.9240804097446846,-0.8600679541864138,-1.371457185360716,0.7003048920484465,-0.36816,-0.07959,0.9248,-1.28049,-1.15854,0.97561
193,966,-0.38404955411024344,0.05053048595002917,0.9110552866817861,0.054572045813586045,-1.0055971853607162,1.3710348920484465,-0.35547,-0.04688,0.91162,-0.36585,-0.79268,1.64634
194,971,-0.37915284535913996,0.056424258029872734,0.9342198454522217,1.578962045813586,-0.09096718536071613,2.163714892048447,-0.35059,-0.04102,0.93506,1.15854,0.12195,2.43902
195,976,-0.3963013602272462,0.030405165247355155,0.9458021248374395,3.652132045813586,1.3114728146392838,2.5905448920484466,-0.36768,-0.06689,0.94678,3.23171,1.52439,2.86585
196,981,-0.41344987509535247,0.001429128793380243,0.9347040875084296,4.8106620458135865,1.6773228146392838,2.8344548920484467,-0.38477,-0.0957,0.93555,4.39024,1.89024,3.10976
197,986,-0.4031547456309423,0.019593211346618247,0.9298715494372936,5.054572045813586,1.4944028146392838,2.7734748920484464,-0.37451,-0.07764,0.93066,4.63415,1.70732,3.04878
198,991,-0.38551455303987686,0.053970195935193845,0.9163621843181871,5.298472045813586,1.4334228146392838,2.7124948920484466,-0.35693,-0.04346,0.91699,4.87805,1.64634,2.9878
199,996,-0.3845412318332026,0.0603567919602803,0.906232631101593,5.298472045813586,1.6163528146392838,2.5905448920484466,-0.35596,-0.03711,0.90674,4.87805,1.82927,2.86585
200,1000,-0.39874971460279796,0.043168299665992504,0.9182991525430189,5.176522045813586,1.9212328146392839,2.5295748920484464,-0.37012,-0.0542,0.91895,4.7561,2.13415,2.80488
201,1006,-0.40511142228353486,0.030887931561062485,0.9182991525430189,4.749692045813586,1.9212328146392839,2.3466448920484466,-0.37646,-0.06641,0.91895,4.32927,2.13415,2.62195
202,1011,-0.4031547456309423,0.04071423757131361,0.9158779422619792,4.078962045813586,1.6163528146392838,1.9198148920484468,-0.37451,-0.05664,0.9165,3.65854,1.82927,2.19512
203,1016,-0.39433464933540957,0.056424258029872734,0.9067168731578009,3.713102045813586,1.3724528146392838,1.7978648920484468,-0.36572,-0.04102,0.90723,3.29268,1.58537,2.07317
204,1021,-0.38209287745765086,0.058395553810844304,0.9023685771428728,3.042372045813586,1.250492814639284,1.5539648920484466,-0.35352,-0.03906,0.90283,2.62195,1.46341,1.82927
205,1026,-0.37963448884285506,0.061835263796008975,0.9096124430041054,2.798472045813586,1.4334228146392838,1.4320148920484466,-0.35107,-0.03564,0.91016,2.37805,1.64634,1.70732
206,1031,-0.3889462628613469,0.05200895778575785,0.9178149104868109,3.164322045813586,2.043182814639284,1.3710348920484465,-0.36035,-0.04541,0.91846,2.7439,2.2561,1.64634
207,1036,-0.3953180047813279,0.03923576573558493,0.9163621843181871,3.286272045813586,2.530982814639284,1.1881048920484467,-0.3667,-0.05811,0.91699,2.86585,2.7439,1.46341
208,1040,-0.39188629495985783,0.04071423757131361,0.9202262382769074,3.164322045813586,2.7139128146392837,0.8832348920484465,-0.36328,-0.05664,0.9209,2.7439,2.92683,1.15854
209,1046,-0.39139461723689867,0.03432764154622715,0.916846426374395,2.7374920458135863,2.774882814639284,0.8222548920484467,-0.36279,-0.06299,0.91748,2.31707,2.9878,1.09756
210,1051,-0.3933613281287353,0.04022141362607072,0.9192577541644915,2.676522045813586,3.018792814639284,0.7612848920484465,-0.36475,-0.05713,0.91992,2.2561,3.23171,1.03659
211,1056,-0.3933613281287353,0.03727452758614894,0.9192577541644915,3.286272045813586,3.4456228146392838,0.8832348920484465,-0.36475,-0.06006,0.91992,2.86585,3.65854,1.15854
212,1061,-0.4002147135324314,0.0279410455211407,0.922153324010796,3.652132045813586,3.6895228146392838,1.0051848920484465,-0.37158,-0.06934,0.92285,3.23171,3.90244,1.28049
213,1066,-0.40511142228353486,0.025486983426461815,0.9245646518008925,3.469202045813586,3.6895228146392838,1.0051848920484465,-0.37646,-0.07178,0.92529,3.04878,3.90244,1.28049
214,1071,-0.4046297787998197,0.03187357945154826,0.922637566067004,3.347252045813586,3.3236728146392838,1.1271348920484465,-0.37598,-0.06543,0.92334,2.92683,3.53659,1.40244
215,1076,-0.4002147135324314,0.03285922734203406,0.9240804097446846,3.225302045813586,3.384642814639284,1.1271348920484465,-0.37158,-0.06445,0.9248,2.80488,3.59756,1.40244
216,1081,-0.4002147135324314,0.03285922734203406,0.9240804097446846,3.225302045813586,3.384642814639284,1.1271348920484465,-0.37158,-0.06445,0.9248,2.80488,3.59756,1.40244
217,1086,-0.39433464933540957,0.039728589680827826,0.9202262382769074,2.676522045813586,3.262692814639284,1.1881048920484467,-0.36572,-0.05762,0.9209,2.2561,3.47561,1.46341
218,1091,-0.3953180047813279,0.042182651775506716,0.9187735121082836,2.310662045813586,3.3236728146392838,1.2490848920484465,-0.3667,-0.05518,0.91943,1.89024,3.53659,1.52439
219,1096,-0.3933613281287353,0.0451295378154285,0.9100868025693704,2.127742045813586,3.8114728146392842,1.3100648920484466,-0.36475,-0.05225,0.91064,1.70732,4.02439,1.58537
220,1101,-0.39433464933540957,0.03383481760098427,0.9091282009478975,1.944812045813586,4.055372814639284,1.2490848920484465,-0.36572,-0.06348,0.90967,1.52439,4.26829,1.52439
221,1106,-0.39972303580947216,0.030405165247355155,0.9149193406405064,1.5179820458135862,4.482202814639284,1.0661548920484467,-0.37109,-0.06689,0.91553,1.09756,4.69512,1.34146
222,1111,-0.39972303580947216,0.030405165247355155,0.9149193406405064,1.5179820458135862,4.482202814639284,1.0661548920484467,-0.37109,-0.06689,0.91553,1.09756,4.69512,1.34146
223,1116,-0.3938429716124504,0.03678170364090605,0.9120237707942019,1.0911520458135862,4.726102814639284,0.7612848920484465,-0.36523,-0.06055,0.9126,0.67073,4.93902,1.03659
224,1121,-0.3963013602272462,0.0412070615165565,0.9125080128504098,1.152132045813586,5.030982814639284,0.5173748920484467,-0.36768,-0.05615,0.91309,0.73171,5.2439,0.79268
225,1125,-0.402181424424268,0.04611518570591428,0.9052641469891772,1.030182045813586,5.152932814639284,0.21249489204844657,-0.37354,-0.05127,0.90576,0.60976,5.36585,0.4878
226,1131,-0.392377972682817,0.04562236176067139,0.9018843350866649,0.3594420458135861,5.091962814639284,-0.09237510795155343,-0.36377,-0.05176,0.90234,-0.06098,5.30488,0.18293
227,1136,-0.3992413923257571,0.03727452758614894,0.9023685771428728,0.3594420458135861,5.213912814639284,-0.27530510795155344,-0.37061,-0.06006,0.90283,-0.06098,5.42683,0.0
228,1141,-0.3992413923257571,0.03727452758614894,0.9023685771428728,0.3594420458135861,5.213912814639284,-0.27530510795155344,-0.37061,-0.06006,0.90283,-0.06098,5.42683,0.0
229,1146,-0.3953180047813279,0.043168299665992504,0.9043055453677044,-0.3112879541864139,5.091962814639284,-0.5192051079515534,-0.3667,-0.0542,0.90479,-0.73171,5.30488,-0.2439
230,1151,-0.3953180047813279,0.052501781731000736,0.8975459215626798,-0.555187954186414,4.970012814639284,-0.7021351079515534,-0.3667,-0.04492,0.89795,-0.97561,5.18293,-0.42683
231,1156,-0.3972746814339204,0.05004771963632185,0.8989887652403604,-1.042987954186414,4.848062814639284,-0.7631051079515534,-0.36865,-0.04736,0.89941,-1.46341,5.06098,-0.4878
232,1161,-0.3992413923257571,0.04562236176067139,0.9038213033114965,-1.3478679541864138,4.665132814639284,-1.0679851079515534,-0.37061,-0.05176,0.9043,-1.76829,4.87805,-0.79268
233,1165,-0.40070639125539054,0.0426754757207496,0.9086439588916896,-1.8356779541864139,4.421232814639284,-1.1899351079515534,-0.37207,-0.05469,0.90918,-2.2561,4.63415,-0.91463
234,1171,-0.40364642335390144,0.04464677150172118,0.9009257334651921,-2.811287954186414,3.4456228146392838,-0.9460351079515534,-0.375,-0.05273,0.90137,-3.23171,3.65854,-0.67073
235,1176,-0.40364642335390144,0.04464677150172118,0.9009257334651921,-2.811287954186414,3.4456228146392838,-0.9460351079515534,-0.375,-0.05273,0.90137,-3.23171,3.65854,-0.67073
236,1181,-0.4046297787998197,0.04710083359640006,0.9067168731578009,-3.299087954186414,3.262692814639284,-1.3118951079515533,-0.37598,-0.05029,0.90723,-3.71951,3.47561,-1.03659
237,1186,-0.39972303580947216,0.04955489569107896,0.9057483890453851,-3.7259179541864142,3.018792814639284,-1.3118951079515533,-0.37109,-0.04785,0.90625,-4.14634,3.23171,-1.03659
238,1191,-0.40168974670130886,0.04710083359640006,0.9057483890453851,-3.9698179541864143,2.896842814639284,-1.4338451079515533,-0.37305,-0.05029,0.90625,-4.39024,3.10976,-1.15854
239,1196,-0.4060947777294532,0.04022141362607072,0.9067168731578009,-4.152747954186414,2.652932814639284,-1.6167651079515535,-0.37744,-0.05713,0.90723,-4.57317,2.86585,-1.34146
240,1201,-0.40805145438204576,0.03826017547663472,0.9052641469891772,-4.396647954186414,2.165132814639284,-1.6777451079515533,-0.37939,-0.05908,0.90576,-4.81707,2.37805,-1.40244
241,1206,-0.40805145438204576,0.03727452758614894,0.9091282009478975,-4.518597954186414,2.043182814639284,-1.8606751079515533,-0.37939,-0.06006,0.90967,-4.93902,2.2561,-1.58537
242,1211,-0.4095264875509232,0.03923576573558493,0.9125080128504098,-4.640557954186414,1.6773228146392838,-1.9216451079515533,-0.38086,-0.05811,0.91309,-5.06098,1.89024,-1.64634
243,1216,-0.40903480982796403,0.042182651775506716,0.9086439588916896,-4.518597954186414,1.4944028146392838,-1.9826251079515533,-0.38037,-0.05518,0.90918,-4.93902,1.70732,-1.70732
244,1221,-0.40658645545241234,0.03923576573558493,0.9086439588916896,-4.518597954186414,1.250492814639284,-2.0435951079515533,-0.37793,-0.05811,0.90918,-4.93902,1.46341,-1.76829
245,1226,-0.4060947777294532,0.03923576573558493,0.9139508565280906,-4.274697954186414,1.4334228146392838,-2.0435951079515533,-0.37744,-0.05811,0.91455,-4.69512,1.64634,-1.76829
246,1231,-0.402181424424268,0.03776735153139183,0.9158779422619792,-4.213727954186414,1.4334228146392838,-2.1045751079515536,-0.37354,-0.05957,0.9165,-4.63415,1.64634,-1.82927
247,1236,-0.40756981089833066,0.035313289436712934,0.9144350985842985,-4.335677954186414,1.0675728146392838,-1.9826251079515533,-0.37891,-0.06201,0.91504,-4.7561,1.28049,-1.70732
248,1241,-0.4046297787998197,0.035806113381955836,0.9105710446255783,-4.274697954186414,1.250492814639284,-1.9216451079515533,-0.37598,-0.06152,0.91113,-4.69512,1.46341,-1.64634
249,1246,-0.40658645545241234,0.03482046549147005,0.9144350985842985,-4.091777954186414,1.3724528146392838,-1.7996951079515533,-0.37793,-0.0625,0.91504,-4.5122,1.58537,-1.52439
250,1250,-0.40756981089833066,0.03236640339679116,0.9154035826967143,-4.152747954186414,1.1895228146392838,-1.5557951079515533,-0.37891,-0.06494,0.91602,-4.57317,1.40244,-1.28049
251,1256,-0.41148316420351577,0.03432764154622715,0.9134666144718826,-3.908847954186414,1.3114728146392838,-1.3728651079515535,-0.38281,-0.06299,0.91406,-4.32927,1.52439,-1.09756
252,1261,-0.4149148740249859,0.02892669341162648,0.9100868025693704,-3.6039679541864142,1.4944028146392838,-1.3118951079515533,-0.38623,-0.06836,0.91064,-4.02439,1.70732,-1.03659
253,1266,-0.4129581973723933,0.024994159481218917,0.9110552866817861,-3.482017954186414,1.1895228146392838,-1.0679851079515534,-0.38428,-0.07227,0.91162,-3.90244,1.40244,-0.79268
254,1271,-0.4149148740249859,0.03285922734203406,0.9139508565280906,-3.116167954186414,1.0675728146392838,-0.8240851079515534,-0.38623,-0.06445,0.91455,-3.53659,1.28049,-0.54878
255,1276,-0.41442319630202673,0.02696545526219049,0.9100868025693704,-2.933237954186414,1.0675728146392838,-0.7021351079515534,-0.38574,-0.07031,0.91064,-3.35366,1.28049,-0.42683
256,1281,-0.41246651964943415,0.026472631316947593,0.9125080128504098,-2.811287954186414,0.8236728146392838,-0.4582351079515534,-0.38379,-0.0708,0.91309,-3.23171,1.03659,-0.18293
257,1286,-0.4095264875509232,0.03335205128727694,0.9144350985842985,-2.689337954186414,0.7017128146392839,-0.4582351079515534,-0.38086,-0.06396,0.91504,-3.10976,0.91463,-0.18293
258,1290,-0.41148316420351577,0.03432764154622715,0.9125080128504098,-2.2625079541864137,0.5187928146392838,-0.4582351079515534,-0.38281,-0.06299,0.91309,-2.68293,0.73171,-0.18293
259,1296,-0.40756981089833066,0.035313289436712934,0.9105710446255783,-2.018597954186414,0.4578128146392839,-0.4582351079515534,-0.37891,-0.06201,0.91113,-2.43902,0.67073,-0.18293
260,1301,-0.40805145438204576,0.03383481760098427,0.9110552866817861,-1.896647954186414,0.4578128146392839,-0.4582351079515534,-0.37939,-0.06348,0.91162,-2.31707,0.67073,-0.18293
261,1306,-0.402181424424268,0.03482046549147005,0.9120237707942019,-1.8356779541864139,0.5797628146392839,-0.5801851079515534,-0.37354,-0.0625,0.9126,-2.2561,0.79268,-0.30488
262,1311,-0.4031547456309423,0.03383481760098427,0.9043055453677044,-1.8356779541864139,0.5797628146392839,-0.8240851079515534,-0.37451,-0.06348,0.90479,-2.2561,0.79268,-0.54878
263,1316,-0.4046297787998197,0.035806113381955836,0.9028528191990807,-1.896647954186414,0.5797628146392839,-1.0070151079515535,-0.37598,-0.06152,0.90332,-2.31707,0.79268,-0.73171
264,1321,-0.405603100006494,0.03383481760098427,0.9043055453677044,-2.018597954186414,0.4578128146392839,-1.1899351079515534,-0.37695,-0.06348,0.90479,-2.43902,0.67073,-0.91463
265,1326,-0.40364642335390144,0.03875299942187761,0.9047799049329693,-2.079577954186414,0.39684281463928384,-1.6167651079515535,-0.375,-0.05859,0.90527,-2.5,0.60976,-1.34146
266,1331,-0.4026630679079831,0.03138075550630537,0.9081597168354817,-2.079577954186414,0.4578128146392839,-1.8606751079515533,-0.37402,-0.06592,0.90869,-2.5,0.67073,-1.58537
267,1336,-0.40903480982796403,0.03236640339679116,0.9091282009478975,-1.8356779541864139,0.7017128146392839,-2.0435951079515533,-0.38037,-0.06494,0.90967,-2.2561,0.91463,-1.76829
268,1341,-0.4011980689783497,0.03678170364090605,0.9110552866817861,-1.7137279541864139,0.7626928146392838,-2.1655451079515533,-0.37256,-0.06055,0.91162,-2.13415,0.97561,-1.89024
269,1346,-0.4041381010768606,0.030887931561062485,0.9125080128504098,-1.5307979541864138,0.9456228146392838,-2.2875051079515534,-0.37549,-0.06641,0.91309,-1.95122,1.15854,-2.0122
270,1351,-0.40511142228353486,0.035313289436712934,0.911539528737994,-1.3478679541864138,1.0675728146392838,-2.3484751079515536,-0.37646,-0.06201,0.91211,-1.76829,1.28049,-2.07317
271,1356,-0.40364642335390144,0.03187357945154826,0.9067168731578009,-1.2259179541864138,1.4944028146392838,-2.4094551079515534,-0.375,-0.06543,0.90723,-1.64634,1.70732,-2.13415
272,1361,-0.4095264875509232,0.030405165247355155,0.9120237707942019,-1.1039679541864138,1.7992828146392839,-2.3484751079515536,-0.38086,-0.06689,0.9126,-1.52439,2.0122,-2.07317
273,1366,-0.40707813317537145,0.03236640339679116,0.9105710446255783,-0.9820179541864138,1.9212328146392839,-2.5314051079515534,-0.37842,-0.06494,0.91113,-1.40244,2.13415,-2.2561
274,1371,-0.40511142228353486,0.03776735153139183,0.9081597168354817,-0.799087954186414,2.165132814639284,-2.5314051079515534,-0.37646,-0.05957,0.90869,-1.21951,2.37805,-2.2561
275,1375,-0.40707813317537145,0.030405165247355155,0.9086439588916896,-0.799087954186414,2.226102814639284,-2.3484751079515536,-0.37842,-0.06689,0.90918,-1.21951,2.43902,-2.07317
276,1381,-0.40707813317537145,0.0284338694663836,0.9125080128504098,-0.8600679541864138,2.4700128146392837,-2.4094551079515534,-0.37842,-0.06885,0.91309,-1.28049,2.68293,-2.13415
277,1386,-0.405603100006494,0.02696545526219049,0.9105710446255783,-0.7381179541864138,2.774882814639284,-2.2265251079515536,-0.37695,-0.07031,0.91113,-1.15854,2.9878,-1.95122
278,1391,-0.41148316420351577,0.03138075550630537,0.9057483890453851,-1.042987954186414,2.896842814639284,-2.1655451079515533,-0.38281,-0.06592,0.90625,-1.46341,3.10976,-1.89024
279,1396,-0.41197484192647493,0.03187357945154826,0.9052641469891772,-0.921037954186414,3.140742814639284,-2.1045751079515536,-0.3833,-0.06543,0.90576,-1.34146,3.35366,-1.82927
280,1401,-0.41246651964943415,0.03482046549147005,0.9076754747792738,-0.7381179541864138,3.3236728146392838,-2.1045751079515536,-0.38379,-0.0625,0.9082,-1.15854,3.53659,-1.82927
281,1406,-0.40658645545241234,0.03236640339679116,0.9076754747792738,-0.8600679541864138,3.2017128146392837,-2.0435951079515533,-0.37793,-0.06494,0.9082,-1.28049,3.41463,-1.76829
282,1411,-0.4095264875509232,0.03187357945154826,0.9096124430041054,-0.799087954186414,3.506592814639284,-2.2265251079515536,-0.38086,-0.06543,0.91016,-1.21951,3.71951,-1.95122
283,1415,-0.4046297787998197,0.035313289436712934,0.9091282009478975,-0.7381179541864138,3.6895228146392838,-2.4094551079515534,-0.37598,-0.06201,0.90967,-1.15854,3.90244,-2.13415
284,1421,-0.4041381010768606,0.03482046549147005,0.9076754747792738,-0.8600679541864138,3.8114728146392842,-2.7143251079515536,-0.37549,-0.0625,0.9082,-1.28049,4.02439,-2.43902
285,1426,-0.40511142228353486,0.03482046549147005,0.9052641469891772,-0.921037954186414,3.994402814639284,-3.080185107951553,-0.37646,-0.0625,0.90576,-1.34146,4.20732,-2.80488
286,1431,-0.40903480982796403,0.03482046549147005,0.9047799049329693,-1.1649479541864138,4.177322814639284,-3.324085107951553,-0.38037,-0.0625,0.90527,-1.58537,4.39024,-3.04878
287,1436,-0.4085431321050049,0.03875299942187761,0.906232631101593,-1.3478679541864138,4.238302814639284,-3.8728651079515535,-0.37988,-0.05859,0.90674,-1.76829,4.45122,-3.59756
288,1441,-0.40364642335390144,0.04071423757131361,0.9081597168354817,-1.2868979541864138,4.238302814639284,-4.1167651079515535,-0.375,-0.05664,0.90869,-1.70732,4.45122,-3.84146
289,1446,-0.4041381010768606,0.036288879695663155,0.9043055453677044,-1.3478679541864138,4.604152814639284,-4.299695107951554,-0.37549,-0.06104,0.90479,-1.76829,4.81707,-4.02439
290,1451,-0.4026630679079831,0.035806113381955836,0.9081597168354817,-0.921037954186414,4.909032814639284,-4.665545107951554,-0.37402,-0.06152,0.90869,-1.34146,5.12195,-4.39024
291,1456,-0.4041381010768606,0.03335205128727694,0.9086439588916896,-1.042987954186414,5.457812814639284,-4.543595107951554,-0.37549,-0.06396,0.90918,-1.46341,5.67073,-4.26829
292,1461,-0.405603100006494,0.03727452758614894,0.9067168731578009,-1.1649479541864138,6.372452814639284,-4.543595107951554,-0.37695,-0.06006,0.90723,-1.58537,6.58537,-4.26829
293,1466,-0.4060947777294532,0.03285922734203406,0.9081597168354817,-0.6161679541864138,6.982202814639284,-4.421645107951554,-0.37744,-0.06445,0.90869,-1.03659,7.19512,-4.14634
294,1471,-0.39972303580947216,0.03138075550630537,0.9120237707942019,-0.799087954186414,7.835862814639285,-4.543595107951554,-0.37109,-0.06592,0.9126,-1.21951,8.04878,-4.26829
295,1476,-0.39776635915687963,0.03285922734203406,0.9076754747792738,-0.921037954186414,8.994402814639283,-4.543595107951554,-0.36914,-0.06445,0.9082,-1.34146,9.20732,-4.26829
296,1481,-0.4031547456309423,0.03187357945154826,0.9067168731578009,-0.921037954186414,10.091962814639285,-4.482625107951554,-0.37451,-0.06543,0.90723,-1.34146,10.30488,-4.20732
297,1486,-0.3967830037109613,0.03187357945154826,0.9071912327230659,-0.921037954186414,11.128542814639284,-4.482625107951554,-0.36816,-0.06543,0.90771,-1.34146,11.34146,-4.20732
298,1491,-0.4002147135324314,0.029419517356869377,0.9129823724156747,-0.921037954186414,12.287082814639284,-4.421645107951554,-0.37158,-0.06787,0.91357,-1.34146,12.5,-4.14634
299,1496,-0.4041381010768606,0.03236640339679116,0.9197419962206994,-0.7381179541864138,13.323672814639284,-4.421645107951554,-0.37549,-0.06494,0.92041,-1.15854,13.53659,-4.14634
300,1500,-0.4031547456309423,0.027458279207433385,0.9129823724156747,-0.921037954186414,14.482202814639283,-4.665545107951554,-0.37451,-0.06982,0.91357,-1.34146,14.69512,-4.39024
301,1506,-0.3948263270583687,0.0245113931675116,0.911539528737994,-0.555187954186414,16.067572814639284,-4.726525107951554,-0.36621,-0.07275,0.91211,-0.97561,16.28049,-4.45122
302,1511,-0.38404955411024344,0.02991234130211227,0.9134666144718826,-0.250307954186414,17.774882814639284,-4.909455107951554,-0.35547,-0.06738,0.91406,-0.67073,17.9878,-4.63415
303,1516,-0.38257452094136596,0.027458279207433385,0.9158779422619792,-0.3112879541864139,20.030982814639284,-4.787505107951554,-0.354,-0.06982,0.9165,-0.73171,20.2439,-4.5122
304,1521,-0.3953180047813279,0.001429128793380243,0.9216690819545881,0.23749204581358604,22.530982814639284,-4.604575107951554,-0.3667,-0.0957,0.92236,-0.18293,22.7439,-4.32927
305,1526,-0.386006230762836,0.010752553226852897,0.9178149104868109,1.396032045813586,24.604152814639285,-4.787505107951554,-0.35742,-0.08643,0.91846,0.97561,24.81707,-4.5122
306,1531,-0.37228942571619983,0.025979807371704695,0.9096124430041054,1.944812045813586,27.591962814639285,-4.848475107951554,-0.34375,-0.07129,0.91016,1.52439,27.80488,-4.57317
307,1536,-0.39580968250428705,0.022047273441297133,0.9120237707942019,2.371642045813586,31.189522814639282,-4.604575107951554,-0.36719,-0.0752,0.9126,1.95122,31.40244,-4.32927
308,1540,-0.3963013602272462,0.0245113931675116,0.9125080128504098,3.286272045813586,33.445622814639286,-4.665545107951554,-0.36768,-0.07275,0.91309,2.86585,33.65854,-4.39024
309,1546,-0.4002147135324314,0.022047273441297133,0.9154035826967143,4.078962045813586,35.51879281463928,-4.543595107951554,-0.37158,-0.0752,0.91602,3.65854,35.73171,-4.26829
310,1551,-0.39580968250428705,0.01567073504774625,0.9192577541644915,4.6887120458135865,38.384642814639285,-4.055795107951553,-0.36719,-0.08154,0.91992,4.26829,38.59756,-3.78049
311,1556,-0.4046297787998197,-0.00495746723170622,0.9236060501794198,6.213102045813586,41.616352814639285,-3.5070151079515535,-0.37598,-0.10205,0.92432,5.79268,41.82927,-3.23171
312,1561,-0.40364642335390144,0.025979807371704695,0.9043055453677044,7.554572045813586,44.54318281463929,-3.446035107951553,-0.375,-0.07129,0.90479,7.13415,44.7561,-3.17073
313,1566,-0.41197484192647493,0.019593211346618247,0.9071912327230659,8.591152045813587,47.65294281463928,-3.080185107951553,-0.3833,-0.07764,0.90771,8.17073,47.86586,-2.80488
314,1571,-0.4163899071938634,0.01713914925193936,0.911539528737994,9.383842045813585,50.51879281463928,-2.7753051079515534,-0.3877,-0.08008,0.91211,8.96342,50.73171,-2.5
315,1576,-0.4158982294709042,0.020578859237104025,0.9096124430041054,9.810662045813586,53.26269281463929,-2.6533551079515534,-0.38721,-0.07666,0.91016,9.39024,53.47561,-2.37805
316,1581,-0.4168715506775785,0.01567073504774625,0.9129823724156747,10.359442045813585,56.433422814639286,-2.1655451079515533,-0.38818,-0.08154,0.91357,9.93902,56.64634,-1.89024
317,1586,-0.4266750024190295,0.009284139022659801,0.9086439588916896,10.542372045813586,60.03098281463928,-1.4948151079515535,-0.39795,-0.08789,0.90918,10.12195,60.2439,-1.21951
318,1591,-0.4335384220619696,0.017631973197182255,0.9052641469891772,10.786272045813586,63.26269281463929,-1.0070151079515535,-0.40479,-0.07959,0.90576,10.36585,63.47561,-0.73171
319,1596,-0.4359867764375213,0.026472631316947593,0.9057483890453851,11.578962045813586,66.25050281463928,-0.9460351079515534,-0.40723,-0.0708,0.90625,11.15854,66.46342,-0.67073
320,1601,-0.43843513081307306,0.030887931561062485,0.9110552866817861,12.615542045813585,69.4822028146393,-0.7631051079515534,-0.40967,-0.06641,0.91162,12.19512,69.69512,-0.4878
321,1606,-0.4399001297427065,0.030405165247355155,0.9071912327230659,13.103352045813587,73.26269281463928,-0.7631051079515534,-0.41113,-0.06689,0.90771,12.68293,73.47561,-0.4878
322,1611,-0.4399001297427065,0.03285922734203406,0.9081597168354817,13.713102045813587,77.59196281463929,-0.8850651079515535,-0.41113,-0.06445,0.90869,13.29268,77.80488,-0.60976
323,1616,-0.4452885162167691,0.029419517356869377,0.9211947223893232,14.017982045813586,81.9822028146393,-0.8850651079515535,-0.4165,-0.06787,0.92188,13.59756,82.19512,-0.60976
324,1621,-0.4423484841182582,0.030405165247355155,0.9125080128504098,14.139932045813586,86.31147281463927,-0.9460351079515534,-0.41357,-0.06689,0.91309,13.71951,86.52439,-0.67073
325,1625,-0.4452885162167691,0.03236640339679116,0.9207104803331153,14.932622045813586,91.55538281463927,-1.0679851079515534,-0.4165,-0.06494,0.92139,14.5122,91.7683,-0.79268
326,1631,-0.451168580413791,0.036288879695663155,0.9231218081232119,15.603352045813587,96.73831281463927,-1.3118951079515533,-0.42236,-0.06104,0.92383,15.18293,96.95123,-1.03659
327,1636,-0.45361693478934273,0.0451295378154285,0.9081597168354817,15.786272045813586,101.55538281463927,-1.7387151079515535,-0.4248,-0.05225,0.90869,15.36585,101.7683,-1.46341
328,1641,-0.4555836456811793,0.043168299665992504,0.9043055453677044,16.517982045813586,106.9212328146393,-2.2265251079515536,-0.42676,-0.0542,0.90479,16.09756,107.13415,-1.95122
329,1646,-0.45998867670932364,0.04366112361123539,0.9047799049329693,17.188712045813585,112.59196281463929,-3.080185107951553,-0.43115,-0.05371,0.90527,16.76829,112.80488,-2.80488
330,1651,-0.474197159478919,0.03923576573558493,0.8999572493527762,17.737492045813585,118.75050281463928,-3.8728651079515535,-0.44531,-0.05811,0.90039,17.31707,118.96342,-3.59756
331,1656,-0.48400061122037,0.025486983426461815,0.9125080128504098,17.981402045813585,125.57977281463928,-4.543595107951554,-0.45508,-0.07178,0.91309,17.56098,125.79269,-4.26829
332,1661,-0.47273216054928563,0.01567073504774625,0.922153324010796,17.981402045813585,132.89684281463929,-4.909455107951554,-0.44385,-0.08154,0.92285,17.56098,133.10976,-4.63415
333,1665,-0.48546561015000345,0.02991234130211227,0.9337356033960138,17.005792045813585,141.3114828146393,-5.214325107951554,-0.45654,-0.06738,0.93457,16.58537,141.5244,-4.93902
334,1671,-0.4663604186293046,0.04071423757131361,0.9182991525430189,14.688712045813586,150.2748928146393,-5.702135107951554,-0.4375,-0.05664,0.91895,14.26829,150.48781,-5.42683
335,1676,-0.4624370310848754,0.0603567919602803,0.9047799049329693,12.981402045813587,160.0919728146393,-6.4948151079515535,-0.43359,-0.03711,0.90527,12.56098,160.30489,-6.21951
336,1681,-0.46734377407522293,0.06919745008004564,0.8999572493527762,11.457012045813586,170.57977281463928,-8.750915107951553,-0.43848,-0.02832,0.90039,11.03659,170.79269,-8.47561
337,1686,-0.4849739324270443,0.08884000446901234,0.8951345937725832,9.932622045813586,181.3724528146393,-12.775305107951553,-0.45605,-0.00879,0.89551,9.5122,181.58537,-12.5
338,1691,-0.4830172557744517,0.10161319651918524,0.8999572493527762,7.798472045813586,192.2870828146393,-17.16554510795155,-0.4541,0.00391,0.90039,7.37805,192.5,-16.89024
339,1696,-0.5192709621632567,0.09866631047926346,0.8729385191145633,3.835052045813586,203.8724528146393,-21.616765107951554,-0.49023,0.00098,0.87305,3.41463,204.08537,-21.34146
340,1701,-0.5457312510498548,0.078038108199811,0.8666631373657466,0.29847204581358605,216.6163528146393,-25.64115510795155,-0.5166,-0.01953,0.8667,-0.12195,216.82927,-25.36585
341,1706,-0.5623880881950021,0.09080124261844832,0.8555651000367366,-4.884457954186414,230.33586281463928,-29.909455107951555,-0.5332,-0.00684,0.85547,-5.30488,230.54878,-29.63415
342,1711,-0.536419477031363,0.11241509278838657,0.8473626325540312,-12.445427954186414,245.0309928146393,-34.17774510795155,-0.50732,0.01465,0.84717,-12.86585,245.24391,-33.90244
343,1716,-0.5594480560964911,0.12027010301766615,0.8512168040218084,-17.872257954186416,259.1773428146393,-38.62896510795155,-0.53027,0.02246,0.85107,-18.29268,259.39026,-38.35366
344,1721,-0.6407855994088781,0.16594180782068596,0.8439828206515189,-20.189337954186417,271.2504928146393,-42.836285107951554,-0.61133,0.06787,0.84375,-20.60976,271.46341,-42.56098
345,1726,-0.7314248825005126,0.18067623802029487,0.848321234175504,-18.786897954186415,281.5553928146393,-45.824085107951554,-0.70166,0.08252,0.84814,-19.20732,281.76831,-45.54878
346,1731,-0.7931555223299975,0.15660832575567774,0.8449513047639347,-17.079577954186416,290.8236728146393,-48.872865107951554,-0.76318,0.05859,0.84473,-17.5,291.03659,-48.59756
347,1736,-0.8774330977408954,0.12223134116710214,0.8401187666927986,-14.945427954186414,300.5188028146393,-50.94603510795155,-0.84717,0.02441,0.83984,-15.36585,300.73172,-50.67073
348,1741,-0.9837458625317589,0.09817348653402057,0.8425399769738381,-11.347867954186414,308.5675728146393,-52.04360510795156,-0.95312,0.00049,0.84229,-11.76829,308.78049,-51.7683
349,1746,-0.9837458625317589,0.09817348653402057,0.8425399769738381,-11.347867954186414,308.5675728146393,-52.04360510795156,-0.95312,0.00049,0.84229,-11.76829,308.78049,-51.7683
350,1750,-1.166991139606865,0.10504284887281434,0.9361469311861104,-4.823477954186414,314.4822128146393,-49.84847510795155,-1.13574,0.00732,0.93701,-5.2439,314.69513,-49.57317
351,1756,-1.6226459436798344,0.10504284887281434,1.2584841382745482,20.847252045813583,303.7504928146393,-39.482625107951556,-1.58984,0.00732,1.26318,20.42683,303.96341,-39.20732
352,1761,-1.6662547474345388,0.053970195935193845,1.2584841382745482,33.225302045813585,289.9090328146393,-33.933845107951555,-1.6333,-0.04346,1.26318,32.80488,290.12195,-33.65854
353,1766,-1.483992825805351,0.03432764154622715,1.1460510388158256,38.59115204581359,277.9578328146393,-35.27530510795155,-1.45166,-0.06299,1.14941,38.17073,278.17075,-35.0
354,1771,-1.3580731575315856,0.10848255885797901,1.096836233919593,41.457012045813585,270.7627028146393,-37.653355107951555,-1.32617,0.01074,1.09961,41.03659,270.97562,-37.37805
355,1776,-1.3580731575315856,0.10848255885797901,1.096836233919593,41.457012045813585,270.7627028146393,-37.653355107951555,-1.32617,0.01074,1.09961,41.03659,270.97562,-37.37805
356,1781,-1.2493020041259262,0.1492461394716411,1.0717445894152686,45.42042204581359,266.1895228146393,-37.714335107951555,-1.21777,0.05127,1.07422,45.0,266.40244,-37.43903
357,1786,-1.13073743321806,0.19343937243893225,1.0181814885041078,53.957012045813585,263.3846428146393,-35.76310510795155,-1.09961,0.09521,1.02002,53.53659,263.59756,-35.4878
358,1790,-1.1611110754098433,0.14531360554123351,1.1224121204801252,61.944812045813585,261.9822128146393,-35.03140510795156,-1.12988,0.04736,1.12549,61.52439,262.19513,-34.7561
359,1796,-1.2365685545252083,0.3535367512221231,1.2613797081208526,66.63993204581358,249.9700228146393,-36.79969510795155,-1.20508,0.25439,1.26611,66.21951,250.18294,-36.52439
360,1801,-1.3521930933345638,0.1605408596860853,1.3554807868802758,69.74969204581357,239.8480528146393,-39.421645107951555,-1.32031,0.0625,1.36133,69.32927,240.06097,-39.14634
361,1806,-1.3649365771745257,0.07459839821464631,1.2676550898696695,67.79847204581358,226.2505028146393,-48.689935107951555,-1.33301,-0.02295,1.27246,67.37805,226.46342,-48.41463
362,1811,-1.3649365771745257,0.07459839821464631,1.2676550898696695,67.79847204581358,226.2505028146393,-48.689935107951555,-1.33301,-0.02295,1.27246,67.37805,226.46342,-48.41463
363,1816,-1.3365196116353348,0.1492461394716411,0.9887415479848554,60.96920204581359,217.1651328146393,-58.202135107951555,-1.30469,0.05127,0.99023,60.54878,217.37805,-57.92683
364,1821,-1.2400002643466783,0.2125991605141916,0.8623148413508184,56.70091204581359,214.7261128146393,-66.37286510795155,-1.2085,0.11426,0.8623,56.28049,214.93903,-66.09756
365,1826,-1.1263223679506715,0.2597392795214045,0.8931976255477515,53.286282045813586,213.38464281463928,-73.20213510795155,-1.09521,0.16113,0.89355,52.86586,213.59756,-72.92683
366,1831,-1.033234730483485,0.29657032620465906,1.0167287623354841,49.81066204581359,209.9700228146393,-79.23872510795155,-1.00244,0.19775,1.01855,49.39024,210.18294,-78.96342
367,1836,-0.7637652355841328,0.2636718134518121,1.1528106626208503,43.042372045813586,194.6041628146393,-89.36067510795155,-0.73389,0.16504,1.15625,42.62195,194.81708,-89.08537
368,1841,-0.7637652355841328,0.2636718134518121,1.1528106626208503,43.042372045813586,194.6041628146393,-89.36067510795155,-0.73389,0.16504,1.15625,42.62195,194.81708,-89.08537
369,1846,-0.7265281737494091,0.2700584094768985,1.1455766792505606,37.24969204581359,186.8602628146393,-94.36067510795155,-0.69678,0.17139,1.14893,36.82927,187.07318,-94.08537
370,1851,-0.61775702034375,0.3162229382251613,1.0601623100300508,28.896032045813584,176.9822128146393,-98.56799510795155,-0.58838,0.21729,1.0625,28.47561,177.19513,-98.29269
371,1856,-0.4693004507278155,0.368271181421732,0.985371618573286,18.164322045813584,166.4334328146393,-101.06799510795155,-0.44043,0.26904,0.98682,17.7439,166.64635,-100.79269
372,1861,-0.033734193621463224,0.21505322260887047,1.2029939516294987,16.091152045813587,154.3602628146393,-100.09238510795156,-0.00635,0.1167,1.20703,15.67073,154.57318,-99.81708
373,1866,-0.4085431321050049,0.08343905633441165,1.0760830029392539,14.322862045813586,133.20172281463928,-100.03140510795156,-0.37988,-0.01416,1.07861,13.90244,133.41464,-99.7561
374,1871,-1.480561115983881,0.43850362243461183,1.4683981283952063,5.420422045813586,109.90904281463929,-101.43384510795156,-1.44824,0.33887,1.47559,5.0,110.12196,-101.15854
375,1875,-1.3904135106152054,0.4488126947585703,2.049854248009592,15.481402045813587,63.07976281463928,-90.70213510795155,-1.3584,0.34912,2.06396,15.06098,63.29268,-90.42683
376,1881,-0.9587606068140383,0.28626125388070056,1.9311556492929958,24.627742045813584,8.750502814639283,-79.60457510795155,-0.92822,0.1875,1.94385,24.20732,8.96342,-79.32927
377,1886,-0.7034995946842814,0.27348806183052765,1.6363214144989786,29.688712045813585,-30.029987185360717,-70.27530510795155,-0.67383,0.1748,1.64551,29.26829,-29.81707,-70.0
378,1891,-0.474197159478919,0.35845493304301645,1.39167046871361,31.578962045813583,-57.52998718536072,-61.31189510795155,-0.44531,0.25928,1.39795,31.15854,-57.31707,-61.03659
379,1896,-0.21648779297361018,0.44095768452929074,1.08091554101039,27.615542045813584,-77.28608718536071,-54.17774510795155,-0.18848,0.34131,1.0835,27.19512,-77.07317,-53.90244
380,1901,-0.01461896786152033,0.44291892267872673,0.7981379451668555,20.969202045813585,-87.04218718536072,-48.08018510795155,0.0127,0.34326,0.79736,20.54878,-86.82927,-47.80488
381,1906,0.09512550675081323,0.4183682441004023,0.6186323796778657,11.883842045813585,-88.87145718536073,-43.44603510795155,0.12207,0.31885,0.61572,11.46342,-88.65854,-43.17073
382,1911,0.1475544068010503,0.3997012799703858,0.5153702318142641,0.7862720458135861,-86.55438718536072,-39.970425107951556,0.17432,0.30029,0.51123,0.36585,-86.34147,-39.69512
383,1915,0.156374503096583,0.39184626974110626,0.46518694280561573,-11.469817954186414,-81.85926718536072,-36.79969510795155,0.18311,0.29248,0.46045,-11.89024,-81.64635,-36.52439
384,1921,0.1191374412618596,0.35256116096317286,0.45263617930798206,-22.201527954186414,-76.37145718536073,-32.836285107951554,0.146,0.25342,0.44775,-22.62195,-76.15854,-32.56098
385,1926,0.07945202505158447,0.2960875598909517,0.45891156105679887,-29.701527954186414,-72.16413718536072,-27.958235107951552,0.10645,0.19727,0.4541,-30.12195,-71.95122,-27.68293
386,1931,0.04612831652204622,0.24697614510276716,0.4811076357148186,-33.54299795418641,-70.09096718536071,-21.982625107951552,0.07324,0.14844,0.47656,-33.96342,-69.87805,-21.70732
387,1936,0.0064429003117710765,0.21456039866362756,0.5230884572407617,-34.21372795418641,-69.78608718536071,-14.726525107951552,0.03369,0.11621,0.51904,-34.63415,-69.57317,-14.45122
388,1941,-0.04058757902515928,0.19786473031458268,0.5776200422643383,-32.20152795418641,-71.18852718536073,-6.3728651079515535,-0.01318,0.09961,0.57422,-32.62195,-70.97561,-6.09756
389,1946,-0.09644818889686642,0.18902407219481734,0.6340787130218036,-28.421037954186417,-74.60315718536071,2.2856748920484464,-0.06885,0.09082,0.63135,-28.84146,-74.39024,2.56098
390,1951,-0.13221021756271234,0.1875556579906242,0.6775023782254274,-23.847867954186416,-80.21291718536071,11.371034892048447,-0.10449,0.08936,0.67529,-24.26829,-80.0,11.64634
391,1956,-0.14985041015377776,0.1939321963841751,0.6963285234718778,-19.701527954186414,-86.67633718536072,20.33445489204845,-0.12207,0.0957,0.69434,-20.12195,-86.46342,20.60976
392,1961,-0.16553392609225057,0.21210633656894867,0.711764974324873,-16.774697954186415,-93.62754718536073,28.810064892048448,-0.1377,0.11377,0.70996,-17.19512,-93.41463,29.08537
393,1966,-0.18219076323739766,0.22978765280847938,0.7247900973877714,-15.372257954186415,-100.5787671853607,36.37103489204845,-0.1543,0.13135,0.72314,-15.79268,-100.36585,36.64634
394,1971,-0.20766769667807744,0.23960390118719496,0.7387837045630857,-15.616157954186415,-107.83487718536071,43.261284892048444,-0.17969,0.14111,0.7373,-16.03658,-107.62196,43.53659
395,1976,-0.23754966114690157,0.24452208300808828,0.7556728815847046,-17.506407954186415,-114.78608718536071,49.60274489204845,-0.20947,0.146,0.75439,-17.92683,-114.57317,49.87805
396,1981,-0.26989001423052145,0.24009672513243785,0.779805924467556,-20.555187954186415,-121.92023718536072,54.907624892048446,-0.2417,0.1416,0.77881,-20.97561,-121.70732,55.18293
397,1986,-0.3125154625393075,0.2288020049179936,0.8048975689718803,-23.969817954186414,-129.7251071853607,59.66372489204845,-0.28418,0.13037,0.8042,-24.39024,-129.51219,59.93903
398,1991,-0.34926084665107177,0.21652163681306358,0.8261251595174842,-27.750307954186415,-137.8958571853607,64.05396489204844,-0.3208,0.11816,0.82568,-28.17073,-137.68294,64.32927
399,1996,-0.3928696504057761,0.19098531034425334,0.8488054762317119,-31.347867954186416,-146.1885371853607,67.77347489204844,-0.36426,0.09277,0.84863,-31.76829,-145.97562,68.04878
400,2000,-0.43549509871456216,0.1605408596860853,0.8603877556169297,-33.96981795418641,-154.90804718536072,70.82225489204845,-0.40674,0.0625,0.86035,-34.39024,-154.69513,71.09756
401,2006,-0.474197159478919,0.1305791753416246,0.8681059810434273,-35.92103795418641,-163.9934071853607,73.26128489204845,-0.44531,0.03271,0.86816,-36.34146,-163.78049,73.53659
402,2011,-0.503597480464028,0.0947337765488559,0.8560493420929446,-36.774697954186415,-172.7129171853607,74.60274489204845,-0.47461,-0.00293,0.85596,-37.19512,-172.5,74.87805
403,2016,-0.5104609001069681,0.04366112361123539,0.8348118690563976,-36.04299795418641,-180.9446171853607,75.21250489204844,-0.48145,-0.05371,0.83447,-36.46342,-180.7317,75.48781
404,2021,-0.5129092544825199,-0.009865591421063996,0.8044133269156724,-33.725917954186414,-188.1397471853607,74.60274489204845,-0.48389,-0.10693,0.80371,-34.14634,-187.92683,74.87805
405,2026,-0.5055541571166207,-0.06241671619441316,0.7812487681452368,-29.396647954186417,-193.7495071853607,73.01738489204844,-0.47656,-0.15918,0.78027,-29.81707,-193.53659,73.29269
406,2031,-0.5055541571166207,-0.11692907911719834,0.7605054196558406,-23.299087954186415,-197.8348771853607,70.57835489204845,-0.47656,-0.21338,0.75928,-23.71951,-197.62196,70.85366
407,2036,-0.5109425435906833,-0.15572136394988884,0.753261553794608,-16.103967954186416,-200.7007271853607,67.40762489204845,-0.48193,-0.25195,0.75195,-16.52439,-200.48781,67.68293
408,2040,-0.5182976409565825,-0.17634956622934128,0.7465118124805263,-7.994207954186415,-202.6519471853607,63.566154892048445,-0.48926,-0.27246,0.74512,-8.41463,-202.43903,63.84146
409,2046,-0.5310310905573005,-0.1886299343342713,0.7513344680607195,-0.18933795418641391,-203.9934071853607,59.114934892048446,-0.50195,-0.28467,0.75,-0.60976,-203.78049,59.39024
410,2051,-0.5569997017209393,-0.18813711038902842,0.7677394030261303,6.639932045813586,-204.90804718536072,54.23689489204845,-0.52783,-0.28418,0.7666,6.21951,-204.69513,54.5122
411,2056,-0.5839516683304967,-0.18125769041869905,0.7909039617965659,12.493592045813585,-206.0056071853607,48.87103489204845,-0.55469,-0.27734,0.79004,12.07317,-205.79269,49.14634
412,2061,-0.6172653426207908,-0.16947014625901197,0.8164798483570981,16.822862045813583,-207.22512718536072,43.32225489204845,-0.58789,-0.26562,0.81592,16.40244,-207.01221,43.59756
413,2066,-0.6545024044555141,-0.14737352977536639,0.837707438902702,19.505792045813585,-208.8714571853607,37.65152489204845,-0.625,-0.24365,0.8374,19.08537,-208.65854,37.92683
414,2071,-0.6853677243702567,-0.12282285119704191,0.8541123738681129,20.786272045813583,-210.5787771853607,32.04176489204845,-0.65576,-0.21924,0.854,20.36585,-210.36586,32.31707
415,2076,-0.7054562713368738,-0.09777934867347457,0.8652104111971228,21.396032045813584,-212.40804718536072,26.919814892048446,-0.67578,-0.19434,0.86523,20.97561,-212.19513,27.19512
416,2081,-0.71917307638351,-0.08107362269289407,0.8743813627922441,21.213102045813585,-213.9934071853607,22.346644892048445,-0.68945,-0.17773,0.87451,20.79268,-213.78049,22.62195
417,2086,-0.7314248825005126,-0.06831048827425673,0.8825838302749495,21.091152045813583,-215.1519471853607,18.383234892048446,-0.70166,-0.16504,0.88281,20.67073,-214.93903,18.65854
418,2091,-0.7373049466975347,-0.048175109940047166,0.8912705398138628,21.396032045813584,-215.8836471853607,15.212504892048447,-0.70752,-0.14502,0.8916,20.97561,-215.67073,15.48781
419,2096,-0.7426933331715971,-0.03098661764575935,0.9004414914089841,22.066762045813583,-216.4934071853607,13.322254892048447,-0.71289,-0.12793,0.90088,21.64634,-216.28049,13.59756
420,2101,-0.7466167207160265,-0.013305301406228674,0.9110552866817861,23.042372045813583,-216.6153671853607,12.285674892048448,-0.7168,-0.11035,0.91162,22.62195,-216.40245,12.56098
421,2106,-0.7549451392886,0.011245377172095793,0.9216690819545881,24.749692045813585,-216.4934071853607,12.224694892048447,-0.7251,-0.08594,0.92236,24.32927,-216.28049,12.5
422,2111,-0.7622902024152552,0.035806113381955836,0.9361469311861104,26.517982045813586,-215.8836471853607,13.200304892048447,-0.73242,-0.06152,0.93701,26.09756,-215.67073,13.47561
423,2116,-0.7740503308092987,0.06134243985076608,0.9597957320127539,28.347252045813583,-214.90804718536072,15.090544892048447,-0.74414,-0.03613,0.96094,27.92683,-214.69513,15.36585
424,2121,-0.7931555223299975,0.08197064213021855,0.9863302201947588,30.298472045813586,-213.5056071853607,17.956404892048447,-0.76318,-0.01562,0.98779,29.87805,-213.29269,18.23171
425,2125,-0.8294192629580467,0.09866631047926346,1.0215613004066202,32.127742045813584,-211.85926718536072,21.614934892048446,-0.79932,0.00098,1.02344,31.70732,-211.64635,21.89024
426,2131,-0.8759580645720181,0.11241509278838657,1.05871946635237,33.65213204581359,-210.6397471853607,25.273474892048448,-0.8457,0.01465,1.06104,33.23171,-210.42683,25.54878
427,2136,-0.922015222702274,0.13647294742146815,1.096351991863385,35.11554204581359,-210.2129171853607,28.992984892048447,-0.8916,0.03857,1.09912,34.69512,-210.0,29.26829
428,2141,-0.9700290574851228,0.16348774572600708,1.127719018116526,35.786282045813586,-210.2129171853607,32.529574892048444,-0.93945,0.06543,1.13086,35.36586,-210.0,32.80488
429,2146,-1.023441312981278,0.19147813428949623,1.159570286425875,35.35945204581359,-210.6397471853607,36.127134892048446,-0.99268,0.09326,1.16309,34.93903,-210.42683,36.40244
430,2151,-1.092035372453703,0.21996134679822824,1.1914116722442811,34.01798204581359,-211.3714571853607,39.72469489204845,-1.06104,0.12158,1.19531,33.59756,-211.15854,40.0
431,2156,-1.1532743345602288,0.2454976732670385,1.2198831286511176,32.31067204581359,-212.5909671853607,43.261284892048444,-1.12207,0.14697,1.22412,31.89025,-212.37805,43.53659
432,2161,-1.206184878094181,0.2636718134518121,1.2358038215603204,30.481402045813585,-214.72512718536072,47.28567489204845,-1.1748,0.16504,1.24023,30.06098,-214.51221,47.56098
433,2165,-1.2542087471162737,0.2867540778259434,1.2391836334628328,28.713102045813585,-217.10315718536071,51.91981489204845,-1.22266,0.18799,1.24365,28.29268,-216.89024,52.19512
434,2171,-1.2914458089509973,0.3034497461749883,1.2261585103999344,26.700912045813585,-218.9934071853607,57.04176489204845,-1.25977,0.20459,1.23047,26.28049,-218.78049,57.31707
435,2176,-1.3321045463679464,0.3275176584396055,1.2005826238394022,24.993592045813585,-220.6397471853607,62.83445489204845,-1.30029,0.22852,1.20459,24.57317,-220.42683,63.10976
436,2181,-1.3766967055685693,0.3496142749232511,1.1861047746078799,23.408232045813584,-221.43242718536072,69.54177489204845,-1.34473,0.25049,1.18994,22.98781,-221.21951,69.81708
437,2186,-1.425202218074377,0.37121806746165376,1.1610131301035558,21.457012045813585,-221.79828718536072,76.98079489204845,-1.39307,0.27197,1.16455,21.03659,-221.58537,77.2561
438,2191,-1.480561115983881,0.37515060139206136,1.1349530014868157,19.627742045813584,-221.67633718536072,84.96859489204844,-1.44824,0.27588,1.13818,19.20732,-221.46342,85.2439
439,2196,-1.5315149828652406,0.3618946430281811,1.1055229434585063,17.798472045813586,-220.5787771853607,93.01738489204844,-1.49902,0.2627,1.1084,17.37805,-220.36586,93.29269
440,2201,-1.592272301488051,0.3294788965890415,1.0659534497226597,16.396032045813584,-218.6275571853607,101.12713489204845,-1.55957,0.23047,1.06836,15.97561,-218.41464,101.40244
441,2206,-1.6378377818953482,0.292647849905787,1.0201085742379965,15.908232045813586,-215.9446371853607,109.17592489204844,-1.60498,0.19385,1.02197,15.48781,-215.73172,109.45123
442,2211,-1.677031520382664,0.23420295305259428,0.9670297153830435,16.274082045813586,-212.4690171853607,116.79786489204845,-1.64404,0.13574,0.96826,15.85366,-212.2561,117.07317
443,2216,-1.712803583287754,0.1875556579906242,0.9245646518008925,17.066762045813583,-207.8348771853607,123.87104489204845,-1.67969,0.08936,0.92529,16.64634,-207.62196,124.14635
444,2221,-1.7608174180706029,0.14188395318760438,0.9014099755214,17.371642045813584,-202.5909671853607,129.96860489204843,-1.72754,0.04395,0.90186,16.95122,-202.37805,130.24391
445,2226,-1.8323515096415386,0.1133906830473368,0.8792040183724371,16.396032045813584,-198.0178071853607,134.29787489204844,-1.79883,0.01562,0.87939,15.97561,-197.80489,134.57318
446,2231,-1.8945738271939827,0.10357443466862125,0.8497739603441278,13.896032045813586,-194.66413718536072,136.91982489204844,-1.86084,0.00586,0.84961,13.47561,-194.45122,137.19513
447,2236,-1.9367075977798096,0.08393188027965455,0.7933152895866624,9.322862045813586,-192.34707718536072,138.26128489204842,-1.90283,-0.01367,0.79248,8.90244,-192.13416,138.53659
448,2241,-1.950424402826446,0.05299460567624363,0.7141763021149695,2.798472045813586,-190.5178071853607,137.83445489204843,-1.9165,-0.04443,0.7124,2.37805,-190.30489,138.10976
449,2246,-1.9509160805494048,0.001429128793380243,0.6239392773142666,-4.518597954186414,-188.5056071853607,135.70031489204843,-1.91699,-0.0957,0.62109,-4.93902,-188.29269,135.97562
450,2250,-1.9376909532257278,-0.06192389224917028,0.521645613563081,-11.713727954186414,-185.7616971853607,132.10274489204843,-1.90381,-0.15869,0.51758,-12.13415,-185.54878,132.37805
451,2256,-1.8877104075510427,-0.12036878910236301,0.4096967561605662,-17.262507954186415,-181.85926718536072,126.91981489204845,-1.854,-0.2168,0.4043,-17.68293,-181.64635,127.19512
452,2261,-1.8186347045949025,-0.16996297020425485,0.2837542915827371,-20.799087954186415,-176.0665871853607,120.21250489204844,-1.78516,-0.26611,0.27686,-21.21951,-175.85367,120.48781
453,2266,-1.7265203883343903,-0.21711314684300334,0.16263448258510105,-22.628357954186416,-168.2007271853607,112.46859489204844,-1.69336,-0.31299,0.1543,-23.04878,-167.98781,112.7439
454,2271,-1.620689267027242,-0.28488146812966875,0.051644226804059105,-22.445427954186414,-157.7738871853607,103.38323489204845,-1.58789,-0.38037,0.04199,-22.86585,-157.56097,103.65854
455,2276,-1.5839438829154775,-0.38654400769120245,-0.05210216311575022,-19.030797954186415,-144.60315718536071,93.68811489204845,-1.55127,-0.48145,-0.06299,-19.45122,-144.39024,93.96342
456,2281,-1.6153008805531792,-0.4685539352322339,-0.11000367755089623,-12.140557954186415,-130.4568271853607,83.26128489204845,-1.58252,-0.56299,-0.12158,-12.56098,-130.24391,83.53659
457,2286,-1.6814465856500524,-0.5206122360603401,-0.14282342997266104,-2.933237954186414,-117.04218718536072,71.06616489204845,-1.64844,-0.61475,-0.15479,-3.35366,-116.82927,71.34147
458,2290,-1.7735508676713205,-0.5549892206489158,-0.17901311180599516,7.371642045813586,-105.7007271853607,57.77347489204845,-1.74023,-0.64893,-0.19141,6.95122,-105.48781,58.04878
459,2296,-1.8450849592422565,-0.5721777129432034,-0.2098958960029283,18.164322045813584,-96.73730718536072,43.749084892048444,-1.81152,-0.66602,-0.22266,17.7439,-96.52439,44.02439
460,2301,-1.88575373089845,-0.5780714850230472,-0.26297475485788124,28.225302045813585,-89.29828718536072,29.724694892048447,-1.85205,-0.67188,-0.27637,27.80488,-89.08537,30.0
461,2306,-1.8818303433540207,-0.5667667071770672,-0.33294279073445293,37.18872204581359,-81.92023718536072,15.944204892048447,-1.84814,-0.66064,-0.34717,36.7683,-81.70732,16.21951
462,2311,-1.8387232515615197,-0.537800728354628,-0.41593594967392317,43.65213204581359,-73.1397471853607,3.3222548920484467,-1.80518,-0.63184,-0.43115,43.23171,-72.92683,3.59756
463,2316,-1.5893322693895402,-0.34135506920188996,-0.6769918304247027,45.48140204581359,-60.578777185360714,-8.689935107951554,-1.55664,-0.43652,-0.69531,45.06098,-60.36586,-8.41463
464,2321,-2.0763440711002117,-0.05456170596513362,-1.3636569486184644,12.432622045813586,-6.8592571853607165,-28.202135107951552,-2.04199,-0.15137,-1.39014,12.0122,-6.64634,-27.92683
465,2326,-1.8911421173725127,-0.0466966381043185,-1.070749799558336,-37.93323795418641,49.36025281463928,-43.933845107951555,-1.85742,-0.14355,-1.09375,-38.35366,49.57317,-43.65854
466,2331,-0.8715530335438736,-0.2279150431122047,-1.3911599209128853,-77.32347795418642,60.51879281463928,-60.824085107951554,-0.84131,-0.32373,-1.41797,-77.7439,60.73171,-60.54878
467,2336,-1.4335306366469507,-0.496544323795723,-1.5421940299950385,-93.05518795418642,101.37245281463927,-77.40945510795156,-1.40137,-0.59082,-1.5708,-93.47561,101.58537,-77.13415
468,2341,-2.1390580663756147,-0.8791064545141695,-1.0292532200886009,-89.33567795418642,145.88464281463928,-82.77530510795155,-2.10449,-0.97119,-1.05176,-89.7561,146.09756,-82.5
469,2346,-0.7867938146492606,-0.8412897599404291,-0.07478247982997792,-76.59177795418643,165.76270281463928,-77.28750510795156,-0.75684,-0.93359,-0.08594,-77.0122,165.97562,-77.0122
470,2351,0.4567093179106779,-0.26573173768594494,0.46083864679068753,-48.42103795418641,174.9090328146393,-62.89725510795155,0.48242,-0.36133,0.45605,-48.84146,175.12195,-62.62195
471,2356,-0.39874971460279796,0.1610336836313282,1.4408852736098428,-20.128357954186416,200.39684281463929,-44.84847510795155,-0.37012,0.06299,1.44775,-20.54878,200.60976,-44.57317
472,2361,-0.5961934402082554,0.264164637397055,2.3041603874462897,-14.274697954186413,192.2870828146393,-34.11676510795155,-0.56689,0.16553,2.32129,-14.69512,192.5,-33.84146
473,2366,-0.4756721926477965,0.32898607264379864,2.4127294329462923,-25.128357954186416,160.39684281463929,-32.77530510795155,-0.44678,0.22998,2.43115,-25.54878,160.60976,-32.5
474,2371,-0.3693493936176889,0.55243647246954,1.7637067227544885,-44.64055795418641,128.44562281463928,-38.872865107951554,-0.34082,0.45215,1.77441,-45.06098,128.65854,-38.59756
475,2375,-0.2767534338734617,0.5769871510478645,0.6582018734137121,-53.055187954186415,121.8602528146393,-52.16554510795155,-0.24854,0.47656,0.65576,-53.47561,122.07317,-51.89024
476,2381,-0.24636975744243428,0.23273453884840117,0.21281777159374957,-55.31128795418641,147.0431828146393,-57.16554510795155,-0.21826,0.13428,0.20508,-55.73171,147.2561,-56.89024
477,2386,-0.3967830037109613,-0.11545060728146966,0.5607308652427195,-57.81128795418641,182.5919728146393,-49.482625107951556,-0.36816,-0.21191,0.55713,-58.23171,182.80489,-49.20732
478,2391,-1.4830094703594328,-0.367877043561186,1.553802615124773,-41.10396795418641,202.2870828146393,-30.031405107951553,-1.45068,-0.46289,1.56201,-41.52439,202.5,-29.7561
479,2396,-2.271349476569361,0.2440292590628454,2.999018090631814,-56.957627954186414,172.3480528146393,-18.385065107951554,-2.23633,0.14551,3.02441,-57.37805,172.56097,-18.10976
480,2401,-2.6559618667943536,1.099028515901585,3.4579214400618263,-124.76250795418642,114.1773228146393,-30.763115107951553,-2.61963,0.99561,3.48877,-125.18293,114.39024,-30.48781
481,2406,-3.230181241775189,-0.642400096324548,2.013664566176258,-73.23811795418642,40.82367281463928,-36.12896510795155,-3.19189,-0.73584,2.02734,-73.65854,41.03659,-35.85366
482,2411,-1.3223111288657394,-0.7126224797058922,1.387322172698682,-2.6283579541864137,-1.981207185360716,-13.689935107951554,-1.29053,-0.80566,1.39355,-3.04878,-1.76829,-13.41463
483,2415,-1.3223111288657394,-0.7126224797058922,1.387322172698682,-2.6283579541864137,-1.981207185360716,-13.689935107951554,-1.29053,-0.80566,1.39355,-3.04878,-1.76829,-13.41463
484,2421,0.13725927733664012,-0.2622920277007803,0.7634009895021452,-2.323477954186414,9.604152814639283,-1.8606751079515533,0.16406,-0.35791,0.76221,-2.7439,9.81707,-1.58537
485,2426,-0.28017510945568763,0.07999934634924699,1.1460510388158256,-7.506407954186414,20.213912814639283,-2.5923751079515536,-0.25195,-0.01758,1.14941,-7.92683,20.42683,-2.31707
486,2431,-0.5241777051536043,0.2955947359457088,1.1228963625363328,-9.091777954186414,17.957812814639283,-2.1655451079515533,-0.49512,0.19678,1.12598,-9.5122,18.17073,-1.89024
487,2436,-0.47322383827224473,0.1954106682199038,0.9395267430886227,-6.225917954186414,11.860252814639283,-1.1899351079515534,-0.44434,0.09717,0.94043,-6.64634,12.07317,-0.91463
488,2441,-0.5080025114921723,0.03187357945154826,0.9207104803331153,-4.213727954186414,7.348062814639284,-1.0679851079515534,-0.479,-0.06543,0.92139,-4.63415,7.56098,-0.79268
489,2446,-0.5080025114921723,0.03187357945154826,0.9207104803331153,-4.213727954186414,7.348062814639284,-1.0679851079515534,-0.479,-0.06543,0.92139,-4.63415,7.56098,-0.79268
490,2451,-0.47518051492483737,-0.05013634808948315,0.943390797047343,-4.518597954186414,3.8114728146392842,-1.0679851079515534,-0.44629,-0.14697,0.94434,-4.93902,4.02439,-0.79268
491,2456,-0.4060947777294532,0.026472631316947593,0.9525518661515212,-5.982017954186414,1.3114728146392838,-1.3728651079515535,-0.37744,-0.0708,0.95361,-6.40244,1.52439,-1.09756
492,2461,-0.41050984299684157,0.1070141446537859,0.9125080128504098,-5.7990879541864135,-0.15193718536071613,-0.8850651079515535,-0.38184,0.00928,0.91309,-6.21951,0.06098,-0.60976
493,2466,-0.4095264875509232,0.0731299840104532,0.9057483890453851,-5.982017954186414,-1.0055971853607162,-1.6167651079515535,-0.38086,-0.02441,0.90625,-6.40244,-0.79268,-1.34146
494,2471,-0.3953180047813279,0.07361275032416052,0.9154035826967143,-6.957627954186414,-1.920237185360716,-2.4704251079515536,-0.3667,-0.02393,0.91602,-7.37805,-1.70732,-2.19512
495,2476,-0.3953180047813279,0.07361275032416052,0.9154035826967143,-6.957627954186414,-1.920237185360716,-2.4704251079515536,-0.3667,-0.02393,0.91602,-7.37805,-1.70732,-2.19512
496,2481,-0.39433464933540957,0.09718783864353478,0.9342198454522217,-7.506407954186414,-1.859257185360716,-3.080185107951553,-0.36572,-0.00049,0.93506,-7.92683,-1.64634,-2.80488
497,2486,-0.3948263270583687,0.08982565235949812,0.9347040875084296,-7.079577954186414,-1.615357185360716,-3.202135107951553,-0.36621,-0.00781,0.93555,-7.5,-1.40244,-2.92683
498,2491,-0.4046297787998197,0.030405165247355155,0.9429065549911351,-6.225917954186414,-1.4324271853607162,-3.080185107951553,-0.37598,-0.06689,0.94385,-6.64634,-1.21951,-2.80488
499,2496,-0.41883826156941506,-0.005450291176949116,0.9515932645300484,-5.5551879541864135,-1.4324271853607162,-2.7753051079515534,-0.39014,-0.10254,0.95264,-5.97561,-1.21951,-2.5
500,2500,-0.4227516148746003,0.009284139022659801,0.9400109851448306,-5.4332379541864135,-1.6763271853607162,-2.5923751079515536,-0.39404,-0.08789,0.94092,-5.85366,-1.46341,-2.31707
501,2506,-0.4168715506775785,0.011245377172095793,0.9395267430886227,-4.213727954186414,-2.469017185360716,-1.7387151079515535,-0.38818,-0.08594,0.94043,-4.63415,-2.2561,-1.46341
502,2511,-0.4168715506775785,0.011245377172095793,0.9395267430886227,-4.213727954186414,-2.469017185360716,-1.7387151079515535,-0.38818,-0.08594,0.94043,-4.63415,-2.2561,-1.46341
503,2516,-0.4085431321050049,0.0019219527386231251,0.9438651566126078,-3.8478679541864143,-2.6519371853607163,-1.1289651079515535,-0.37988,-0.09521,0.94482,-4.26829,-2.43902,-0.85366
504,2521,-0.405603100006494,0.0053516050922522256,0.9443493986688158,-3.238117954186414,-2.895847185360716,-0.39725510795155344,-0.37695,-0.0918,0.94531,-3.65854,-2.68293,-0.12195
505,2526,-0.40364642335390144,0.010752553226852897,0.9419380708787193,-2.567377954186414,-3.139747185360716,0.45640489204844653,-0.375,-0.08643,0.94287,-2.9878,-2.92683,0.73171
506,2531,-0.39972303580947216,0.017631973197182255,0.9332513613398059,-2.018597954186414,-3.261697185360716,1.1271348920484465,-0.37109,-0.07959,0.93408,-2.43902,-3.04878,1.40244
507,2536,-0.3982580368798388,0.016646325306696463,0.9265016200257242,-1.5917779541864139,-3.383647185360716,1.5539648920484466,-0.36963,-0.08057,0.92725,-2.0122,-3.17073,1.82927
508,2540,-0.3933613281287353,0.016646325306696463,0.9308400335497093,-1.1039679541864138,-3.688527185360716,2.041764892048447,-0.36475,-0.08057,0.93164,-1.52439,-3.47561,2.31707
509,2546,-0.38797294165467267,0.02696545526219049,0.9342198454522217,-0.9820179541864138,-3.8104771853607162,2.2856748920484464,-0.35938,-0.07031,0.93506,-1.40244,-3.59756,2.56098
510,2551,-0.38404955411024344,0.030887931561062485,0.9260173779695163,-0.677137954186414,-3.8104771853607162,2.4076248920484464,-0.35547,-0.06641,0.92676,-1.09756,-3.59756,2.68293
511,2556,-0.38257452094136596,0.0284338694663836,0.9216690819545881,-0.3112879541864139,-3.383647185360716,2.4685948920484466,-0.354,-0.06885,0.92236,-0.73171,-3.17073,2.7439
512,2561,-0.3786611676361808,0.025486983426461815,0.9192577541644915,-0.128357954186414,-3.078767185360716,2.5295748920484464,-0.3501,-0.07178,0.91992,-0.54878,-2.86585,2.80488
513,2566,-0.3776778121902625,0.027458279207433385,0.9178149104868109,-0.250307954186414,-2.4080371853607163,2.2246948920484466,-0.34912,-0.06982,0.91846,-0.67073,-2.19512,2.5
514,2571,-0.37963448884285506,0.039728589680827826,0.916846426374395,-0.921037954186414,-1.798287185360716,1.7978648920484468,-0.35107,-0.05762,0.91748,-1.34146,-1.58537,2.07317
515,2576,-0.3757211355376699,0.05347737198995095,0.9125080128504098,-1.2259179541864138,-1.0665771853607162,0.9442048920484467,-0.34717,-0.04395,0.91309,-1.64634,-0.85366,1.21951
516,2581,-0.37033274906360725,0.05004771963632185,0.9182991525430189,-1.2259179541864138,-0.45681718536071614,0.3954248920484466,-0.3418,-0.04736,0.91895,-1.64634,-0.2439,0.67073
517,2586,-0.3776778121902625,0.03875299942187761,0.922637566067004,-1.2259179541864138,0.2748828146392839,0.029574892048446544,-0.34912,-0.05859,0.92334,-1.64634,0.4878,0.30488
518,2591,-0.37522945781471073,0.027458279207433385,0.922153324010796,-1.1039679541864138,0.7017128146392839,-0.4582351079515534,-0.34668,-0.06982,0.92285,-1.52439,0.91463,-0.18293
519,2596,-0.37473778009175157,0.035806113381955836,0.9192577541644915,-0.799087954186414,1.006592814639284,-0.5192051079515534,-0.34619,-0.06152,0.91992,-1.21951,1.21951,-0.2439
520,2601,-0.37327278116211815,0.0426754757207496,0.922153324010796,-0.677137954186414,1.3724528146392838,-0.6411551079515534,-0.34473,-0.05469,0.92285,-1.09756,1.58537,-0.36585
521,2606,-0.3786611676361808,0.030887931561062485,0.9236060501794198,-0.4332379541864139,1.9212328146392839,-0.8240851079515534,-0.3501,-0.06641,0.92432,-0.85366,2.13415,-0.54878
522,2611,-0.3830661986643251,0.02303292133178293,0.9236060501794198,-0.06737795418641396,2.4700128146392837,-0.8240851079515534,-0.35449,-0.07422,0.92432,-0.4878,2.68293,-0.54878
523,2616,-0.386006230762836,0.03187357945154826,0.9236060501794198,0.054572045813586045,2.774882814639284,-0.9460351079515534,-0.35742,-0.06543,0.92432,-0.36585,2.9878,-0.67073
524,2621,-0.38110952201173254,0.03285922734203406,0.9236060501794198,0.29847204581358605,3.140742814639284,-1.2509151079515535,-0.35254,-0.06445,0.92432,-0.12195,3.35366,-0.97561
525,2625,-0.3806178442887734,0.025486983426461815,0.9284287057596129,0.7862720458135861,3.506592814639284,-1.1289651079515535,-0.35205,-0.07178,0.9292,0.36585,3.71951,-0.85366
526,2631,-0.37816948991322163,0.0279410455211407,0.9250488938571005,0.725302045813586,3.994402814639284,-1.1899351079515534,-0.34961,-0.06934,0.92578,0.30488,4.20732,-0.91463
527,2636,-0.3816011997346917,0.03335205128727694,0.9236060501794198,0.9082220458135861,4.482202814639284,-1.4338451079515533,-0.35303,-0.06396,0.92432,0.4878,4.69512,-1.15854
528,2641,-0.3864979084857952,0.0279410455211407,0.9250488938571005,1.274082045813586,4.970012814639284,-1.3728651079515535,-0.35791,-0.06934,0.92578,0.85366,5.18293,-1.09756
529,2646,-0.38551455303987686,0.02303292133178293,0.9250488938571005,1.578962045813586,5.3968428146392835,-1.4948151079515535,-0.35693,-0.07422,0.92578,1.15854,5.60976,-1.21951
530,2651,-0.38845458513838776,0.02696545526219049,0.9207104803331153,1.700912045813586,5.457812814639284,-1.4338451079515533,-0.35986,-0.07031,0.92139,1.28049,5.67073,-1.15854
531,2656,-0.38209287745765086,0.029419517356869377,0.9265016200257242,2.005792045813586,5.701712814639284,-1.4948151079515535,-0.35352,-0.06787,0.92725,1.58537,5.91463,-1.21951
532,2661,-0.3835578763872843,0.02991234130211227,0.9255331359133084,2.127742045813586,6.0065928146392835,-1.4948151079515535,-0.35498,-0.06738,0.92627,1.70732,6.21951,-1.21951
533,2665,-0.38698958620875434,0.03285922734203406,0.9216690819545881,2.249692045813586,6.2504928146392835,-1.4338451079515533,-0.3584,-0.06445,0.92236,1.82927,6.46341,-1.15854
534,2671,-0.3933613281287353,0.02892669341162648,0.9207104803331153,2.554572045813586,6.494402814639284,-1.3728651079515535,-0.36475,-0.06836,0.92139,2.13415,6.70732,-1.09756
535,2676,-0.3948263270583687,0.027458279207433385,0.916846426374395,2.4935920458135863,6.555372814639284,-1.5557951079515533,-0.36621,-0.06982,0.91748,2.07317,6.76829,-1.28049
536,2681,-0.3938429716124504,0.0245113931675116,0.9139508565280906,2.4935920458135863,6.555372814639284,-1.4338451079515533,-0.36523,-0.07275,0.91455,2.07317,6.76829,-1.15854
537,2686,-0.39139461723689867,0.02892669341162648,0.9187735121082836,2.310662045813586,6.555372814639284,-1.4338451079515533,-0.36279,-0.06836,0.91943,1.89024,6.76829,-1.15854
538,2691,-0.39580968250428705,0.029419517356869377,0.9178149104868109,2.066762045813586,6.738302814639284,-1.3118951079515533,-0.36719,-0.06787,0.91846,1.64634,6.95122,-1.03659
539,2696,-0.4011980689783497,0.029419517356869377,0.9129823724156747,1.8838320458135862,6.799282814639284,-1.4948151079515535,-0.37256,-0.06787,0.91357,1.46341,7.0122,-1.21951
540,2701,-0.4011980689783497,0.0245113931675116,0.9129823724156747,1.578962045813586,6.616352814639284,-1.5557951079515533,-0.37256,-0.07275,0.91357,1.15854,6.82927,-1.28049
541,2706,-0.4026630679079831,0.02696545526219049,0.916846426374395,1.5179820458135862,6.372452814639284,-1.4948151079515535,-0.37402,-0.07031,0.91748,1.09756,6.58537,-1.21951
542,2711,-0.4031547456309423,0.024994159481218917,0.9139508565280906,1.3350520458135862,6.0065928146392835,-1.2509151079515535,-0.37451,-0.07227,0.91455,0.91463,6.21951,-0.97561
543,2716,-0.405603100006494,0.022047273441297133,0.9125080128504098,0.9692020458135862,5.8846428146392835,-1.1899351079515534,-0.37695,-0.0752,0.91309,0.54878,6.09756,-0.91463
544,2721,-0.40511142228353486,0.02303292133178293,0.9071912327230659,0.7862720458135861,5.274882814639284,-1.2509151079515535,-0.37646,-0.07422,0.90771,0.36585,5.4878,-0.97561
545,2726,-0.4002147135324314,0.03432764154622715,0.9052641469891772,0.725302045813586,4.848062814639284,-1.0070151079515535,-0.37158,-0.06299,0.90576,0.30488,5.06098,-0.73171
546,2731,-0.3963013602272462,0.03285922734203406,0.9043055453677044,0.7862720458135861,4.787082814639284,-0.8240851079515534,-0.36768,-0.06445,0.90479,0.36585,5.0,-0.54878
547,2736,-0.3933613281287353,0.035806113381955836,0.9100868025693704,0.6643220458135861,4.543182814639284,-0.5801851079515534,-0.36475,-0.06152,0.91064,0.2439,4.7561,-0.30488
548,2741,-0.39433464933540957,0.039728589680827826,0.9144350985842985,0.725302045813586,4.543182814639284,-0.5801851079515534,-0.36572,-0.05762,0.91504,0.30488,4.7561,-0.30488
549,2746,-0.39433464933540957,0.035313289436712934,0.9144350985842985,0.847252045813586,4.604152814639284,-0.5801851079515534,-0.36572,-0.06201,0.91504,0.42683,4.81707,-0.30488
550,2750,-0.3948263270583687,0.024994159481218917,0.9207104803331153,0.847252045813586,4.726102814639284,-0.5801851079515534,-0.36621,-0.07227,0.92139,0.42683,4.93902,-0.30488
551,2756,-0.3967830037109613,0.014685087157260473,0.9255331359133084,0.5423720458135861,4.787082814639284,-0.7021351079515534,-0.36816,-0.08252,0.92627,0.12195,5.0,-0.42683
552,2761,-0.3972746814339204,0.01567073504774625,0.9245646518008925,0.17652204581358605,5.030982814639284,-1.0070151079515535,-0.36865,-0.08154,0.92529,-0.2439,5.2439,-0.73171
553,2766,-0.3938429716124504,0.0245113931675116,0.916846426374395,-0.006407954186413933,5.152932814639284,-1.1289651079515535,-0.36523,-0.07275,0.91748,-0.42683,5.36585,-0.85366
554,2771,-0.3889462628613469,0.036288879695663155,0.9125080128504098,-0.250307954186414,5.457812814639284,-1.3728651079515535,-0.36035,-0.06104,0.91309,-0.67073,5.67073,-1.09756
555,2776,-0.39188629495985783,0.03335205128727694,0.9110552866817861,-0.3112879541864139,5.8846428146392835,-1.6777451079515533,-0.36328,-0.06396,0.91162,-0.73171,6.09756,-1.40244
556,2781,-0.3992413923257571,0.024994159481218917,0.9100868025693704,-0.372257954186414,6.067572814639284,-2.1045751079515536,-0.37061,-0.07227,0.91064,-0.79268,6.28049,-1.82927
557,2786,-0.3953180047813279,0.029419517356869377,0.9163621843181871,-0.4332379541864139,6.372452814639284,-2.5314051079515534,-0.3667,-0.06787,0.91699,-0.85366,6.58537,-2.2561
558,2790,-0.3967830037109613,0.02696545526219049,0.9144350985842985,-0.06737795418641396,6.921232814639284,-2.7143251079515536,-0.36816,-0.07031,0.91504,-0.4878,7.13415,-2.43902
559,2796,-0.3982580368798388,0.024018569222268707,0.916846426374395,0.23749204581358604,7.226102814639284,-2.836285107951553,-0.36963,-0.07324,0.91748,-0.18293,7.43902,-2.56098
560,2801,-0.4026630679079831,0.02892669341162648,0.9139508565280906,0.42042204581358605,7.713912814639284,-2.958235107951553,-0.37402,-0.06836,0.91455,0.0,7.92683,-2.68293
561,2806,-0.3992413923257571,0.03236640339679116,0.9139508565280906,0.7862720458135861,8.079762814639285,-2.8972551079515534,-0.37061,-0.06494,0.91455,0.36585,8.29268,-2.62195
562,2811,-0.3963013602272462,0.03236640339679116,0.9182991525430189,1.3350520458135862,8.262692814639284,-3.2631051079515534,-0.36768,-0.06494,0.91895,0.91463,8.47561,-2.9878
563,2816,-0.3948263270583687,0.03432764154622715,0.9173306684306028,1.396032045813586,8.445622814639284,-3.324085107951553,-0.36621,-0.06299,0.91797,0.97561,8.65854,-3.04878
564,2821,-0.38845458513838776,0.03285922734203406,0.9120237707942019,1.2131020458135862,9.055372814639284,-3.202135107951553,-0.35986,-0.06445,0.9126,0.79268,9.26829,-2.92683
565,2826,-0.40168974670130886,0.02991234130211227,0.9134666144718826,1.457012045813586,9.726102814639283,-3.3850651079515535,-0.37305,-0.06738,0.91406,1.03659,9.93902,-3.10976
566,2831,-0.40168974670130886,0.0284338694663836,0.9202262382769074,1.396032045813586,10.335862814639285,-3.324085107951553,-0.37305,-0.06885,0.9209,0.97561,10.54878,-3.04878
567,2836,-0.39776635915687963,0.030405165247355155,0.9173306684306028,1.6399320458135862,10.823672814639284,-3.202135107951553,-0.36914,-0.06689,0.91797,1.21951,11.03659,-2.92683
568,2841,-0.39580968250428705,0.035806113381955836,0.9125080128504098,1.7618820458135862,11.494402814639283,-3.324085107951553,-0.36719,-0.06152,0.91309,1.34146,11.70732,-3.04878
569,2846,-0.4031547456309423,0.03432764154622715,0.9134666144718826,1.822862045813586,12.348062814639285,-3.3850651079515535,-0.37451,-0.06299,0.91406,1.40244,12.56098,-3.10976
570,2851,-0.41050984299684157,0.03482046549147005,0.9091282009478975,1.7618820458135862,12.835862814639285,-3.5070151079515535,-0.38184,-0.0625,0.90967,1.34146,13.04878,-3.23171
571,2856,-0.3972746814339204,0.03432764154622715,0.911539528737994,1.700912045813586,13.079762814639285,-3.567985107951553,-0.36865,-0.06299,0.91211,1.28049,13.29268,-3.29268
572,2861,-0.3933613281287353,0.035313289436712934,0.9144350985842985,1.578962045813586,14.055372814639284,-3.6289651079515535,-0.36475,-0.06201,0.91504,1.15854,14.26829,-3.35366
573,2866,-0.4046297787998197,0.02892669341162648,0.9139508565280906,1.6399320458135862,15.030982814639284,-3.6289651079515535,-0.37598,-0.06836,0.91455,1.21951,15.2439,-3.35366
574,2871,-0.4026630679079831,0.03826017547663472,0.9144350985842985,1.5179820458135862,15.579762814639285,-3.8118951079515533,-0.37402,-0.05908,0.91504,1.09756,15.79268,-3.53659
575,2875,-0.4011980689783497,0.02991234130211227,0.9071912327230659,1.2131020458135862,16.433422814639282,-3.9948151079515535,-0.37256,-0.06738,0.90771,0.79268,16.64634,-3.71951
576,2881,-0.4002147135324314,0.020086035291861145,0.9139508565280906,1.457012045813586,17.348062814639285,-4.055795107951553,-0.37158,-0.07715,0.91455,1.03659,17.56098,-3.78049
577,2886,-0.3835578763872843,0.017631973197182255,0.9154035826967143,1.944812045813586,18.628542814639285,-4.1167651079515535,-0.35498,-0.07959,0.91602,1.52439,18.84146,-3.84146
578,2891,-0.392377972682817,0.0451295378154285,0.9125080128504098,2.127742045813586,20.945622814639282,-4.2387151079515535,-0.36377,-0.05225,0.91309,1.70732,21.15854,-3.96341
579,2896,-0.4002147135324314,0.026472631316947593,0.9154035826967143,2.188712045813586,22.652932814639282,-4.1167651079515535,-0.37158,-0.0708,0.91602,1.76829,22.86585,-3.84146
580,2901,-0.40805145438204576,0.02892669341162648,0.9154035826967143,2.188712045813586,23.933422814639282,-4.2387151079515535,-0.37939,-0.06836,0.91602,1.76829,24.14634,-3.96341
581,2906,-0.41050984299684157,0.02892669341162648,0.9081597168354817,2.310662045813586,25.030982814639284,-4.299695107951554,-0.38184,-0.06836,0.90869,1.89024,25.2439,-4.02439
582,2911,-0.41050984299684157,0.029419517356869377,0.9096124430041054,2.310662045813586,26.250502814639283,-4.360675107951554,-0.38184,-0.06787,0.91016,1.89024,26.46342,-4.08537
583,2915,-0.39874971460279796,0.030405165247355155,0.9110552866817861,2.127742045813586,27.896842814639285,-4.482625107951554,-0.37012,-0.06689,0.91162,1.70732,28.10976,-4.20732
584,2921,-0.40805145438204576,0.030405165247355155,0.9057483890453851,2.005792045813586,29.665132814639286,-4.482625107951554,-0.37939,-0.06689,0.90625,1.58537,29.87805,-4.20732
585,2926,-0.4212866159449668,0.024018569222268707,0.9009257334651921,2.310662045813586,31.311472814639284,-4.360675107951554,-0.39258,-0.07324,0.90137,1.89024,31.52439,-4.08537
586,2931,-0.4227516148746003,0.02303292133178293,0.9038213033114965,2.798472045813586,32.53098281463928,-4.1167651079515535,-0.39404,-0.07422,0.9043,2.37805,32.7439,-3.84146
587,2936,-0.4232432925975594,0.021071683182346923,0.9091282009478975,3.042372045813586,33.75050281463928,-4.055795107951553,-0.39453,-0.07617,0.90967,2.62195,33.96342,-3.78049
588,2941,-0.4227516148746003,0.017631973197182255,0.9071912327230659,3.408222045813586,35.09196281463928,-3.7509151079515535,-0.39404,-0.07959,0.90771,2.9878,35.30488,-3.47561
589,2946,-0.4193199050531302,0.022047273441297133,0.9014099755214,3.774082045813586,36.616352814639285,-3.6289651079515535,-0.39062,-0.0752,0.90186,3.35366,36.82927,-3.35366
590,2951,-0.42814000134866287,0.0284338694663836,0.9033370612552886,4.261882045813586,38.01879281463928,-3.5070151079515535,-0.39941,-0.06885,0.90381,3.84146,38.23171,-3.23171
591,2956,-0.43549509871456216,0.02352574527702581,0.9004414914089841,4.749692045813586,39.299282814639284,-3.689935107951553,-0.40674,-0.07373,0.90088,4.32927,39.5122,-3.41463
592,2961,-0.43206338889309215,0.0245113931675116,0.8956188358287911,4.932622045813586,40.701712814639286,-3.567985107951553,-0.40332,-0.07275,0.896,4.5122,40.91463,-3.29268
593,2966,-0.43843513081307306,0.025979807371704695,0.8912705398138628,5.237492045813586,42.226112814639286,-3.202135107951553,-0.40967,-0.07129,0.8916,4.81707,42.43903,-2.92683
594,2971,-0.4428401618412174,0.02254009738654003,0.8970616795064719,5.359442045813586,43.75050281463928,-2.8972551079515534,-0.41406,-0.07471,0.89746,4.93902,43.96342,-2.62195
595,2976,-0.4418668406345432,0.02303292133178293,0.8965774374502639,5.603352045813586,45.396842814639285,-2.836285107951553,-0.41309,-0.07422,0.89697,5.18293,45.60976,-2.56098
596,2981,-0.451168580413791,0.026472631316947593,0.8951345937725832,6.091152045813586,46.92123281463928,-2.5923751079515536,-0.42236,-0.0708,0.89551,5.67073,47.13415,-2.31707
597,2986,-0.4516602581367501,0.020086035291861145,0.8951345937725832,6.396032045813586,48.50659281463928,-2.4704251079515536,-0.42285,-0.07715,0.89551,5.97561,48.71951,-2.19512
598,2991,-0.45704864461081274,0.024018569222268707,0.8917547818700708,6.7009120458135865,49.97001281463928,-2.4094551079515534,-0.42822,-0.07324,0.89209,6.28049,50.18293,-2.13415
599,2996,-0.46342038653079376,0.0245113931675116,0.8854794001212539,7.737492045813586,51.616352814639285,-2.1655451079515533,-0.43457,-0.07275,0.88574,7.31707,51.82927,-1.89024
600,3000,-0.47322383827224473,0.02352574527702581,0.8883749699675584,8.164322045813586,53.26269281463929,-2.2875051079515534,-0.44434,-0.07373,0.88867,7.7439,53.47561,-2.0122
601,3006,-0.4693004507278155,0.022047273441297133,0.8845207984997812,8.835052045813587,54.604152814639285,-2.4704251079515536,-0.44043,-0.0752,0.88477,8.41463,54.81707,-2.19512
602,3011,-0.4722404828263264,0.0245113931675116,0.8811409865972688,9.627742045813585,56.12854281463928,-2.4704251079515536,-0.44336,-0.07275,0.88135,9.20732,56.34146,-2.19512
603,3016,-0.47616387037075564,0.02696545526219049,0.880172502484853,9.810662045813586,57.95781281463928,-2.3484751079515536,-0.44727,-0.07031,0.88037,9.39024,58.17073,-2.07317
604,3021,-0.4874323210418401,0.02352574527702581,0.8796882604286451,10.542372045813586,59.665132814639286,-2.2875051079515534,-0.4585,-0.07373,0.87988,10.12195,59.87805,-2.0122
605,3026,-0.4933123852388619,0.021071683182346923,0.8772769326385486,11.091152045813587,61.37245281463928,-1.9826251079515533,-0.46436,-0.07617,0.87744,10.67073,61.58537,-1.70732
606,3031,-0.4977174162670062,0.022047273441297133,0.8782454167509643,11.517982045813586,62.95781281463928,-1.7996951079515533,-0.46875,-0.0752,0.87842,11.09756,63.17073,-1.52439
607,3036,-0.4967340608210879,0.020086035291861145,0.8700429492682589,11.761882045813586,64.4212328146393,-1.3728651079515535,-0.46777,-0.07715,0.87012,11.34146,64.63415,-1.09756
608,3040,-0.4996740929195988,0.022047273441297133,0.8729385191145633,11.944812045813586,66.7383028146393,-1.1289651079515535,-0.4707,-0.0752,0.87305,11.52439,66.95122,-0.85366
609,3046,-0.5070291902854981,0.021564507127589817,0.8738971207360362,12.005792045813585,68.81147281463927,-1.0070151079515535,-0.47803,-0.07568,0.87402,11.58537,69.02439,-0.73171
610,3051,-0.5124175767595607,0.02254009738654003,0.864736051631858,12.066762045813586,70.94562281463928,-0.8850651079515535,-0.4834,-0.07471,0.86475,11.64634,71.15854,-0.60976
611,3056,-0.5212376730550935,0.0284338694663836,0.8594291539954569,12.188712045813586,73.20171281463928,-0.7021351079515534,-0.49219,-0.06885,0.85938,11.76829,73.41463,-0.42683
612,3061,-0.5173142855106642,0.03236640339679116,0.8603877556169297,12.432622045813586,75.33586281463928,-0.6411551079515534,-0.48828,-0.06494,0.86035,12.0122,75.54878,-0.36585
613,3066,-0.5217293507780525,0.0279410455211407,0.8618404817855535,12.371642045813585,77.65293281463929,-0.6411551079515534,-0.49268,-0.06934,0.86182,11.95122,77.86585,-0.36585
614,3071,-0.5280910584587895,0.02991234130211227,0.8599035135607218,12.493592045813585,80.15293281463929,-0.5192051079515534,-0.49902,-0.06738,0.85986,12.07317,80.36585,-0.2439
615,3076,-0.5241777051536043,0.03727452758614894,0.8565335841491525,12.371642045813585,82.89684281463929,-0.3362851079515534,-0.49512,-0.06006,0.85645,11.95122,83.10976,-0.06098
616,3081,-0.5241777051536043,0.03727452758614894,0.8565335841491525,12.371642045813585,82.89684281463929,-0.3362851079515534,-0.49512,-0.06006,0.85645,11.95122,83.10976,-0.06098
617,3086,-0.5290744139047078,0.058395553810844304,0.8560493420929446,11.822862045813586,89.4212328146393,-1.1899351079515534,-0.5,-0.03906,0.85596,11.40244,89.63415,-0.91463
618,3091,-0.5246693828765635,0.06084961590552319,0.8555651000367366,11.274082045813586,93.07977281463928,-2.1045751079515536,-0.49561,-0.03662,0.85547,10.85366,93.29269,-1.82927
619,3096,-0.5280910584587895,0.06771897824431697,0.8603877556169297,10.725302045813587,97.47001281463929,-3.8118951079515533,-0.49902,-0.02979,0.86035,10.30488,97.68293,-3.53659
620,3101,-0.5192709621632567,0.07066586428423875,0.8618404817855535,9.749692045813585,102.34806281463929,-5.580185107951554,-0.49023,-0.02686,0.86182,9.32927,102.56098,-5.30488
621,3106,-0.523194349707686,0.06575774009488097,0.8666631373657466,8.286272045813586,107.40904281463929,-7.287505107951554,-0.49414,-0.03174,0.8667,7.86585,107.62196,-7.0122
622,3111,-0.5290744139047078,0.06330367800020208,0.858944911939249,6.7009120458135865,113.26269281463928,-8.933845107951553,-0.5,-0.03418,0.85889,6.28049,113.47561,-8.65854
623,3116,-0.5290744139047078,0.06330367800020208,0.858944911939249,6.7009120458135865,113.26269281463928,-8.933845107951553,-0.5,-0.03418,0.85889,6.28049,113.47561,-8.65854
624,3121,-0.5280910584587895,0.06281085405495919,0.8705271913244668,5.481402045813586,119.7261128146393,-10.702135107951554,-0.49902,-0.03467,0.87061,5.06098,119.93903,-10.42683
625,3125,-0.5315227682802595,0.06723621193060965,0.8656946532533307,3.530182045813586,126.49440281463927,-12.653355107951553,-0.50244,-0.03027,0.86572,3.10976,126.70732,-12.37805
626,3131,-0.5374028324772813,0.08393188027965455,0.874865604848452,-1.4088479541864138,142.7748928146393,-17.714325107951552,-0.5083,-0.01367,0.875,-1.82927,142.98781,-17.43902
627,3136,-0.5344628003787705,0.07999934634924699,0.8690744651558431,-4.274697954186414,151.3724528146393,-20.458235107951552,-0.50537,-0.01758,0.86914,-4.69512,151.58537,-20.18293
628,3141,-0.5565080239979803,0.06625056404012386,0.8608719976731377,-7.140557954186414,161.6773228146393,-23.689935107951552,-0.52734,-0.03125,0.86084,-7.56098,161.89024,-23.41463
629,3146,-0.5565080239979803,0.06625056404012386,0.8608719976731377,-7.140557954186414,161.6773228146393,-23.689935107951552,-0.52734,-0.03125,0.86084,-7.56098,161.89024,-23.41463
630,3151,-0.5584747348898169,0.0755840461051321,0.8594291539954569,-10.738117954186414,173.07977281463928,-26.799695107951553,-0.5293,-0.02197,0.85938,-11.15854,173.29269,-26.52439
631,3156,-0.5731748953823714,0.0750912221598892,0.8560493420929446,-14.091777954186414,185.0919728146393,-29.604575107951554,-0.54395,-0.02246,0.85596,-14.5122,185.30489,-29.32927
632,3161,-0.5824766351616192,0.07950652240400409,0.8526695301904321,-16.042997954186415,197.4090428146393,-31.67774510795155,-0.55322,-0.01807,0.85254,-16.46342,197.62196,-31.40244
633,3165,-0.5844433460534557,0.08638594237433343,0.8565335841491525,-17.201527954186414,209.6651328146393,-33.99481510795155,-0.55518,-0.01123,0.85645,-17.62195,209.87805,-33.71951
634,3171,-0.6486223402584924,0.11437633093782258,0.8632833254632343,-19.396647954186417,236.6163528146393,-39.78750510795155,-0.61914,0.0166,0.86328,-19.81707,236.82927,-39.5122
635,3176,-0.6486223402584924,0.11437633093782258,0.8632833254632343,-19.396647954186417,236.6163528146393,-39.78750510795155,-0.61914,0.0166,0.86328,-19.81707,236.82927,-39.5122
636,3181,-0.6873244010228492,0.12370981300283082,0.8391601650713257,-20.860067954186416,250.1529428146393,-42.95823510795155,-0.65771,0.02588,0.83887,-21.28049,250.36586,-42.68293
637,3186,-0.7706186209878287,0.11290791673362947,0.8184069340909866,-20.128357954186416,264.1773428146393,-46.12896510795155,-0.74072,0.01514,0.81787,-20.54878,264.39026,-45.85366
638,3191,-0.908790095378597,0.1408983052971186,0.8729385191145633,-17.384457954186416,277.16513281463926,-48.14116510795155,-0.87842,0.04297,0.87305,-17.80488,277.37805,-47.86586
639,3196,-1.0351914071360775,0.12223134116710214,0.9129823724156747,-13.238117954186414,286.7383128146393,-48.202135107951555,-1.00439,0.02441,0.91357,-13.65854,286.95123,-47.92683
640,3201,-1.202271524788996,0.09718783864353478,0.9993652257486003,-7.140557954186414,292.2870828146393,-46.250915107951556,-1.1709,-0.00049,1.00098,-7.56098,292.5,-45.97561
641,3206,-1.3492530612360527,0.10308161072337835,1.1190323085776126,3.957012045813586,291.86026281463927,-42.22652510795155,-1.31738,0.00537,1.12207,3.53659,292.07318,-41.95122
642,3211,-1.4594992478105895,0.07165151217472453,1.2304969239239196,19.261882045813586,286.4334428146393,-35.45823510795155,-1.42725,-0.02588,1.23486,18.84146,286.64636,-35.18293
643,3216,-1.4212788305299477,-0.025092845565915796,1.17500673727887,35.664322045813584,277.16513281463926,-30.702135107951552,-1.38916,-0.12207,1.17871,35.2439,277.37805,-30.42683
644,3221,-1.3365196116353348,-0.009865591421063996,1.0181814885041078,48.713102045813585,270.7017228146393,-28.811895107951553,-1.30469,-0.10693,1.02002,48.29268,270.91464,-28.53659
645,3226,-1.2448969730977817,0.0765596363640823,0.9872987043071747,59.505792045813585,268.0797728146393,-25.824085107951554,-1.21338,-0.021,0.98877,59.08537,268.29269,-25.54878
646,3231,-1.1096655308055245,0.1291107611374315,0.8917547818700708,72.06676204581358,266.7383128146393,-21.43384510795155,-1.07861,0.03125,0.89209,71.64634,266.95123,-21.15854
647,3236,-1.0827235984352113,0.20769103632483382,0.9901942741534792,85.35945204581358,268.2627028146393,-16.189935107951555,-1.05176,0.10938,0.9917,84.93903,268.47562,-15.91463
648,3241,-1.1469025926402479,0.1291107611374315,1.0876652823244717,92.92042204581358,266.6773428146393,-16.250915107951553,-1.11572,0.03125,1.09033,92.5,266.89026,-15.97561
649,3246,-1.0959487257588882,0.09621224838458456,0.9993652257486003,92.67652204581358,261.4944228146393,-21.372865107951554,-1.06494,-0.00146,1.00098,92.2561,261.70734,-21.09756
650,3250,-1.1067254987070134,0.12616387509750973,1.0625736378201474,88.34725204581358,258.5675728146393,-27.89725510795155,-1.07568,0.02832,1.06494,87.92683,258.78049,-27.62195
651,3256,-1.186588008850523,0.19343937243893225,1.1571490761448353,85.29847204581358,252.5309928146393,-31.555795107951553,-1.15527,0.09521,1.16064,84.87805,252.74391,-31.28049
652,3261,-1.2796856805569536,0.10013472468345656,1.1619816142159716,87.18872204581358,242.1651328146393,-35.76310510795155,-1.24805,0.00244,1.16553,86.7683,242.37805,-35.4878
653,3266,-1.3492530612360527,0.06821180218955987,1.0567824981275384,87.92042204581358,231.06757281463928,-42.653355107951555,-1.31738,-0.0293,1.05908,87.5,231.28049,-42.37805
654,3271,-1.3703249636485881,0.18706283404538135,0.8512168040218084,84.81066204581359,223.5065928146393,-50.153355107951555,-1.33838,0.08887,0.85107,84.39024,223.71951,-49.87805
655,3276,-1.3115343559176142,0.25286991718261076,0.7687078871385462,82.24969204581357,220.70172281463928,-56.982625107951556,-1.27979,0.1543,0.76758,81.82927,220.91464,-56.70732
656,3281,-1.2380335534548417,0.2656330516012481,0.8227552301059148,79.07896204581358,218.14075281463928,-64.66554510795156,-1.20654,0.16699,0.82227,78.65854,218.35367,-64.39024
657,3286,-1.1542576900061472,0.24992303114268896,0.9477292105713281,75.84725204581358,212.1651328146393,-71.92164510795155,-1.12305,0.15137,0.94873,75.42683,212.37805,-71.64634
658,3290,-1.0082494747657644,0.2386283109282447,1.0635421219325631,72.61554204581358,203.26270281463928,-78.75091510795156,-0.97754,0.14014,1.06592,72.19512,203.47562,-78.47561
659,3296,-0.8691046791683219,0.21800010864879227,1.1016588894997859,69.87164204581359,194.7261128146393,-85.03140510795156,-0.83887,0.11963,1.10449,69.45122,194.93903,-84.7561
660,3301,-0.7995272642499786,0.18902407219481734,1.0924879379046648,67.24969204581357,187.7139128146393,-91.00701510795156,-0.76953,0.09082,1.09521,66.82927,187.92683,-90.73171
661,3306,-0.6922311440131967,0.20375850239442625,1.038934719484447,63.59115204581359,179.6041628146393,-96.49481510795155,-0.6626,0.10547,1.04102,63.17073,179.81708,-96.21951
662,3311,-0.5369111547543223,0.2440292590628454,0.8806567445410609,58.225302045813585,169.7870828146393,-100.21433510795156,-0.50781,0.14551,0.88086,57.80488,170.0,-99.93903
663,3316,-0.4256916469731111,0.2911693780700583,0.690537383779269,50.725302045813585,161.2505028146393,-102.53140510795156,-0.39697,0.19238,0.68848,50.30488,161.46342,-102.2561
664,3321,-0.24636975744243428,0.18803842430433154,0.8203340198248753,49.993592045813585,153.14075281463928,-103.99481510795155,-0.21826,0.08984,0.81982,49.57317,153.35367,-103.71951
665,3326,0.05739676719313067,-0.2843886441844259,0.9520676240953133,61.70091204581359,132.6529428146393,-107.40945510795156,0.08447,-0.37988,0.95312,61.28049,132.86586,-107.13415
666,3331,-1.245388650820741,0.0603567919602803,1.0683647775127563,57.31066204581359,110.70171281463928,-117.40945510795156,-1.21387,-0.03711,1.0708,56.89024,110.91463,-117.13415
667,3336,-1.5579752717518387,0.30050286013506655,1.9687881748040106,64.56676204581358,75.70171281463928,-112.65335510795155,-1.52539,0.20166,1.98193,64.14634,75.91463,-112.37805
668,3341,-1.1934514284934632,0.17183557990052956,2.011737480442369,78.65213204581359,19.909032814639282,-103.56799510795155,-1.16211,0.07373,2.02539,78.23171,20.12195,-103.29269
669,3346,-0.8715530335438736,0.19098531034425334,1.6802293217588102,87.06677204581358,-25.212917185360716,-96.12896510795156,-0.84131,0.09277,1.68994,86.64635,-25.0,-95.85366
670,3351,-0.5878650216356819,0.3461745649380864,1.4051798338327166,87.31066204581359,-56.615357185360715,-88.50701510795156,-0.55859,0.24707,1.41162,86.89024,-56.40244,-88.23171
671,3356,-0.3384840737029465,0.48908345142698945,1.1200007926900286,80.11554204581358,-79.35926718536072,-80.70213510795155,-0.31006,0.38916,1.12305,79.69512,-79.14635,-80.42683
672,3361,-0.17043063484335408,0.5327939180805732,0.8478468746102391,69.07896204581358,-94.48121718536072,-72.95823510795155,-0.14258,0.43262,0.84766,68.65854,-94.2683,-72.68293
673,3366,-0.058719449339183855,0.5416345762003386,0.6823349162965635,54.68872204581359,-101.85926718536072,-65.94603510795156,-0.03125,0.44141,0.68018,54.2683,-101.64635,-65.67073
674,3371,-0.011197292279294332,0.5303398559858944,0.5747244724180339,37.24969204581359,-103.99340718536072,-59.604575107951554,0.01611,0.43018,0.57129,36.82927,-103.78049,-59.32927
675,3375,0.023591415179877326,0.5372092183246883,0.5148859897580562,17.493592045813585,-102.59096718536071,-53.08018510795155,0.05078,0.43701,0.51074,17.07317,-102.37805,-52.80488
676,3381,0.039274931118350155,0.537702042269931,0.46808251265192014,-2.6283579541864137,-98.68852718536073,-45.702135107951555,0.06641,0.4375,0.46338,-3.04878,-98.47561,-45.42683
677,3386,0.02897980165393997,0.48172126514295277,0.4458864379939003,-20.006407954186415,-94.17633718536072,-37.40945510795155,0.05615,0.38184,0.44092,-20.42683,-93.96342,-37.13415
678,3391,0.016246352053222106,0.4016725757513574,0.44491795388148453,-33.238117954186414,-91.12754718536073,-28.14115510795155,0.04346,0.30225,0.43994,-33.65854,-90.91463,-27.86585
679,3396,-0.002377195983761628,0.33291860657420613,0.4550573895890216,-41.774697954186415,-89.78608718536071,-17.653355107951555,0.0249,0.23389,0.4502,-42.19512,-89.57317,-17.37805
680,3401,-0.04597596549922192,0.2710339997358488,0.49268991510003646,-45.25030795418641,-89.96901718536071,-6.1289651079515535,-0.01855,0.17236,0.48828,-45.67073,-89.7561,-5.85366
681,3406,-0.09791318782649984,0.21210633656894867,0.5298480810457864,-44.03079795418641,-92.04218718536072,6.3710348920484465,-0.07031,0.11377,0.52588,-44.45122,-91.82927,6.64634
682,3411,-0.13711696055305989,0.16200927389027842,0.5592781390740958,-39.457627954186414,-95.7616971853607,18.932014892048446,-0.10938,0.06396,0.55566,-39.87805,-95.54878,19.20732
683,3415,-0.16210221627078053,0.1379514192571968,0.5800313700544348,-32.93323795418641,-100.39584718536071,31.127134892048446,-0.13428,0.04004,0.57666,-33.35366,-100.18293,31.40244
684,3421,-0.18071573006852018,0.12616387509750973,0.5978890311884695,-25.738117954186414,-105.6397471853607,42.83445489204845,-0.15283,0.02832,0.59473,-26.15854,-105.42683,43.10976
685,3426,-0.20031259931217818,0.12125575090815192,0.6200851058464893,-18.908847954186417,-110.88364718536073,53.261284892048444,-0.17236,0.02344,0.61719,-19.32927,-110.67073,53.53659
686,3431,-0.22922124257432802,0.10897538280322192,0.6446925082946057,-13.299087954186414,-116.55438718536072,62.77347489204845,-0.20117,0.01123,0.64209,-13.71951,-116.34147,63.04878
687,3436,-0.2757700784275433,0.10456008255910702,0.6741324488138581,-9.884457954186415,-122.46901718536071,71.12713489204845,-0.24756,0.00684,0.67188,-10.30488,-122.2561,71.40244
688,3441,-0.353184234195501,0.10062754862869946,0.7112807322686651,-7.9332379541864135,-128.9934071853607,77.89542489204845,-0.32471,0.00293,0.70947,-8.35366,-128.78049,78.17073
689,3446,-0.42912335679458125,0.0927725383994199,0.7445748442556948,-8.238117954186414,-136.73731718536072,83.07835489204845,-0.40039,-0.00488,0.74316,-8.65854,-136.5244,83.35366
690,3451,-0.4967340608210879,0.08638594237433343,0.7677394030261303,-10.677137954186414,-145.5178071853607,86.55396489204844,-0.46777,-0.01123,0.7666,-11.09756,-145.30489,86.82927
691,3456,-0.5486712831483658,0.07459839821464631,0.785597064160165,-14.640557954186415,-155.0299971853607,88.62713489204845,-0.51953,-0.02295,0.78467,-15.06098,-154.81708,88.90244
692,3461,-0.5795366030631082,0.049062071745836065,0.7875241498940535,-19.274697954186415,-164.48121718536072,89.11493489204845,-0.55029,-0.04834,0.78662,-19.69512,-164.2683,89.39024
693,3466,-0.6001168277526845,0.01026978691314558,0.7725620586063234,-23.969817954186414,-173.1397471853607,88.38323489204845,-0.5708,-0.08691,0.77148,-24.39024,-172.92683,88.65854
694,3471,-0.6069802473956247,-0.03834880392979604,0.7518187101169274,-27.506407954186415,-180.7616971853607,86.37104489204845,-0.57764,-0.13525,0.75049,-27.92683,-180.54878,86.64635
695,3476,-0.6153086659681983,-0.09974058682291054,0.7344452910391006,-29.335677954186416,-187.22512718536072,83.56616489204845,-0.58594,-0.19629,0.73291,-29.7561,-187.01221,83.84147
696,3481,-0.6187403757896683,-0.16063954577078218,0.7161132703398011,-28.908847954186417,-192.4690171853607,79.84665489204845,-0.58936,-0.25684,0.71436,-29.32927,-192.2561,80.12196
697,3486,-0.6226537290948535,-0.19992465454871555,0.7021196631644868,-26.347867954186416,-196.73731718536072,75.63932489204845,-0.59326,-0.2959,0.7002,-26.76829,-196.5244,75.91463
698,3491,-0.6373538895874079,-0.22939351494793336,0.6910117433445339,-22.079577954186416,-200.0299971853607,70.76128489204845,-0.60791,-0.3252,0.68896,-22.5,-199.81708,71.03659
699,3496,-0.6584257919999434,-0.2431422972570565,0.6823349162965635,-16.713727954186417,-202.7129171853607,65.39542489204845,-0.62891,-0.33887,0.68018,-17.13415,-202.5,65.67073
700,3500,-0.6785143389665605,-0.23871693938140603,0.6770181361692195,-11.225917954186414,-204.72512718536072,59.907624892048446,-0.64893,-0.33447,0.6748,-11.64634,-204.51221,60.18293
701,3506,-0.7020245615154037,-0.2200600328829251,0.6770181361692195,-6.225917954186414,-206.1885371853607,54.358844892048445,-0.67236,-0.31592,0.6748,-6.64634,-205.97562,54.63415
702,3511,-0.7284848504020018,-0.19353805852362907,0.6803979480717319,-2.201527954186414,-207.4690171853607,48.749084892048444,-0.69873,-0.28955,0.67822,-2.62195,-207.2561,49.02439
703,3516,-0.7564101382182334,-0.15817542604456772,0.6890846576106452,0.3594420458135861,-208.3836471853607,43.38323489204845,-0.72656,-0.25439,0.68701,-0.06098,-208.17073,43.65854
704,3521,-0.7887504913018534,-0.11348936913203368,0.6943915552470462,1.578962045813586,-209.05437718536072,38.38323489204845,-0.75879,-0.20996,0.69238,1.15854,-208.84146,38.65854
705,3526,-0.8191241334936367,-0.07076455036893561,0.7030782647859595,1.274082045813586,-209.48121718536072,34.05396489204845,-0.78906,-0.16748,0.70117,0.85366,-209.2683,34.32927
706,3531,-0.8450927446572755,-0.027546907660594682,0.7079009203661526,-0.128357954186414,-209.84707718536072,30.517374892048448,-0.81494,-0.12451,0.70605,-0.54878,-209.63416,30.79268
707,3536,-0.8656729693468518,0.012723849007824467,0.7146605441711774,-2.323477954186414,-209.72512718536072,28.200304892048447,-0.83545,-0.08447,0.71289,-2.7439,-209.51221,28.47561
708,3540,-0.8749847433653436,0.05102330989527206,0.7132177004934966,-5.067377954186414,-209.42023718536072,26.919814892048446,-0.84473,-0.04639,0.71143,-5.4878,-209.20732,27.19512
709,3546,-0.8857615163134689,0.08197064213021855,0.7175561140174819,-8.177137954186414,-208.6275571853607,26.797864892048448,-0.85547,-0.01562,0.71582,-8.59756,-208.41464,27.07317
710,3551,-0.8896849038578982,0.10553567281805723,0.7161132703398011,-11.164947954186413,-207.28609718536072,27.651524892048446,-0.85938,0.00781,0.71436,-11.58537,-207.07318,27.92683
711,3556,-0.8916415805104909,0.12174857485339483,0.7165876299050661,-13.360067954186414,-205.5178071853607,29.60274489204845,-0.86133,0.02393,0.71484,-13.78049,-205.30489,29.87805
712,3561,-0.9034017089045344,0.13255047112259616,0.7247900973877714,-14.701527954186414,-203.2616971853607,32.16372489204845,-0.87305,0.03467,0.72314,-15.12195,-203.04878,32.43903
713,3566,-0.9092817731015562,0.14973896341688395,0.7247900973877714,-15.128357954186415,-200.9446171853607,35.395424892048446,-0.87891,0.05176,0.72314,-15.54878,-200.7317,35.67073
714,3571,-0.9146701595756187,0.16200927389027842,0.726727065612603,-14.762507954186415,-198.6885371853607,39.297864892048445,-0.88428,0.06396,0.7251,-15.18293,-198.47562,39.57317
715,3576,-0.9171185139511705,0.1791977661845662,0.7349295330953086,-13.664947954186413,-196.0056071853607,43.749084892048444,-0.88672,0.08105,0.7334,-14.08537,-195.79269,44.02439
716,3581,-0.9205502237726407,0.19687908242409688,0.7397521886755016,-12.140557954186415,-193.1397471853607,48.688114892048446,-0.89014,0.09863,0.73828,-12.56098,-192.92683,48.96342
717,3586,-0.9327919956503995,0.21652163681306358,0.7508502260045116,-10.494207954186415,-190.3348671853607,53.93201489204845,-0.90234,0.11816,0.74951,-10.91463,-190.12195,54.20732
718,3591,-0.9465188349362796,0.2415751969681665,0.7619482633335214,-8.786897954186413,-187.34707718536072,59.60274489204845,-0.91602,0.14307,0.76074,-9.20732,-187.13416,59.87805
719,3596,-0.9597439622599566,0.26072492741189035,0.7706349728724348,-7.628357954186415,-184.29828718536072,65.39542489204845,-0.9292,0.16211,0.76953,-8.04878,-184.08537,65.67073
720,3601,-0.9798325092265737,0.28036748180085697,0.7894512356279422,-6.774697954186414,-181.1885371853607,71.37103489204844,-0.94922,0.18164,0.78857,-7.19512,-180.97562,71.64634
721,3606,-0.9994293784702317,0.3000100361898237,0.7889768760626772,-6.347867954186414,-178.0787771853607,77.46859489204844,-0.96875,0.20117,0.78809,-6.76829,-177.86586,77.7439
722,3611,-1.0072661193198462,0.30590380826966723,0.7822172522576526,-6.713727954186414,-174.54218718536072,83.32225489204845,-0.97656,0.20703,0.78125,-7.13415,-174.32927,83.59756
723,3616,-1.0670400824967383,0.29854162198563056,0.7696664887600189,-7.262507954186414,-170.2738871853607,89.54177489204845,-1.03613,0.19971,0.76855,-7.68293,-170.06097,89.81708
724,3621,-1.192959750770504,0.2754593576114992,0.7933152895866624,-8.177137954186414,-164.7251071853607,94.96859489204844,-1.16162,0.17676,0.79248,-8.59756,-164.51219,95.2439
725,3625,-1.1679744950527833,0.26760434738221966,0.9071912327230659,-9.274697954186413,-162.2251071853607,99.90762489204845,-1.13672,0.16895,0.90771,-9.69512,-162.01219,100.18293
726,3631,-1.225300103854124,0.2612177513571332,0.8681059810434273,-10.860067954186414,-161.79828718536072,104.66372489204845,-1.19385,0.1626,0.86816,-11.28049,-161.58537,104.93903
727,3636,-1.2414652632763117,0.2454976732670385,0.8526695301904321,-12.994207954186415,-159.7251071853607,108.68811489204845,-1.20996,0.14697,0.85254,-13.41463,-159.51219,108.96342
728,3641,-1.2635104868955216,0.2617105753023761,0.8980301636188877,-15.982017954186412,-157.34707718536072,113.26128489204845,-1.23193,0.16309,0.89844,-16.40244,-157.13416,113.53659
729,3646,-1.2777189696651168,0.2867540778259434,0.9289129478158208,-18.238117954186414,-156.73731718536072,118.32225489204845,-1.24609,0.18799,0.92969,-18.65854,-156.5244,118.59756
730,3651,-1.3796367376670802,0.28527560599021473,0.9100868025693704,-20.372257954186416,-156.73731718536072,123.32225489204845,-1.34766,0.18652,0.91064,-20.79268,-156.5244,123.59756
731,3656,-1.4531275058906086,0.25483115533204675,0.8806567445410609,-23.238117954186414,-155.3958571853607,127.34665489204845,-1.4209,0.15625,0.88086,-23.65854,-155.18294,127.62196
732,3661,-1.5114264358986236,0.21701446075830647,0.9332513613398059,-26.042997954186415,-153.8714571853607,131.06615489204844,-1.479,0.11865,0.93408,-26.46342,-153.65854,131.34146
733,3665,-1.5540518842074094,0.18902407219481734,0.9544888343763529,-27.872257954186416,-154.78609718536072,134.35885489204844,-1.52148,0.09082,0.95557,-28.29268,-154.57318,134.63416
734,3671,-1.5746321088969857,0.15808679759140642,0.9308400335497093,-29.701527954186414,-156.1885371853607,136.85885489204844,-1.54199,0.06006,0.93164,-30.12195,-155.97562,137.13416
735,3676,-1.588348913943622,0.13451170927203215,0.9096124430041054,-31.83567795418642,-157.28609718536072,138.32225489204842,-1.55566,0.03662,0.91016,-32.2561,-157.07318,138.59756
736,3681,-1.6020757532295022,0.11241509278838657,0.8811409865972688,-34.88445795418641,-158.3836471853607,138.50518489204842,-1.56934,0.01465,0.88135,-35.30488,-158.17073,138.78049
737,3686,-1.6216726224731601,0.08933282841425522,0.843498578595311,-38.54299795418641,-159.05437718536072,137.52958489204843,-1.58887,-0.0083,0.84326,-38.96342,-158.84146,137.80489
738,3691,-1.6427344906464516,0.06821180218955987,0.7899354776841501,-42.93323795418641,-159.35926718536072,135.21250489204843,-1.60986,-0.0293,0.78906,-43.35366,-159.14635,135.48781
739,3696,-1.6417611694397773,0.04366112361123539,0.7243157378225065,-48.055187954186415,-159.17633718536072,131.55396489204844,-1.60889,-0.05371,0.72266,-48.47561,-158.96342,131.82927
740,3701,-1.6246126545716713,0.0063372529827380175,0.6519264916648954,-52.87225795418641,-158.0787771853607,126.37104489204845,-1.5918,-0.09082,0.64941,-53.29268,-157.86586,126.64635
741,3706,-1.5957040113095213,-0.040320099710767596,0.5732717462494101,-56.89664795418641,-155.8226771853607,119.90762489204845,-1.56299,-0.13721,0.56982,-57.31707,-155.60976,120.18293
742,3711,-1.545723465634836,-0.08353774241910854,0.494617000833925,-59.64055795418641,-152.40804718536072,112.16372489204845,-1.51318,-0.18018,0.49023,-60.06098,-152.19513,112.43903
743,3716,-1.487424535626821,-0.13215633326205015,0.4328514324400588,-60.31128795418641,-147.6519471853607,103.62713489204845,-1.45508,-0.22852,0.42773,-60.73171,-147.43903,103.90244
744,3721,-1.4447990873180352,-0.17094861809474063,0.39087061091411573,-59.335677954186416,-141.61535718536072,94.11493489204845,-1.4126,-0.26709,0.38525,-59.7561,-141.40244,94.39024
745,3726,-1.398741929187779,-0.20237871664339444,0.3624090369982222,-56.65274795418641,-134.9690171853607,83.74908489204844,-1.3667,-0.29834,0.35645,-57.07317,-134.7561,84.02439
746,3731,-1.3521930933345638,-0.22890069100269048,0.33152625280128906,-51.347877954186416,-128.2616971853607,72.83445489204844,-1.32031,-0.32471,0.3252,-51.7683,-128.04878,73.10976
747,3736,-1.297807516631734,-0.2588523177156156,0.3035390384506603,-43.847877954186416,-121.0056071853607,61.675914892048446,-1.26611,-0.35449,0.29688,-44.2683,-120.79269,61.95122
748,3741,-1.2659688755103173,-0.292253712045241,0.28181732335790544,-34.274697954186415,-113.2616971853607,50.70030489204845,-1.23438,-0.3877,0.2749,-34.69512,-113.04878,50.97561
749,3746,-1.2865390659606495,-0.3261378726885737,0.28568137731662574,-22.567387954186415,-105.5787771853607,40.090554892048445,-1.25488,-0.42139,0.27881,-22.98781,-105.36586,40.36586
750,3750,-1.2865390659606495,-0.3261378726885737,0.28568137731662574,-22.567387954186415,-105.5787771853607,40.090554892048445,-1.25488,-0.42139,0.27881,-22.98781,-105.36586,40.36586
751,3756,-1.3311312251612724,-0.3600220333319064,0.2663808725049104,3.835052045813586,-93.44462718536073,18.383234892048446,-1.29932,-0.45508,0.25928,3.41463,-93.23171,18.65854
752,3761,-1.323776127795373,-0.36935551539691464,0.25190302327338815,16.944812045813585,-88.56657718536073,7.590544892048446,-1.29199,-0.46436,0.24463,16.52439,-88.35366,7.86585
753,3766,-1.3183877413213105,-0.3973459039604038,0.24128922800058614,30.054572045813586,-84.05438718536072,-2.958235107951553,-1.28662,-0.49219,0.23389,29.63415,-83.84147,-2.68293
754,3771,-1.3178960635983512,-0.4209109346482424,0.22970694861536836,42.73749204581359,-79.72511718536072,-13.263115107951553,-1.28613,-0.51562,0.22217,42.31707,-79.5122,-12.98781
755,3776,-1.3193710967672287,-0.43221571249422225,0.2161975834962619,54.62774204581359,-75.21291718536071,-23.689935107951552,-1.2876,-0.52686,0.2085,54.20732,-75.0,-23.41463
756,3781,-1.3193710967672287,-0.43221571249422225,0.2161975834962619,54.62774204581359,-75.21291718536071,-23.689935107951552,-1.2876,-0.52686,0.2085,54.20732,-75.0,-23.41463
757,3786,-1.3174043858753919,-0.42582911646913585,0.194475868403507,64.01798204581358,-70.94462718536073,-34.29969510795155,-1.28564,-0.52051,0.18652,63.59756,-70.73171,-34.02439
758,3790,-1.300747548730245,-0.40470809024444043,0.1660044119966704,69.99359204581359,-66.79828718536072,-44.970425107951556,-1.26904,-0.49951,0.15771,69.57317,-66.58537,-44.69512
759,3796,-1.2733139386369725,-0.3305531729326886,0.11775809121285358,71.51798204581358,-57.347067185360714,-66.49481510795155,-1.2417,-0.42578,0.10889,71.09756,-57.13415,-66.21951
760,3801,-1.2767456484584425,-0.3001087222745205,0.1081028975615244,67.92042204581358,-51.676337185360715,-77.22652510795156,-1.24512,-0.39551,0.09912,67.5,-51.46342,-76.95122
761,3806,-1.275270615289565,-0.2745723958057103,0.09410929038621005,62.43262204581359,-46.12754718536072,-87.89726510795155,-1.24365,-0.37012,0.08496,62.0122,-45.91463,-87.62196
762,3811,-1.275270615289565,-0.2745723958057103,0.09410929038621005,62.43262204581359,-46.12754718536072,-87.89726510795155,-1.24365,-0.37012,0.08496,62.0122,-45.91463,-87.62196
763,3816,-1.2640021646184807,-0.2598379656061014,0.07529302763070264,56.15213204581359,-40.09096718536072,-98.38506510795155,-1.23242,-0.35547,0.06592,55.73171,-39.87805,-98.10976
764,3821,-1.2306884903281865,-0.23920976332664892,0.07818859747700707,48.89603204581359,-33.200717185360716,-108.44603510795156,-1.19922,-0.33496,0.06885,48.47561,-32.9878,-108.17073
765,3826,-1.2007964916201184,-0.22349974286808982,0.0854225808472967,41.82286204581359,-25.151947185360715,-118.08018510795155,-1.16943,-0.31934,0.07617,41.40244,-24.93903,-117.80488
766,3831,-1.1792429457238678,-0.23774134912245584,0.0965206181763066,36.70091204581359,-17.834867185360714,-126.67774510795155,-1.14795,-0.3335,0.0874,36.28049,-17.62195,-126.40244
767,3836,-1.3002558710072858,0.8082925611028853,-0.4902522815654231,-20.067377954186416,23.018792814639284,-148.26311510795156,-1.26855,0.70654,-0.50635,-20.4878,23.23171,-147.98781
768,3841,-1.1821829778223785,0.1281251132469457,-0.1548800689231437,-86.40884795418641,70.51879281463928,-152.28749510795157,-1.15088,0.03027,-0.16699,-86.82927,70.73171,-152.01219
769,3846,-1.1821829778223785,0.1281251132469457,-0.1548800689231437,-86.40884795418641,70.51879281463928,-152.28749510795157,-1.15088,0.03027,-0.16699,-86.82927,70.73171,-152.01219
770,3851,-0.24980146726390434,-0.4444860229676167,-0.13703229028005212,-105.86006795418642,77.16513281463929,-155.09238510795157,-0.22168,-0.53906,-0.14893,-106.28049,77.37805,-154.81708
771,3856,-0.09889654327241816,-0.6286513140154247,-0.09263025847306952,-71.95762795418642,94.66513281463929,-139.42165510795158,-0.07129,-0.72217,-0.104,-72.37805,94.87805,-139.14635
772,3861,-0.5138825756891942,-0.6522264023347989,0.6027116867686626,-11.347867954186414,117.65294281463929,-103.62896510795156,-0.48486,-0.74561,0.59961,-11.76829,117.86586,-103.35366
773,3866,0.001546191560667596,-0.0015177572465415407,1.3303891423759515,29.688712045813585,118.38464281463928,-67.04360510795155,0.02881,-0.09863,1.33594,29.26829,118.59756,-66.7683
774,3871,-0.2086410178847517,0.6609683743698673,1.6203908390988324,38.89603204581359,118.56757281463928,-33.56798510795155,-0.18066,0.56006,1.62939,38.47561,118.78049,-33.29268
775,3875,-0.5707165067675756,1.1206323084399874,1.6623815431157187,19.993592045813585,116.06757281463928,-16.67774510795155,-0.5415,1.01709,1.67188,19.57317,116.28049,-16.40244
776,3881,-0.49428570644553615,1.1992025259958543,1.4273759084907363,-8.421037954186414,103.07977281463928,-22.348475107951554,-0.46533,1.09521,1.43408,-8.84146,103.29269,-22.07317
777,3886,-0.74808171964566,0.8765537063347937,1.259452622386964,-29.274697954186415,98.81147281463927,-37.592375107951554,-0.71826,0.77441,1.26416,-29.69512,99.02439,-37.31707
778,3891,-1.5834522051925186,1.0229023028088613,1.9470763422021986,-69.82347795418642,94.66513281463929,-50.94603510795155,-1.55078,0.91992,1.95996,-70.2439,94.87805,-50.67073
779,3896,-1.2914458089509973,1.4472136620314557,2.0431045066955105,-122.26250795418642,71.00659281463928,-56.433845107951555,-1.25977,1.3418,2.05713,-122.68293,71.21951,-56.15854
780,3901,-1.6589096843078837,0.23665701514727316,1.2343609778826397,-75.98201795418642,42.287082814639284,-32.04359510795155,-1.62598,0.13818,1.23877,-76.40244,42.5,-31.76829
781,3906,-1.5609153038503494,-0.6929799253169255,0.9955011717898801,-23.177137954186417,23.262692814639284,-7.653355107951554,-1.52832,-0.78613,0.99707,-23.59756,23.47561,-7.37805
782,3911,-0.8225558433151067,-0.7077143555165345,1.2691078160382931,-16.347867954186416,12.591962814639285,-8.750915107951553,-0.79248,-0.80078,1.27393,-16.76829,12.80488,-8.47561
783,3915,-0.6069802473956247,-0.6468153965686627,1.427860150546944,-9.396647954186413,1.6163528146392838,-3.446035107951553,-0.57764,-0.74023,1.43457,-9.81707,1.82927,-3.17073
784,3921,-0.29487526994824215,-0.29716183623459874,1.217956042917229,-4.457627954186414,-5.944627185360716,-3.2631051079515534,-0.2666,-0.39258,1.22217,-4.87805,-5.73171,-2.9878
785,3926,-0.2654749489631331,0.2292948288632365,0.9684824415516672,-2.811287954186414,-2.469017185360716,-2.8972551079515534,-0.2373,0.13086,0.96973,-3.23171,-2.2561,-2.62195
786,3931,-0.36445268486658544,0.4512667568532492,0.8854794001212539,-2.1405579541864137,1.982202814639284,-0.7021351079515534,-0.33594,0.35156,0.88574,-2.56098,2.19512,-0.42683
787,3936,-0.4198115827760894,0.2538455074415609,0.8835523143873653,-2.1405579541864137,3.384642814639284,1.4320148920484466,-0.39111,0.15527,0.88379,-2.56098,3.59756,1.70732
788,3941,-0.44039180746566564,-0.05897700620924851,0.9530361082077291,-1.5307979541864138,1.860252814639284,2.3466448920484466,-0.41162,-0.15576,0.9541,-1.95122,2.07317,2.62195
789,3946,-0.4379434530901139,-0.18665863855329978,0.9935740860559915,-1.4698179541864138,-0.7616971853607162,1.6149348920484465,-0.40918,-0.28271,0.99512,-1.89024,-0.54878,1.89024
790,3951,-0.4100181652738824,-0.06290954013965608,0.9530361082077291,-2.7503079541864137,-2.6519371853607163,0.7003048920484465,-0.38135,-0.15967,0.9541,-3.17073,-2.43902,0.97561
791,3956,-0.39042129603022435,0.1246954608933166,0.8999572493527762,-3.9698179541864143,-3.322677185360716,0.21249489204844657,-0.36182,0.02686,0.90039,-4.39024,-3.10976,0.4878
792,3961,-0.3874812639317135,0.20277285450394045,0.8859636421774618,-4.274697954186414,-3.383647185360716,0.21249489204844657,-0.35889,0.10449,0.88623,-4.69512,-3.17073,0.4878
793,3966,-0.38845458513838776,0.1413911292423615,0.8975459215626798,-3.482017954186414,-3.383647185360716,0.2734748920484466,-0.35986,0.04346,0.89795,-3.90244,-3.17073,0.54878
794,3971,-0.4002147135324314,0.022047273441297133,0.9245646518008925,-2.7503079541864137,-3.383647185360716,0.3954248920484466,-0.37158,-0.0752,0.92529,-3.17073,-3.17073,0.67073
795,3976,-0.4095264875509232,-0.01134406325679267,0.9318085176621252,-2.3844579541864137,-3.322677185360716,0.2734748920484466,-0.38086,-0.1084,0.93262,-2.80488,-3.10976,0.54878
796,3981,-0.392377972682817,0.04955489569107896,0.9308400335497093,-2.323477954186414,-3.322677185360716,0.15152489204844655,-0.36377,-0.04785,0.93164,-2.7439,-3.10976,0.42683
797,3986,-0.3967830037109613,0.07066586428423875,0.9303557914935014,-1.1039679541864138,-2.834867185360716,0.9442048920484467,-0.36816,-0.02686,0.93115,-1.52439,-2.62195,1.21951
798,3991,-0.40070639125539054,0.03482046549147005,0.9313242756059174,-0.128357954186414,-2.469017185360716,1.3100648920484466,-0.37207,-0.0625,0.93213,-0.54878,-2.2561,1.58537
799,3996,-0.40070639125539054,0.0033903669428162345,0.937599657354734,0.17652204581358605,-2.225117185360716,1.2490848920484465,-0.37207,-0.09375,0.93848,-0.2439,-2.0122,1.52439
800,4000,-0.3953180047813279,0.0053516050922522256,0.9390425010324148,0.48140204581358603,-2.1641371853607163,1.3100648920484466,-0.3667,-0.0918,0.93994,0.06098,-1.95122,1.58537
801,4006,-0.3874812639317135,0.03923576573558493,0.9390425010324148,0.847252045813586,-1.249507185360716,1.0051848920484465,-0.35889,-0.05811,0.93994,0.42683,-1.03659,1.28049
802,4011,-0.3933613281287353,0.04710083359640006,0.9366311732423183,2.127742045813586,-0.15193718536071613,0.7612848920484465,-0.36475,-0.05029,0.9375,1.70732,0.06098,1.03659
803,4016,-0.3982580368798388,0.04415394755647828,0.9390425010324148,3.896032045813586,0.5187928146392838,0.6393248920484467,-0.36963,-0.05322,0.93994,3.47561,0.73171,0.91463
804,4021,-0.3982580368798388,0.030887931561062485,0.9356626891299025,5.298472045813586,0.884642814639284,0.5783548920484465,-0.36963,-0.06641,0.93652,4.87805,1.09756,0.85366
805,4026,-0.3948263270583687,0.021564507127589817,0.9269759795909892,6.335052045813586,1.006592814639284,0.7003048920484465,-0.36621,-0.07568,0.92773,5.91463,1.21951,0.97561
806,4031,-0.3963013602272462,0.025486983426461815,0.9269759795909892,6.517982045813586,1.0675728146392838,1.0661548920484467,-0.36768,-0.07178,0.92773,6.09756,1.28049,1.34146
807,4036,-0.3948263270583687,0.03187357945154826,0.9236060501794198,6.5789620458135865,1.128542814639284,1.3100648920484466,-0.36621,-0.06543,0.92432,6.15854,1.34146,1.58537
808,4040,-0.38503290955616176,0.03432764154622715,0.9216690819545881,6.5789620458135865,1.1895228146392838,1.6759148920484466,-0.35645,-0.06299,0.92236,6.15854,1.40244,1.95122
809,4046,-0.3816011997346917,0.0451295378154285,0.9182991525430189,6.396032045813586,1.3724528146392838,1.9198148920484468,-0.35303,-0.05225,0.91895,5.97561,1.58537,2.19512
810,4051,-0.37522945781471073,0.059863968015037405,0.9100868025693704,6.396032045813586,1.4944028146392838,2.2856748920484464,-0.34668,-0.0376,0.91064,5.97561,1.70732,2.56098
811,4056,-0.37179774799324067,0.058395553810844304,0.906232631101593,6.517982045813586,1.7383028146392838,2.3466448920484466,-0.34326,-0.03906,0.90674,6.09756,1.95122,2.62195
812,4061,-0.3757211355376699,0.05544866777092252,0.9154035826967143,6.091152045813586,2.165132814639284,2.2856748920484464,-0.34717,-0.04199,0.91602,5.67073,2.37805,2.56098
813,4066,-0.3742461023687924,0.06379650194544498,0.9173306684306028,5.969202045813586,2.530982814639284,2.2246948920484466,-0.3457,-0.03369,0.91797,5.54878,2.7439,2.5
814,4071,-0.37963448884285506,0.06723621193060965,0.9120237707942019,6.335052045813586,3.140742814639284,2.2856748920484464,-0.35107,-0.03027,0.9126,5.91463,3.35366,2.56098
815,4076,-0.3835578763872843,0.0731299840104532,0.9120237707942019,6.7009120458135865,3.384642814639284,2.4685948920484466,-0.35498,-0.02441,0.9126,6.28049,3.59756,2.7439
816,4081,-0.3757211355376699,0.07705246030932521,0.9211947223893232,7.432622045813586,3.750492814639284,2.5295748920484464,-0.34717,-0.02051,0.92188,7.0122,3.96341,2.80488
817,4086,-0.3757211355376699,0.06428932589068785,0.9250488938571005,8.225302045813585,4.360252814639284,2.9564048920484467,-0.34717,-0.0332,0.92578,7.80488,4.57317,3.23171
818,4091,-0.3816011997346917,0.03727452758614894,0.9255331359133084,8.591152045813587,5.274882814639284,3.2003048920484467,-0.35303,-0.06006,0.92627,8.17073,5.4878,3.47561
819,4096,-0.3816011997346917,0.03236640339679116,0.9293971898720287,8.530182045813586,6.189522814639284,3.2003048920484467,-0.35303,-0.06494,0.93018,8.10976,6.40244,3.47561
820,4101,-0.4011980689783497,0.020578859237104025,0.9342198454522217,8.347252045813585,6.433422814639284,3.2003048920484467,-0.37256,-0.07666,0.93506,7.92683,6.64634,3.47561
821,4106,-0.405603100006494,0.00829849113217401,0.9091282009478975,8.042372045813586,6.189522814639284,3.2003048920484467,-0.37695,-0.08887,0.90967,7.62195,6.40244,3.47561
822,4111,-0.39042129603022435,0.042182651775506716,0.9120237707942019,7.005792045813586,5.7626928146392835,3.2003048920484467,-0.36182,-0.05518,0.9126,6.58537,5.97561,3.47561
823,4116,-0.386006230762836,0.05495584382567963,0.9134666144718826,6.335052045813586,5.701712814639284,2.6515248920484464,-0.35742,-0.04248,0.91406,5.91463,5.91463,2.92683
824,4121,-0.3909029395139395,0.053970195935193845,0.9096124430041054,6.152132045813586,5.8846428146392835,2.2856748920484464,-0.3623,-0.04346,0.91016,5.73171,6.09756,2.56098
825,4125,-0.3963013602272462,0.04955489569107896,0.9067168731578009,5.603352045813586,5.8846428146392835,1.9807948920484466,-0.36768,-0.04785,0.90723,5.18293,6.09756,2.2561
826,4131,-0.3992413923257571,0.049062071745836065,0.9091282009478975,5.237492045813586,5.457812814639284,1.9198148920484468,-0.37061,-0.04834,0.90967,4.81707,5.67073,2.19512
827,4136,-0.3967830037109613,0.04611518570591428,0.9067168731578009,4.6887120458135865,5.091962814639284,1.8588448920484466,-0.36816,-0.05127,0.90723,4.26829,5.30488,2.13415
828,4141,-0.39776635915687963,0.041699885461799396,0.9100868025693704,4.200912045813586,4.848062814639284,1.6759148920484466,-0.36914,-0.05566,0.91064,3.78049,5.06098,1.95122
829,4146,-0.3938429716124504,0.046608009651157176,0.9038213033114965,3.652132045813586,4.726102814639284,1.3100648920484466,-0.36523,-0.05078,0.9043,3.23171,4.93902,1.58537
830,4151,-0.39972303580947216,0.04710083359640006,0.9043055453677044,2.920422045813586,4.543182814639284,1.3100648920484466,-0.37109,-0.05029,0.90479,2.5,4.7561,1.58537
831,4156,-0.40364642335390144,0.0451295378154285,0.9120237707942019,2.676522045813586,4.299282814639284,1.0051848920484465,-0.375,-0.05225,0.9126,2.2561,4.5122,1.28049
832,4161,-0.39874971460279796,0.04710083359640006,0.9096124430041054,2.188712045813586,3.8114728146392842,0.6393248920484467,-0.37012,-0.05029,0.91016,1.76829,4.02439,0.91463
833,4165,-0.39776635915687963,0.04415394755647828,0.9105710446255783,1.457012045813586,3.5675728146392838,0.33445489204844653,-0.36914,-0.05322,0.91113,1.03659,3.78049,0.60976
834,4171,-0.40070639125539054,0.043168299665992504,0.9096124430041054,0.847252045813586,3.628542814639284,-0.09237510795155343,-0.37207,-0.0542,0.91016,0.42683,3.84146,0.18293
835,4176,-0.40658645545241234,0.027458279207433385,0.906232631101593,0.17652204581358605,3.0797628146392837,-0.6411551079515534,-0.37793,-0.06982,0.90674,-0.2439,3.29268,-0.36585
836,4181,-0.4031547456309423,0.03776735153139183,0.8970616795064719,-1.1039679541864138,2.165132814639284,-1.4948151079515535,-0.37451,-0.05957,0.89746,-1.52439,2.37805,-1.21951
837,4186,-0.37963448884285506,0.0947337765488559,0.8922390239262787,-2.567377954186414,1.250492814639284,-2.1045751079515536,-0.35107,-0.00293,0.89258,-2.9878,1.46341,-1.82927
838,4191,-0.3771861344673033,0.07950652240400409,0.8912705398138628,-2.8722579541864137,1.1895228146392838,-2.2875051079515534,-0.34863,-0.01807,0.8916,-3.29268,1.40244,-2.0122
839,4196,-0.39874971460279796,0.04611518570591428,0.9091282009478975,-3.055187954186414,1.4944028146392838,-2.4094551079515534,-0.37012,-0.05127,0.90967,-3.47561,1.70732,-2.13415
840,4201,-0.39188629495985783,0.06281085405495919,0.9091282009478975,-3.664947954186414,1.1895228146392838,-2.5314051079515534,-0.36328,-0.03467,0.90967,-4.08537,1.40244,-2.2561
841,4206,-0.38503290955616176,0.056424258029872734,0.8999572493527762,-3.8478679541864143,1.4334228146392838,-2.2875051079515534,-0.35645,-0.04102,0.90039,-4.26829,1.64634,-2.0122
842,4211,-0.3953180047813279,0.05004771963632185,0.9023685771428728,-4.152747954186414,1.7992828146392839,-2.2265251079515536,-0.3667,-0.04736,0.90283,-4.57317,2.0122,-1.95122
843,4216,-0.39874971460279796,0.04807642385535028,0.9018843350866649,-4.396647954186414,1.6773228146392838,-2.2265251079515536,-0.37012,-0.04932,0.90234,-4.81707,1.89024,-1.95122
844,4221,-0.3992413923257571,0.046608009651157176,0.9043055453677044,-4.762507954186414,1.6163528146392838,-2.3484751079515536,-0.37061,-0.05078,0.90479,-5.18293,1.82927,-2.07317
845,4226,-0.3992413923257571,0.0451295378154285,0.9038213033114965,-5.067377954186414,1.4334228146392838,-2.1045751079515536,-0.37061,-0.05225,0.9043,-5.4878,1.64634,-1.82927
846,4231,-0.4002147135324314,0.042182651775506716,0.9038213033114965,-5.1893379541864135,1.4334228146392838,-2.1045751079515536,-0.37158,-0.05518,0.9043,-5.60976,1.64634,-1.82927
847,4236,-0.4011980689783497,0.0426754757207496,0.8999572493527762,-5.738117954186414,1.250492814639284,-2.0435951079515533,-0.37256,-0.05469,0.90039,-6.15854,1.46341,-1.76829
848,4241,-0.402181424424268,0.039728589680827826,0.9028528191990807,-6.347867954186414,0.7626928146392838,-1.9826251079515533,-0.37354,-0.05762,0.90332,-6.76829,0.97561,-1.70732
849,4246,-0.402181424424268,0.03776735153139183,0.9014099755214,-7.140557954186414,0.3358628146392839,-2.2265251079515536,-0.37354,-0.05957,0.90186,-7.56098,0.54878,-1.95122
850,4250,-0.40070639125539054,0.030887931561062485,0.9018843350866649,-8.116167954186414,-0.33486718536071614,-2.6533551079515534,-0.37207,-0.06641,0.90234,-8.53659,-0.12195,-2.37805
851,4256,-0.40364642335390144,0.01911044503291093,0.9028528191990807,-9.640557954186415,-1.249507185360716,-3.080185107951553,-0.375,-0.07812,0.90332,-10.06098,-1.03659,-2.80488
852,4261,-0.41246651964943415,0.014685087157260473,0.8946503517163753,-11.652747954186413,-2.712917185360716,-3.7509151079515535,-0.38379,-0.08252,0.89502,-12.07317,-2.5,-3.47561
853,4266,-0.4085431321050049,0.01911044503291093,0.890302055701447,-14.274697954186413,-4.6031571853607165,-4.726525107951554,-0.37988,-0.07812,0.89062,-14.69512,-4.39024,-4.45122
854,4271,-0.4011980689783497,0.0426754757207496,0.8989887652403604,-16.957627954186417,-6.127547185360716,-5.824085107951554,-0.37256,-0.05469,0.89941,-17.37805,-5.91463,-5.54878
855,4276,-0.3874812639317135,0.0765596363640823,0.9105710446255783,-18.664947954186417,-7.712917185360716,-6.433845107951554,-0.35889,-0.021,0.91113,-19.08537,-7.5,-6.15854
856,4281,-0.3933613281287353,0.09326536234466277,0.9134666144718826,-18.482017954186414,-8.932427185360716,-6.555795107951554,-0.36475,-0.00439,0.91406,-18.90244,-8.71951,-6.28049
857,4286,-0.3963013602272462,0.07066586428423875,0.9202262382769074,-17.201527954186414,-9.359257185360716,-6.2509151079515535,-0.36768,-0.02686,0.9209,-17.62195,-9.14634,-5.97561
858,4290,-0.38992961830726525,0.06625056404012386,0.932767119283598,-15.128357954186415,-9.359257185360716,-5.458235107951554,-0.36133,-0.03125,0.93359,-15.54878,-9.14634,-5.18293
859,4296,-0.38404955411024344,0.0451295378154285,0.9395267430886227,-12.506407954186415,-8.505597185360717,-3.7509151079515535,-0.35547,-0.05225,0.94043,-12.92683,-8.29268,-3.47561
860,4301,-0.3909029395139395,-0.01134406325679267,0.932767119283598,-10.250307954186415,-6.798287185360716,-2.6533551079515534,-0.3623,-0.1084,0.93359,-10.67073,-6.58537,-2.37805
861,4306,-0.3953180047813279,0.01567073504774625,0.9308400335497093,-9.335677954186414,-5.395847185360716,-2.2875051079515534,-0.3667,-0.08154,0.93164,-9.7561,-5.18293,-2.0122
862,4311,-0.386006230762836,0.03678170364090605,0.927944463703405,-7.994207954186415,-4.420237185360716,-1.4338451079515533,-0.35742,-0.06055,0.92871,-8.41463,-4.20732,-1.15854
863,4316,-0.38992961830726525,0.03285922734203406,0.9236060501794198,-6.713727954186414,-3.322677185360716,-0.7021351079515534,-0.36133,-0.06445,0.92432,-7.13415,-3.10976,-0.42683
864,4321,-0.38992961830726525,0.02991234130211227,0.9245646518008925,-6.225917954186414,-2.712917185360716,-0.27530510795155344,-0.36133,-0.06738,0.92529,-6.64634,-2.5,0.0
865,4326,-0.3830661986643251,0.039728589680827826,0.9265016200257242,-5.738117954186414,-2.469017185360716,-0.15335510795155344,-0.35449,-0.05762,0.92725,-6.15854,-2.2561,0.12195
866,4331,-0.3801261665658142,0.0426754757207496,0.9178149104868109,-5.250307954186414,-2.1641371853607163,-0.031405107951553435,-0.35156,-0.05469,0.91846,-5.67073,-1.95122,0.2439
867,4336,-0.37816948991322163,0.03727452758614894,0.9255331359133084,-4.518597954186414,-1.615357185360716,0.21249489204844657,-0.34961,-0.06006,0.92627,-4.93902,-1.40244,0.4878
868,4341,-0.38257452094136596,0.03776735153139183,0.9260173779695163,-4.152747954186414,-0.8226771853607161,0.029574892048446544,-0.354,-0.05957,0.92676,-4.57317,-0.60976,0.30488
869,4346,-0.3816011997346917,0.043168299665992504,0.9240804097446846,-3.908847954186414,-0.5177971853607162,0.029574892048446544,-0.35303,-0.0542,0.9248,-4.32927,-0.30488,0.30488
870,4351,-0.3806178442887734,0.04807642385535028,0.9236060501794198,-3.421037954186414,-0.029987185360716123,-0.09237510795155343,-0.35205,-0.04932,0.92432,-3.84146,0.18293,0.18293
871,4356,-0.37963448884285506,0.043168299665992504,0.9250488938571005,-2.811287954186414,0.2748828146392839,-0.3362851079515534,-0.35107,-0.0542,0.92578,-3.23171,0.4878,-0.06098
872,4361,-0.38551455303987686,0.036288879695663155,0.922637566067004,-2.5064079541864137,0.884642814639284,-0.7631051079515534,-0.35693,-0.06104,0.92334,-2.92683,1.09756,-0.4878
873,4366,-0.3909029395139395,0.026472631316947593,0.9207104803331153,-2.3844579541864137,1.4334228146392838,-1.0679851079515534,-0.3623,-0.0708,0.92139,-2.80488,1.64634,-0.79268
874,4371,-0.3874812639317135,0.03236640339679116,0.9265016200257242,-2.079577954186414,1.982202814639284,-1.3728651079515535,-0.35889,-0.06494,0.92725,-2.5,2.19512,-1.09756
875,4375,-0.3835578763872843,0.03482046549147005,0.916846426374395,-1.5917779541864139,2.3480628146392837,-1.6167651079515535,-0.35498,-0.0625,0.91748,-2.0122,2.56098,-1.34146
876,4381,-0.3889462628613469,0.03727452758614894,0.9163621843181871,-1.4698179541864138,2.896842814639284,-2.0435951079515533,-0.36035,-0.06006,0.91699,-1.89024,3.10976,-1.76829
877,4386,-0.39139461723689867,0.035313289436712934,0.9187735121082836,-1.1649479541864138,3.3236728146392838,-2.4094551079515534,-0.36279,-0.06201,0.91943,-1.58537,3.53659,-2.13415
878,4391,-0.38551455303987686,0.035806113381955836,0.9182991525430189,-0.799087954186414,3.9334228146392842,-2.4094551079515534,-0.35693,-0.06152,0.91895,-1.21951,4.14634,-2.13415
879,4396,-0.38257452094136596,0.03923576573558493,0.9197419962206994,-0.7381179541864138,4.665132814639284,-2.4704251079515536,-0.354,-0.05811,0.92041,-1.15854,4.87805,-2.19512
880,4401,-0.38551455303987686,0.035806113381955836,0.922153324010796,-0.250307954186414,5.335862814639284,-2.6533551079515534,-0.35693,-0.06152,0.92285,-0.67073,5.54878,-2.37805
881,4406,-0.3874812639317135,0.03335205128727694,0.9202262382769074,-0.18933795418641391,6.1285428146392835,-2.7753051079515534,-0.35889,-0.06396,0.9209,-0.60976,6.34146,-2.5
882,4411,-0.37963448884285506,0.03335205128727694,0.9240804097446846,-0.006407954186413933,6.860252814639284,-2.836285107951553,-0.35107,-0.06396,0.9248,-0.42683,7.07317,-2.56098
883,4415,-0.37963448884285506,0.03335205128727694,0.9240804097446846,-0.006407954186413933,6.860252814639284,-2.836285107951553,-0.35107,-0.06396,0.9248,-0.42683,7.07317,-2.56098
884,4421,-0.3953180047813279,0.03187357945154826,0.922637566067004,0.9082220458135861,8.994402814639283,-2.7143251079515536,-0.3667,-0.06543,0.92334,0.4878,9.20732,-2.43902
885,4426,-0.3928696504057761,0.02991234130211227,0.9236060501794198,1.396032045813586,9.909032814639284,-2.8972551079515534,-0.36426,-0.06738,0.92432,0.97561,10.12195,-2.62195
886,4431,-0.3938429716124504,0.03482046549147005,0.9245646518008925,1.457012045813586,10.579762814639285,-2.836285107951553,-0.36523,-0.0625,0.92529,1.03659,10.79268,-2.56098
887,4436,-0.3889462628613469,0.0284338694663836,0.9265016200257242,1.578962045813586,11.311472814639284,-2.836285107951553,-0.36035,-0.06885,0.92725,1.15854,11.52439,-2.56098
888,4441,-0.3982580368798388,0.029419517356869377,0.9216690819545881,1.7618820458135862,12.043182814639284,-2.958235107951553,-0.36963,-0.06787,0.92236,1.34146,12.2561,-2.68293
889,4446,-0.40364642335390144,0.029419517356869377,0.9173306684306028,1.8838320458135862,12.713912814639285,-2.958235107951553,-0.375,-0.06787,0.91797,1.46341,12.92683,-2.68293
890,4451,-0.40364642335390144,0.029419517356869377,0.9173306684306028,1.8838320458135862,12.713912814639285,-2.958235107951553,-0.375,-0.06787,0.91797,1.46341,12.92683,-2.68293
891,4456,-0.3972746814339204,0.029419517356869377,0.9125080128504098,1.8838320458135862,13.262692814639284,-3.1411551079515534,-0.36865,-0.06787,0.91309,1.46341,13.47561,-2.86585
892,4461,-0.40707813317537145,0.024018569222268707,0.9216690819545881,2.127742045813586,14.238302814639283,-3.1411551079515534,-0.37842,-0.07324,0.92236,1.70732,14.45122,-2.86585
893,4466,-0.3948263270583687,0.03482046549147005,0.922153324010796,1.8838320458135862,14.787082814639284,-3.202135107951553,-0.36621,-0.0625,0.92285,1.46341,15.0,-2.92683
894,4471,-0.39580968250428705,0.03432764154622715,0.9139508565280906,1.822862045813586,15.884642814639285,-3.3850651079515535,-0.36719,-0.06299,0.91455,1.40244,16.09756,-3.10976
895,4476,-0.4026630679079831,0.03138075550630537,0.9144350985842985,1.8838320458135862,16.738302814639283,-3.5070151079515535,-0.37402,-0.06592,0.91504,1.46341,16.95122,-3.23171
896,4481,-0.4026630679079831,0.03138075550630537,0.9144350985842985,1.8838320458135862,16.738302814639283,-3.5070151079515535,-0.37402,-0.06592,0.91504,1.46341,16.95122,-3.23171
897,4486,-0.40364642335390144,0.0284338694663836,0.9187735121082836,1.7618820458135862,17.287082814639284,-3.446035107951553,-0.375,-0.06885,0.91943,1.34146,17.5,-3.17073
898,4491,-0.39972303580947216,0.030887931561062485,0.9178149104868109,1.700912045813586,17.957812814639283,-3.324085107951553,-0.37109,-0.06641,0.91846,1.28049,18.17073,-3.04878
899,4496,-0.40168974670130886,0.02696545526219049,0.922637566067004,1.700912045813586,18.994402814639283,-3.2631051079515534,-0.37305,-0.07031,0.92334,1.28049,19.20732,-2.9878
900,4500,-0.40168974670130886,0.0284338694663836,0.9211947223893232,1.396032045813586,19.970012814639283,-3.080185107951553,-0.37305,-0.06885,0.92188,0.97561,20.18293,-2.80488
901,4506,-0.3928696504057761,0.0009363048481373468,0.9245646518008925,1.274082045813586,23.079762814639285,-2.3484751079515536,-0.36426,-0.09619,0.92529,0.85366,23.29268,-2.07317
902,4511,-0.3928696504057761,0.0009363048481373468,0.9245646518008925,1.274082045813586,23.079762814639285,-2.3484751079515536,-0.36426,-0.09619,0.92529,0.85366,23.29268,-2.07317
903,4516,-0.37179774799324067,-0.021160311635508234,0.937599657354734,2.7374920458135863,25.091962814639285,-2.4094551079515534,-0.34326,-0.11816,0.93848,2.31707,25.30488,-2.13415
904,4521,-0.3595459418762379,0.058395553810844304,0.9110552866817861,4.383832045813586,28.018792814639284,-3.080185107951553,-0.33105,-0.03906,0.91162,3.96341,28.23171,-2.80488
905,4526,-0.39972303580947216,0.04464677150172118,0.906232631101593,4.261882045813586,30.945622814639282,-2.958235107951553,-0.37109,-0.05273,0.90674,3.84146,31.15854,-2.68293
906,4531,-0.40805145438204576,-0.00495746723170622,0.9125080128504098,4.993592045813586,32.40903281463928,-2.8972551079515534,-0.37939,-0.10205,0.91309,4.57317,32.62195,-2.62195
907,4536,-0.405603100006494,0.03187357945154826,0.906232631101593,4.993592045813586,33.87245281463928,-2.8972551079515534,-0.37695,-0.06543,0.90674,4.57317,34.08537,-2.62195
908,4540,-0.41197484192647493,0.019593211346618247,0.9052641469891772,4.871642045813586,35.64074281463928,-2.4094551079515534,-0.3833,-0.07764,0.90576,4.45122,35.85366,-2.13415
909,4546,-0.3982580368798388,0.02254009738654003,0.9071912327230659,4.8106620458135865,37.40903281463928,-2.2875051079515534,-0.36963,-0.07471,0.90771,4.39024,37.62195,-2.0122
910,4551,-0.405603100006494,0.03187357945154826,0.906232631101593,4.6887120458135865,39.604152814639285,-2.1655451079515533,-0.37695,-0.06543,0.90674,4.26829,39.81707,-1.89024
911,4556,-0.42030326049904854,0.03236640339679116,0.9004414914089841,4.5667620458135865,41.67732281463928,-2.2265251079515536,-0.3916,-0.06494,0.90088,4.14634,41.89024,-1.95122
912,4561,-0.40658645545241234,0.01812479714242514,0.9240804097446846,5.725302045813586,43.62854281463928,-1.9216451079515533,-0.37793,-0.0791,0.9248,5.30488,43.84146,-1.64634
913,4566,-0.3835578763872843,0.03187357945154826,0.9120237707942019,7.676522045813586,46.12854281463928,-2.1045751079515536,-0.35498,-0.06543,0.9126,7.2561,46.34146,-1.82927
914,4571,-0.40070639125539054,0.052501781731000736,0.9067168731578009,7.920422045813586,49.42123281463928,-2.2265251079515536,-0.37207,-0.04492,0.90723,7.5,49.63415,-1.95122
915,4576,-0.4149148740249859,0.024994159481218917,0.9178149104868109,8.286272045813586,52.53098281463928,-2.1045751079515536,-0.38623,-0.07227,0.91846,7.86585,52.7439,-1.82927
916,4581,-0.41540655174794505,0.02696545526219049,0.9071912327230659,9.017982045813586,55.335862814639285,-2.3484751079515536,-0.38672,-0.07031,0.90771,8.59756,55.54878,-2.07317
917,4586,-0.42177829366792596,0.030405165247355155,0.9038213033114965,9.566762045813586,58.50659281463928,-2.2265251079515536,-0.39307,-0.06689,0.9043,9.14634,58.71951,-1.95122
918,4591,-0.4266750024190295,0.02254009738654003,0.9105710446255783,10.176522045813586,61.73830281463928,-1.9216451079515533,-0.39795,-0.07471,0.91113,9.7561,61.95122,-1.64634
919,4596,-0.4193199050531302,0.02352574527702581,0.9076754747792738,10.542372045813586,64.97001281463929,-1.7387151079515535,-0.39062,-0.07373,0.9082,10.12195,65.18293,-1.46341
920,4601,-0.44578019393972834,0.013216672953067363,0.9038213033114965,11.213102045813587,68.81147281463927,-1.4948151079515535,-0.41699,-0.08398,0.9043,10.79268,69.02439,-1.21951
921,4606,-0.44774690483156493,0.019593211346618247,0.9052641469891772,11.883842045813585,72.34805281463929,-1.1899351079515534,-0.41895,-0.07764,0.90576,11.46342,72.56097,-0.91463
922,4611,-0.45509196795822016,0.017631973197182255,0.9076754747792738,12.127742045813585,75.94562281463928,-0.8240851079515534,-0.42627,-0.07959,0.9082,11.70732,76.15854,-0.54878
923,4616,-0.45215193585970925,0.012231025062581585,0.9018843350866649,12.859442045813585,79.11635281463927,-0.5192051079515534,-0.42334,-0.08496,0.90234,12.43902,79.32927,-0.2439
924,4621,-0.45607532340413853,0.007805667186931127,0.9047799049329693,14.322862045813586,82.89684281463929,-0.15335510795155344,-0.42725,-0.08936,0.90527,13.90244,83.10976,0.12195
925,4625,-0.4531352913056276,0.021564507127589817,0.9110552866817861,15.298472045813586,87.16513281463929,0.2734748920484466,-0.42432,-0.07568,0.91162,14.87805,87.37805,0.54878
926,4631,-0.45361693478934273,0.0279410455211407,0.9033370612552886,16.152132045813584,91.6773228146393,0.33445489204844653,-0.4248,-0.06934,0.90381,15.73171,91.89024,0.60976
927,4636,-0.464403741976712,0.03776735153139183,0.9100868025693704,16.396032045813584,96.55538281463927,-0.031405107951553435,-0.43555,-0.05957,0.91064,15.97561,96.7683,0.2439
928,4641,-0.4594969989863645,0.05299460567624363,0.9144350985842985,16.761882045813586,101.37245281463927,-0.7021351079515534,-0.43066,-0.04443,0.91504,16.34146,101.58537,-0.42683
929,4646,-0.4614637098782011,0.05151613384051495,0.9047799049329693,17.615542045813584,106.43343281463927,-1.3728651079515535,-0.43262,-0.0459,0.90527,17.19512,106.64635,-1.09756
930,4651,-0.460972032155242,0.0426754757207496,0.9120237707942019,18.286272045813583,112.16513281463929,-2.2265251079515536,-0.43213,-0.05469,0.9126,17.86585,112.37805,-1.95122
931,4656,-0.46734377407522293,0.041699885461799396,0.9091282009478975,18.530182045813586,118.38464281463928,-3.0192051079515534,-0.43848,-0.05566,0.90967,18.10976,118.59756,-2.7439
932,4661,-0.4624370310848754,0.04710083359640006,0.9192577541644915,17.554572045813586,125.21391281463929,-3.8728651079515535,-0.43359,-0.05029,0.91992,17.13415,125.42683,-3.59756
933,4665,-0.47616387037075564,0.04366112361123539,0.9231218081232119,16.639932045813584,132.4700028146393,-4.909455107951554,-0.44727,-0.05371,0.92383,16.21951,132.68292,-4.63415
934,4671,-0.4624370310848754,0.0603567919602803,0.9240804097446846,15.481402045813587,140.70172281463928,-6.4948151079515535,-0.43359,-0.03711,0.9248,15.06098,140.91464,-6.21951
935,4676,-0.4565569668878536,0.08245340844392587,0.9284287057596129,13.286272045813586,149.7261128146393,-8.750915107951553,-0.42773,-0.01514,0.9292,12.86585,149.93903,-8.47561
936,4681,-0.4580320000567311,0.0927725383994199,0.9313242756059174,10.542372045813586,159.4822128146393,-11.738725107951552,-0.4292,-0.00488,0.93213,10.12195,159.69513,-11.46342
937,4686,-0.45019525920711667,0.08737159026481923,0.9293971898720287,6.5789620458135865,169.9700228146393,-15.458235107951554,-0.42139,-0.01025,0.93018,6.15854,170.18294,-15.18293
938,4691,-0.47468883720187816,0.08687876631957633,0.9178149104868109,3.103352045813586,181.6163528146393,-19.238725107951552,-0.4458,-0.01074,0.91846,2.68293,181.82927,-18.96342
939,4696,-0.46586874090634545,0.08490747053860476,0.9236060501794198,-1.2259179541864138,194.3602628146393,-23.750915107951553,-0.43701,-0.0127,0.92432,-1.64634,194.57318,-23.47561
940,4701,-0.4722404828263264,0.1138835069925797,0.9245646518008925,-7.384457954186414,208.14075281463928,-28.689935107951552,-0.44336,0.01611,0.92529,-7.80488,208.35367,-28.41463
941,4706,-0.493794028722577,0.10161319651918524,0.9110552866817861,-13.603967954186414,223.38464281463928,-33.26310510795155,-0.46484,0.00391,0.91162,-14.02439,223.59756,-32.9878
942,4711,-0.5251510263602785,0.1138835069925797,0.8792040183724371,-20.433237954186417,240.0309928146393,-38.26310510795155,-0.49609,0.01611,0.87939,-20.85366,240.24391,-37.9878
943,4716,-0.5354461558246888,0.15857962153664928,0.8729385191145633,-28.238117954186414,258.8114628146393,-43.324085107951554,-0.50635,0.06055,0.87305,-28.65854,259.02438,-43.04878
944,4721,-0.5687598301149829,0.18853124824957443,0.8927232659824866,-32.994207954186415,276.0065928146393,-48.62896510795155,-0.53955,0.09033,0.89307,-33.41463,276.21951,-48.35366
945,4726,-0.6824276922717457,0.16938151780585067,0.8999572493527762,-34.335677954186416,291.1895228146393,-53.08018510795155,-0.65283,0.07129,0.90039,-34.7561,291.40244,-52.80488
946,4731,-0.7774820406307688,0.1389370671476826,0.9038213033114965,-35.86006795418641,306.4944228146393,-56.86067510795155,-0.74756,0.04102,0.9043,-36.28049,306.70734,-56.58537
947,4736,-0.9146701595756187,0.13696577136671104,0.9404952272010385,-36.835677954186416,320.5188028146393,-60.763115107951556,-0.88428,0.03906,0.94141,-37.2561,320.73172,-60.48781
948,4741,-1.1611110754098433,0.11585480277355126,1.0461687028547366,-35.43323795418641,332.7749028146393,-62.22652510795155,-1.12988,0.01807,1.04834,-35.85366,332.98782,-61.95122
949,4746,-1.431563925755114,0.15660832575567774,1.2941994605426175,-30.982017954186414,337.7139328146393,-60.336285107951554,-1.39941,0.05859,1.29932,-31.40244,337.92685,-60.06098
950,4750,-1.5280933072830147,0.09571942443934169,1.4056640758889243,-22.201527954186414,332.0431828146393,-55.214335107951555,-1.49561,-0.00195,1.41211,-22.62195,332.2561,-54.93903
951,4756,-1.490364567725332,0.03383481760098427,1.338107367802449,-9.823477954186414,321.6773428146393,-49.421645107951555,-1.45801,-0.06348,1.34375,-10.2439,321.89026,-49.14634
952,4761,-1.4291155713795622,0.007805667186931127,1.2806802129325678,6.639932045813586,312.7749028146393,-41.61676510795155,-1.39697,-0.08936,1.28564,6.21951,312.98782,-41.34146
953,4766,-1.37277331802414,-0.06634925012482075,1.1943072420905854,24.688712045813585,305.5188028146393,-35.702135107951555,-1.34082,-0.16309,1.19824,24.26829,305.73172,-35.42683
954,4771,-1.2017798470660366,-0.012329711147278462,1.043273133008432,38.46920204581359,300.8236728146393,-30.336285107951554,-1.17041,-0.10938,1.04541,38.04878,301.03659,-30.06098
955,4776,-1.0503832453515913,0.056424258029872734,0.9771691510905806,52.37164204581359,301.1285428146393,-23.385065107951554,-1.01953,-0.04102,0.97852,51.95122,301.34146,-23.10976
956,4781,-1.0058011203902129,0.07361275032416052,1.0080519352875137,64.13993204581358,304.2992928146393,-18.385065107951554,-0.9751,-0.02393,1.00977,63.71951,304.51221,-18.10976
957,4786,-1.058711663924165,0.18558436220965266,1.0944249061294964,70.42042204581358,306.3114628146393,-17.836285107951554,-1.02783,0.0874,1.09717,70.0,306.52438,-17.56098
958,4790,-1.2404819078303935,0.2558168032225326,1.1947914841467935,64.93262204581359,305.4578328146393,-23.14115510795155,-1.20898,0.15723,1.19873,64.5122,305.67075,-22.86585
959,4796,-1.3374929328420093,0.35206833701792994,1.3366645241247683,54.444812045813585,297.7749028146393,-29.482625107951552,-1.30566,0.25293,1.34229,54.02439,297.98782,-29.20732
960,4801,-1.4536191836135677,0.2273335907138005,1.529679454732865,44.74969204581359,283.6285428146393,-37.104575107951554,-1.42139,0.12891,1.5376,44.32927,283.84146,-36.82927
961,4806,-1.5403350791607733,0.09522660049409878,1.450056225204964,30.542372045813583,263.2017228146393,-47.89725510795155,-1.50781,-0.00244,1.45703,30.12195,263.41464,-47.62195
962,4811,-1.4060869923144341,0.15563273549672751,1.1002160458221053,14.688712045813586,247.4700228146393,-58.385065107951554,-1.37402,0.05762,1.10303,14.26829,247.68294,-58.10976
963,4816,-1.179734623446827,0.17478246594045133,0.8796882604286451,5.603352045813586,243.44562281463928,-65.21433510795156,-1.14844,0.07666,0.87988,5.18293,243.65854,-64.93903
964,4821,-1.0038344094983762,0.19835755425982557,0.837707438902702,0.3594420458135861,245.88464281463928,-70.39726510795155,-0.97314,0.1001,0.8374,-0.06098,246.09756,-70.12196
965,4826,-0.8098223937143887,0.2302804767537223,0.969925285229348,-0.128357954186414,247.2261128146393,-73.20213510795155,-0.77979,0.13184,0.97119,-0.54878,247.43903,-72.92683
966,4831,-0.6520540500799624,0.24108237302292362,1.1074500291923948,2.981402045813586,245.0309928146393,-73.75091510795156,-0.62256,0.14258,1.11035,2.56098,245.24391,-73.47561
967,4836,-0.6745909514221314,0.21800010864879227,1.2193988865949097,7.3106620458135865,241.4334328146393,-73.56799510795155,-0.64502,0.11963,1.22363,6.89024,241.64635,-73.29269
968,4841,-0.6486223402584924,0.2125991605141916,1.2946738201078825,12.310662045813586,233.26270281463928,-73.20213510795155,-0.61914,0.11426,1.2998,11.89024,233.47562,-72.92683
969,4846,-0.542791218951344,0.20522691659861936,1.2512501549042585,17.615542045813584,219.4212428146393,-72.22652510795156,-0.51367,0.10693,1.25586,17.19512,219.63416,-71.95122
970,4851,-0.39139461723689867,0.2577780413719685,1.0871810402682636,18.042372045813583,201.7992928146393,-70.88506510795155,-0.36279,0.15918,1.08984,17.62195,202.01221,-70.60976
971,4856,-0.05627109496363212,0.292647849905787,0.9366311732423183,13.652132045813586,184.7870828146393,-71.00701510795156,-0.02881,0.19385,0.9375,13.23171,185.0,-70.73171
972,4861,-0.051856029696243734,0.078038108199811,1.0447258591770558,19.078962045813583,167.4700228146393,-70.64115510795155,-0.02441,-0.01953,1.04688,18.65854,167.68294,-70.36585
973,4866,-1.575123786619945,0.19687908242409688,1.5007237562698204,22.432622045813584,139.6651328146393,-66.73872510795155,-1.54248,0.09863,1.5083,22.0122,139.87805,-66.46342
974,4871,-1.7368054835595566,0.5676637266143917,2.160844503790634,23.103352045813583,83.07977281463928,-59.05579510795155,-1.70361,0.46729,2.17627,22.68293,83.29269,-58.78049
975,4875,-1.2145233309059986,0.5259144981102439,2.277141657208077,35.11554204581359,19.055372814639284,-44.84847510795155,-1.18311,0.42578,2.29395,34.69512,19.26829,-44.57317
976,4881,-0.8548961963987266,0.4119816480753158,1.9374310310418124,35.786282045813586,-32.712917185360716,-32.53140510795156,-0.82471,0.3125,1.9502,35.36586,-32.5,-32.2561
977,4886,-0.5648364425705538,0.4689480730927799,1.56007799687359,27.798472045813586,-70.02999718536071,-21.860675107951554,-0.53564,0.36914,1.56836,27.37805,-69.81708,-21.58537
978,4891,-0.2963503031171196,0.5735474410626998,1.2295383223024468,14.993592045813585,-95.33487718536071,-13.202135107951554,-0.26807,0.47314,1.23389,14.57317,-95.12196,-12.92683
979,4896,-0.08321302733394532,0.5735474410626998,0.9361469311861104,0.3594420458135861,-110.6397471853607,-7.043595107951554,-0.05566,0.47314,0.93701,-0.06098,-110.42683,-6.76829
980,4901,0.05348341388794551,0.4920303374669112,0.7247900973877714,-14.457627954186414,-117.28608718536071,-3.202135107951553,0.08057,0.39209,0.72314,-14.87805,-117.07317,-2.92683
981,4906,0.1196190847455747,0.40952758598063693,0.5954777033983729,-30.372257954186416,-117.46901718536071,-1.3118951079515533,0.14648,0.31006,0.59229,-30.79268,-117.2561,-1.03659
982,4911,0.13628595612996586,0.3230923005639551,0.5211613715068731,-45.494207954186415,-114.60315718536071,0.15152489204844655,0.16309,0.22412,0.51709,-45.91463,-114.39024,0.42683
983,4915,0.126974182111474,0.24599049721228142,0.4777278238123063,-57.018607954186415,-110.21291718536071,2.163714892048447,0.15381,0.14746,0.47314,-57.43903,-110.0,2.43902
984,4921,0.11619740916334871,0.16447339361649285,0.4550573895890216,-62.87225795418641,-105.7007271853607,5.151524892048446,0.14307,0.06641,0.4502,-63.29268,-105.48781,5.42683
985,4926,0.08875376483083226,0.08737159026481923,0.4647027007494077,-63.54299795418641,-102.59096718536071,8.810064892048446,0.11572,-0.01025,0.45996,-63.96342,-102.37805,9.08537
986,4931,0.03485986585096178,0.020086035291861145,0.5042721944852543,-59.64055795418641,-101.43242718536072,13.322254892048447,0.06201,-0.07715,0.5,-60.06098,-101.21951,13.59756
987,4936,-0.04597596549922192,-0.03197226553624514,0.5679648486130092,-52.018607954186415,-103.1397471853607,18.32225489204845,-0.01855,-0.12891,0.56445,-52.43903,-102.92683,18.59756
988,4941,-0.12877850774124228,-0.06093824435868449,0.637458524924316,-41.957627954186414,-107.71291718536071,23.749084892048447,-0.10107,-0.15771,0.63477,-42.37805,-107.5,24.02439
989,4946,-0.20227931020401482,-0.059962654099734274,0.6828092758618285,-31.652747954186413,-114.66414718536072,28.32225489204845,-0.17432,-0.15674,0.68066,-32.07317,-114.45123,28.59756
990,4951,-0.2399980155224533,-0.03884162787503892,0.7103221306471922,-22.933237954186417,-123.2007271853607,31.797864892048445,-0.21191,-0.13574,0.7085,-23.35366,-122.98781,32.07317
991,4956,-0.25420649829204867,-0.007904353271628004,0.7243157378225065,-16.957627954186417,-132.16413718536072,33.87103489204845,-0.22607,-0.10498,0.72266,-17.37805,-131.95122,34.14634
992,4961,-0.2654749489631331,0.01567073504774625,0.7291383934026996,-14.030797954186413,-141.0665871853607,34.907624892048446,-0.2373,-0.08154,0.72754,-14.45122,-140.85367,35.18293
993,4966,-0.2787101105260542,0.02696545526219049,0.7363723767729892,-14.213727954186414,-149.48121718536072,35.27347489204845,-0.25049,-0.07031,0.73486,-14.63415,-149.2683,35.54878
994,4971,-0.30026365642230474,0.03285922734203406,0.743132000578014,-16.408847954186417,-157.7129171853607,34.78567489204845,-0.27197,-0.06445,0.7417,-16.82927,-157.5,35.06098
995,4976,-0.3247672686563103,0.024994159481218917,0.7387837045630857,-19.518597954186415,-165.3958571853607,33.810064892048445,-0.29639,-0.07227,0.7373,-19.93902,-165.18294,34.08537
996,4981,-0.34632081455256086,0.009776962967902684,0.7344452910391006,-22.445427954186414,-172.9568271853607,32.65152489204845,-0.31787,-0.0874,0.73291,-22.86585,-172.74391,32.92683
997,4986,-0.3664093615191781,-0.015759363500907564,0.7252743394439793,-25.067387954186415,-179.72512718536072,31.371034892048446,-0.33789,-0.11279,0.72363,-25.48781,-179.51221,31.64634
998,4991,-0.3933613281287353,-0.0437497520643967,0.7286541513464917,-26.103967954186416,-185.6397471853607,30.151524892048446,-0.36475,-0.14062,0.72705,-26.52439,-185.42683,30.42683
999,4996,-0.4232432925975594,-0.06977890247844985,0.7296226354589075,-25.555187954186415,-191.6153671853607,29.175914892048446,-0.39453,-0.1665,0.72803,-25.97561,-191.40245,29.45122
1000,5000,-0.4462718716626875,-0.08696739477273764,0.7262428235563951,-23.177137954186417,-197.28609718536072,28.32225489204845,-0.41748,-0.18359,0.72461,-23.59756,-197.07318,28.59756
1001,5006,-0.4624370310848754,-0.10219464891758943,0.7247900973877714,-19.335677954186416,-202.4690171853607,27.590544892048445,-0.43359,-0.19873,0.72314,-19.7561,-202.2561,27.86585
1002,5011,-0.4693004507278155,-0.10907406888791879,0.7262428235563951,-14.701527954186414,-207.04218718536072,26.85884489204845,-0.44043,-0.20557,0.72461,-15.12195,-206.82927,27.13415
1003,5016,-0.48546561015000345,-0.11643625517195545,0.7301068775151154,-9.579577954186414,-210.8836471853607,26.127134892048446,-0.45654,-0.21289,0.72852,-10.0,-210.67073,26.40244
1004,5021,-0.5104609001069681,-0.12429126540123503,0.7296226354589075,-4.518597954186414,-214.48121718536072,25.151524892048446,-0.48145,-0.2207,0.72803,-4.93902,-214.2683,25.42683
1005,5026,-0.5339711226558113,-0.12134437936131323,0.7301068775151154,0.23749204581358604,-217.5299971853607,24.114934892048446,-0.50488,-0.21777,0.72852,-0.18293,-217.31708,24.39024
1006,5031,-0.5609230892653686,-0.1110353070373548,0.7349295330953086,4.5667620458135865,-219.9690171853607,22.83445489204845,-0.53174,-0.20752,0.7334,4.14634,-219.7561,23.10976
1007,5036,-0.591788409180111,-0.09974058682291054,0.7373408608854051,7.981402045813586,-222.16413718536072,21.553964892048448,-0.5625,-0.19629,0.73584,7.56098,-221.95122,21.82927
1008,5040,-0.6221620513718943,-0.08648462845903031,0.7455433283681105,10.847252045813587,-223.8714571853607,20.212494892048447,-0.59277,-0.18311,0.74414,10.42683,-223.65854,20.4878
1009,5046,-0.6638141784740059,-0.08353774241910854,0.7706349728724348,13.286272045813586,-224.84707718536072,19.236894892048447,-0.63428,-0.18018,0.76953,12.86585,-224.63416,19.5122
1010,5051,-0.703007916961322,-0.07224302220466429,0.785112822103957,15.542372045813586,-225.7616971853607,18.444204892048447,-0.67334,-0.16895,0.78418,15.12195,-225.54878,18.71951
1011,5056,-0.7397533010730863,-0.056030120169326715,0.7947680157552862,17.188712045813585,-226.85926718536072,17.956404892048447,-0.70996,-0.15283,0.79395,16.76829,-226.64635,18.23171
1012,5061,-0.7745420085322581,-0.037373213670845826,0.8121315523421699,17.981402045813585,-227.6519471853607,17.773474892048448,-0.74463,-0.13428,0.81152,17.56098,-227.43903,18.04878
1013,5066,-0.7960955544285085,-0.02018472137655802,0.8266094015736921,18.164322045813584,-228.5056071853607,17.712494892048447,-0.76611,-0.11719,0.82617,17.7439,-228.29269,17.9878
1014,5071,-0.8107957149210631,0.004376014833302013,0.8270936436299,17.798472045813586,-228.8714571853607,18.017374892048448,-0.78076,-0.09277,0.82666,17.37805,-228.65854,18.29268
1015,5076,-0.8098223937143887,0.026472631316947593,0.832884783322509,17.188712045813585,-228.8714571853607,18.932014892048446,-0.77979,-0.0708,0.83252,16.76829,-228.65854,19.20732
1016,5081,-0.8137357470195739,0.042182651775506716,0.8357803531688134,16.335052045813587,-228.3836471853607,20.090544892048445,-0.78369,-0.05518,0.83545,15.91463,-228.17073,20.36585
1017,5086,-0.8152107801884514,0.053970195935193845,0.8439828206515189,15.786272045813586,-227.5299971853607,21.85884489204845,-0.78516,-0.04346,0.84375,15.36585,-227.31708,22.13415
1018,5091,-0.8191241334936367,0.06674338798536676,0.8497739603441278,15.725302045813587,-226.1885371853607,24.175914892048446,-0.78906,-0.03076,0.84961,15.30488,-225.97562,24.45122
1019,5096,-0.8191241334936367,0.08294623238916878,0.8560493420929446,16.152132045813584,-224.48121718536072,27.041764892048448,-0.78906,-0.01465,0.85596,15.73171,-224.2683,27.31707
1020,5101,-0.8299009064417618,0.09866631047926346,0.869558707212051,16.761882045813586,-222.6519471853607,30.395424892048446,-0.7998,0.00098,0.86963,16.34146,-222.43903,30.67073
1021,5106,-0.8485244544787455,0.12027010301766615,0.8927232659824866,17.310662045813583,-220.6397471853607,34.175914892048446,-0.81836,0.02246,0.89307,16.89024,-220.42683,34.45122
1022,5111,-0.8661646470698111,0.1413911292423615,0.9211947223893232,17.981402045813585,-218.5056071853607,38.017374892048444,-0.83594,0.04346,0.92188,17.56098,-218.29269,38.29268
1023,5116,-0.8661646470698111,0.1413911292423615,0.9211947223893232,17.981402045813585,-218.5056071853607,38.017374892048444,-0.83594,0.04346,0.92188,17.56098,-218.29269,38.29268
1024,5121,-0.9073150622097196,0.1625020978355213,0.9694410431731401,18.103352045813583,-216.73731718536072,42.04176489204845,-0.87695,0.06445,0.9707,17.68293,-216.5244,42.31707
1025,5125,-0.9523988991333014,0.1777293519803731,1.0210770583504123,18.042372045813583,-215.8226771853607,46.066154892048445,-0.92188,0.07959,1.02295,17.62195,-215.60976,46.34146
1026,5131,-1.0484265686989986,0.23568142488832294,1.111798325207323,16.883842045813584,-217.04218718536072,53.99299489204845,-1.01758,0.13721,1.11475,16.46342,-216.82927,54.2683
1027,5136,-1.1028121454018283,0.28527560599021473,1.144123953081937,15.054572045813586,-218.8104771853607,57.83445489204845,-1.07178,0.18652,1.14746,14.63415,-218.59756,58.10976
1028,5141,-1.150825980184677,0.3319329586837204,1.16004464599114,12.676522045813586,-220.8226771853607,62.16372489204845,-1.11963,0.23291,1.16357,12.2561,-220.60976,62.43903
1029,5146,-1.150825980184677,0.3319329586837204,1.16004464599114,12.676522045813586,-220.8226771853607,62.16372489204845,-1.11963,0.23291,1.16357,12.2561,-220.60976,62.43903
1030,5151,-1.2012881693430775,0.3653242953818102,1.1682569959647884,10.298472045813586,-222.5909671853607,67.46859489204844,-1.16992,0.26611,1.17188,9.87805,-222.37805,67.7439
1031,5156,-1.2439136176518635,0.3618946430281811,1.1590860443696671,8.286272045813586,-224.42023718536072,73.74908489204844,-1.2124,0.2627,1.1626,7.86585,-224.20732,74.02439
1032,5161,-1.2791940028339943,0.31327605218523946,1.1421968673480483,7.371642045813586,-225.5787771853607,81.49299489204844,-1.24756,0.21436,1.14551,6.95122,-225.36586,81.7683
1033,5165,-1.327207837616843,0.2720196476263345,1.132541673696719,8.225302045813585,-226.2495071853607,90.09054489204844,-1.29541,0.17334,1.13574,7.80488,-226.03659,90.36585
1034,5171,-1.4354873132995432,0.26514022765600526,1.1011746474435782,9.749692045813585,-226.6153671853607,104.48079489204845,-1.40332,0.1665,1.104,9.32927,-226.40245,104.7561
1035,5176,-1.4991846640208648,0.23224171490315826,1.0838111108566943,9.017982045813586,-225.6397471853607,110.51738489204844,-1.4668,0.13379,1.08643,8.59756,-225.42683,110.79269
1036,5181,-1.4991846640208648,0.23224171490315826,1.0838111108566943,9.017982045813586,-225.6397471853607,110.51738489204844,-1.4668,0.13379,1.08643,8.59756,-225.42683,110.79269
1037,5186,-1.562871980502942,0.19343937243893225,1.0577509822399542,7.432622045813586,-224.05437718536072,115.51738489204844,-1.53027,0.09521,1.06006,7.0122,-223.84146,115.79269
1038,5191,-1.6270610089472228,0.15317867340204863,1.0297637678893257,5.786272045813586,-221.92023718536072,119.84665489204845,-1.59424,0.05518,1.03174,5.36585,-221.70732,120.12196
1039,5196,-1.6843866177485634,0.10406725861386412,0.9988809836923925,4.017982045813586,-219.1153671853607,123.50518489204845,-1.65137,0.00635,1.00049,3.59756,-218.90245,123.78049
1040,5201,-1.7333838079773303,0.05200895778575785,0.9467607264589123,1.578962045813586,-215.9446371853607,126.18811489204845,-1.7002,-0.04541,0.94775,1.15854,-215.73172,126.46342
1041,5206,-1.788251028163875,0.015177911102503355,0.8931976255477515,-1.5917779541864139,-212.28609718536072,127.40762489204845,-1.75488,-0.08203,0.89355,-2.0122,-212.07318,127.68293
1042,5211,-1.8279364443741501,-0.024107197675430018,0.8352961111126055,-5.494207954186414,-207.9568271853607,127.34665489204845,-1.79443,-0.12109,0.83496,-5.91463,-207.74391,127.62196
1043,5216,-1.8465599924111342,-0.07272578851837162,0.7590526934872169,-9.884457954186415,-203.0178071853607,125.45640489204845,-1.81299,-0.16943,0.75781,-10.30488,-202.80489,125.73171
1044,5221,-1.8597851197348112,-0.12331567514228481,0.6779866202816354,-15.128357954186415,-197.34707718536072,121.61493489204845,-1.82617,-0.21973,0.67578,-15.54878,-197.13416,121.89024
1045,5226,-1.8749769579503248,-0.1630936078654611,0.6118826383637839,-20.982017954186414,-190.5178071853607,115.70030489204845,-1.84131,-0.25928,0.60889,-21.40244,-190.30489,115.97561
1046,5231,-1.9019188903206379,-0.20827248872323803,0.5621737089204003,-25.799087954186415,-183.0787771853607,108.20030489204845,-1.86816,-0.3042,0.55859,-26.21951,-182.86586,108.47561
1047,5236,-1.9308275335827878,-0.2451035354064925,0.5197086453382493,-29.640557954186416,-175.9446171853607,99.17592489204844,-1.89697,-0.34082,0.51562,-30.06098,-175.7317,99.45123
1048,5241,-1.9489594038968123,-0.26278485164602317,0.4772534642470414,-32.75030795418641,-170.0299971853607,88.93201489204844,-1.91504,-0.3584,0.47266,-33.17073,-169.81708,89.20732
1049,5246,-1.9323025667516651,-0.2622920277007803,0.43430415860868254,-34.82347795418641,-165.3958571853607,77.59054489204844,-1.89844,-0.35791,0.4292,-35.2439,-165.18294,77.86585
1050,5250,-1.88232202107698,-0.2652389137407021,0.36915877831230387,-35.61616795418641,-160.8226771853607,65.63932489204845,-1.84863,-0.36084,0.36328,-36.03659,-160.60976,65.91463
1051,5256,-1.8215747366934134,-0.2770264579003892,0.2750675820438237,-34.64055795418641,-155.5787771853607,53.38323489204845,-1.78809,-0.37256,0.26807,-35.06098,-155.36586,53.65854
1052,5261,-1.8088312528534516,-0.30354843225968525,0.18916897076710604,-30.860067954186416,-149.05437718536072,41.43201489204845,-1.77539,-0.39893,0.18115,-31.28049,-148.84146,41.70732
1053,5266,-1.813727961604555,-0.33104599687793146,0.10376448403753923,-24.091777954186416,-142.40804718536072,29.60274489204845,-1.78027,-0.42627,0.09473,-24.5122,-142.19513,29.87805
1054,5271,-1.7686541589202172,-0.33939383105245396,-0.018808051128720537,-15.372257954186415,-135.1519471853607,17.285674892048448,-1.73535,-0.43457,-0.0293,-15.79268,-134.93903,17.56098
1055,5276,-1.7088801957433248,-0.3551139091425486,-0.1297884244188195,-3.9698179541864143,-125.6397471853607,5.273474892048446,-1.67578,-0.4502,-0.1416,-4.39024,-125.42683,5.54878
1056,5281,-1.6687031018100906,-0.3909593079353173,-0.23209197066094808,9.566762045813586,-114.17633718536072,-6.2509151079515535,-1.63574,-0.48584,-0.24512,9.14634,-113.96342,-5.97561
1057,5286,-1.631466039975367,-0.42042816833453517,-0.3073669041739208,24.200912045813585,-100.94462718536073,-17.287505107951553,-1.59863,-0.51514,-0.32129,23.78049,-100.73171,-17.0122
1058,5290,-1.6006007200606247,-0.4326984788079296,-0.36334133287517817,39.62774204581359,-86.43242718536072,-27.409455107951555,-1.56787,-0.52734,-0.37793,39.20732,-86.21951,-27.13415
1059,5296,-1.5839438829154775,-0.4209109346482424,-0.39470835912831925,54.444812045813585,-71.79828718536072,-36.372865107951554,-1.55127,-0.51562,-0.40967,54.02439,-71.58537,-36.09756
1060,5301,-1.581495528539926,-0.38211864981555194,-0.39036006311339105,66.33505204581358,-57.46901718536072,-44.72652510795155,-1.54883,-0.47705,-0.40527,65.91463,-57.2561,-44.45122
1061,5306,-1.6001090423376656,-0.3271134629475239,-0.36093000508508166,74.32286204581358,-43.26169718536072,-52.653355107951555,-1.56738,-0.42236,-0.37549,73.90244,-43.04878,-52.37805
1062,5311,-1.627552686670182,-0.2667073279448952,-0.3078511462301287,77.79847204581358,-30.883647185360715,-60.03140510795156,-1.59473,-0.3623,-0.32178,77.37805,-30.67073,-59.7561
1063,5316,-1.6334327508672037,-0.19549929667306506,-0.263933356479354,76.39603204581358,-20.517797185360717,-67.40945510795156,-1.60059,-0.2915,-0.27734,75.97561,-20.30488,-67.13415
1064,5321,-1.6123608484546683,-0.12969221353583568,-0.2263008309683392,70.84725204581358,-10.578767185360716,-74.42165510795155,-1.57959,-0.22607,-0.23926,70.42683,-10.36585,-74.14635
1065,5326,-1.503589695049009,-0.0270540837153518,-0.21761412142942585,62.31066204581359,-1.249507185360716,-81.00701510795156,-1.47119,-0.12402,-0.23047,61.89024,-1.03659,-80.73171
1066,5331,-1.523678242015626,0.5116728918558779,-0.8941398039156505,25.298472045813586,26.006592814639284,-88.99481510795155,-1.49121,0.41162,-0.91504,24.87805,26.21951,-88.71951
1067,5336,-2.1121161340053014,0.538194866215174,-0.6451504446062967,-41.225917954186414,100.09196281463929,-86.86067510795155,-2.07764,0.43799,-0.66309,-41.64634,100.30488,-86.58537
1068,5341,0.049068348620557124,-0.1753639183388555,-0.41593594967392317,-71.16494795418642,107.47001281463929,-85.03140510795156,0.07617,-0.27148,-0.43115,-71.58537,107.68293,-84.7561
1069,5346,0.7389222966499922,-0.34578042707754036,-0.3073669041739208,-41.957627954186414,123.99440281463927,-83.87286510795155,0.76367,-0.44092,-0.32129,-42.37805,124.20732,-83.59756
1070,5351,-0.5584747348898169,-0.43859225088777315,0.663993013106321,6.7009120458135865,166.9212428146393,-63.933845107951555,-0.5293,-0.5332,0.66162,6.28049,167.13416,-63.65854
1071,5356,-0.28899520575122034,-0.0894315144989521,1.8389915387584042,26.457012045813585,171.2505028146393,-43.81189510795155,-0.26074,-0.18604,1.85059,26.03659,171.46342,-43.53659
1072,5361,-0.008257260180783429,0.5337695083395235,2.254461340493849,21.152132045813584,149.0553828146393,-25.702135107951552,0.01904,0.43359,2.271,20.73171,149.2683,-25.42683
1073,5366,-0.284590174723076,0.8583896237815557,1.9726522287627308,6.152132045813586,127.71391281463929,-19.848475107951554,-0.25635,0.75635,1.98584,5.73171,127.92683,-19.57317
1074,5371,-0.26793333757792887,0.6850262290029491,1.165361426118484,-13.421037954186414,105.94562281463928,-34.17774510795155,-0.23975,0.58398,1.16895,-13.84146,106.15854,-33.90244
1075,5375,-0.13809028175973415,0.38939220764642735,0.3807410576975217,-24.823477954186416,106.25050281463928,-50.76310510795155,-0.11035,0.29004,0.375,-25.2439,106.46342,-50.4878
1076,5381,-0.04794267639105857,0.11536197882830836,0.20220397632094758,-22.262507954186415,133.44562281463928,-52.592375107951554,-0.02051,0.01758,0.19434,-22.68293,133.65854,-52.31707
1077,5386,-0.13613360510714156,0.0019219527386231251,0.5023451087513656,-12.384457954186415,165.94562281463928,-41.73872510795155,-0.1084,-0.09521,0.49805,-12.80488,166.15854,-41.46342
1078,5391,-0.6388289227562854,0.07361275032416052,0.9882671884195904,-5.5551879541864135,187.6529428146393,-29.055795107951553,-0.60938,-0.02393,0.98975,-5.97561,187.86586,-28.78049
1079,5396,-1.2630288434118064,0.004376014833302013,1.602543060455741,-11.774697954186413,187.7139128146393,-25.336285107951554,-1.23145,-0.09277,1.61133,-12.19512,187.92683,-25.06098
1080,5401,-1.7500406451224775,0.014685087157260473,2.401147153561075,-28.969827954186417,164.0553828146393,-33.08018510795155,-1.7168,-0.08252,2.41943,-29.39025,164.2683,-32.80488
1081,5406,-2.7681647300214833,0.5200207260304004,3.305918846867257,-84.33567795418642,127.40904281463929,-44.90945510795155,-2.73145,0.41992,3.33496,-84.7561,127.62196,-44.63415
1082,5411,-2.0758523933772524,1.0636658834225234,2.3601348161475473,-97.99420795418642,58.26269281463929,-48.689935107951555,-2.0415,0.96045,2.37793,-98.41463,58.47561,-48.41463
1083,5415,-1.3948185416433496,0.1605408596860853,0.785597064160165,-33.90884795418641,17.409032814639282,-28.14115510795155,-1.36279,0.0625,0.78467,-34.32927,17.62195,-27.86585
1084,5421,-0.37327278116211815,-0.06977890247844985,0.6992240933181822,-25.311287954186415,17.348062814639285,-16.43384510795155,-0.34473,-0.1665,0.69727,-25.73171,17.56098,-16.15854
1085,5426,-0.1101649939435026,0.020086035291861145,0.991162758265895,-32.38445795418641,26.616352814639285,-11.555795107951553,-0.08252,-0.07715,0.99268,-32.80488,26.82927,-11.28049
1086,5431,-0.43549509871456216,-0.1375572813966508,1.4143507854278377,-28.786897954186415,30.945622814639282,-3.080185107951553,-0.40674,-0.23389,1.4209,-29.20732,31.15854,-2.80488
1087,5436,-0.7446500098241898,-0.2878283541695905,1.4037369901550358,-19.945427954186414,22.896842814639285,-0.031405107951553435,-0.71484,-0.3833,1.41016,-20.36585,23.10976,0.2439
1088,5441,-0.7475900419227006,-0.2033643645338802,1.0958677498071772,-12.323477954186414,11.067572814639284,-2.4094551079515534,-0.71777,-0.29932,1.09863,-12.7439,11.28049,-2.13415
1089,5446,-0.48056890139889996,0.05495584382567963,0.9033370612552886,-10.006407954186415,4.421232814639284,-4.177745107951553,-0.45166,-0.04248,0.90381,-10.42683,4.63415,-3.90244
1090,5451,-0.3953180047813279,0.22486947098758603,0.9154035826967143,-9.640557954186415,4.177322814639284,-1.6167651079515535,-0.3667,0.12646,0.91602,-10.06098,4.39024,-1.34146
1091,5456,-0.3771861344673033,0.1791977661845662,0.964134145536739,-7.872257954186415,4.055372814639284,0.33445489204844653,-0.34863,0.08105,0.96533,-8.29268,4.26829,0.60976
1092,5461,-0.39874971460279796,0.05594149171616541,0.9356626891299025,-6.469817954186414,3.628542814639284,0.5783548920484465,-0.37012,-0.0415,0.93652,-6.89024,3.84146,0.85366
1093,5466,-0.45998867670932364,-0.03197226553624514,0.9520676240953133,-6.164947954186414,3.0797628146392837,0.15152489204844655,-0.43115,-0.12891,0.95312,-6.58537,3.29268,0.42683
1094,5471,-0.4575403223337719,-0.005943115122191998,0.9458021248374395,-6.408847954186414,1.250492814639284,-0.5801851079515534,-0.42871,-0.10303,0.94678,-6.82927,1.46341,-0.30488
1095,5476,-0.4046297787998197,0.06919745008004564,0.9265016200257242,-6.469817954186414,-0.39584718536071617,-1.1899351079515534,-0.37598,-0.02832,0.92725,-6.89024,-0.18293,-0.91463
1096,5481,-0.3845412318332026,0.10602849676330013,0.9096124430041054,-6.164947954186414,-0.7616971853607162,-1.4338451079515533,-0.35596,0.0083,0.91016,-6.58537,-0.54878,-1.15854
1097,5486,-0.38209287745765086,0.09031847630474102,0.8951345937725832,-6.103967954186414,-0.8836471853607162,-1.6167651079515535,-0.35352,-0.00732,0.89551,-6.52439,-0.67073,-1.34146
1098,5491,-0.3816011997346917,0.06526491614963807,0.9105710446255783,-6.103967954186414,-0.7007171853607161,-1.8606751079515533,-0.35303,-0.03223,0.91113,-6.52439,-0.4878,-1.58537
1099,5496,-0.3953180047813279,0.04071423757131361,0.9255331359133084,-5.982017954186414,-0.7616971853607162,-2.0435951079515533,-0.3667,-0.05664,0.92627,-6.40244,-0.54878,-1.76829
1100,5500,-0.3972746814339204,0.03826017547663472,0.9154035826967143,-5.7990879541864135,-1.1275471853607162,-2.2265251079515536,-0.36865,-0.05908,0.91602,-6.21951,-0.91463,-1.95122
1101,5506,-0.39972303580947216,0.041699885461799396,0.9149193406405064,-5.5551879541864135,-1.493407185360716,-2.2875051079515534,-0.37109,-0.05566,0.91553,-5.97561,-1.28049,-2.0122
1102,5511,-0.4060947777294532,0.035806113381955836,0.9192577541644915,-5.006407954186414,-1.615357185360716,-1.7996951079515533,-0.37744,-0.06152,0.91992,-5.42683,-1.40244,-1.52439
1103,5516,-0.41344987509535247,0.016163558992989147,0.9303557914935014,-4.335677954186414,-1.615357185360716,-1.1289651079515535,-0.38477,-0.08105,0.93115,-4.7561,-1.40244,-0.85366
1104,5521,-0.4129581973723933,-0.0005421669875913276,0.9342198454522217,-3.664947954186414,-1.859257185360716,-0.5192051079515534,-0.38428,-0.09766,0.93506,-4.08537,-1.64634,-0.2439
1105,5526,-0.40805145438204576,0.0058444290374951215,0.932767119283598,-3.177137954186414,-1.920237185360716,0.029574892048446544,-0.37939,-0.09131,0.93359,-3.59756,-1.70732,0.30488
1106,5531,-0.4046297787998197,0.02352574527702581,0.9192577541644915,-2.689337954186414,-1.981207185360716,0.45640489204844653,-0.37598,-0.07373,0.91992,-3.10976,-1.76829,0.73171
1107,5536,-0.3938429716124504,0.035806113381955836,0.9100868025693704,-2.5064079541864137,-2.225117185360716,0.7003048920484465,-0.36523,-0.06152,0.91064,-2.92683,-2.0122,0.97561
1108,5540,-0.3845412318332026,0.03727452758614894,0.9178149104868109,-2.2625079541864137,-2.103157185360716,1.0051848920484465,-0.35596,-0.06006,0.91846,-2.68293,-1.89024,1.28049
1109,5546,-0.3894379405843061,0.02892669341162648,0.9187735121082836,-1.8356779541864139,-2.0421871853607163,1.1881048920484467,-0.36084,-0.06836,0.91943,-2.2561,-1.82927,1.46341
1110,5551,-0.3953180047813279,0.029419517356869377,0.922153324010796,-1.9576279541864139,-2.0421871853607163,1.4320148920484466,-0.3667,-0.06787,0.92285,-2.37805,-1.82927,1.70732
1111,5556,-0.39042129603022435,0.04022141362607072,0.916846426374395,-2.201527954186414,-2.225117185360716,1.4929848920484465,-0.36182,-0.05713,0.91748,-2.62195,-2.0122,1.76829
1112,5561,-0.39188629495985783,0.042182651775506716,0.9207104803331153,-2.1405579541864137,-2.5299871853607163,1.2490848920484465,-0.36328,-0.05518,0.92139,-2.56098,-2.31707,1.52439
1113,5566,-0.39580968250428705,0.03285922734203406,0.9173306684306028,-2.323477954186414,-2.4080371853607163,0.9442048920484467,-0.36719,-0.06445,0.91797,-2.7439,-2.19512,1.21951
1114,5571,-0.3953180047813279,0.03482046549147005,0.9154035826967143,-2.445427954186414,-2.4080371853607163,0.8832348920484465,-0.3667,-0.0625,0.91602,-2.86585,-2.19512,1.15854
1115,5576,-0.3967830037109613,0.03776735153139183,0.9163621843181871,-2.7503079541864137,-2.5299871853607163,0.8222548920484467,-0.36816,-0.05957,0.91699,-3.17073,-2.31707,1.09756
1116,5581,-0.392377972682817,0.0451295378154285,0.916846426374395,-2.9942079541864137,-2.712917185360716,0.45640489204844653,-0.36377,-0.05225,0.91748,-3.41463,-2.5,0.73171
1117,5586,-0.38698958620875434,0.05102330989527206,0.9178149104868109,-3.299087954186414,-2.773897185360716,0.09054489204844657,-0.3584,-0.04639,0.91846,-3.71951,-2.56098,0.36585
1118,5591,-0.38698958620875434,0.04807642385535028,0.9154035826967143,-3.299087954186414,-2.6519371853607163,-0.15335510795155344,-0.3584,-0.04932,0.91602,-3.71951,-2.43902,0.12195
1119,5596,-0.3894379405843061,0.03678170364090605,0.9173306684306028,-3.299087954186414,-2.712917185360716,-0.3362851079515534,-0.36084,-0.06055,0.91797,-3.71951,-2.5,-0.06098
1120,5601,-0.3889462628613469,0.03482046549147005,0.9216690819545881,-3.299087954186414,-2.712917185360716,-0.5801851079515534,-0.36035,-0.0625,0.92236,-3.71951,-2.5,-0.30488
1121,5606,-0.38845458513838776,0.03678170364090605,0.9231218081232119,-3.421037954186414,-2.469017185360716,-0.9460351079515534,-0.35986,-0.06055,0.92383,-3.84146,-2.2561,-0.67073
1122,5611,-0.3928696504057761,0.030405165247355155,0.9240804097446846,-3.360067954186414,-2.0421871853607163,-0.8850651079515535,-0.36426,-0.06689,0.9248,-3.78049,-1.82927,-0.60976
1123,5616,-0.3909029395139395,0.022047273441297133,0.9192577541644915,-3.116167954186414,-1.6763271853607162,-0.8240851079515534,-0.3623,-0.0752,0.91992,-3.53659,-1.46341,-0.54878
1124,5621,-0.38992961830726525,0.024018569222268707,0.916846426374395,-2.811287954186414,-1.4324271853607162,-0.5192051079515534,-0.36133,-0.07324,0.91748,-3.23171,-1.21951,-0.2439
1125,5625,-0.3909029395139395,0.0284338694663836,0.9231218081232119,-2.567377954186414,-1.0665771853607162,-0.39725510795155344,-0.3623,-0.06885,0.92383,-2.9878,-0.85366,-0.12195
1126,5631,-0.3874812639317135,0.025486983426461815,0.9245646518008925,-2.323477954186414,-0.7007171853607161,-0.3362851079515534,-0.35889,-0.07178,0.92529,-2.7439,-0.4878,-0.06098
1127,5636,-0.39042129603022435,0.02303292133178293,0.9187735121082836,-2.2625079541864137,-0.39584718536071617,-0.15335510795155344,-0.36182,-0.07422,0.91943,-2.68293,-0.18293,0.12195
1128,5641,-0.3874812639317135,0.024994159481218917,0.9163621843181871,-2.201527954186414,0.030982814639283873,0.09054489204844657,-0.35889,-0.07227,0.91699,-2.62195,0.2439,0.36585
1129,5646,-0.38845458513838776,0.0245113931675116,0.922637566067004,-2.018597954186414,0.39684281463928384,0.15152489204844655,-0.35986,-0.07275,0.92334,-2.43902,0.60976,0.42683
1130,5651,-0.38845458513838776,0.024994159481218917,0.922637566067004,-1.9576279541864139,0.7017128146392839,0.09054489204844657,-0.35986,-0.07227,0.92334,-2.37805,0.91463,0.36585
1131,5656,-0.38698958620875434,0.025979807371704695,0.9240804097446846,-1.9576279541864139,1.0675728146392838,0.15152489204844655,-0.3584,-0.07129,0.9248,-2.37805,1.28049,0.42683
1132,5661,-0.3874812639317135,0.025979807371704695,0.922637566067004,-1.7137279541864139,1.4334228146392838,0.2734748920484466,-0.35889,-0.07129,0.92334,-2.13415,1.64634,0.54878
1133,5665,-0.38404955411024344,0.025486983426461815,0.9207104803331153,-1.652747954186414,1.6773228146392838,0.21249489204844657,-0.35547,-0.07178,0.92139,-2.07317,1.89024,0.4878
1134,5671,-0.38551455303987686,0.027458279207433385,0.9187735121082836,-1.896647954186414,1.7992828146392839,0.15152489204844655,-0.35693,-0.06982,0.91943,-2.31707,2.0122,0.42683
1135,5676,-0.38257452094136596,0.030887931561062485,0.9134666144718826,-1.774697954186414,1.9212328146392839,-0.031405107951553435,-0.354,-0.06641,0.91406,-2.19512,2.13415,0.2439
1136,5681,-0.3801261665658142,0.03776735153139183,0.9173306684306028,-1.896647954186414,2.226102814639284,-0.21432510795155343,-0.35156,-0.05957,0.91797,-2.31707,2.43902,0.06098
1137,5686,-0.38698958620875434,0.03383481760098427,0.9149193406405064,-2.1405579541864137,2.409032814639284,-0.4582351079515534,-0.3584,-0.06348,0.91553,-2.56098,2.62195,-0.18293
1138,5691,-0.3889462628613469,0.026472631316947593,0.9197419962206994,-2.2625079541864137,2.409032814639284,-0.5801851079515534,-0.36035,-0.0708,0.92041,-2.68293,2.62195,-0.30488
1139,5696,-0.3874812639317135,0.0245113931675116,0.9163621843181871,-2.5064079541864137,2.409032814639284,-0.9460351079515534,-0.35889,-0.07275,0.91699,-2.92683,2.62195,-0.67073
1140,5701,-0.38845458513838776,0.0279410455211407,0.9192577541644915,-2.689337954186414,2.409032814639284,-1.0679851079515534,-0.35986,-0.06934,0.91992,-3.10976,2.62195,-0.79268
1141,5706,-0.3830661986643251,0.026472631316947593,0.922153324010796,-2.689337954186414,2.4700128146392837,-1.2509151079515535,-0.35449,-0.0708,0.92285,-3.10976,2.68293,-0.97561
1142,5711,-0.38992961830726525,0.029419517356869377,0.9216690819545881,-2.811287954186414,2.5919628146392837,-1.3118951079515533,-0.36133,-0.06787,0.92236,-3.23171,2.80488,-1.03659
1143,5716,-0.3909029395139395,0.030887931561062485,0.9202262382769074,-2.689337954186414,2.774882814639284,-1.3118951079515533,-0.3623,-0.06641,0.9209,-3.10976,2.9878,-1.03659
1144,5721,-0.38551455303987686,0.0284338694663836,0.916846426374395,-2.567377954186414,2.652932814639284,-1.2509151079515535,-0.35693,-0.06885,0.91748,-2.9878,2.86585,-0.97561
1145,5726,-0.3894379405843061,0.026472631316947593,0.9187735121082836,-2.445427954186414,2.774882814639284,-1.2509151079515535,-0.36084,-0.0708,0.91943,-2.86585,2.9878,-0.97561
1146,5731,-0.38698958620875434,0.03335205128727694,0.9231218081232119,-2.445427954186414,2.896842814639284,-1.3118951079515533,-0.3584,-0.06396,0.92383,-2.86585,3.10976,-1.03659
1147,5736,-0.38797294165467267,0.030887931561062485,0.9211947223893232,-2.1405579541864137,2.8358628146392837,-1.3728651079515535,-0.35938,-0.06641,0.92188,-2.56098,3.04878,-1.09756
1148,5741,-0.3874812639317135,0.0279410455211407,0.916846426374395,-1.774697954186414,3.018792814639284,-1.4338451079515533,-0.35889,-0.06934,0.91748,-2.19512,3.23171,-1.15854
1149,5746,-0.38797294165467267,0.029419517356869377,0.9154035826967143,-1.652747954186414,3.262692814639284,-1.2509151079515535,-0.35938,-0.06787,0.91602,-2.07317,3.47561,-0.97561
1150,5750,-0.38797294165467267,0.029419517356869377,0.9154035826967143,-1.652747954186414,3.262692814639284,-1.2509151079515535,-0.35938,-0.06787,0.91602,-2.07317,3.47561,-0.97561
1151,5756,-0.3845412318332026,0.02991234130211227,0.9158779422619792,-1.3478679541864138,3.3236728146392838,-1.2509151079515535,-0.35596,-0.06738,0.9165,-1.76829,3.53659,-0.97561
1152,5761,-0.3874812639317135,0.029419517356869377,0.9173306684306028,-1.1039679541864138,3.506592814639284,-1.1899351079515534,-0.35889,-0.06787,0.91797,-1.52439,3.71951,-0.91463
1153,5766,-0.386006230762836,0.02696545526219049,0.911539528737994,-0.799087954186414,3.628542814639284,-1.2509151079515535,-0.35742,-0.07031,0.91211,-1.21951,3.84146,-0.97561
1154,5771,-0.3889462628613469,0.027458279207433385,0.9125080128504098,-0.799087954186414,3.750492814639284,-1.3118951079515533,-0.36035,-0.06982,0.91309,-1.21951,3.96341,-1.03659
1155,5776,-0.38551455303987686,0.0245113931675116,0.9158779422619792,-0.6161679541864138,4.177322814639284,-1.3728651079515535,-0.35693,-0.07275,0.9165,-1.03659,4.39024,-1.09756
1156,5781,-0.386006230762836,0.026472631316947593,0.9163621843181871,-0.555187954186414,4.238302814639284,-1.2509151079515535,-0.35742,-0.0708,0.91699,-0.97561,4.45122,-0.97561
1157,5786,-0.386006230762836,0.026472631316947593,0.9163621843181871,-0.555187954186414,4.238302814639284,-1.2509151079515535,-0.35742,-0.0708,0.91699,-0.97561,4.45122,-0.97561
1158,5790,-0.38503290955616176,0.030887931561062485,0.9163621843181871,-0.372257954186414,4.726102814639284,-1.3118951079515533,-0.35645,-0.06641,0.91699,-0.79268,4.93902,-1.03659
1159,5796,-0.38992961830726525,0.026472631316947593,0.916846426374395,-0.128357954186414,5.335862814639284,-1.2509151079515535,-0.36133,-0.0708,0.91748,-0.54878,5.54878,-0.97561
1160,5801,-0.3933613281287353,0.025979807371704695,0.916846426374395,0.11554204581358607,5.701712814639284,-1.3118951079515533,-0.36475,-0.07129,0.91748,-0.30488,5.91463,-1.03659
1161,5806,-0.39188629495985783,0.025486983426461815,0.9216690819545881,0.23749204581358604,5.945622814639284,-1.3118951079515533,-0.36328,-0.07178,0.92236,-0.18293,6.15854,-1.03659
1162,5811,-0.39580968250428705,0.0279410455211407,0.9178149104868109,0.11554204581358607,6.0065928146392835,-1.4338451079515533,-0.36719,-0.06934,0.91846,-0.30488,6.21951,-1.15854
1163,5816,-0.39580968250428705,0.0279410455211407,0.9178149104868109,0.11554204581358607,6.0065928146392835,-1.4338451079515533,-0.36719,-0.06934,0.91846,-0.30488,6.21951,-1.15854
1164,5821,-0.392377972682817,0.02696545526219049,0.9149193406405064,0.3594420458135861,6.433422814639284,-1.6777451079515533,-0.36377,-0.07031,0.91553,-0.06098,6.64634,-1.40244
1165,5826,-0.3992413923257571,0.022047273441297133,0.9207104803331153,0.603352045813586,7.043182814639284,-1.5557951079515533,-0.37061,-0.0752,0.92139,0.18293,7.2561,-1.28049
1166,5831,-0.39433464933540957,0.0279410455211407,0.9154035826967143,0.725302045813586,6.738302814639284,-1.6777451079515533,-0.36572,-0.06934,0.91602,0.30488,6.95122,-1.40244
1167,5836,-0.39776635915687963,0.025486983426461815,0.9163621843181871,1.030182045813586,7.470012814639284,-1.8606751079515533,-0.36914,-0.07178,0.91699,0.60976,7.68293,-1.58537
1168,5841,-0.4041381010768606,0.024994159481218917,0.9139508565280906,1.0911520458135862,7.591962814639284,-1.8606751079515533,-0.37549,-0.07227,0.91455,0.67073,7.80488,-1.58537
1169,5846,-0.4041381010768606,0.024994159481218917,0.9139508565280906,1.0911520458135862,7.591962814639284,-1.8606751079515533,-0.37549,-0.07227,0.91455,0.67073,7.80488,-1.58537
1170,5851,-0.402181424424268,0.027458279207433385,0.9144350985842985,1.2131020458135862,7.713912814639284,-1.9826251079515533,-0.37354,-0.06982,0.91504,0.79268,7.92683,-1.70732
1171,5856,-0.3967830037109613,0.02991234130211227,0.9144350985842985,1.3350520458135862,7.8968428146392835,-1.9826251079515533,-0.36816,-0.06738,0.91504,0.91463,8.10976,-1.70732
1172,5861,-0.3982580368798388,0.03285922734203406,0.9149193406405064,1.578962045813586,8.323672814639284,-2.0435951079515533,-0.36963,-0.06445,0.91553,1.15854,8.53659,-1.76829
1173,5866,-0.3967830037109613,0.0245113931675116,0.916846426374395,1.6399320458135862,8.994402814639283,-2.1655451079515533,-0.36816,-0.07275,0.91748,1.21951,9.20732,-1.89024
1174,5871,-0.4031547456309423,0.0284338694663836,0.9091282009478975,1.5179820458135862,9.299282814639284,-2.1655451079515533,-0.37451,-0.06885,0.90967,1.09756,9.5122,-1.89024
1175,5875,-0.39776635915687963,0.026472631316947593,0.9207104803331153,1.578962045813586,9.848062814639285,-2.2875051079515534,-0.36914,-0.0708,0.92139,1.15854,10.06098,-2.0122
1176,5881,-0.3938429716124504,0.025979807371704695,0.9144350985842985,1.8838320458135862,10.701712814639285,-2.4704251079515536,-0.36523,-0.07129,0.91504,1.46341,10.91463,-2.19512
1177,5886,-0.39874971460279796,0.021071683182346923,0.9100868025693704,2.066762045813586,11.311472814639284,-2.5314051079515534,-0.37012,-0.07617,0.91064,1.64634,11.52439,-2.2561
1178,5891,-0.40511142228353486,0.02352574527702581,0.9173306684306028,1.700912045813586,11.799282814639284,-2.4094551079515534,-0.37646,-0.07373,0.91797,1.28049,12.0122,-2.13415
1179,5896,-0.4129581973723933,0.020578859237104025,0.9144350985842985,1.8838320458135862,12.409032814639284,-2.3484751079515536,-0.38428,-0.07666,0.91504,1.46341,12.62195,-2.07317
1180,5901,-0.39776635915687963,0.03187357945154826,0.9096124430041054,2.005792045813586,12.835862814639285,-2.5923751079515536,-0.36914,-0.06543,0.91016,1.58537,13.04878,-2.31707
1181,5906,-0.39972303580947216,0.0279410455211407,0.9125080128504098,1.822862045813586,13.323672814639284,-2.836285107951553,-0.37109,-0.06934,0.91309,1.40244,13.53659,-2.56098
1182,5911,-0.3982580368798388,0.03482046549147005,0.9134666144718826,1.700912045813586,13.872452814639283,-3.080185107951553,-0.36963,-0.0625,0.91406,1.28049,14.08537,-2.80488
1183,5915,-0.40511142228353486,0.04022141362607072,0.9129823724156747,1.5179820458135862,14.482202814639283,-3.2631051079515534,-0.37646,-0.05713,0.91357,1.09756,14.69512,-2.9878
1184,5921,-0.4095264875509232,0.0284338694663836,0.9134666144718826,1.3350520458135862,14.848062814639285,-3.6289651079515535,-0.38086,-0.06885,0.91406,0.91463,15.06098,-3.35366
1185,5926,-0.4095264875509232,0.035806113381955836,0.9043055453677044,1.5179820458135862,15.396842814639284,-4.055795107951553,-0.38086,-0.06152,0.90479,1.09756,15.60976,-3.78049
1186,5931,-0.41148316420351577,0.03678170364090605,0.9067168731578009,1.457012045813586,15.701712814639285,-4.482625107951554,-0.38281,-0.06055,0.90723,1.03659,15.91463,-4.20732
1187,5936,-0.40707813317537145,0.03138075550630537,0.9091282009478975,1.396032045813586,16.128542814639285,-4.604575107951554,-0.37842,-0.06592,0.90967,0.97561,16.34146,-4.32927
1188,5941,-0.41050984299684157,0.02892669341162648,0.9096124430041054,1.2131020458135862,16.616352814639285,-4.970425107951554,-0.38184,-0.06836,0.91016,0.79268,16.82927,-4.69512
1189,5946,-0.4168715506775785,0.025486983426461815,0.9134666144718826,1.3350520458135862,17.226102814639283,-4.909455107951554,-0.38818,-0.07178,0.91406,0.91463,17.43902,-4.63415
1190,5951,-0.4129581973723933,0.025486983426461815,0.9096124430041054,1.152132045813586,17.835862814639285,-4.970425107951554,-0.38428,-0.07178,0.91016,0.73171,18.04878,-4.69512
1191,5956,-0.39433464933540957,0.018617621087668033,0.9105710446255783,1.6399320458135862,18.933422814639282,-5.214325107951554,-0.36572,-0.07861,0.91113,1.21951,19.14634,-4.93902
1192,5961,-0.3992413923257571,0.0451295378154285,0.9129823724156747,1.6399320458135862,20.945622814639282,-5.580185107951554,-0.37061,-0.05225,0.91357,1.21951,21.15854,-5.30488
1193,5966,-0.41099148648055667,0.02991234130211227,0.9067168731578009,1.5179820458135862,22.226112814639283,-5.702135107951554,-0.38232,-0.06738,0.90723,1.09756,22.43903,-5.42683
1194,5971,-0.402181424424268,0.01713914925193936,0.9091282009478975,1.6399320458135862,23.628542814639285,-6.067985107951554,-0.37354,-0.08008,0.90967,1.21951,23.84146,-5.79268
1195,5976,-0.38845458513838776,0.016646325306696463,0.9144350985842985,2.127742045813586,25.335862814639285,-6.1289651079515535,-0.35986,-0.08057,0.91504,1.70732,25.54878,-5.85366
1196,5981,-0.38992961830726525,0.035313289436712934,0.9091282009478975,2.249692045813586,27.652932814639282,-6.311895107951554,-0.36133,-0.06201,0.90967,1.82927,27.86585,-6.03659
1197,5986,-0.3982580368798388,0.01713914925193936,0.9134666144718826,2.676522045813586,29.909032814639282,-6.067985107951554,-0.36963,-0.08008,0.91406,2.2561,30.12195,-5.79268
1198,5991,-0.3972746814339204,0.024018569222268707,0.9144350985842985,3.103352045813586,32.226112814639286,-6.189935107951554,-0.36865,-0.07324,0.91504,2.68293,32.43903,-5.91463
1199,5996,-0.40658645545241234,0.030405165247355155,0.9096124430041054,3.042372045813586,34.665132814639286,-6.067985107951554,-0.37793,-0.06689,0.91016,2.62195,34.87805,-5.79268
1200,6000,-0.4158982294709042,0.02352574527702581,0.9100868025693704,3.591152045813586,36.86025281463928,-6.1289651079515535,-0.38721,-0.07373,0.91064,3.17073,37.07317,-5.85366
1201,6006,-0.40364642335390144,0.029419517356869377,0.9100868025693704,3.713102045813586,39.05538281463929,-6.2509151079515535,-0.375,-0.06787,0.91064,3.29268,39.2683,-5.97561
1202,6011,-0.4060947777294532,0.0245113931675116,0.911539528737994,3.896032045813586,41.67732281463928,-6.0070151079515535,-0.37744,-0.07275,0.91211,3.47561,41.89024,-5.73171
1203,6016,-0.4149148740249859,0.0245113931675116,0.9081597168354817,3.957012045813586,44.604152814639285,-6.1289651079515535,-0.38623,-0.07275,0.90869,3.53659,44.81707,-5.85366
1204,6021,-0.40756981089833066,0.0284338694663836,0.9086439588916896,4.4448120458135865,47.40903281463928,-6.311895107951554,-0.37891,-0.06885,0.90918,4.02439,47.62195,-6.03659
1205,6026,-0.4158982294709042,0.025979807371704695,0.9096124430041054,4.871642045813586,50.274882814639284,-6.2509151079515535,-0.38721,-0.07129,0.91016,4.45122,50.4878,-5.97561
1206,6031,-0.42912335679458125,0.022047273441297133,0.9105710446255783,5.542372045813586,53.32367281463928,-6.189935107951554,-0.40039,-0.0752,0.91113,5.12195,53.53659,-5.91463
1207,6036,-0.43500342099160305,0.021564507127589817,0.9038213033114965,6.030182045813586,56.18952281463928,-6.555795107951554,-0.40625,-0.07568,0.9043,5.60976,56.40244,-6.28049
1208,6040,-0.4423484841182582,0.016646325306696463,0.9096124430041054,6.7009120458135865,59.17732281463928,-6.3728651079515535,-0.41357,-0.08057,0.91016,6.28049,59.39024,-6.09756
1209,6046,-0.42863167907162203,0.009284139022659801,0.9071912327230659,8.042372045813586,62.226112814639286,-5.580185107951554,-0.3999,-0.08789,0.90771,7.62195,62.43903,-5.30488
1210,6051,-0.43549509871456216,0.016646325306696463,0.9057483890453851,8.835052045813587,65.57977281463928,-5.214325107951554,-0.40674,-0.08057,0.90625,8.41463,65.79269,-4.93902
1211,6056,-0.4428401618412174,0.011245377172095793,0.9057483890453851,9.383842045813585,69.05538281463927,-5.031405107951554,-0.41406,-0.08594,0.90625,8.96342,69.2683,-4.7561
1212,6061,-0.45019525920711667,0.004376014833302013,0.9047799049329693,10.481402045813587,72.2261128146393,-4.848475107951554,-0.42139,-0.09277,0.90527,10.06098,72.43903,-4.57317
1213,6066,-0.45215193585970925,0.012723849007824467,0.8980301636188877,11.457012045813586,75.27489281463929,-4.482625107951554,-0.42334,-0.08447,0.89844,11.03659,75.48781,-4.20732
1214,6071,-0.4648954196996712,0.0048587811470093435,0.9023685771428728,12.249692045813585,79.05538281463927,-4.055795107951553,-0.43604,-0.09229,0.90283,11.82927,79.2683,-3.78049
1215,6076,-0.4575403223337719,0.0019219527386231251,0.906232631101593,13.164322045813586,82.83586281463928,-3.3850651079515535,-0.42871,-0.09521,0.90674,12.7439,83.04878,-3.10976
1216,6081,-0.46586874090634545,0.0053516050922522256,0.9076754747792738,14.200912045813586,87.16513281463929,-2.8972551079515534,-0.43701,-0.0918,0.9082,13.78049,87.37805,-2.62195
1217,6086,-0.45509196795822016,0.01173820111733869,0.9144350985842985,15.298472045813586,92.1041628146393,-2.3484751079515536,-0.42627,-0.08545,0.91504,14.87805,92.31708,-2.07317
1218,6091,-0.45068693693007583,0.025486983426461815,0.9086439588916896,16.457002045813585,97.95781281463928,-2.2265251079515536,-0.42188,-0.07178,0.90918,16.03658,98.17073,-1.95122
1219,6096,-0.451168580413791,0.042182651775506716,0.9163621843181871,17.432622045813584,104.05538281463927,-2.4704251079515536,-0.42236,-0.05518,0.91699,17.0122,104.2683,-2.19512
1220,6101,-0.4575403223337719,0.03432764154622715,0.9197419962206994,18.774082045813586,110.57977281463928,-3.0192051079515534,-0.42871,-0.06299,0.92041,18.35366,110.79269,-2.7439
1221,6106,-0.454600290235261,0.03727452758614894,0.9322927597183331,19.505792045813585,117.71391281463929,-3.9338451079515533,-0.42578,-0.06006,0.93311,19.08537,117.92683,-3.65854
1222,6111,-0.44578019393972834,0.035806113381955836,0.9289129478158208,19.566762045813583,126.00659281463928,-4.909455107951554,-0.41699,-0.06152,0.92969,19.14634,126.21951,-4.63415
1223,6116,-0.4580320000567311,0.036288879695663155,0.9409695867663035,19.078962045813583,135.57976281463928,-5.8850651079515535,-0.4292,-0.06104,0.94189,18.65854,135.79268,-5.60976
1224,6121,-0.45361693478934273,0.04759365754164296,0.9578587637879223,17.981402045813585,145.76270281463928,-7.104575107951554,-0.4248,-0.0498,0.95898,17.56098,145.97562,-6.82927
1225,6125,-0.4389268085360323,0.05544866777092252,0.9496562963052168,16.335052045813587,156.2505028146393,-8.507015107951553,-0.41016,-0.04199,0.95068,15.91463,156.46342,-8.23171
1226,6131,-0.4364684199212365,0.0623180301097163,0.9429065549911351,14.017982045813586,168.38464281463928,-10.946035107951554,-0.40771,-0.03516,0.94385,13.59756,168.59756,-10.67073
1227,6136,-0.43108003344717377,0.09964190073821366,0.9559316780540337,11.152132045813586,181.4944028146393,-14.665545107951553,-0.40234,0.00195,0.95703,10.73171,181.70732,-14.39024
1228,6141,-0.425199969250152,0.12223134116710214,0.9486976946837441,7.249692045813586,194.7261128146393,-19.66554510795155,-0.39648,0.02441,0.94971,6.82927,194.93903,-19.39024
1229,6146,-0.42912335679458125,0.1413911292423615,0.9308400335497093,1.5179820458135862,209.5431828146393,-25.702135107951552,-0.40039,0.04346,0.93164,1.09756,209.7561,-25.42683
1230,6151,-0.47468883720187816,0.15415426366099885,0.9554474359978257,-4.457627954186414,225.64075281463928,-32.653355107951555,-0.4458,0.05615,0.95654,-4.87805,225.85367,-32.37805
1231,6156,-0.4702838061737339,0.14728490132220506,0.949181936739952,-11.835677954186414,242.4090428146393,-40.214335107951555,-0.44141,0.04932,0.9502,-12.2561,242.62196,-39.93903
1232,6161,-0.4492119037611984,0.14188395318760438,0.8888592120237663,-22.872257954186416,262.7749028146393,-48.44603510795155,-0.42041,0.04395,0.88916,-23.29268,262.98782,-48.17073
1233,6165,-0.4683170952818972,0.12370981300283082,0.8980301636188877,-32.68933795418641,285.5797728146393,-56.250915107951556,-0.43945,0.02588,0.89844,-33.10976,285.79269,-55.97561
1234,6171,-0.506537512562539,0.15317867340204863,0.9057483890453851,-40.25030795418641,306.86026281463927,-63.324085107951554,-0.47754,0.05518,0.90625,-40.67073,307.07318,-63.04878
1235,6176,-0.6158003436911573,0.1291107611374315,0.8970616795064719,-42.75030795418641,328.0797728146393,-67.65335510795155,-0.58643,0.03125,0.89746,-43.17073,328.29269,-67.37805
1236,6181,-0.7637652355841328,0.10013472468345656,0.9347040875084296,-42.14055795418641,349.60416281463927,-69.84847510795156,-0.73389,0.00244,0.93555,-42.56098,349.81708,-69.57317
1237,6186,-0.8573445507742783,0.0927725383994199,0.9395267430886227,-39.70152795418641,369.7261128146393,-71.55579510795155,-0.82715,-0.00488,0.94043,-40.12195,369.93903,-71.28049
1238,6191,-1.0356830848590368,0.025979807371704695,0.9250488938571005,-36.10396795418641,387.8968528146393,-71.31189510795156,-1.00488,-0.07129,0.92578,-36.52439,388.10977,-71.03659
1239,6196,-1.425202218074377,0.0927725383994199,1.1306145879628307,-29.640557954186416,401.86026281463927,-67.71433510795156,-1.39307,-0.00488,1.13379,-30.06098,402.07318,-67.43903
1240,6201,-1.7020268103396288,0.14335236739179752,1.4297872362808328,-13.482017954186414,401.0675728146393,-59.17774510795155,-1.66895,0.04541,1.43652,-13.90244,401.28049,-58.90244
1241,6206,-1.8720369258518137,0.02352574527702581,1.4891414768846025,5.542372045813586,387.10416281463927,-51.06798510795155,-1.83838,-0.07373,1.49658,5.12195,387.31708,-50.79268
1242,6211,-1.8264714454445168,0.001429128793380243,1.3796039472721842,28.652132045813584,369.2383128146393,-43.202135107951555,-1.79297,-0.0957,1.38574,28.23171,369.45123,-42.92683
1243,6216,-1.6799715524811751,0.03236640339679116,1.2237471826098378,51.57896204581359,356.1285428146393,-35.51920510795155,-1.64697,-0.06494,1.22803,51.15854,356.34146,-35.2439
1244,6221,-1.5476901765266724,0.08834718052376944,1.2802058533673033,68.71311204581357,347.3480528146393,-30.153355107951555,-1.51514,-0.00928,1.28516,68.29269,347.56097,-29.87805
1245,6226,-1.3850251241411426,0.19098531034425334,1.2522186390166743,81.57896204581358,338.6285428146393,-23.994815107951553,-1.35303,0.09277,1.25684,81.15854,338.84146,-23.71951
1246,6231,-1.2571487792147846,0.11486915488306547,1.1373643292769122,93.59115204581359,330.9456228146393,-19.909455107951555,-1.22559,0.01709,1.14062,93.17073,331.15854,-19.63415
1247,6236,-1.2306884903281865,0.19147813428949623,1.1643929420060681,98.77408204581359,326.3724728146393,-18.567985107951554,-1.19922,0.09326,1.16797,98.35366,326.58539,-18.29268
1248,6241,-1.3762050278456102,0.33341143051944905,1.4790119236680084,102.18872204581358,318.9334428146393,-18.202135107951552,-1.34424,0.23438,1.48633,101.7683,319.14636,-17.92683
1249,6246,-1.6069724619806056,0.12714952298799548,1.8428457102261815,103.95701204581358,297.8968528146393,-25.214335107951552,-1.57422,0.0293,1.85449,103.53659,298.10977,-24.93903
1250,6250,-1.621180944750201,0.15219302551156286,1.5875809691680107,88.34725204581358,268.6285428146393,-41.61676510795155,-1.58838,0.0542,1.59619,87.92683,268.84146,-41.34146
1251,6256,-1.4521441504446904,0.22536229493282894,1.1880318603417686,72.73750204581359,249.5431828146393,-56.61676510795155,-1.41992,0.12695,1.19189,72.31708,249.7561,-56.34146
1252,6261,-1.218928361934143,0.21505322260887047,0.9245646518008925,60.35945204581359,241.5553828146393,-69.42164510795155,-1.1875,0.1167,0.92529,59.93903,241.7683,-69.14634
1253,6266,-0.9357320277489102,0.26268616556132635,0.9347040875084296,49.62774204581359,239.9090428146393,-80.76311510795155,-0.90527,0.16406,0.93555,49.20732,240.12196,-80.48781
1254,6271,-0.6755743068680498,0.28920813992062233,1.0891180084930954,41.457012045813585,236.6773228146393,-88.62896510795156,-0.646,0.19043,1.0918,41.03659,236.89024,-88.35366
1255,6276,-0.5912967314571519,0.30295692222974546,1.233876735826432,35.96920204581359,231.6773228146393,-93.87286510795155,-0.56201,0.2041,1.23828,35.54878,231.89024,-93.59756
1256,6281,-0.5437745743972623,0.28822249203013656,1.311562997129501,30.786272045813583,222.7748928146393,-98.50701510795156,-0.51465,0.18945,1.31689,30.36585,222.98781,-98.23171
1257,6286,-0.3776778121902625,0.28430001573126457,1.1976870539930977,24.383842045813584,208.6285428146393,-101.86067510795155,-0.34912,0.18555,1.20166,23.96342,208.84146,-101.58537
1258,6290,-0.10771663956795087,0.3957788036715138,0.9371154152985262,14.871642045813585,193.8114828146393,-103.68993510795156,-0.08008,0.29639,0.93799,14.45122,194.0244,-103.41463
1259,6296,0.2102684020764535,0.20425132633966914,0.9004414914089841,7.1887120458135865,184.2383028146393,-105.51920510795155,0.23682,0.10596,0.90088,6.76829,184.45122,-105.2439
1260,6301,-0.6059968919497063,-0.026571317401644468,0.8174384499785708,2.7374920458135863,171.6163528146393,-112.95823510795155,-0.57666,-0.12354,0.81689,2.31707,171.82927,-112.68293
1261,6306,-1.4678276663831633,0.3117975803495108,1.3897433829797212,-4.823477954186414,145.2139128146393,-117.65335510795155,-1.43555,0.21289,1.396,-5.2439,145.42683,-117.37805
1262,6311,-1.5182898555415636,0.3741649535015755,2.114999628305971,5.847252045813586,90.39684281463929,-107.47042510795156,-1.48584,0.2749,2.12988,5.42683,90.60976,-107.19512
1263,6316,-1.117512305894383,0.28184595363658566,2.1425026006003915,22.859452045813583,23.933422814639282,-94.29969510795155,-1.08643,0.18311,2.15771,22.43903,24.14634,-94.02439
1264,6321,-0.826479230859536,0.2646574613422979,1.8249979315830898,36.03018204581359,-28.200727185360716,-81.37286510795155,-0.79639,0.16602,1.83643,35.60976,-27.98781,-81.09756
1265,6326,-0.6353972129348153,0.3476530367738151,1.5895080549018994,41.88384204581359,-66.24950718536073,-68.32408510795155,-0.60596,0.24854,1.59814,41.46342,-66.03659,-68.04878
1266,6331,-0.40511142228353486,0.48318967934714585,1.3019176859691148,41.03018204581359,-97.10315718536071,-56.67774510795155,-0.37646,0.3833,1.30713,40.60976,-96.89024,-56.40244
1267,6336,-0.18071573006852018,0.5323010941353304,0.9955011717898801,37.31066204581359,-119.05438718536072,-46.06798510795155,-0.15283,0.43213,0.99707,36.89024,-118.84147,-45.79268
1268,6341,-0.034225871344422384,0.5347551562300094,0.7619482633335214,30.298472045813586,-131.67633718536072,-37.28750510795155,-0.00684,0.43457,0.76074,29.87805,-131.46342,-37.0122
1269,6346,0.030946512545776617,0.52787573625968,0.5945092192859571,19.200912045813585,-138.0178071853607,-29.970425107951552,0.05811,0.42773,0.59131,18.78049,-137.80489,-29.69512
1270,6351,0.07699363643678865,0.5170738399904786,0.4724209261759053,5.115542045813586,-139.9690171853607,-23.628965107951554,0.104,0.41699,0.46777,4.69512,-139.7561,-23.35366
1271,6356,0.11619740916334871,0.5003781716414337,0.38991200929264297,-9.518597954186413,-138.2616971853607,-17.592375107951554,0.14307,0.40039,0.38428,-9.93902,-138.04878,-17.31707
1272,6361,0.1475544068010503,0.48318967934714585,0.3363489083814821,-23.177137954186417,-133.8714571853607,-11.067985107951554,0.17432,0.3833,0.33008,-23.59756,-133.65854,-10.79268
1273,6366,0.1431393415336619,0.4439045705692125,0.31463707577967026,-35.006407954186415,-128.6885371853607,-3.6289651079515535,0.16992,0.34424,0.30811,-35.42683,-128.47562,-3.35366
1274,6371,0.10688563514485683,0.38743096949699135,0.31511143534493513,-44.39664795418641,-124.29828718536072,4.602744892048446,0.13379,0.28809,0.30859,-44.81707,-124.08537,4.87805
1275,6375,0.05494841281757893,0.3319329586837204,0.35468092908078164,-50.18933795418641,-121.43242718536072,13.627134892048447,0.08203,0.23291,0.34863,-50.60976,-121.21951,13.90244
1276,6381,-0.01755899996003123,0.27152682368109166,0.4096967561605662,-51.53079795418641,-120.8226771853607,23.505184892048447,0.00977,0.17285,0.4043,-51.95122,-120.60976,23.78049
1277,6386,-0.0925248013524372,0.21456039866362756,0.4709780824982246,-49.09177795418641,-122.77389718536071,34.114934892048446,-0.06494,0.11621,0.46631,-49.5122,-122.56098,34.39024
1278,6391,-0.1630755374774548,0.17084993201004373,0.5317751667796751,-44.274697954186415,-127.10315718536071,44.66372489204845,-0.13525,0.07275,0.52783,-44.69512,-126.89024,44.93903
1279,6396,-0.2238328561002654,0.13696577136671104,0.5834111819569473,-37.68933795418641,-133.3836471853607,54.60274489204845,-0.1958,0.03906,0.58008,-38.10976,-133.17073,54.87805
1280,6401,-0.28017510945568763,0.10750696859902881,0.6224964336365859,-30.616167954186416,-141.3104771853607,63.38323489204845,-0.25195,0.00977,0.61963,-31.03659,-141.09756,63.65854
1281,6406,-0.327215623031862,0.094240952603613,0.6471038360847022,-23.908847954186417,-150.4568271853607,70.63932489204845,-0.29883,-0.00342,0.64453,-24.32927,-150.24391,70.91463
1282,6411,-0.3713060702702815,0.08884000446901234,0.6562747876798235,-18.908847954186417,-160.3348671853607,76.18811489204845,-0.34277,-0.00879,0.65381,-19.32927,-160.12195,76.46342
1283,6415,-0.4011980689783497,0.08785435657852654,0.6499994059310067,-16.225917954186414,-170.0299971853607,80.02957489204844,-0.37256,-0.00977,0.64746,-16.64634,-169.81708,80.30488
1284,6421,-0.4266750024190295,0.08147781818497567,0.6350373146432765,-16.042997954186415,-178.7495071853607,82.16372489204845,-0.39795,-0.01611,0.63232,-16.46342,-178.53659,82.43903
1285,6426,-0.4492119037611984,0.0623180301097163,0.611398396307576,-17.445427954186414,-186.2495071853607,82.77347489204844,-0.42041,-0.03516,0.6084,-17.86585,-186.03659,83.04878
1286,6431,-0.47174880510336725,0.02991234130211227,0.5920978914958607,-19.152747954186417,-192.40804718536072,81.98079489204845,-0.44287,-0.06738,0.58887,-19.57317,-192.19513,82.2561
1287,6436,-0.49428570644553615,-0.016252187446150458,0.5771358002081304,-20.799087954186415,-197.16413718536072,80.33445489204844,-0.46533,-0.11328,0.57373,-21.21951,-196.95122,80.60976
1288,6441,-0.5222109942617676,-0.0580014159502983,0.5583195374526231,-21.225917954186414,-201.0665871853607,78.20030489204845,-0.49316,-0.15479,0.55469,-21.64634,-200.85367,78.47561
1289,6446,-0.5530863484157541,-0.10612718284799699,0.5544554834939028,-20.067377954186416,-203.9934071853607,75.39542489204845,-0.52393,-0.20264,0.55078,-20.4878,-203.78049,75.67073
1290,6451,-0.5530863484157541,-0.10612718284799699,0.5544554834939028,-20.067377954186416,-203.9934071853607,75.39542489204845,-0.52393,-0.20264,0.55078,-20.4878,-203.78049,75.67073
1291,6456,-0.595220119001581,-0.1586682499898106,0.5496328279137097,-17.384457954186416,-206.3104771853607,72.04177489204845,-0.56592,-0.25488,0.5459,-17.80488,-206.09756,72.31708
1292,6461,-0.6662625328495577,-0.18813711038902842,0.5568668112839993,-9.030797954186413,-210.0299971853607,64.11493489204845,-0.63672,-0.28418,0.55322,-9.45122,-209.81708,64.39024
1293,6466,-0.6936961429428302,-0.18617587223959242,0.5641106771452319,-4.518597954186414,-211.1885371853607,60.029574892048444,-0.66406,-0.28223,0.56055,-4.93902,-210.97562,60.30488
1294,6471,-0.7392616233501271,-0.179789276214506,0.5829269399007394,-0.18933795418641391,-212.10315718536071,56.066154892048445,-0.70947,-0.27588,0.57959,-0.60976,-211.89024,56.34146
1295,6476,-0.7863021369263016,-0.16750890810957597,0.5978890311884695,3.286272045813586,-212.9568271853607,51.91981489204845,-0.75635,-0.26367,0.59473,2.86585,-212.74391,52.19512
1296,6481,-0.8274525520662102,-0.15326730185520995,0.6056072566149671,5.786272045813586,-213.8104771853607,48.13932489204845,-0.79736,-0.24951,0.60254,5.36585,-213.59756,48.41463
1297,6486,-0.8274525520662102,-0.15326730185520995,0.6056072566149671,5.786272045813586,-213.8104771853607,48.13932489204845,-0.79736,-0.24951,0.60254,5.36585,-213.59756,48.41463
1298,6491,-0.8637162926942593,-0.12871662327688546,0.6191166217340736,7.615542045813586,-214.54218718536072,44.66372489204845,-0.8335,-0.2251,0.61621,7.19512,-214.32927,44.93903
1299,6496,-0.8994783213601052,-0.09040710475790233,0.6263604875953062,8.286272045813586,-214.9690171853607,41.614934892048446,-0.86914,-0.18701,0.62354,7.86585,-214.7561,41.89024
1300,6500,-0.9234902558711515,-0.04916075783053293,0.6244235193704745,7.737492045813586,-214.78609718536072,39.175914892048446,-0.89307,-0.146,0.62158,7.31707,-214.57318,39.45122
1301,6506,-0.9430871251148095,0.030887931561062485,0.6263604875953062,2.188712045813586,-212.8348771853607,36.249084892048444,-0.9126,-0.06641,0.62354,1.76829,-212.62196,36.52439
1302,6511,-0.9421037696688913,0.06134243985076608,0.6297304170068755,-1.4088479541864138,-210.8226771853607,35.94420489204845,-0.91162,-0.03613,0.62695,-1.82927,-210.60976,36.21951
1303,6516,-0.9421037696688913,0.06134243985076608,0.6297304170068755,-1.4088479541864138,-210.8226771853607,35.94420489204845,-0.91162,-0.03613,0.62695,-1.82927,-210.60976,36.21951
1304,6521,-0.9421037696688913,0.07263716006521032,0.6360057987556923,-5.128357954186414,-208.3226771853607,36.49299489204845,-0.91162,-0.0249,0.6333,-5.54878,-208.10976,36.7683
1305,6526,-0.9563122524384866,0.08294623238916878,0.6524107337211033,-8.055187954186414,-205.8226771853607,37.77347489204845,-0.92578,-0.01465,0.6499,-8.47561,-205.60976,38.04878
1306,6531,-0.9754174439591854,0.08982565235949812,0.6678570670650412,-10.067387954186414,-203.2007271853607,39.78567489204845,-0.94482,-0.00781,0.66553,-10.48781,-202.98781,40.06098
1307,6536,-0.9896259267287809,0.10161319651918524,0.6866733298205487,-11.103967954186414,-201.0665871853607,42.04176489204845,-0.95898,0.00391,0.68457,-11.52439,-200.85367,42.31707
1308,6540,-0.9955059909258026,0.12567105115226682,0.7001826949396551,-11.469817954186414,-198.93242718536072,44.72469489204845,-0.96484,0.02783,0.69824,-11.89024,-198.71951,45.0
1309,6546,-0.9925659588272916,0.14875331552639817,0.7136920600587616,-11.591777954186414,-196.73731718536072,47.77347489204845,-0.96191,0.05078,0.71191,-12.0122,-196.5244,48.04878
1310,6551,-0.9925659588272916,0.16987434175109356,0.7247900973877714,-11.713727954186414,-194.66413718536072,51.43201489204845,-0.96191,0.07178,0.72314,-12.13415,-194.45122,51.70732
1311,6556,-0.9827725413250847,0.1939321963841751,0.7354137751515165,-11.896647954186413,-192.34707718536072,55.63932489204845,-0.95215,0.0957,0.73389,-12.31707,-192.13416,55.91463
1312,6561,-0.9783574760576963,0.2125991605141916,0.7460275704243184,-12.079577954186414,-189.90804718536072,60.27347489204845,-0.94775,0.11426,0.74463,-12.5,-189.69513,60.54878
1313,6566,-0.9842375402547181,0.2273335907138005,0.7720876990410586,-12.567387954186414,-187.5909671853607,65.27347489204844,-0.95361,0.12891,0.771,-12.98781,-187.37805,65.54878
1314,6571,-0.9842375402547181,0.2405895490776807,0.8034448428032566,-13.055187954186414,-185.0909671853607,70.45640489204845,-0.95361,0.14209,0.80273,-13.47561,-184.87805,70.73171
1315,6576,-0.9945326697191282,0.2533627411278537,0.8309576975886204,-14.030797954186413,-182.8348671853607,75.76128489204845,-0.96387,0.15479,0.83057,-14.45122,-182.62195,76.03659
1316,6581,-1.009714473695398,0.26023210346664744,0.8507424444565436,-15.616157954186415,-181.0665871853607,80.70030489204845,-0.979,0.16162,0.85059,-16.03658,-180.85367,80.97561
1317,6586,-1.0312780538308925,0.25876368926245435,0.8666631373657466,-17.384457954186416,-179.60315718536071,85.27347489204844,-1.00049,0.16016,0.8667,-17.80488,-179.39024,85.54878
1318,6591,-1.0572466649945313,0.2597392795214045,0.8898276961361822,-19.579577954186416,-178.3836471853607,89.17592489204844,-1.02637,0.16113,0.89014,-20.0,-178.17073,89.45123
1319,6596,-1.0802752440596595,0.25483115533204675,0.9052641469891772,-21.591777954186416,-177.4690171853607,92.65152489204844,-1.04932,0.15625,0.90576,-22.0122,-177.2561,92.92683
1320,6601,-1.1101572085284837,0.24697614510276716,0.906232631101593,-23.725917954186414,-177.04218718536072,95.63932489204845,-1.0791,0.14844,0.90674,-24.14634,-176.82927,95.91463
1321,6606,-1.1253490467439973,0.23714983909251605,0.9105710446255783,-25.433237954186417,-176.43242718536072,98.32225489204845,-1.09424,0.13867,0.91113,-25.85366,-176.21951,98.59756
1322,6611,-1.143962560541737,0.21750728470354935,0.9091282009478975,-26.591777954186416,-176.1275571853607,101.00518489204845,-1.11279,0.11914,0.90967,-27.0122,-175.91464,101.28049
1323,6616,-1.1625861085787208,0.19982596846401865,0.9004414914089841,-26.957627954186417,-175.5787771853607,103.32225489204845,-1.13135,0.10156,0.90088,-27.37805,-175.36586,103.59756
1324,6621,-1.1861063653668078,0.18214465222448797,0.9009257334651921,-26.835677954186416,-175.0299971853607,105.39542489204845,-1.15479,0.08398,0.90137,-27.2561,-174.81708,105.67073
1325,6625,-1.209616587915651,0.16348774572600708,0.8980301636188877,-26.652747954186417,-174.66413718536072,107.34665489204845,-1.17822,0.06543,0.89844,-27.07317,-174.45122,107.62196
1326,6631,-1.2228517494785722,0.13696577136671104,0.896093195394056,-25.921037954186417,-174.05437718536072,108.62713489204845,-1.19141,0.03906,0.89648,-26.34146,-173.84146,108.90244
1327,6636,-1.2228517494785722,0.106521320708543,0.9014099755214,-24.701527954186414,-173.2007271853607,109.35884489204845,-1.19141,0.00879,0.90186,-25.12195,-172.98781,109.63415
1328,6641,-1.2282401359526347,0.06870462613480274,0.8917547818700708,-23.238117954186414,-171.79828718536072,109.54177489204845,-1.19678,-0.02881,0.89209,-23.65854,-171.58537,109.81708
1329,6646,-1.2292134571593092,0.02303292133178293,0.8753498469046599,-20.982017954186414,-169.78609718536072,109.11493489204845,-1.19775,-0.07422,0.87549,-21.40244,-169.57318,109.39024
1330,6651,-1.216480007558591,-0.016745011391393342,0.8671473794219545,-18.360067954186416,-167.28609718536072,107.95640489204845,-1.18506,-0.11377,0.86719,-18.78049,-167.07318,108.23171
1331,6656,-1.2213767163096947,-0.056030120169326715,0.8613562397293456,-15.677137954186415,-164.05437718536072,105.88323489204845,-1.18994,-0.15283,0.86133,-16.09756,-163.84146,106.15854
1332,6661,-1.2478370051962928,-0.08549898056854452,0.8690744651558431,-13.055187954186414,-160.5787771853607,102.95640489204845,-1.21631,-0.18213,0.86914,-13.47561,-160.36586,103.23171
1333,6665,-1.294867484533223,-0.09580805289250298,0.8845207984997812,-11.164947954186413,-157.5909671853607,98.87104489204845,-1.26318,-0.19238,0.88477,-11.58537,-157.37805,99.14635
1334,6671,-1.3575814798086263,-0.10072623471339634,0.8922390239262787,-10.372257954186415,-155.1519471853607,93.44420489204845,-1.32568,-0.19727,0.89258,-10.79268,-154.93903,93.71951
1335,6676,-1.4124587342344153,-0.11791472700768413,0.8985144056750956,-10.555187954186414,-153.5056071853607,87.40762489204845,-1.38037,-0.21436,0.89893,-10.97561,-153.29269,87.68293
1336,6681,-1.4594992478105895,-0.1375572813966508,0.9038213033114965,-11.103967954186414,-152.6519471853607,80.76128489204845,-1.42725,-0.23389,0.9043,-11.52439,-152.43903,81.03659
1337,6686,-1.5075130825934384,-0.1576926597308604,0.9105710446255783,-11.713727954186414,-152.7738871853607,73.26128489204845,-1.4751,-0.25391,0.91113,-12.13415,-152.56097,73.53659
1338,6691,-1.5471984988037135,-0.17094861809474063,0.8946503517163753,-11.896647954186413,-154.17633718536072,65.39542489204845,-1.51465,-0.26709,0.89502,-12.31707,-153.96342,65.67073
1339,6696,-1.5540518842074094,-0.18617587223959242,0.8724542770583554,-11.713727954186414,-156.3714571853607,57.346644892048445,-1.52148,-0.28223,0.87256,-12.13415,-156.15854,57.62195
1340,6701,-1.5315149828652406,-0.19747059245403667,0.8304734555324125,-10.494207954186415,-158.7495071853607,48.99299489204845,-1.49902,-0.29346,0.83008,-10.91463,-158.53659,49.2683
1341,6706,-1.483992825805351,-0.21220502265364558,0.7701507308162268,-8.055187954186414,-160.5178071853607,40.27347489204845,-1.45166,-0.30811,0.76904,-8.47561,-160.30489,40.54878
1342,6711,-1.4232355071825404,-0.2284078670574476,0.6929487115693654,-4.213727954186414,-160.8836471853607,31.797864892048445,-1.39111,-0.32422,0.69092,-4.63415,-160.67073,32.07317
1343,6716,-1.382576769765591,-0.2441178875160067,0.6075343423488556,1.3350520458135862,-159.23731718536072,24.114934892048446,-1.35059,-0.33984,0.60449,0.91463,-159.0244,24.39024
1344,6721,-1.3791450599441208,-0.2578767274566654,0.5370820644160761,8.164322045813586,-156.1885371853607,16.553964892048448,-1.34717,-0.35352,0.5332,7.7439,-155.97562,16.82927
1345,6726,-1.3771783490522844,-0.2588523177156156,0.46759827059571224,15.542372045813586,-152.40804718536072,8.200304892048447,-1.34521,-0.35449,0.46289,15.12195,-152.19513,8.47561
1346,6731,-1.353176448780482,-0.25198295537682186,0.37494991800491284,23.225302045813585,-147.6519471853607,-0.8240851079515534,-1.32129,-0.34766,0.36914,22.80488,-147.43903,-0.54878
1347,6736,-1.3365196116353348,-0.26720015189013807,0.30208631228203664,31.761882045813586,-141.92023718536072,-9.787505107951553,-1.30469,-0.36279,0.29541,31.34146,-141.70732,-9.5122
1348,6741,-1.3228028065886988,-0.28242740603498984,0.23404536213935354,40.664322045813584,-135.3348671853607,-18.93384510795155,-1.29102,-0.37793,0.22656,40.2439,-135.12195,-18.65854
1349,6746,-1.3154477092227994,-0.2956833643988701,0.18386207313070502,49.01798204581359,-127.34706718536071,-27.958235107951552,-1.28369,-0.39111,0.17578,48.59756,-127.13415,-27.68293
1350,6750,-1.3296561919923948,-0.31385750458364364,0.13946992381466547,57.31066204581359,-119.11535718536072,-36.372865107951554,-1.29785,-0.40918,0.13086,56.89024,-118.90244,-36.09756
1351,6756,-1.3487613835130936,-0.3236838105938948,0.09266644670852935,64.93262204581359,-111.24950718536073,-44.17774510795155,-1.31689,-0.41895,0.0835,64.5122,-111.03659,-43.90244
1352,6761,-1.3894301551692871,-0.32465940085284506,0.04344175932135366,71.33505204581358,-103.56657718536073,-51.55579510795155,-1.35742,-0.41992,0.03369,70.91463,-103.35366,-51.28049
1353,6766,-1.4340223143699098,-0.306495318299607,-0.016396723338623995,76.21311204581357,-96.61535718536072,-58.202135107951555,-1.40186,-0.40186,-0.02686,75.79269,-96.40244,-57.92683
1354,6771,-1.4732160528572258,-0.28684270627910474,-0.08829184494908436,78.77408204581359,-89.84706718536071,-64.11676510795155,-1.44092,-0.38232,-0.09961,78.35366,-89.63415,-63.84146
1355,6776,-1.4947695987534761,-0.2652389137407021,-0.16115545067196052,78.71311204581357,-82.34706718536071,-69.36067510795155,-1.4624,-0.36084,-0.17334,78.29269,-82.13415,-69.08537
1356,6781,-1.5021246961193755,-0.23527722939624138,-0.2402944381436535,75.90823204581358,-73.44462718536073,-74.05579510795155,-1.46973,-0.33105,-0.25342,75.48781,-73.23171,-73.78049
1357,6786,-1.4835011480823919,-0.2058184266285591,-0.3189491835591386,70.84725204581358,-62.834867185360714,-78.32408510795155,-1.45117,-0.30176,-0.33301,70.42683,-62.62195,-78.04878
1358,6790,-1.4511708292380159,-0.1734026801894195,-0.37154380035788365,64.44481204581358,-50.02998718536072,-82.16554510795156,-1.41895,-0.26953,-0.38623,64.02439,-49.81707,-81.89024
1359,6796,-1.4173554429855186,-0.1567070118403746,-0.39036006311339105,57.18872204581359,-35.15194718536072,-85.94603510795156,-1.38525,-0.25293,-0.40527,56.7683,-34.93903,-85.67073
1360,6801,-1.391878509544839,-0.13607880956092214,-0.3754078543166039,50.11554204581359,-19.542187185360717,-89.78750510795156,-1.35986,-0.23242,-0.39014,49.69512,-19.32927,-89.5122
1361,6806,-1.0675317602196976,0.3432276788981646,-0.5616631611196755,37.79847204581359,-2.469017185360716,-93.75091510795156,-1.03662,0.24414,-0.57861,37.37805,-2.2561,-93.47561
1362,6811,-1.7265203883343903,0.9865640800708498,-1.1436134052812124,-43.90884795418641,56.49440281463929,-105.51920510795155,-1.69336,0.88379,-1.16748,-44.32927,56.70732,-105.2439
1363,6816,-1.1229006923684457,0.2828215438955358,-0.5447739840980568,-112.38445795418642,116.43343281463927,-100.82408510795155,-1.0918,0.18408,-0.56152,-112.80488,116.64635,-100.54878
1364,6821,0.7609675202692019,-0.2033643645338802,-0.4521256315072574,-131.34787795418643,121.49440281463927,-105.76311510795155,0.78564,-0.29932,-0.46777,-131.7683,121.70732,-105.48781
1365,6826,0.2328053034186224,-0.45037979504746023,-0.07140266792746555,-86.65274795418642,156.2505028146393,-94.05579510795155,0.25928,-0.54492,-0.08252,-87.07317,156.46342,-93.78049
1366,6831,-0.7838537825507499,-0.45725921501778966,1.1914116722442811,-31.347867954186416,185.39684281463929,-63.689935107951555,-0.75391,-0.55176,1.19531,-31.76829,185.60976,-63.41463
1367,6836,-0.10918163849758429,0.20326567844918336,2.0102946367646886,-7.567377954186414,168.8114828146393,-31.189935107951552,-0.08154,0.10498,2.02393,-7.9878,169.0244,-30.91463
1368,6841,-0.020990709781501294,0.8578967998363127,1.9649340033362332,-3.116167954186414,151.8602628146393,-2.958235107951553,0.00635,0.75586,1.97803,-3.53659,152.07318,-2.68293
1369,6846,-0.3610209750451154,0.9423607894720232,1.5364291960469465,-19.091777954186416,140.70172281463928,2.6515248920484464,-0.33252,0.83984,1.54443,-19.5122,140.91464,2.92683
1370,6851,-0.16405889292337308,0.5833737470729509,0.7141763021149695,-44.15274795418641,127.95781281463928,-19.604575107951554,-0.13623,0.48291,0.7124,-44.57317,128.17073,-19.32927
1371,6856,0.024083092902836493,0.08049217029448988,0.21909315334256638,-54.457627954186414,145.57976281463928,-39.23872510795155,0.05127,-0.01709,0.21143,-54.87805,145.79268,-38.96342
1372,6861,-0.1292701854642014,-0.30157713647871365,0.447813523727789,-50.006407954186415,184.4212428146393,-39.970425107951556,-0.10156,-0.39697,0.44287,-50.42683,184.63416,-39.69512
1373,6866,-0.8916415805104909,-0.5171725260751755,1.2507659128480508,-38.29908795418641,214.4212428146393,-29.543595107951553,-0.86133,-0.61133,1.25537,-38.71951,214.63416,-29.26829
1374,6871,-2.0464621066313873,-0.4577520389630325,2.562320698350765,-40.738117954186414,206.6163528146393,-18.689935107951552,-2.01221,-0.55225,2.58252,-41.15854,206.82927,-18.41463
1375,6875,-2.910741235440396,0.8603508619309915,3.879666623546088,-124.70153795418642,157.5309928146393,-32.592375107951554,-2.87354,0.7583,3.91553,-125.12196,157.74391,-32.31707
1376,6881,-3.2958352691491037,0.34813580308752234,2.724937086818136,-120.06738795418642,71.9822028146393,-43.99481510795155,-3.25732,0.24902,2.74707,-120.48781,72.19512,-43.71951
1377,6886,-2.539845650262039,-0.5510566867185082,1.3395502114801299,-17.994207954186415,5.457812814639284,-21.799695107951553,-2.50391,-0.64502,1.34521,-18.41463,5.67073,-21.52439
1378,6891,-0.2693983365075623,-0.3168043906235654,0.9713780113979716,4.749692045813586,-11.066577185360716,-6.2509151079515535,-0.24121,-0.41211,0.97266,4.32927,-10.85366,-5.97561
1379,6896,0.3724417767390241,-0.23135475309736936,0.7445748442556948,-3.786897954186414,-1.0665771853607162,-3.202135107951553,0.39844,-0.32715,0.74316,-4.20732,-0.85366,-2.92683
1380,6901,-0.09595651117390726,-0.04718946204956138,1.090560852170776,-8.299087954186414,18.506592814639284,1.0661548920484467,-0.06836,-0.14404,1.09326,-8.71951,18.71951,1.34146
1381,6906,-0.6172653426207908,0.18902407219481734,1.2580097787092832,-11.957627954186414,20.884642814639285,0.7612848920484465,-0.58789,0.09082,1.2627,-12.37805,21.09756,1.03659
1382,6911,-0.6549940821784734,0.11830886486823014,1.0037036392725855,-7.079577954186414,11.616352814639283,-0.21432510795155343,-0.62549,0.02051,1.00537,-7.5,11.82927,0.06098
1383,6915,-0.47370548175595983,0.029419517356869377,0.858944911939249,-3.8478679541864143,5.274882814639284,-0.3362851079515534,-0.44482,-0.06787,0.85889,-4.26829,5.4878,-0.06098
1384,6921,-0.34827749120515344,0.035313289436712934,0.9105710446255783,-5.738117954186414,3.2017128146392837,-0.031405107951553435,-0.31982,-0.06201,0.91113,-6.15854,3.41463,0.2439
1385,6926,-0.3864979084857952,0.08589311842909056,0.9612385756904347,-7.506407954186414,2.7139128146392837,-0.27530510795155344,-0.35791,-0.01172,0.9624,-7.92683,2.92683,0.0
1386,6931,-0.4492119037611984,0.11781604092298725,0.9530361082077291,-6.652747954186414,2.104152814639284,-0.39725510795155344,-0.42041,0.02002,0.9541,-7.07317,2.31707,-0.12195
1387,6936,-0.4614637098782011,0.10798973491273613,0.9105710446255783,-5.5551879541864135,0.2748828146392839,-0.27530510795155344,-0.43262,0.01025,0.91113,-5.97561,0.4878,0.0
1388,6941,-0.4335384220619696,0.0579027298656014,0.9028528191990807,-5.128357954186414,-1.249507185360716,-0.5192051079515534,-0.40479,-0.03955,0.90332,-5.54878,-1.03659,-0.2439
1389,6946,-0.3938429716124504,0.05544866777092252,0.9269759795909892,-5.250307954186414,-1.920237185360716,-0.8240851079515534,-0.36523,-0.04199,0.92773,-5.67073,-1.70732,-0.54878
1390,6951,-0.38209287745765086,0.0775452842545681,0.9178149104868109,-5.250307954186414,-2.0421871853607163,-1.0070151079515535,-0.35352,-0.02002,0.91846,-5.67073,-1.82927,-0.73171
1391,6956,-0.3938429716124504,0.10161319651918524,0.9110552866817861,-5.494207954186414,-1.981207185360716,-1.3728651079515535,-0.36523,0.00391,0.91162,-5.91463,-1.76829,-1.09756
1392,6961,-0.40364642335390144,0.08540029448384766,0.9120237707942019,-5.067377954186414,-1.920237185360716,-1.6167651079515535,-0.375,-0.01221,0.9126,-5.4878,-1.70732,-1.34146
1393,6966,-0.3972746814339204,0.05004771963632185,0.9129823724156747,-4.518597954186414,-2.103157185360716,-1.6167651079515535,-0.36865,-0.04736,0.91357,-4.93902,-1.89024,-1.34146
1394,6971,-0.3894379405843061,0.030887931561062485,0.9216690819545881,-4.945427954186414,-1.981207185360716,-1.7996951079515533,-0.36084,-0.06641,0.92236,-5.36585,-1.76829,-1.52439
1395,6976,-0.405603100006494,0.03383481760098427,0.9187735121082836,-4.762507954186414,-1.798287185360716,-1.9216451079515533,-0.37695,-0.06348,0.91943,-5.18293,-1.58537,-1.64634
1396,6981,-0.41834658384645595,0.030405165247355155,0.9231218081232119,-4.457627954186414,-1.6763271853607162,-1.4338451079515533,-0.38965,-0.06689,0.92383,-4.87805,-1.46341,-1.15854
1397,6986,-0.425199969250152,0.020578859237104025,0.927944463703405,-4.091777954186414,-1.859257185360716,-1.0679851079515534,-0.39648,-0.07666,0.92871,-4.5122,-1.64634,-0.79268
1398,6991,-0.41148316420351577,0.002897542997573338,0.9361469311861104,-3.6039679541864142,-1.981207185360716,-0.5801851079515534,-0.38281,-0.09424,0.93701,-4.02439,-1.76829,-0.30488
1399,6996,-0.41246651964943415,-0.002010581191784437,0.9337356033960138,-3.238117954186414,-2.103157185360716,0.029574892048446544,-0.38379,-0.09912,0.93457,-3.65854,-1.89024,0.30488
1400,7000,-0.41246651964943415,0.009776962967902684,0.9400109851448306,-2.7503079541864137,-2.347067185360716,0.7612848920484465,-0.38379,-0.0874,0.94092,-3.17073,-2.13415,1.03659
1401,7006,-0.4046297787998197,0.02352574527702581,0.9303557914935014,-2.323477954186414,-2.5299871853607163,1.3100648920484466,-0.37598,-0.07373,0.93115,-2.7439,-2.31707,1.58537
1402,7011,-0.4046297787998197,0.0279410455211407,0.9255331359133084,-2.018597954186414,-2.895847185360716,1.6759148920484466,-0.37598,-0.06934,0.92627,-2.43902,-2.68293,1.95122
1403,7016,-0.39776635915687963,0.02696545526219049,0.9236060501794198,-2.079577954186414,-3.078767185360716,1.8588448920484466,-0.36914,-0.07031,0.92432,-2.5,-2.86585,2.13415
1404,7021,-0.392377972682817,0.02696545526219049,0.9182991525430189,-2.018597954186414,-3.139747185360716,1.9807948920484466,-0.36377,-0.07031,0.91895,-2.43902,-2.92683,2.2561
1405,7026,-0.39776635915687963,0.03236640339679116,0.9216690819545881,-2.323477954186414,-3.322677185360716,1.7978648920484468,-0.36914,-0.06494,0.92236,-2.7439,-3.10976,2.07317
1406,7031,-0.4060947777294532,0.04022141362607072,0.9202262382769074,-2.5064079541864137,-3.383647185360716,1.7368948920484466,-0.37744,-0.05713,0.9209,-2.92683,-3.17073,2.0122
1407,7036,-0.40070639125539054,0.03727452758614894,0.9178149104868109,-3.055187954186414,-3.566577185360716,1.2490848920484465,-0.37207,-0.06006,0.91846,-3.47561,-3.35366,1.52439
1408,7040,-0.3948263270583687,0.035313289436712934,0.922637566067004,-3.786897954186414,-3.505597185360716,0.3954248920484466,-0.36621,-0.06201,0.92334,-4.20732,-3.29268,0.67073
1409,7046,-0.3933613281287353,0.04856924780059317,0.9202262382769074,-4.091777954186414,-3.322677185360716,-0.15335510795155344,-0.36475,-0.04883,0.9209,-4.5122,-3.10976,0.12195
1410,7051,-0.39188629495985783,0.05446301988043673,0.9120237707942019,-4.396647954186414,-3.017797185360716,-0.5801851079515534,-0.36328,-0.04297,0.9126,-4.81707,-2.80488,-0.30488
1411,7056,-0.38845458513838776,0.052501781731000736,0.9134666144718826,-4.335677954186414,-2.6519371853607163,-1.3728651079515535,-0.35986,-0.04492,0.91406,-4.7561,-2.43902,-1.09756
1412,7061,-0.38845458513838776,0.04562236176067139,0.916846426374395,-4.396647954186414,-2.4080371853607163,-1.8606751079515533,-0.35986,-0.05176,0.91748,-4.81707,-2.19512,-1.58537
1413,7066,-0.3864979084857952,0.04710083359640006,0.9202262382769074,-4.396647954186414,-2.347067185360716,-1.7996951079515533,-0.35791,-0.05029,0.9209,-4.81707,-2.13415,-1.52439
1414,7071,-0.386006230762836,0.04759365754164296,0.9125080128504098,-4.457627954186414,-1.920237185360716,-1.6777451079515533,-0.35742,-0.0498,0.91309,-4.87805,-1.70732,-1.40244
1415,7076,-0.3864979084857952,0.0412070615165565,0.922637566067004,-3.908847954186414,-1.3104771853607162,-1.9826251079515533,-0.35791,-0.05615,0.92334,-4.32927,-1.09756,-1.70732
1416,7081,-0.3894379405843061,0.027458279207433385,0.9182991525430189,-3.664947954186414,-0.9446271853607161,-1.7996951079515533,-0.36084,-0.06982,0.91895,-4.08537,-0.73171,-1.52439
1417,7086,-0.3864979084857952,0.024994159481218917,0.9154035826967143,-3.542987954186414,-0.5177971853607162,-1.5557951079515533,-0.35791,-0.07227,0.91602,-3.96341,-0.30488,-1.28049
1418,7091,-0.38503290955616176,0.035313289436712934,0.9202262382769074,-3.421037954186414,-0.029987185360716123,-1.3118951079515533,-0.35645,-0.06201,0.9209,-3.84146,0.18293,-1.03659
1419,7096,-0.3889462628613469,0.030887931561062485,0.922637566067004,-3.116167954186414,0.6407428146392838,-1.1899351079515534,-0.36035,-0.06641,0.92334,-3.53659,0.85366,-0.91463
1420,7101,-0.38404955411024344,0.026472631316947593,0.9182991525430189,-2.5064079541864137,1.250492814639284,-0.8850651079515535,-0.35547,-0.0708,0.91895,-2.92683,1.46341,-0.60976
1421,7106,-0.3830661986643251,0.030887931561062485,0.9202262382769074,-2.3844579541864137,1.860252814639284,-0.7631051079515534,-0.35449,-0.06641,0.9209,-2.80488,2.07317,-0.4878
1422,7111,-0.38797294165467267,0.03678170364090605,0.9182991525430189,-2.079577954186414,2.226102814639284,-0.5192051079515534,-0.35938,-0.06055,0.91895,-2.5,2.43902,-0.2439
1423,7116,-0.3835578763872843,0.0412070615165565,0.9163621843181871,-1.7137279541864139,2.4700128146392837,-0.5192051079515534,-0.35498,-0.05615,0.91699,-2.13415,2.68293,-0.2439
1424,7121,-0.3835578763872843,0.0412070615165565,0.9163621843181871,-1.7137279541864139,2.4700128146392837,-0.5192051079515534,-0.35498,-0.05615,0.91699,-2.13415,2.68293,-0.2439
1425,7125,-0.38551455303987686,0.042182651775506716,0.9096124430041054,-1.4088479541864138,3.018792814639284,-0.6411551079515534,-0.35693,-0.05518,0.91016,-1.82927,3.23171,-0.36585
1426,7131,-0.38257452094136596,0.04562236176067139,0.911539528737994,-0.799087954186414,3.3236728146392838,-0.9460351079515534,-0.354,-0.05176,0.91211,-1.21951,3.53659,-0.67073
1427,7136,-0.3816011997346917,0.0426754757207496,0.9139508565280906,-0.677137954186414,3.628542814639284,-1.0679851079515534,-0.35303,-0.05469,0.91455,-1.09756,3.84146,-0.79268
1428,7141,-0.37963448884285506,0.0412070615165565,0.9091282009478975,-0.555187954186414,3.872452814639284,-1.2509151079515535,-0.35107,-0.05615,0.90967,-0.97561,4.08537,-0.97561
1429,7146,-0.38110952201173254,0.04366112361123539,0.9134666144718826,-0.6161679541864138,3.994402814639284,-1.6167651079515535,-0.35254,-0.05371,0.91406,-1.03659,4.20732,-1.34146
1430,7151,-0.38110952201173254,0.04366112361123539,0.9134666144718826,-0.6161679541864138,3.994402814639284,-1.6167651079515535,-0.35254,-0.05371,0.91406,-1.03659,4.20732,-1.34146
1431,7156,-0.3845412318332026,0.03826017547663472,0.9182991525430189,-0.555187954186414,4.238302814639284,-1.7387151079515535,-0.35596,-0.05908,0.91895,-0.97561,4.45122,-1.46341
1432,7161,-0.38797294165467267,0.03923576573558493,0.9144350985842985,-0.555187954186414,4.360252814639284,-1.9216451079515533,-0.35938,-0.05811,0.91504,-0.97561,4.57317,-1.64634
1433,7165,-0.3864979084857952,0.03923576573558493,0.922637566067004,-0.494207954186414,4.482202814639284,-2.1655451079515533,-0.35791,-0.05811,0.92334,-0.91463,4.69512,-1.89024
1434,7171,-0.386006230762836,0.035313289436712934,0.9125080128504098,-0.372257954186414,4.299282814639284,-2.5314051079515534,-0.35742,-0.06201,0.91309,-0.79268,4.5122,-2.2561
1435,7176,-0.38992961830726525,0.02991234130211227,0.9134666144718826,-0.250307954186414,4.665132814639284,-2.6533551079515534,-0.36133,-0.06738,0.91406,-0.67073,4.87805,-2.37805
1436,7181,-0.38992961830726525,0.02991234130211227,0.9134666144718826,-0.250307954186414,4.665132814639284,-2.6533551079515534,-0.36133,-0.06738,0.91406,-0.67073,4.87805,-2.37805
1437,7186,-0.386006230762836,0.035806113381955836,0.9173306684306028,-0.006407954186413933,5.091962814639284,-2.5923751079515536,-0.35742,-0.06152,0.91797,-0.42683,5.30488,-2.31707
1438,7191,-0.38797294165467267,0.03875299942187761,0.9182991525430189,0.23749204581358604,5.457812814639284,-2.6533551079515534,-0.35938,-0.05859,0.91895,-0.18293,5.67073,-2.37805
1439,7196,-0.3928696504057761,0.03826017547663472,0.916846426374395,0.48140204581358603,6.0065928146392835,-2.836285107951553,-0.36426,-0.05908,0.91748,0.06098,6.21951,-2.56098
1440,7201,-0.3938429716124504,0.035313289436712934,0.9178149104868109,0.847252045813586,6.372452814639284,-2.958235107951553,-0.36523,-0.06201,0.91846,0.42683,6.58537,-2.68293
1441,7206,-0.39972303580947216,0.03776735153139183,0.9192577541644915,1.030182045813586,6.860252814639284,-2.8972551079515534,-0.37109,-0.05957,0.91992,0.60976,7.07317,-2.62195
1442,7211,-0.39776635915687963,0.03923576573558493,0.9187735121082836,1.2131020458135862,7.348062814639284,-3.1411551079515534,-0.36914,-0.05811,0.91943,0.79268,7.56098,-2.86585
1443,7216,-0.39776635915687963,0.03923576573558493,0.9187735121082836,1.2131020458135862,7.348062814639284,-3.1411551079515534,-0.36914,-0.05811,0.91943,0.79268,7.56098,-2.86585
1444,7221,-0.4011980689783497,0.03482046549147005,0.9207104803331153,1.274082045813586,7.835862814639285,-3.202135107951553,-0.37256,-0.0625,0.92139,0.85366,8.04878,-2.92683
1445,7226,-0.402181424424268,0.02991234130211227,0.9154035826967143,1.578962045813586,8.018792814639284,-3.5070151079515535,-0.37354,-0.06738,0.91602,1.15854,8.23171,-3.23171
1446,7231,-0.4011980689783497,0.02991234130211227,0.9139508565280906,1.6399320458135862,8.323672814639284,-3.446035107951553,-0.37256,-0.06738,0.91455,1.21951,8.53659,-3.17073
1447,7236,-0.40070639125539054,0.03383481760098427,0.9163621843181871,1.578962045813586,8.811472814639284,-3.3850651079515535,-0.37207,-0.06348,0.91699,1.15854,9.02439,-3.10976
1448,7241,-0.39874971460279796,0.03432764154622715,0.9144350985842985,1.5179820458135862,8.872452814639283,-3.5070151079515535,-0.37012,-0.06299,0.91504,1.09756,9.08537,-3.23171
1449,7246,-0.39874971460279796,0.022047273441297133,0.9158779422619792,1.578962045813586,9.238302814639283,-3.5070151079515535,-0.37012,-0.0752,0.9165,1.15854,9.45122,-3.23171
1450,7250,-0.40364642335390144,0.026472631316947593,0.9187735121082836,1.5179820458135862,9.604152814639283,-3.324085107951553,-0.375,-0.0708,0.91943,1.09756,9.81707,-3.04878
1451,7256,-0.40707813317537145,0.03285922734203406,0.9096124430041054,1.5179820458135862,9.665132814639284,-3.3850651079515535,-0.37842,-0.06445,0.91016,1.09756,9.87805,-3.10976
1452,7261,-0.4060947777294532,0.03236640339679116,0.9125080128504098,1.6399320458135862,9.970012814639285,-3.324085107951553,-0.37744,-0.06494,0.91309,1.21951,10.18293,-3.04878
1453,7266,-0.40756981089833066,0.03236640339679116,0.9182991525430189,1.6399320458135862,10.213912814639285,-3.324085107951553,-0.37891,-0.06494,0.91895,1.21951,10.42683,-3.04878
1454,7271,-0.4100181652738824,0.03678170364090605,0.9182991525430189,1.944812045813586,10.396842814639284,-3.5070151079515535,-0.38135,-0.06055,0.91895,1.52439,10.60976,-3.23171
1455,7276,-0.4060947777294532,0.04022141362607072,0.9163621843181871,2.127742045813586,10.762692814639284,-3.689935107951553,-0.37744,-0.05713,0.91699,1.70732,10.97561,-3.41463
1456,7281,-0.3992413923257571,0.03678170364090605,0.9149193406405064,2.127742045813586,11.128542814639284,-3.7509151079515535,-0.37061,-0.06055,0.91553,1.70732,11.34146,-3.47561
1457,7286,-0.39042129603022435,0.035313289436712934,0.911539528737994,2.188712045813586,11.799282814639284,-3.8118951079515533,-0.36182,-0.06201,0.91211,1.76829,12.0122,-3.53659
1458,7290,-0.4095264875509232,0.03335205128727694,0.9173306684306028,2.249692045813586,13.201712814639285,-3.6289651079515535,-0.38086,-0.06396,0.91797,1.82927,13.41463,-3.35366
1459,7296,-0.3972746814339204,0.035806113381955836,0.9192577541644915,2.310662045813586,13.872452814639283,-3.567985107951553,-0.36865,-0.06152,0.91992,1.89024,14.08537,-3.29268
1460,7301,-0.405603100006494,0.030405165247355155,0.9173306684306028,2.4935920458135863,14.726102814639283,-3.689935107951553,-0.37695,-0.06689,0.91797,2.07317,14.93902,-3.41463
1461,7306,-0.4085431321050049,0.02892669341162648,0.916846426374395,2.798472045813586,15.579762814639285,-3.8728651079515535,-0.37988,-0.06836,0.91748,2.37805,15.79268,-3.59756
1462,7311,-0.41148316420351577,0.027458279207433385,0.9163621843181871,2.7374920458135863,16.311472814639284,-3.7509151079515535,-0.38281,-0.06982,0.91699,2.31707,16.52439,-3.47561
1463,7316,-0.41442319630202673,0.02696545526219049,0.9149193406405064,2.676522045813586,16.799282814639284,-3.689935107951553,-0.38574,-0.07031,0.91553,2.2561,17.0122,-3.41463
1464,7321,-0.41099148648055667,0.03727452758614894,0.9096124430041054,2.6155420458135863,17.470012814639283,-3.8118951079515533,-0.38232,-0.06006,0.91016,2.19512,17.68293,-3.53659
1465,7326,-0.40070639125539054,0.039728589680827826,0.9125080128504098,2.310662045813586,18.262692814639284,-3.6289651079515535,-0.37207,-0.05762,0.91309,1.89024,18.47561,-3.35366
1466,7331,-0.3894379405843061,0.0004434809028944507,0.9091282009478975,2.432622045813586,19.848062814639285,-3.6289651079515535,-0.36084,-0.09668,0.90967,2.0122,20.06098,-3.35366
1467,7336,-0.4193199050531302,0.05004771963632185,0.9033370612552886,2.432622045813586,21.921232814639286,-3.8728651079515535,-0.39062,-0.04736,0.90381,2.0122,22.13415,-3.59756
1468,7341,-0.43500342099160305,0.03187357945154826,0.9004414914089841,2.249692045813586,22.470012814639283,-3.9338451079515533,-0.40625,-0.06543,0.90088,1.82927,22.68293,-3.65854
1469,7346,-0.4261833246960703,0.02303292133178293,0.906232631101593,2.676522045813586,22.348062814639285,-4.299695107951554,-0.39746,-0.07422,0.90674,2.2561,22.56098,-4.02439
1470,7351,-0.40903480982796403,0.03923576573558493,0.9018843350866649,2.127742045813586,22.591962814639285,-4.360675107951554,-0.38037,-0.05811,0.90234,1.70732,22.80488,-4.08537
1471,7356,-0.42373497032051854,0.0245113931675116,0.9100868025693704,2.798472045813586,23.567572814639284,-4.543595107951554,-0.39502,-0.07275,0.91064,2.37805,23.78049,-4.26829
1472,7361,-0.3889462628613469,0.04071423757131361,0.9009257334651921,3.042372045813586,25.030982814639284,-4.970425107951554,-0.36035,-0.05664,0.90137,2.62195,25.2439,-4.69512
1473,7366,-0.41344987509535247,0.04759365754164296,0.8965774374502639,2.6155420458135863,27.165132814639286,-4.787505107951554,-0.38477,-0.0498,0.89697,2.19512,27.37805,-4.5122
1474,7371,-0.43549509871456216,0.02352574527702581,0.9018843350866649,2.7374920458135863,28.323672814639284,-4.726525107951554,-0.40674,-0.07373,0.90234,2.31707,28.53659,-4.45122
1475,7375,-0.42716668014198866,0.03727452758614894,0.9038213033114965,2.920422045813586,28.750502814639283,-4.787505107951554,-0.39844,-0.06006,0.9043,2.5,28.96342,-4.5122
1476,7381,-0.41883826156941506,0.03138075550630537,0.906232631101593,2.981402045813586,29.909032814639282,-4.604575107951554,-0.39014,-0.06592,0.90674,2.56098,30.12195,-4.32927
1477,7386,-0.4207949382220077,0.024994159481218917,0.9052641469891772,2.7374920458135863,31.128542814639285,-4.543595107951554,-0.39209,-0.07227,0.90576,2.31707,31.34146,-4.26829
1478,7391,-0.42863167907162203,0.030887931561062485,0.9009257334651921,2.798472045813586,32.59196281463928,-4.543595107951554,-0.3999,-0.06641,0.90137,2.37805,32.80488,-4.26829
1479,7396,-0.4345117432686439,0.03138075550630537,0.8975459215626798,2.920422045813586,33.933422814639286,-4.787505107951554,-0.40576,-0.06592,0.89795,2.5,34.14634,-4.5122
1480,7401,-0.4242266480434777,0.03923576573558493,0.8970616795064719,3.164322045813586,35.274882814639284,-5.092375107951554,-0.39551,-0.05811,0.89746,2.7439,35.4878,-4.81707
1481,7406,-0.4212866159449668,0.04366112361123539,0.8941661096601674,3.225302045813586,36.98220281463929,-5.336285107951554,-0.39258,-0.05371,0.89453,2.80488,37.19512,-5.06098
1482,7411,-0.42863167907162203,0.03776735153139183,0.9009257334651921,3.103352045813586,38.99440281463929,-5.275305107951554,-0.3999,-0.05957,0.90137,2.68293,39.20732,-5.0
1483,7415,-0.43206338889309215,0.04071423757131361,0.9004414914089841,2.676522045813586,40.701712814639286,-5.763105107951554,-0.40332,-0.05664,0.90088,2.2561,40.91463,-5.4878
1484,7421,-0.44039180746566564,0.04562236176067139,0.896093195394056,2.066762045813586,42.348062814639285,-6.067985107951554,-0.41162,-0.05176,0.89648,1.64634,42.56098,-5.79268
1485,7426,-0.44333183956417654,0.035806113381955836,0.8970616795064719,2.127742045813586,43.81147281463928,-6.3728651079515535,-0.41455,-0.06152,0.89746,1.70732,44.02439,-6.09756
1486,7431,-0.4526436135826684,0.02991234130211227,0.8907862977576549,2.432622045813586,45.335862814639285,-6.555795107951554,-0.42383,-0.06738,0.89111,2.0122,45.54878,-6.28049
1487,7436,-0.46391206425375286,0.02696545526219049,0.8965774374502639,2.371642045813586,46.37245281463928,-6.555795107951554,-0.43506,-0.07031,0.89697,1.95122,46.58537,-6.28049
1488,7441,-0.4648954196996712,0.021071683182346923,0.8941661096601674,2.6155420458135863,47.65294281463928,-6.433845107951554,-0.43604,-0.07617,0.89453,2.19512,47.86586,-6.15854
1489,7446,-0.454600290235261,0.024018569222268707,0.8927232659824866,3.103352045813586,49.05538281463929,-6.189935107951554,-0.42578,-0.07324,0.89307,2.68293,49.2683,-5.91463
1490,7451,-0.4702838061737339,0.024994159481218917,0.8907862977576549,3.408222045813586,50.945622814639286,-5.458235107951554,-0.44141,-0.07227,0.89111,2.9878,51.15854,-5.18293
1491,7456,-0.4712571273804081,0.018617621087668033,0.8927232659824866,3.835052045813586,52.65294281463928,-5.153355107951554,-0.44238,-0.07861,0.89307,3.41463,52.86586,-4.87805
1492,7461,-0.46979212845077467,0.020578859237104025,0.8888592120237663,4.4448120458135865,54.36025281463928,-5.031405107951554,-0.44092,-0.07666,0.88916,4.02439,54.57317,-4.7561
1493,7466,-0.474197159478919,0.02254009738654003,0.8854794001212539,4.993592045813586,56.18952281463928,-4.665545107951554,-0.44531,-0.07471,0.88574,4.57317,56.40244,-4.39024
1494,7471,-0.48056890139889996,0.0279410455211407,0.884995158065046,5.481402045813586,58.201712814639286,-4.665545107951554,-0.45166,-0.06934,0.88525,5.06098,58.41463,-4.39024
1495,7476,-0.48694064331888093,0.0279410455211407,0.8811409865972688,6.030182045813586,60.27489281463929,-4.787505107951554,-0.45801,-0.06934,0.88135,5.60976,60.48781,-4.5122
1496,7481,-0.48350893349741086,0.024018569222268707,0.8816252286534767,6.639932045813586,62.287082814639284,-4.787505107951554,-0.45459,-0.07324,0.88184,6.21951,62.5,-4.5122
1497,7486,-0.4888973199714735,0.02303292133178293,0.8830680723311574,7.1887120458135865,64.84805281463929,-4.665545107951554,-0.45996,-0.07422,0.8833,6.76829,65.06097,-4.39024
1498,7491,-0.4815522568448183,0.022047273441297133,0.8782454167509643,7.737492045813586,67.59196281463929,-4.482625107951554,-0.45264,-0.0752,0.87842,7.31707,67.80488,-4.20732
1499,7496,-0.4923290297929436,0.017631973197182255,0.8743813627922441,8.103352045813585,70.45781281463928,-3.9338451079515533,-0.46338,-0.07959,0.87451,7.68293,70.67073,-3.65854
1500,7500,-0.4996740929195988,0.01812479714242514,0.8792040183724371,8.408222045813586,73.62855281463928,-3.7509151079515535,-0.4707,-0.0791,0.87939,7.9878,73.84147,-3.47561
1501,7506,-0.500165770642558,0.024018569222268707,0.864736051631858,9.017982045813586,76.7992828146393,-3.3850651079515535,-0.47119,-0.07324,0.86475,8.59756,77.0122,-3.10976
1502,7511,-0.5055541571166207,0.020578859237104025,0.8835523143873653,9.932622045813586,80.51879281463928,-2.5314051079515534,-0.47656,-0.07666,0.88379,9.5122,80.73171,-2.2561
1503,7516,-0.5104609001069681,0.027458279207433385,0.8796882604286451,8.835052045813587,83.62855281463928,-2.5314051079515534,-0.48145,-0.06982,0.87988,8.41463,83.84147,-2.2561
1504,7521,-0.5339711226558113,-0.026571317401644468,0.8820995882187416,9.688712045813586,86.9212328146393,-2.0435951079515533,-0.50488,-0.12354,0.88232,9.26829,87.13415,-1.76829
1505,7526,-0.5129092544825199,0.04759365754164296,0.8729385191145633,9.627742045813585,90.27489281463929,-2.0435951079515533,-0.48389,-0.0498,0.87305,9.20732,90.48781,-1.76829
1506,7531,-0.5173142855106642,0.01026978691314558,0.8898276961361822,9.688712045813586,94.7261128146393,-1.7387151079515535,-0.48828,-0.08691,0.89014,9.26829,94.93903,-1.46341
1507,7536,-0.4996740929195988,0.04415394755647828,0.8666631373657466,9.383842045813585,99.84806281463929,-1.6777451079515533,-0.4707,-0.05322,0.8667,8.96342,100.06098,-1.40244
1508,7540,-0.5187893186795418,0.04464677150172118,0.8792040183724371,9.444812045813586,105.82367281463928,-2.2875051079515534,-0.48975,-0.05273,0.87939,9.02439,106.03659,-2.0122
1509,7546,-0.5104609001069681,0.04955489569107896,0.8719700350021475,9.993592045813585,111.55538281463927,-3.2631051079515534,-0.48145,-0.04785,0.87207,9.57317,111.7683,-2.9878
1510,7551,-0.4962524173373728,0.061835263796008975,0.8816252286534767,10.237492045813585,118.20171281463928,-5.214325107951554,-0.46729,-0.03564,0.88184,9.81707,118.41463,-4.93902
1511,7556,-0.4977174162670062,0.06379650194544498,0.8806567445410609,9.810662045813586,125.70171281463928,-6.982625107951554,-0.46875,-0.03369,0.88086,9.39024,125.91463,-6.70732
1512,7561,-0.49134567434702525,0.056424258029872734,0.8811409865972688,7.920422045813586,134.2992728146393,-9.177745107951553,-0.4624,-0.04102,0.88135,7.5,134.51219,-8.90244
1513,7566,-0.500165770642558,0.05937114406979452,0.8859636421774618,5.847252045813586,143.9334328146393,-11.616765107951553,-0.47119,-0.03809,0.88623,5.42683,144.14635,-11.34146
1514,7571,-0.49722573854404706,0.059863968015037405,0.890302055701447,3.835052045813586,154.1773228146393,-13.811895107951553,-0.46826,-0.0376,0.89062,3.41463,154.39024,-13.53659
1515,7576,-0.49576073961441364,0.07607687005037499,0.8985144056750956,0.48140204581358603,165.2748928146393,-16.799695107951553,-0.4668,-0.02148,0.89893,0.06098,165.48781,-16.52439
1516,7581,-0.5187893186795418,0.092279714454177,0.8796882604286451,-3.542987954186414,177.3480528146393,-20.763105107951553,-0.48975,-0.00537,0.87988,-3.96341,177.56097,-20.4878
1517,7586,-0.5084941892151316,0.10406725861386412,0.8878907279113505,-7.872257954186415,191.0065928146393,-25.702135107951552,-0.47949,0.00635,0.88818,-8.29268,191.21951,-25.42683
1518,7591,-0.4962524173373728,0.11880168881347304,0.8835523143873653,-14.274697954186413,207.3480528146393,-31.555795107951553,-0.46729,0.021,0.88379,-14.69512,207.56097,-31.28049
1519,7596,-0.5055541571166207,0.13304329506783905,0.8758340889608678,-21.103967954186416,224.4212428146393,-37.22652510795155,-0.47656,0.03516,0.87598,-21.52439,224.63416,-36.95122
1520,7601,-0.5173142855106642,0.12517822720702393,0.8729385191145633,-26.103967954186416,241.3724528146393,-42.40945510795155,-0.48828,0.02734,0.87305,-26.52439,241.58537,-42.13415
1521,7606,-0.5403428645757923,0.10897538280322192,0.8743813627922441,-29.335677954186416,259.0553928146393,-47.34847510795155,-0.51123,0.01123,0.87451,-29.7561,259.26831,-47.07317
1522,7611,-0.5736565388660864,0.11830886486823014,0.8835523143873653,-33.29908795418641,278.3846428146393,-52.22652510795155,-0.54443,0.02051,0.88379,-33.71951,278.59756,-51.95122
1523,7616,-0.6373538895874079,0.12714952298799548,0.8811409865972688,-36.59177795418641,298.4456228146393,-56.67774510795155,-0.60791,0.0293,0.88135,-37.0122,298.65854,-56.40244
1524,7621,-0.7412283342419638,0.12517822720702393,0.8806567445410609,-37.62835795418641,320.2139328146393,-61.372865107951554,-0.71143,0.02734,0.88086,-38.04878,320.42685,-61.09756
1525,7625,-0.8828214842149581,0.08589311842909056,0.9149193406405064,-37.018607954186415,341.0065928146393,-65.64115510795155,-0.85254,-0.01172,0.91553,-37.43903,341.21951,-65.36585
1526,7631,-1.1390658517906334,0.10013472468345656,0.9815075646145657,-36.71372795418641,358.9944228146393,-67.65335510795155,-1.10791,0.00244,0.98291,-37.13415,359.20734,-67.37805
1527,7636,-1.4296072491025213,0.14826049158115528,1.2083008492658998,-31.530797954186415,370.1529628146393,-65.21433510795156,-1.39746,0.05029,1.2124,-31.95122,370.36588,-64.93903
1528,7641,-1.6780148758285824,0.11536197882830836,1.4321985640709294,-20.738117954186414,369.1773428146393,-60.51920510795155,-1.64502,0.01758,1.43896,-21.15854,369.39026,-60.2439
1529,7646,-1.8132463181208398,0.001429128793380243,1.4375153441982733,-5.372257954186414,359.4212428146393,-52.77530510795155,-1.77979,-0.0957,1.44434,-5.79268,359.63416,-52.5
1530,7651,-1.696146746142607,-0.04866793388529005,1.3318319860536323,12.188712045813586,346.6163628146393,-46.12896510795155,-1.66309,-0.14551,1.3374,11.76829,346.82928,-45.85366
1531,7656,-1.5207382099171154,-0.03834880392979604,1.2222944564412141,26.822862045813583,337.8968528146393,-40.214335107951555,-1.48828,-0.13525,1.22656,26.40244,338.10977,-39.93903
1532,7661,-1.339951321456805,0.06084961590552319,1.132541673696719,44.01798204581359,333.1407528146393,-33.62896510795155,-1.30811,-0.03662,1.13574,43.59756,333.35367,-33.35366
1533,7665,-1.2738056163599316,0.05888837775608719,1.1547377483547387,53.164322045813584,332.7749028146393,-28.750915107951553,-1.24219,-0.03857,1.1582,52.7439,332.98782,-28.47561
1534,7671,-1.2233333929622872,0.12125575090815192,1.1807978769714789,53.40822204581359,331.4944228146393,-26.372865107951554,-1.19189,0.02344,1.18457,52.9878,331.70734,-26.09756
1535,7676,-1.2390169089007599,0.15317867340204863,1.1943072420905854,50.17652204581359,329.7261128146393,-30.763115107951553,-1.20752,0.05518,1.19824,49.7561,329.93903,-30.48781
1536,7681,-1.3894301551692871,0.3451889170476006,1.3323162281098402,42.79847204581359,325.8236728146393,-36.49481510795155,-1.35742,0.24609,1.33789,42.37805,326.03659,-36.21951
1537,7686,-1.634897749796837,0.29215502596054416,1.507483380074845,34.993592045813585,315.1529628146393,-41.00701510795155,-1.60205,0.19336,1.51514,34.57317,315.36588,-40.73171
1538,7691,-1.722597000789961,0.14875331552639817,1.596751920763132,26.883842045813584,294.4212428146393,-49.11676510795155,-1.68945,0.05078,1.60547,26.46342,294.63416,-48.84146
1539,7696,-1.6628230376130688,0.15857962153664928,1.3940817965037064,16.274082045813586,272.16513281463926,-58.26310510795155,-1.62988,0.06055,1.40039,15.85366,272.37805,-57.9878
1540,7701,-1.4291155713795622,0.20130444029974737,1.1841776888739914,11.274082045813586,258.0797728146393,-63.81189510795155,-1.39697,0.10303,1.18799,10.85366,258.29269,-63.53659
1541,7706,-1.1660178184001908,0.1875556579906242,1.0760830029392539,12.066762045813586,249.4822128146393,-65.88506510795155,-1.13477,0.08936,1.07861,11.64634,249.69513,-65.60976
1542,7711,-0.8828214842149581,0.17084993201004373,1.0731874330929494,16.396032045813584,244.2992928146393,-65.39726510795155,-0.85254,0.07275,1.07568,15.97561,244.51221,-65.12196
1543,7716,-0.6647874996806804,0.12960358508267436,1.1306145879628307,24.932622045813584,240.33586281463928,-64.60457510795155,-0.63525,0.03174,1.13379,24.5122,240.54878,-64.32927
1544,7721,-0.6118769561467282,0.11977727907242325,1.2058895214758032,34.87164204581359,235.39684281463929,-63.872865107951554,-0.58252,0.02197,1.20996,34.45122,235.60976,-63.59756
1545,7726,-0.4781205470233482,0.14728490132220506,1.1981712960493058,43.10335204581359,225.39684281463929,-63.872865107951554,-0.44922,0.04932,1.20215,42.68293,225.60976,-63.59756
1546,7731,-0.25568153146092615,0.23714983909251605,1.0891180084930954,48.774082045813586,213.0188028146393,-62.16554510795155,-0.22754,0.13867,1.0918,48.35366,213.23172,-61.89024
1547,7736,-0.10526828519239913,0.3614018190829382,0.9240804097446846,54.56676204581359,199.6651328146393,-59.72652510795155,-0.07764,0.26221,0.9248,54.14634,199.87805,-59.45122
1548,7741,0.1117823438959603,0.13304329506783905,0.7141763021149695,61.63993204581359,186.7992928146393,-58.202135107951555,0.13867,0.03516,0.7124,61.21951,187.01221,-57.92683
1549,7746,-0.6104019229778507,-0.08107362269289407,0.6615816853162244,53.774082045813586,181.4334328146393,-66.49481510795155,-0.58105,-0.17773,0.65918,53.35366,181.64635,-66.21951
1550,7750,-1.4761560849557367,0.292647849905787,1.4037369901550358,44.74969204581359,166.06757281463928,-71.31189510795156,-1.44385,0.19385,1.41016,44.32927,166.28049,-71.03659
1551,7756,-1.6157925582761383,0.4527452286889779,2.0923193115917433,54.56676204581359,119.97001281463929,-61.31189510795155,-1.58301,0.35303,2.10693,54.14634,120.18293,-61.03659
1552,7761,-1.2733139386369725,0.46845524914753695,2.182072094336238,63.40823204581359,60.213912814639286,-48.324085107951554,-1.2417,0.36865,2.19775,62.98781,60.42683,-48.04878
1553,7766,-0.9225069004252332,0.5622527208482555,1.855880715780023,58.957012045813585,8.323672814639284,-37.592375107951554,-0.89209,0.46191,1.86768,58.53659,8.53659,-37.31707
1554,7771,-0.6971278527643002,0.6442727060208225,1.5595937548173822,45.90822204581359,-30.517797185360717,-27.104575107951554,-0.66748,0.54346,1.56787,45.4878,-30.30488,-26.82927
1555,7776,-0.539359509129874,0.6884659389881138,1.3448669916074738,28.713102045813585,-60.944627185360716,-17.16554510795155,-0.51025,0.5874,1.35059,28.29268,-60.73171,-16.89024
1556,7781,-0.3845412318332026,0.6413258199809007,1.128203260172734,11.396032045813586,-85.02999718536071,-8.507015107951553,-0.35596,0.54053,1.13135,10.97561,-84.81708,-8.23171
1557,7786,-0.3845412318332026,0.6413258199809007,1.128203260172734,11.396032045813586,-85.02999718536071,-8.507015107951553,-0.35596,0.54053,1.13135,10.97561,-84.81708,-8.23171
1558,7790,-0.2625449511038663,0.5465427003896964,0.938074016919999,-5.616167954186414,-101.73730718536072,-1.6777451079515533,-0.23438,0.44629,0.93896,-6.03659,-101.52439,-1.40244
1559,7796,-0.11947676796199448,0.3569764612072877,0.6832935179180364,-33.48201795418641,-118.56657718536073,8.505184892048447,-0.0918,0.25781,0.68115,-33.90244,-118.35366,8.78049
1560,7801,-0.04745099866809941,0.2685799376411699,0.5781042843205463,-41.71372795418641,-122.28608718536071,12.590544892048447,-0.02002,0.16992,0.57471,-42.13415,-122.07317,12.86585
1561,7806,0.003502868213260176,0.17674370408988732,0.5066835222753509,-45.92103795418641,-123.62754718536073,16.614934892048446,0.03076,0.07861,0.50244,-46.34146,-123.41463,16.89024
1562,7811,0.02603976955542907,0.10553567281805723,0.4627756150155191,-46.04299795418641,-124.17633718536072,20.456404892048447,0.05322,0.00781,0.45801,-46.46342,-123.96342,20.73171
1563,7816,0.032903189198369195,0.05200895778575785,0.437199728454987,-43.786897954186415,-124.66414718536072,23.871034892048446,0.06006,-0.04541,0.43213,-44.20732,-124.45123,24.14634
1564,7821,0.032903189198369195,0.05200895778575785,0.437199728454987,-43.786897954186415,-124.66414718536072,23.871034892048446,0.06006,-0.04541,0.43213,-44.20732,-124.45123,24.14634
1565,7826,0.022608059733959004,0.01026978691314558,0.43237707287479393,-39.15274795418641,-125.27389718536071,27.10274489204845,0.0498,-0.08691,0.42725,-39.57317,-125.06098,27.37805
1566,7831,-0.0028688737067207866,-0.02558566951115869,0.43961105624508356,-32.44543795418641,-126.12754718536073,30.273474892048448,0.02441,-0.12256,0.43457,-32.86586,-125.91463,30.54878
1567,7836,-0.09595651117390726,-0.04964352414424026,0.48062339365861073,-16.957627954186417,-130.5787771853607,35.578354892048445,-0.06836,-0.14648,0.47607,-17.37805,-130.36586,35.85366
1568,7841,-0.14935873243081857,-0.03884162787503892,0.5144017477018483,-10.250307954186415,-134.60315718536071,37.407624892048446,-0.12158,-0.13574,0.51025,-10.67073,-134.39024,37.68293
1569,7846,-0.20472766457956657,-0.01821342559558645,0.5481801017450859,-5.250307954186414,-139.84707718536072,38.688114892048446,-0.17676,-0.11523,0.54443,-5.67073,-139.63416,38.96342
1570,7851,-0.20472766457956657,-0.01821342559558645,0.5481801017450859,-5.250307954186414,-139.84707718536072,38.688114892048446,-0.17676,-0.11523,0.54443,-5.67073,-139.63416,38.96342
1571,7856,-0.25763820811351873,0.0009363048481373468,0.5742402303618259,-2.5064079541864137,-146.0665871853607,39.358844892048445,-0.22949,-0.09619,0.5708,-2.92683,-145.85367,39.63415
1572,7861,-0.31153210709338924,0.025486983426461815,0.6007846010347739,-1.896647954186414,-152.9568271853607,39.48079489204845,-0.2832,-0.07178,0.59766,-2.31707,-152.74391,39.7561
1573,7866,-0.37375442464583325,0.04759365754164296,0.6244235193704745,-3.482017954186414,-160.5787771853607,39.358844892048445,-0.34521,-0.0498,0.62158,-3.90244,-160.36586,39.63415
1574,7871,-0.42814000134866287,0.06674338798536676,0.6393856106582047,-6.530797954186414,-168.8104771853607,38.93201489204845,-0.39941,-0.03076,0.63672,-6.95122,-168.59756,39.20732
1575,7875,-0.4693004507278155,0.07705246030932521,0.6485565622533259,-10.982017954186414,-177.04218718536072,38.20030489204845,-0.44043,-0.02051,0.646,-11.40244,-176.82927,38.47561
1576,7881,-0.5173142855106642,0.07999934634924699,0.6393856106582047,-15.982017954186412,-185.1519471853607,37.407624892048446,-0.48828,-0.01758,0.63672,-16.40244,-184.93903,37.68293
1577,7886,-0.5550430250683468,0.08049217029448988,0.6306989011192913,-20.677137954186417,-192.8958571853607,36.858844892048445,-0.52588,-0.01709,0.62793,-21.09756,-192.68294,37.13415
1578,7891,-0.5800282807860674,0.0750912221598892,0.6162210518877691,-24.701527954186414,-199.78609718536072,36.55396489204845,-0.55078,-0.02246,0.61328,-25.12195,-199.57318,36.82927
1579,7896,-0.6094286017711765,0.059863968015037405,0.5969205470760537,-27.262507954186415,-205.5178071853607,36.43201489204845,-0.58008,-0.0376,0.59375,-27.68293,-205.30489,36.70732
1580,7901,-0.627550437845957,0.04022141362607072,0.5752087144742418,-28.421037954186417,-210.3348771853607,36.91981489204845,-0.59814,-0.05713,0.57178,-28.84146,-210.12196,37.19512
1581,7906,-0.6329488585592636,0.019593211346618247,0.5472215001236131,-27.994207954186415,-213.8104771853607,38.13932489204845,-0.60352,-0.07764,0.54346,-28.41463,-213.59756,38.41463
1582,7911,-0.6442173092303481,0.002404719052330456,0.5250254254655934,-25.860067954186416,-215.7616971853607,39.297864892048445,-0.61475,-0.09473,0.521,-26.28049,-215.54878,39.57317
1583,7915,-0.6579341142769842,-0.007411529326385108,0.5057150381629351,-22.750307954186415,-216.6153671853607,40.70030489204845,-0.62842,-0.10449,0.50146,-23.17073,-216.40245,40.97561
1584,7921,-0.6706675638777021,-0.017237835336636236,0.4941426412686602,-19.091777954186416,-216.43242718536072,42.22469489204845,-0.64111,-0.11426,0.48975,-19.5122,-216.21951,42.5
1585,7926,-0.6873244010228492,-0.018706249540829348,0.4873830174636355,-14.945427954186414,-215.7616971853607,43.50518489204845,-0.65771,-0.11572,0.48291,-15.36585,-215.54878,43.78049
1586,7931,-0.7020245615154037,-0.012329711147278462,0.489794345253732,-11.042997954186413,-214.66413718536072,44.41981489204845,-0.67236,-0.10938,0.48535,-11.46342,-214.45122,44.69512
1587,7936,-0.7294682058479202,-4.9343042348445414e-05,0.4975125706802296,-7.994207954186415,-213.0787771853607,45.45640489204845,-0.69971,-0.09717,0.49316,-8.41463,-212.86586,45.73171
1588,7941,-0.7622902024152552,0.014192263212017577,0.5119904199117518,-5.494207954186414,-211.2495071853607,46.066154892048445,-0.73242,-0.08301,0.50781,-5.91463,-211.03659,46.34146
1589,7946,-0.7867938146492606,0.039728589680827826,0.5312909247234672,-4.030797954186414,-209.66413718536072,46.858844892048445,-0.75684,-0.05762,0.52734,-4.45122,-209.45122,47.13415
1590,7951,-0.8112873926440222,0.06870462613480274,0.5539712414376948,-3.908847954186414,-207.9568271853607,47.71249489204845,-0.78125,-0.02881,0.55029,-4.32927,-207.74391,47.9878
1591,7956,-0.8357809706387836,0.09768066258877768,0.5766515581519225,-5.067377954186414,-206.1275571853607,48.93201489204845,-0.80566,0.0,0.57324,-5.4878,-205.91464,49.20732
1592,7961,-0.8588095497039118,0.1281251132469457,0.6128412399852566,-7.384457954186414,-204.48121718536072,50.395424892048446,-0.82861,0.03027,0.60986,-7.80488,-204.2683,50.67073
1593,7966,-0.8793897743934881,0.14285954344655463,0.6471038360847022,-10.311287954186414,-203.3836471853607,52.04176489204845,-0.84912,0.04492,0.64453,-10.73171,-203.17073,52.31707
1594,7971,-0.9009533545289827,0.14433801528228327,0.6775023782254274,-13.299087954186414,-202.5909671853607,53.87103489204845,-0.87061,0.04639,0.67529,-13.71951,-202.37805,54.14634
1595,7976,-0.9264302879696625,0.13941983346138995,0.7074265608008878,-15.494207954186415,-202.40804718536072,55.82225489204845,-0.896,0.0415,0.70557,-15.91463,-202.19513,56.09756
1596,7981,-0.9455354794903613,0.13500453321727507,0.7344452910391006,-17.079577954186416,-202.7129171853607,57.71249489204845,-0.91504,0.03711,0.73291,-17.5,-202.5,57.9878
1597,7986,-0.9587606068140383,0.1276423469332384,0.748438898214415,-17.811287954186415,-203.5056071853607,59.297864892048445,-0.92822,0.02979,0.74707,-18.23171,-203.29269,59.57317
1598,7991,-0.9744441227525111,0.11633756908725858,0.7667709189137144,-17.445427954186414,-204.42023718536072,61.188114892048446,-0.94385,0.01855,0.76562,-17.86585,-204.20732,61.46342
1599,7996,-0.9768924771280629,0.1114294448979008,0.774499026831155,-16.469817954186414,-205.5178071853607,63.078354892048445,-0.94629,0.01367,0.77344,-16.89024,-205.30489,63.35366
1600,8000,-0.9739524450295519,0.1070141446537859,0.7817330102014447,-14.640557954186415,-206.2495071853607,65.02957489204844,-0.94336,0.00928,0.78076,-15.06098,-206.03659,65.30488
1601,8006,-0.9710124129310411,0.10798973491273613,0.7822172522576526,-13.116167954186414,-206.79828718536072,66.67591489204845,-0.94043,0.01025,0.78125,-13.53659,-206.58537,66.95122
1602,8011,-0.9783574760576963,0.11585480277355126,0.7870399078378456,-11.591777954186414,-206.6153671853607,68.44420489204845,-0.94775,0.01807,0.78613,-12.0122,-206.40245,68.71951
1603,8016,-0.9911009598976582,0.11781604092298725,0.8029704832379917,-10.555187954186414,-206.2495071853607,69.66372489204845,-0.96045,0.02002,0.80225,-10.97561,-206.03659,69.93903
1604,8021,-1.0023694105687426,0.11683039303250146,0.8174384499785708,-10.067387954186414,-205.7007271853607,70.70030489204845,-0.97168,0.01904,0.81689,-10.48781,-205.48781,70.97561
1605,8026,-1.0205012808827674,0.11585480277355126,0.8338532674349248,-9.762507954186415,-204.9690171853607,71.61493489204845,-0.98975,0.01807,0.8335,-10.18293,-204.7561,71.89024
1606,8031,-1.045486536600488,0.11880168881347304,0.8517010460780163,-9.701527954186414,-204.29828718536072,72.28566489204844,-1.01465,0.021,0.85156,-10.12195,-204.08537,72.56097
1607,8036,-1.085171952810763,0.11928445512718036,0.8738971207360362,-10.006407954186415,-203.93242718536072,72.83445489204844,-1.0542,0.02148,0.87402,-10.42683,-203.71951,73.10976
1608,8040,-1.1336774653165709,0.12420263694807371,0.9018843350866649,-10.372257954186415,-203.8104771853607,73.62713489204845,-1.10254,0.02637,0.90234,-10.79268,-203.59756,73.90244
1609,8046,-1.1777679125549902,0.13401888532678927,0.927944463703405,-11.286897954186413,-204.60315718536071,74.72469489204845,-1.14648,0.03613,0.92871,-11.70732,-204.39024,75.0
1610,8051,-1.2135399754600802,0.14384519133704038,0.9414538288225114,-12.201527954186414,-205.6397471853607,76.18811489204845,-1.18213,0.0459,0.94238,-12.62195,-205.42683,76.46342
1611,8056,-1.255182068322948,0.15071455367583417,0.9675139574392514,-13.360067954186414,-206.79828718536072,77.95640489204845,-1.22363,0.05273,0.96875,-13.78049,-206.58537,78.23171
1612,8061,-1.2968341954250597,0.15023178736212683,0.9771691510905806,-14.823477954186414,-207.8348771853607,80.02957489204844,-1.26514,0.05225,0.97852,-15.2439,-207.62196,80.30488
1613,8066,-1.333579579536824,0.15219302551156286,0.9858459781385509,-16.591777954186416,-209.17633718536072,82.34665489204845,-1.30176,0.0542,0.9873,-17.0122,-208.96342,82.62196
1614,8071,-1.3659098983812,0.15366143971575594,0.9868144622509668,-18.482017954186414,-210.5178071853607,84.78566489204844,-1.33398,0.05566,0.98828,-18.90244,-210.30489,85.06097
1615,8076,-1.3938452204366756,0.14335236739179752,0.9834346503484543,-20.189337954186417,-211.3104771853607,86.85884489204845,-1.36182,0.04541,0.98486,-20.60976,-211.09756,87.13415
1616,8081,-1.4232355071825404,0.12616387509750973,0.9829602907831896,-21.896647954186417,-211.67633718536072,88.87104489204845,-1.39111,0.02832,0.98438,-22.31707,-211.46342,89.14635
1617,8086,-1.4692926653127965,0.09718783864353478,0.9863302201947588,-22.689337954186417,-211.67633718536072,90.39542489204845,-1.43701,-0.00049,0.98779,-23.10976,-211.46342,90.67073
1618,8091,-1.512901469067501,0.06084961590552319,0.9781277527120533,-22.445427954186414,-211.55437718536072,91.37104489204845,-1.48047,-0.03662,0.97949,-22.86585,-211.34146,91.64635
1619,8096,-1.5648386913947787,0.03383481760098427,0.9704095272855559,-21.286897954186415,-210.6397471853607,91.61493489204845,-1.53223,-0.06348,0.97168,-21.70732,-210.42683,91.89024
1620,8101,-1.6358811052427555,-0.0015177572465415407,0.9612385756904347,-19.152747954186417,-209.66413718536072,90.88323489204845,-1.60303,-0.09863,0.9624,-19.57317,-209.45122,91.15854
1621,8106,-1.7034918092692621,-0.025092845565915796,0.9511090224738405,-17.018597954186415,-209.23731718536072,89.05396489204844,-1.67041,-0.12207,0.95215,-17.43902,-209.0244,89.32927
1622,8111,-1.7471006130239666,-0.051121995979968936,0.9260173779695163,-14.518597954186413,-209.1153671853607,85.70030489204845,-1.71387,-0.14795,0.92676,-14.93902,-208.90245,85.97561
1623,8116,-1.7627740947231954,-0.07960520848870098,0.8772769326385486,-12.140557954186415,-208.93242718536072,80.94420489204845,-1.72949,-0.17627,0.87744,-12.56098,-208.71951,81.21951
1624,8121,-1.7598340626246844,-0.110049659146869,0.8227552301059148,-9.884457954186415,-208.2007271853607,74.66372489204845,-1.72656,-0.20654,0.82227,-10.30488,-207.98781,74.93903
1625,8125,-1.7304437758788196,-0.12626256118220658,0.7551985220194397,-7.750307954186415,-206.4934071853607,66.98079489204845,-1.69727,-0.22266,0.75391,-8.17073,-206.28049,67.2561
1626,8131,-1.6814465856500524,-0.13951851954608682,0.679913706015524,-5.7990879541864135,-203.6275571853607,57.95640489204845,-1.64844,-0.23584,0.67773,-6.21951,-203.41464,58.23171
1627,8136,-1.6344060720738782,-0.1567070118403746,0.5964363050198458,-3.7259179541864142,-199.05437718536072,48.32225489204845,-1.60156,-0.25293,0.59326,-4.14634,-198.84146,48.59756
1628,8141,-1.5942289781406438,-0.1753639183388555,0.5254997850308583,-1.2868979541864138,-192.7129171853607,37.95640489204845,-1.56152,-0.27148,0.52148,-1.70732,-192.5,38.23171
1629,8146,-1.5765988197888223,-0.19206964431943602,0.46325985707172707,2.188712045813586,-185.2129171853607,27.224694892048447,-1.54395,-0.28809,0.4585,1.76829,-185.0,27.5
1630,8151,-1.581987206262885,-0.2058184266285591,0.3961775085505168,6.8228620458135865,-177.34707718536072,16.310064892048448,-1.54932,-0.30176,0.39062,6.40244,-177.13416,16.58537
1631,8156,-1.5535702407236942,-0.18912275827951425,0.31704840356976677,12.371642045813585,-169.54218718536072,5.334454892048446,-1.521,-0.28516,0.31055,11.95122,-169.32927,5.60976
1632,8161,-1.5251532751845036,-0.18028210015974888,0.24128922800058614,18.225302045813585,-161.1275571853607,-5.214325107951554,-1.49268,-0.27637,0.23389,17.80488,-160.91464,-4.93902
1633,8165,-1.503589695049009,-0.18715146249854264,0.19400150883824213,25.054572045813586,-151.85926718536072,-15.458235107951554,-1.47119,-0.2832,0.18604,24.63415,-151.64635,-15.18293
1634,8171,-1.4952612764764355,-0.21268778896735288,0.1602231547950045,33.65213204581359,-142.2251071853607,-25.031405107951553,-1.46289,-0.30859,0.15186,33.23171,-142.01219,-24.7561
1635,8176,-1.4923212443779246,-0.2451035354064925,0.12258074679304665,44.505792045813585,-133.0178071853607,-33.933845107951555,-1.45996,-0.34082,0.11377,44.08537,-132.80489,-33.65854
1636,8181,-1.4898728900023728,-0.27948051999506807,0.08880239274980906,57.18872204581359,-124.29828718536072,-41.79969510795155,-1.45752,-0.375,0.07959,56.7683,-124.08537,-41.52439
1637,8186,-1.4977096308519873,-0.3050168464638784,0.05840385060908383,70.78627204581358,-115.6397471853607,-48.750915107951556,-1.46533,-0.40039,0.04883,70.36585,-115.42683,-48.47561
1638,8191,-1.5192732109874818,-0.3089493803942859,0.028005308468358598,84.32286204581358,-107.59096718536071,-55.092375107951554,-1.48682,-0.4043,0.01807,83.90244,-107.37805,-54.81707
1639,8196,-1.5756154643429041,-0.2878283541695905,0.003388023529299252,96.15213204581359,-100.21291718536071,-60.51920510795155,-1.54297,-0.3833,-0.00684,95.73171,-100.0,-60.2439
1640,8201,-1.6422528471627365,-0.25198295537682186,-0.014943997170000261,105.11554204581358,-93.74950718536073,-65.33627510795155,-1.60938,-0.34766,-0.02539,104.69512,-93.53659,-65.06097
1641,8206,-1.6789982312745007,-0.1950165303593578,-0.07043418381504973,109.07896204581358,-88.3226771853607,-69.48262510795155,-1.646,-0.29102,-0.08154,108.65854,-88.10976,-69.20732
1642,8211,-1.6794798747582158,-0.1449194676806875,-0.1423391879164531,108.40823204581358,-82.40803718536071,-73.08018510795155,-1.64648,-0.24121,-0.1543,107.98781,-82.19512,-72.80488
1643,8216,-1.663314715336028,-0.1110353070373548,-0.2171298793732179,103.59115204581359,-75.02999718536071,-76.61677510795155,-1.63037,-0.20752,-0.22998,103.17073,-74.81708,-76.34147
1644,8221,-1.6427344906464516,-0.09826211498718186,-0.295784624788703,95.72530204581358,-66.18852718536073,-80.09238510795156,-1.60986,-0.19482,-0.30957,95.30488,-65.97561,-79.81708
1645,8226,-1.6236292991257526,-0.10415588706702543,-0.35562310744868064,86.57896204581358,-55.27389718536072,-83.44603510795156,-1.59082,-0.20068,-0.37012,86.15854,-55.06098,-83.17073
1646,8231,-1.6035407521591356,-0.1056343589027541,-0.385537407533198,77.37164204581359,-43.078777185360714,-86.37286510795155,-1.5708,-0.20215,-0.40039,76.95122,-42.86586,-86.09756
1647,8236,-1.5476901765266724,-0.08599180451378743,-0.3995310147085123,68.34725204581358,-30.517797185360717,-88.93384510795156,-1.51514,-0.18262,-0.41455,67.92683,-30.30488,-88.65854
1648,8241,-0.9847292179776772,0.9993272144894872,-0.7739884790304303,29.749692045813585,-11.554377185360716,-92.22653510795155,-0.9541,0.89648,-0.79346,29.32927,-11.34146,-91.95123
1649,8246,-1.957779500192345,1.459976796450093,-1.113699105196695,-99.27469795418642,59.97001281463928,-98.20213510795155,-1.92383,1.35449,-1.13721,-99.69512,60.18293,-97.92683
1650,8250,-0.19983095582846308,-0.18764428644378553,-0.31701221533430696,-158.48201795418643,100.57977281463928,-87.59238510795156,-0.17188,-0.28369,-0.33105,-158.90244,100.79269,-87.31708
1651,8256,1.005461793690078,-0.6252116040302601,-0.10083272595577496,-150.3112779541864,113.14074281463928,-92.28750510795156,1.0293,-0.71875,-0.1123,-150.7317,113.35366,-92.0122
1652,8261,-0.35073587981994925,-0.8653576722050463,0.7243157378225065,-82.14054795418642,151.6163528146393,-71.98262510795155,-0.32227,-0.95752,0.72266,-82.56097,151.82927,-71.70732
1653,8266,-0.28311514155419854,-0.6478010444591484,1.7516500838040059,-31.408847954186417,149.1163528146393,-38.750915107951556,-0.25488,-0.74121,1.76221,-31.82927,149.32927,-38.47561
1654,8271,0.3645950016501657,0.33094731079323464,1.9794118525677555,-15.738117954186412,127.40904281463929,-6.677745107951554,0.39062,0.23193,1.99268,-16.15854,127.62196,-6.40244
1655,8276,0.179393047922467,0.8412011314872678,1.486245907038298,-19.335677954186416,118.75050281463928,11.249084892048447,0.20605,0.73926,1.49365,-19.7561,118.96342,11.52439
1656,8281,0.10541060197597935,0.37269653929738245,0.6128412399852566,-33.48201795418641,111.9212328146393,-5.214325107951554,0.13232,0.27344,0.60986,-33.90244,112.13415,-4.93902
1657,8286,0.3082527482947434,-0.28341305392547567,-0.11289924739720068,-45.18933795418641,126.12855281463928,-33.01920510795155,0.33447,-0.37891,-0.12451,-45.60976,126.34147,-32.7439
1658,8290,0.35823329396942877,-0.6492795162948772,-0.11048791960710413,-38.725917954186414,170.0919728146393,-43.872865107951554,0.38428,-0.74268,-0.12207,-39.14634,170.30489,-43.59756
1659,8296,-0.13368525073158982,-0.6571345265241567,0.5776200422643383,-19.701527954186414,217.3480528146393,-35.51920510795155,-0.10596,-0.75049,0.57422,-20.12195,217.56097,-35.2439
1660,8301,-0.9695373797621636,-0.38407988796498793,1.4384739458197462,-16.957627954186417,236.18953281463928,-30.885065107951554,-0.93896,-0.479,1.44531,-17.37805,236.40245,-30.60976
1661,8306,-1.9763930139900847,-0.1689873799453046,2.7587154408613737,-48.60396795418641,223.38464281463928,-44.84847510795155,-1.94238,-0.26514,2.78125,-49.02439,223.59756,-44.57317
1662,8311,-3.432050066887279,1.1451829870183121,4.356901993675399,-141.77470795418643,175.57977281463928,-67.53140510795156,-3.39307,1.0415,4.39844,-142.19513,175.79269,-67.2561
1663,8316,-3.0351858705452837,1.9780856273734058,2.7741617742053117,-145.79908795418643,74.1773228146393,-61.921645107951555,-2.99756,1.86963,2.79688,-146.21951,74.39024,-61.64634
1664,8321,-2.4364628833304423,0.0623180301097163,0.6548220615111997,-27.079577954186416,19.848062814639285,-21.92164510795155,-2.40088,-0.03516,0.65234,-27.5,20.06098,-21.64634
1665,8326,-0.5378945102002406,-0.41698845834937043,0.8507424444565436,-11.164947954186413,16.067572814639284,-9.909455107951553,-0.50879,-0.51172,0.85059,-11.58537,16.28049,-9.63415
1666,8331,0.16812459725138254,-0.49065055171587946,1.0558238965060658,-26.469827954186417,20.579762814639285,-10.763115107951553,0.19482,-0.58496,1.05811,-26.89025,20.79268,-10.48781
1667,8336,-0.23804133886986073,-0.5265060081401837,1.3882906568110978,-26.713727954186417,29.726112814639283,-4.665545107951554,-0.20996,-0.62061,1.39453,-27.13415,29.93903,-4.39024
1668,8341,-0.7985439088040602,-0.35019572732165527,1.4833503371919936,-16.042997954186415,25.823672814639284,-2.836285107951553,-0.76855,-0.44531,1.49072,-16.46342,26.03659,-2.56098
1669,8346,-0.7118280132568549,0.08197064213021855,1.0601623100300508,-9.823477954186414,11.372452814639283,-4.482625107951554,-0.68213,-0.01562,1.0625,-10.2439,11.58537,-4.20732
1670,8351,-0.4330467443390104,0.2813531296913428,0.7952423753205511,-8.847867954186414,4.238302814639284,-3.8118951079515533,-0.4043,0.18262,0.79443,-9.26829,4.45122,-3.53659
1671,8356,-0.33162065406000635,0.3044353940654741,0.8710015508897317,-9.518597954186413,4.177322814639284,-1.9216451079515533,-0.30322,0.20557,0.87109,-9.93902,4.39024,-1.64634
1672,8361,-0.35709758750068615,0.1379514192571968,0.9511090224738405,-9.701527954186414,4.177322814639284,-1.1289651079515535,-0.32861,0.04004,0.95215,-10.12195,4.39024,-0.85366
1673,8366,-0.43696009764419563,-0.037373213670845826,0.9795804788806772,-9.396647954186413,3.9334228146392842,-1.4338451079515533,-0.4082,-0.13428,0.98096,-9.81707,4.14634,-1.15854
1674,8371,-0.4678254175589381,-0.053576058074647825,0.9622070598028505,-8.542997954186413,1.6163528146392838,-1.6167651079515535,-0.43896,-0.15039,0.96338,-8.96342,1.82927,-1.34146
1675,8375,-0.4276583578649478,0.046608009651157176,0.9255331359133084,-8.603967954186414,-0.9446271853607161,-2.5314051079515534,-0.39893,-0.05078,0.92627,-9.02439,-0.73171,-2.2561
1676,8381,-0.38257452094136596,0.14483083922752618,0.9033370612552886,-8.725917954186414,-1.615357185360716,-3.1411551079515534,-0.354,0.04688,0.90381,-9.14634,-1.40244,-2.86585
1677,8386,-0.3708244267865664,0.14236671950131172,0.9067168731578009,-7.8112879541864135,-1.3104771853607162,-3.0192051079515534,-0.34229,0.04443,0.90723,-8.23171,-1.09756,-2.7439
1678,8391,-0.3938429716124504,0.06575774009488097,0.9163621843181871,-6.957627954186414,-1.1275471853607162,-2.7753051079515534,-0.36523,-0.03174,0.91699,-7.37805,-0.91463,-2.5
1679,8396,-0.4207949382220077,0.017631973197182255,0.9250488938571005,-7.262507954186414,-1.1885271853607162,-2.8972551079515534,-0.39209,-0.07959,0.92578,-7.68293,-0.97561,-2.62195
1680,8401,-0.4198115827760894,0.035806113381955836,0.9197419962206994,-7.750307954186415,-1.798287185360716,-3.080185107951553,-0.39111,-0.06152,0.92041,-8.17073,-1.58537,-2.80488
1681,8406,-0.40511142228353486,0.059863968015037405,0.922637566067004,-7.506407954186414,-2.225117185360716,-3.080185107951553,-0.37646,-0.0376,0.92334,-7.92683,-2.0122,-2.80488
1682,8411,-0.40168974670130886,0.02892669341162648,0.9332513613398059,-6.530797954186414,-2.4080371853607163,-2.7143251079515536,-0.37305,-0.06836,0.93408,-6.95122,-2.19512,-2.43902
1683,8415,-0.4139315185790675,-0.012329711147278462,0.9409695867663035,-6.164947954186414,-2.5299871853607163,-2.1045751079515536,-0.38525,-0.10938,0.94189,-6.58537,-2.31707,-1.82927
1684,8421,-0.4178549061234968,-0.023131607416479804,0.9448336407250237,-6.164947954186414,-2.2860871853607163,-1.8606751079515533,-0.38916,-0.12012,0.9458,-6.58537,-2.07317,-1.58537
1685,8426,-0.4261833246960703,-0.017237835336636236,0.9467607264589123,-5.7990879541864135,-2.1641371853607163,-1.1899351079515534,-0.39746,-0.11426,0.94775,-6.21951,-1.95122,-0.91463
1686,8431,-0.40756981089833066,0.002404719052330456,0.9385582589762069,-5.5551879541864135,-1.920237185360716,-0.8240851079515534,-0.37891,-0.09473,0.93945,-5.97561,-1.70732,-0.54878
1687,8436,-0.3992413923257571,0.020086035291861145,0.9298715494372936,-5.6771379541864135,-1.6763271853607162,-0.9460351079515534,-0.37061,-0.07715,0.93066,-6.09756,-1.46341,-0.67073
1688,8441,-0.39776635915687963,0.03383481760098427,0.9269759795909892,-5.5551879541864135,-0.9446271853607161,-1.1289651079515535,-0.36914,-0.06348,0.92773,-5.97561,-0.73171,-0.85366
1689,8446,-0.4031547456309423,0.03432764154622715,0.9202262382769074,-5.4332379541864135,-1.0055971853607162,-1.0679851079515534,-0.37451,-0.06299,0.9209,-5.85366,-0.79268,-0.79268
1690,8451,-0.3963013602272462,0.03236640339679116,0.9303557914935014,-5.067377954186414,-1.0665771853607162,-0.9460351079515534,-0.36768,-0.06494,0.93115,-5.4878,-0.85366,-0.67073
1691,8456,-0.3963013602272462,0.03236640339679116,0.9303557914935014,-5.067377954186414,-1.0665771853607162,-0.9460351079515534,-0.36768,-0.06494,0.93115,-5.4878,-0.85366,-0.67073
1692,8461,-0.3972746814339204,0.0412070615165565,0.9231218081232119,-4.945427954186414,-1.1885271853607162,-0.8240851079515534,-0.36865,-0.05615,0.92383,-5.36585,-0.97561,-0.54878
1693,8466,-0.40070639125539054,0.04415394755647828,0.9187735121082836,-5.006407954186414,-1.493407185360716,-0.8240851079515534,-0.37207,-0.05322,0.91943,-5.42683,-1.28049,-0.54878
1694,8471,-0.4046297787998197,0.03875299942187761,0.9187735121082836,-4.640557954186414,-1.859257185360716,-1.0070151079515535,-0.37598,-0.05859,0.91943,-5.06098,-1.64634,-0.73171
1695,8476,-0.40805145438204576,0.03776735153139183,0.9216690819545881,-4.335677954186414,-2.225117185360716,-1.1289651079515535,-0.37939,-0.05957,0.92236,-4.7561,-2.0122,-0.85366
1696,8481,-0.40805145438204576,0.03727452758614894,0.9173306684306028,-4.579577954186414,-2.590967185360716,-1.1899351079515534,-0.37939,-0.06006,0.91797,-5.0,-2.37805,-0.91463
1697,8486,-0.40805145438204576,0.03727452758614894,0.9173306684306028,-4.579577954186414,-2.590967185360716,-1.1899351079515534,-0.37939,-0.06006,0.91797,-5.0,-2.37805,-0.91463
1698,8491,-0.4031547456309423,0.03383481760098427,0.9202262382769074,-4.579577954186414,-2.895847185360716,-1.4338451079515533,-0.37451,-0.06348,0.9209,-5.0,-2.68293,-1.15854
1699,8496,-0.4031547456309423,0.03335205128727694,0.9265016200257242,-4.396647954186414,-2.834867185360716,-1.3728651079515535,-0.37451,-0.06396,0.92725,-4.81707,-2.62195,-1.09756
1700,8500,-0.3933613281287353,0.03236640339679116,0.922637566067004,-3.7259179541864142,-2.2860871853607163,-1.2509151079515535,-0.36475,-0.06494,0.92334,-4.14634,-2.07317,-0.97561
1701,8506,-0.39042129603022435,0.0284338694663836,0.9245646518008925,-2.6283579541864137,-1.249507185360716,-1.1289651079515535,-0.36182,-0.06885,0.92529,-3.04878,-1.03659,-0.85366
1702,8511,-0.3874812639317135,0.02892669341162648,0.9163621843181871,-2.201527954186414,-0.7616971853607162,-0.7631051079515534,-0.35889,-0.06836,0.91699,-2.62195,-0.54878,-0.4878
1703,8516,-0.3874812639317135,0.02892669341162648,0.9163621843181871,-2.201527954186414,-0.7616971853607162,-0.7631051079515534,-0.35889,-0.06836,0.91699,-2.62195,-0.54878,-0.4878
1704,8521,-0.39139461723689867,0.02696545526219049,0.9231218081232119,-1.8356779541864139,0.030982814639283873,-0.6411551079515534,-0.36279,-0.07031,0.92383,-2.2561,0.2439,-0.36585
1705,8526,-0.38698958620875434,0.0284338694663836,0.9216690819545881,-1.4088479541864138,0.6407428146392838,-0.5801851079515534,-0.3584,-0.06885,0.92236,-1.82927,0.85366,-0.30488
1706,8531,-0.39139461723689867,0.02892669341162648,0.922153324010796,-1.042987954186414,1.4334228146392838,-0.4582351079515534,-0.36279,-0.06836,0.92285,-1.46341,1.64634,-0.18293
1707,8536,-0.39188629495985783,0.02696545526219049,0.9197419962206994,-0.677137954186414,1.982202814639284,-0.21432510795155343,-0.36328,-0.07031,0.92041,-1.09756,2.19512,0.06098
1708,8540,-0.38992961830726525,0.03482046549147005,0.916846426374395,-0.3112879541864139,2.3480628146392837,-0.031405107951553435,-0.36133,-0.0625,0.91748,-0.73171,2.56098,0.2439
1709,8546,-0.3874812639317135,0.036288879695663155,0.9178149104868109,0.29847204581358605,3.4456228146392838,-0.27530510795155344,-0.35889,-0.06104,0.91846,-0.12195,3.65854,0.0
1710,8551,-0.3874812639317135,0.036288879695663155,0.9178149104868109,0.29847204581358605,3.4456228146392838,-0.27530510795155344,-0.35889,-0.06104,0.91846,-0.12195,3.65854,0.0
1711,8556,-0.39188629495985783,0.035806113381955836,0.9144350985842985,0.725302045813586,3.8114728146392842,-0.39725510795155344,-0.36328,-0.06152,0.91504,0.30488,4.02439,-0.12195
1712,8561,-0.3894379405843061,0.036288879695663155,0.9158779422619792,0.9082220458135861,4.177322814639284,-0.4582351079515534,-0.36084,-0.06104,0.9165,0.4878,4.39024,-0.18293
1713,8566,-0.3938429716124504,0.03335205128727694,0.9197419962206994,1.396032045813586,4.482202814639284,-0.4582351079515534,-0.36523,-0.06396,0.92041,0.97561,4.69512,-0.18293
1714,8571,-0.39139461723689867,0.035313289436712934,0.9178149104868109,1.5179820458135862,4.726102814639284,-0.5192051079515534,-0.36279,-0.06201,0.91846,1.09756,4.93902,-0.2439
1715,8576,-0.39042129603022435,0.03432764154622715,0.9158779422619792,1.396032045813586,5.091962814639284,-0.5192051079515534,-0.36182,-0.06299,0.9165,0.97561,5.30488,-0.2439
1716,8581,-0.3889462628613469,0.03187357945154826,0.9192577541644915,1.5179820458135862,5.274882814639284,-0.7021351079515534,-0.36035,-0.06543,0.91992,1.09756,5.4878,-0.42683
1717,8586,-0.3948263270583687,0.03335205128727694,0.9187735121082836,1.578962045813586,5.3968428146392835,-1.0070151079515535,-0.36621,-0.06396,0.91943,1.15854,5.60976,-0.73171
1718,8591,-0.39580968250428705,0.03187357945154826,0.9134666144718826,1.457012045813586,5.701712814639284,-1.0679851079515534,-0.36719,-0.06543,0.91406,1.03659,5.91463,-0.79268
1719,8596,-0.38698958620875434,0.03335205128727694,0.9197419962206994,1.457012045813586,5.701712814639284,-1.1899351079515534,-0.3584,-0.06396,0.92041,1.03659,5.91463,-0.91463
1720,8601,-0.386006230762836,0.03678170364090605,0.9187735121082836,1.457012045813586,6.0065928146392835,-1.5557951079515533,-0.35742,-0.06055,0.91943,1.03659,6.21951,-1.28049
1721,8606,-0.39042129603022435,0.03678170364090605,0.9110552866817861,1.700912045813586,6.433422814639284,-1.9216451079515533,-0.36182,-0.06055,0.91162,1.28049,6.64634,-1.64634
1722,8611,-0.3928696504057761,0.03923576573558493,0.9158779422619792,2.127742045813586,6.799282814639284,-2.1655451079515533,-0.36426,-0.05811,0.9165,1.70732,7.0122,-1.89024
1723,8616,-0.38698958620875434,0.0426754757207496,0.9173306684306028,2.066762045813586,7.043182814639284,-2.4704251079515536,-0.3584,-0.05469,0.91797,1.64634,7.2561,-2.19512
1724,8621,-0.3874812639317135,0.042182651775506716,0.9105710446255783,1.822862045813586,7.348062814639284,-2.7143251079515536,-0.35889,-0.05518,0.91113,1.40244,7.56098,-2.43902
1725,8625,-0.3967830037109613,0.04071423757131361,0.9125080128504098,2.005792045813586,7.774882814639284,-2.8972551079515534,-0.36816,-0.05664,0.91309,1.58537,7.9878,-2.62195
1726,8631,-0.39776635915687963,0.0412070615165565,0.9120237707942019,2.249692045813586,7.8968428146392835,-3.080185107951553,-0.36914,-0.05615,0.9126,1.82927,8.10976,-2.80488
1727,8636,-0.3928696504057761,0.04022141362607072,0.9158779422619792,2.310662045813586,8.201712814639285,-3.567985107951553,-0.36426,-0.05713,0.9165,1.89024,8.41463,-3.29268
1728,8641,-0.3982580368798388,0.03187357945154826,0.9154035826967143,2.6155420458135863,8.933422814639284,-3.6289651079515535,-0.36963,-0.06543,0.91602,2.19512,9.14634,-3.35366
1729,8646,-0.39972303580947216,0.03432764154622715,0.9139508565280906,2.798472045813586,9.360252814639283,-3.567985107951553,-0.37109,-0.06299,0.91455,2.37805,9.57317,-3.29268
1730,8651,-0.39972303580947216,0.03482046549147005,0.9211947223893232,3.103352045813586,9.848062814639285,-3.5070151079515535,-0.37109,-0.0625,0.92188,2.68293,10.06098,-3.23171
1731,8656,-0.39139461723689867,0.03335205128727694,0.9187735121082836,3.591152045813586,10.274892814639284,-3.689935107951553,-0.36279,-0.06396,0.91943,3.17073,10.48781,-3.41463
1732,8661,-0.40070639125539054,0.03335205128727694,0.9197419962206994,3.530182045813586,10.945622814639284,-3.7509151079515535,-0.37207,-0.06396,0.92041,3.10976,11.15854,-3.47561
1733,8665,-0.40658645545241234,0.030405165247355155,0.9173306684306028,3.591152045813586,11.372452814639283,-3.689935107951553,-0.37793,-0.06689,0.91797,3.17073,11.58537,-3.41463
1734,8671,-0.4085431321050049,0.030405165247355155,0.9134666144718826,3.774082045813586,12.043182814639284,-3.689935107951553,-0.37988,-0.06689,0.91406,3.35366,12.2561,-3.41463
1735,8676,-0.40707813317537145,0.0284338694663836,0.9178149104868109,3.957012045813586,12.409032814639284,-3.6289651079515535,-0.37842,-0.06885,0.91846,3.53659,12.62195,-3.35366
1736,8681,-0.40805145438204576,0.03383481760098427,0.916846426374395,3.896032045813586,12.652932814639284,-3.6289651079515535,-0.37939,-0.06348,0.91748,3.47561,12.86585,-3.35366
1737,8686,-0.40658645545241234,0.036288879695663155,0.9091282009478975,4.139932045813586,13.018792814639284,-3.6289651079515535,-0.37793,-0.06104,0.90967,3.71951,13.23171,-3.35366
1738,8691,-0.3894379405843061,0.035806113381955836,0.9158779422619792,3.530182045813586,13.872452814639283,-3.446035107951553,-0.36084,-0.06152,0.9165,3.10976,14.08537,-3.17073
1739,8696,-0.41736322840053763,0.0245113931675116,0.922153324010796,3.347252045813586,15.152932814639284,-3.446035107951553,-0.38867,-0.07275,0.92285,2.92683,15.36585,-3.17073
1740,8701,-0.4207949382220077,0.03335205128727694,0.9182991525430189,3.591152045813586,15.213912814639285,-3.324085107951553,-0.39209,-0.06396,0.91895,3.17073,15.42683,-3.04878
1741,8706,-0.4031547456309423,0.035313289436712934,0.9096124430041054,3.469202045813586,15.518792814639284,-3.3850651079515535,-0.37451,-0.06201,0.91016,3.04878,15.73171,-3.10976
1742,8711,-0.4046297787998197,0.0279410455211407,0.9129823724156747,3.408222045813586,16.677322814639282,-3.446035107951553,-0.37598,-0.06934,0.91357,2.9878,16.89024,-3.17073
1743,8716,-0.4193199050531302,0.035806113381955836,0.9125080128504098,3.408222045813586,18.018792814639284,-3.2631051079515534,-0.39062,-0.06152,0.91309,2.9878,18.23171,-2.9878
1744,8721,-0.4198115827760894,0.029419517356869377,0.9105710446255783,3.591152045813586,18.140742814639285,-3.202135107951553,-0.39111,-0.06787,0.91113,3.17073,18.35366,-2.92683
1745,8726,-0.41442319630202673,0.030405165247355155,0.9120237707942019,3.896032045813586,18.384642814639285,-3.202135107951553,-0.38574,-0.06689,0.9126,3.47561,18.59756,-2.92683
1746,8731,-0.4031547456309423,0.03187357945154826,0.9047799049329693,3.530182045813586,19.299282814639284,-3.080185107951553,-0.37451,-0.06543,0.90527,3.10976,19.5122,-2.80488
1747,8736,-0.4207949382220077,0.030405165247355155,0.906232631101593,3.286272045813586,20.701712814639283,-3.0192051079515534,-0.39209,-0.06689,0.90674,2.86585,20.91463,-2.7439
1748,8741,-0.4242266480434777,0.02892669341162648,0.9129823724156747,3.469202045813586,21.494402814639283,-3.0192051079515534,-0.39551,-0.06836,0.91357,3.04878,21.70732,-2.7439
1749,8746,-0.3928696504057761,0.030405165247355155,0.9057483890453851,4.078962045813586,22.470012814639283,-3.080185107951553,-0.36426,-0.06689,0.90625,3.65854,22.68293,-2.80488
1750,8750,-0.4041381010768606,0.05102330989527206,0.9018843350866649,4.078962045813586,24.909032814639282,-3.202135107951553,-0.37549,-0.04639,0.90234,3.65854,25.12195,-2.92683
1751,8756,-0.43010671224049957,0.035313289436712934,0.9052641469891772,3.896032045813586,26.555372814639284,-3.2631051079515534,-0.40137,-0.06201,0.90576,3.47561,26.76829,-2.9878
1752,8761,-0.42716668014198866,0.03383481760098427,0.9028528191990807,4.261882045813586,27.226112814639283,-3.6289651079515535,-0.39844,-0.06348,0.90332,3.84146,27.43903,-3.35366
1753,8766,-0.4227516148746003,0.0412070615165565,0.8999572493527762,4.4448120458135865,27.896842814639285,-3.7509151079515535,-0.39404,-0.05615,0.90039,4.02439,28.10976,-3.47561
1754,8771,-0.42863167907162203,0.02991234130211227,0.9014099755214,4.627742045813586,29.055372814639284,-3.7509151079515535,-0.3999,-0.06738,0.90186,4.20732,29.26829,-3.47561
1755,8776,-0.43402006554568473,0.03482046549147005,0.8965774374502639,4.5667620458135865,29.970012814639283,-3.689935107951553,-0.40527,-0.0625,0.89697,4.14634,30.18293,-3.41463
1756,8781,-0.4408834851886248,0.03285922734203406,0.896093195394056,4.505792045813586,30.640742814639285,-3.567985107951553,-0.41211,-0.06445,0.89648,4.08537,30.85366,-3.29268
1757,8786,-0.4394084520197474,0.03285922734203406,0.8951345937725832,4.871642045813586,31.433422814639282,-3.446035107951553,-0.41064,-0.06445,0.89551,4.45122,31.64634,-3.17073
1758,8790,-0.4364684199212365,0.03432764154622715,0.8859636421774618,5.054572045813586,32.226112814639286,-3.2631051079515534,-0.40771,-0.06299,0.88623,4.63415,32.43903,-2.9878
1759,8796,-0.44578019393972834,0.03482046549147005,0.8874163683460856,5.420422045813586,33.07976281463928,-2.8972551079515534,-0.41699,-0.0625,0.8877,5.0,33.29268,-2.62195
1760,8801,-0.45068693693007583,0.03335205128727694,0.8883749699675584,5.969202045813586,33.99440281463929,-2.6533551079515534,-0.42188,-0.06396,0.88867,5.54878,34.20732,-2.37805
1761,8806,-0.4492119037611984,0.03138075550630537,0.8878907279113505,6.8228620458135865,34.665132814639286,-2.2875051079515534,-0.42041,-0.06592,0.88818,6.40244,34.87805,-2.0122
1762,8811,-0.4580320000567311,0.04022141362607072,0.8888592120237663,7.493592045813586,35.213912814639286,-1.9216451079515533,-0.4292,-0.05713,0.88916,7.07317,35.42683,-1.64634
1763,8816,-0.45607532340413853,0.03138075550630537,0.8859636421774618,7.798472045813586,35.64074281463928,-1.4948151079515535,-0.42725,-0.06592,0.88623,7.37805,35.85366,-1.21951
1764,8821,-0.46391206425375286,0.0279410455211407,0.8888592120237663,8.164322045813586,36.25050281463928,-1.3728651079515535,-0.43506,-0.06934,0.88916,7.7439,36.46342,-1.09756
1765,8826,-0.46734377407522293,0.035806113381955836,0.8830680723311574,8.286272045813586,36.799282814639284,-1.3118951079515533,-0.43848,-0.06152,0.8833,7.86585,37.0122,-1.03659
1766,8831,-0.46048035443228286,0.036288879695663155,0.8869321262898777,8.408222045813586,37.348062814639285,-1.0679851079515534,-0.43164,-0.06104,0.88721,7.9878,37.56098,-0.79268
1767,8836,-0.4624370310848754,0.041699885461799396,0.8874163683460856,8.591152045813587,38.26269281463929,-0.8850651079515535,-0.43359,-0.05566,0.8877,8.17073,38.47561,-0.60976
1768,8841,-0.46586874090634545,0.04562236176067139,0.8825838302749495,8.652132045813586,38.99440281463929,-0.9460351079515534,-0.43701,-0.05176,0.88281,8.23171,39.20732,-0.67073
1769,8846,-0.46880877300485635,0.04415394755647828,0.8825838302749495,8.591152045813587,39.97001281463928,-1.0070151079515535,-0.43994,-0.05322,0.88281,8.17073,40.18293,-0.73171
1770,8851,-0.48203390032853344,0.04464677150172118,0.8825838302749495,8.774082045813586,40.57976281463928,-1.2509151079515535,-0.45312,-0.05273,0.88281,8.35366,40.79268,-0.97561
1771,8856,-0.48056890139889996,0.04710083359640006,0.8787296588071722,8.896032045813586,41.18952281463928,-1.6167651079515535,-0.45166,-0.05029,0.87891,8.47561,41.40244,-1.34146
1772,8861,-0.47468883720187816,0.046608009651157176,0.8743813627922441,8.835052045813587,42.165132814639286,-1.6777451079515533,-0.4458,-0.05078,0.87451,8.41463,42.37805,-1.40244
1773,8866,-0.48400061122037,0.04464677150172118,0.8758340889608678,8.713102045813587,43.14074281463928,-1.8606751079515533,-0.45508,-0.05273,0.87598,8.29268,43.35366,-1.58537
1774,8871,-0.48400061122037,0.04464677150172118,0.8729385191145633,8.652132045813586,43.81147281463928,-2.1655451079515533,-0.45508,-0.05273,0.87305,8.23171,44.02439,-1.89024
1775,8875,-0.490372353140351,0.04366112361123539,0.8676316214781624,8.652132045813586,44.726112814639286,-2.4704251079515536,-0.46143,-0.05371,0.86768,8.23171,44.93903,-2.19512
1776,8881,-0.49183735206998447,0.04464677150172118,0.8705271913244668,8.530182045813586,45.64074281463928,-2.5314051079515534,-0.46289,-0.05273,0.87061,8.10976,45.85366,-2.2561
1777,8886,-0.493794028722577,0.04071423757131361,0.8685902230996352,8.469202045813587,46.799282814639284,-2.5314051079515534,-0.46484,-0.05664,0.86865,8.04878,47.0122,-2.2561
1778,8891,-0.506537512562539,0.03678170364090605,0.8613562397293456,8.408222045813586,47.40903281463928,-2.5923751079515536,-0.47754,-0.06055,0.86133,7.9878,47.62195,-2.31707
1779,8896,-0.513400932205479,0.03482046549147005,0.8661788953095386,8.347252045813585,48.14074281463928,-2.4094551079515534,-0.48438,-0.0625,0.86621,7.92683,48.35366,-2.13415
1780,8901,-0.5129092544825199,0.035806113381955836,0.8623148413508184,8.286272045813586,48.81147281463928,-2.0435951079515533,-0.48389,-0.06152,0.8623,7.86585,49.02439,-1.76829
1781,8906,-0.5129092544825199,0.03727452758614894,0.864736051631858,8.408222045813586,49.848062814639285,-1.7996951079515533,-0.48389,-0.06006,0.86475,7.9878,50.06098,-1.52439
1782,8911,-0.513400932205479,0.03923576573558493,0.8642518095756501,8.347252045813585,50.884642814639285,-1.5557951079515533,-0.48438,-0.05811,0.86426,7.92683,51.09756,-1.28049
1783,8915,-0.5222109942617676,0.0412070615165565,0.8594291539954569,8.103352045813585,51.98220281463929,-1.3728651079515535,-0.49316,-0.05615,0.85938,7.68293,52.19512,-1.09756
1784,8921,-0.523194349707686,0.04807642385535028,0.8555651000367366,8.469202045813587,52.95781281463928,-1.4948151079515535,-0.49414,-0.04932,0.85547,8.04878,53.17073,-1.21951
1785,8926,-0.5202543176091751,0.04562236176067139,0.8541123738681129,8.347252045813585,53.87245281463928,-1.5557951079515533,-0.49121,-0.05176,0.854,7.92683,54.08537,-1.28049
1786,8931,-0.5227026719847269,0.04955489569107896,0.85315377224664,8.286272045813586,55.396842814639285,-1.6167651079515535,-0.49365,-0.04785,0.85303,7.86585,55.60976,-1.34146
1787,8936,-0.5276094149750743,0.053970195935193845,0.8502582024003357,8.530182045813586,56.98220281463929,-1.8606751079515533,-0.49854,-0.04346,0.8501,8.10976,57.19512,-1.58537
1788,8941,-0.5329978014491371,0.05053048595002917,0.8425399769738381,8.530182045813586,58.445622814639286,-1.9826251079515533,-0.50391,-0.04688,0.84229,8.10976,58.65854,-1.70732
1789,8946,-0.536419477031363,0.05347737198995095,0.8459099063854075,8.591152045813587,60.213912814639286,-2.4094551079515534,-0.50732,-0.04395,0.8457,8.17073,60.42683,-2.13415
1790,8951,-0.5329978014491371,0.05544866777092252,0.8497739603441278,8.469202045813587,61.92123281463928,-2.7753051079515534,-0.50391,-0.04199,0.84961,8.04878,62.13415,-2.5
1791,8956,-0.5383861879231996,0.05495584382567963,0.8497739603441278,8.469202045813587,63.99440281463928,-2.8972551079515534,-0.50928,-0.04248,0.84961,8.04878,64.20732,-2.62195
1792,8961,-0.5408345422987513,0.05200895778575785,0.8459099063854075,8.530182045813586,66.06757281463928,-3.324085107951553,-0.51172,-0.04541,0.8457,8.10976,66.28049,-3.04878
1793,8966,-0.5413262200217106,0.058395553810844304,0.8396444071275336,8.103352045813585,68.44562281463928,-3.6289651079515535,-0.51221,-0.03906,0.83936,7.68293,68.65854,-3.35366
1794,8971,-0.5511196375239176,0.05299460567624363,0.8372231968464942,8.042372045813586,70.88464281463928,-3.689935107951553,-0.52197,-0.04443,0.83691,7.62195,71.09756,-3.41463
1795,8976,-0.5496546385942841,0.05347737198995095,0.8396444071275336,7.981402045813586,73.44562281463928,-4.1167651079515535,-0.52051,-0.04395,0.83936,7.56098,73.65854,-3.84146
1796,8981,-0.5506279598009585,0.058395553810844304,0.8420557349176302,7.615542045813586,76.49440281463927,-4.482625107951554,-0.52148,-0.03906,0.8418,7.19512,76.70732,-4.20732
1797,8986,-0.5506279598009585,0.061835263796008975,0.8324005412663011,7.1887120458135865,79.78708281463929,-5.092375107951554,-0.52148,-0.03564,0.83203,6.76829,80.0,-4.81707
1798,8991,-0.5491629608713251,0.04562236176067139,0.8396444071275336,7.249692045813586,83.50659281463928,-5.458235107951554,-0.52002,-0.05176,0.83936,6.82927,83.71951,-5.18293
1799,8996,-0.542791218951344,0.053970195935193845,0.8444670627077268,6.7009120458135865,87.40904281463929,-6.2509151079515535,-0.51367,-0.04346,0.84424,6.28049,87.62196,-5.97561
1800,9000,-0.5501463163172433,0.05937114406979452,0.8396444071275336,5.908222045813586,92.0431828146393,-6.982625107951554,-0.521,-0.03809,0.83936,5.4878,92.2561,-6.70732
1801,9006,-0.5437745743972623,0.05888837775608719,0.8420557349176302,5.176522045813586,97.34805281463929,-7.775305107951554,-0.51465,-0.03857,0.8418,4.7561,97.56097,-7.5
1802,9011,-0.5452395733268958,0.06134243985076608,0.8420557349176302,4.383832045813586,103.07977281463928,-8.689935107951554,-0.51611,-0.03613,0.8418,3.96341,103.29269,-8.41463
1803,9016,-0.5442662521202216,0.06575774009488097,0.8463941484416154,3.347252045813586,109.6041628146393,-9.970425107951552,-0.51514,-0.03174,0.84619,2.92683,109.81708,-9.69512
1804,9021,-0.5334794449328522,0.06870462613480274,0.8560493420929446,2.371642045813586,117.0431828146393,-11.494815107951553,-0.50439,-0.02881,0.85596,1.95122,117.2561,-11.21951
1805,9026,-0.5271177372521153,0.06771897824431697,0.8719700350021475,0.9082220458135861,126.12855281463928,-13.263115107951553,-0.49805,-0.02979,0.87207,0.4878,126.34147,-12.98781
1806,9031,-0.5241777051536043,0.078038108199811,0.8946503517163753,-1.1039679541864138,136.1895228146393,-15.336285107951554,-0.49512,-0.01953,0.89502,-1.52439,136.40244,-15.06098
1807,9036,-0.519762639886216,0.0947337765488559,0.8820995882187416,-3.6039679541864142,147.4090328146393,-17.714325107951552,-0.49072,-0.00293,0.88232,-4.02439,147.62195,-17.43902
1808,9040,-0.5276094149750743,0.11241509278838657,0.890302055701447,-7.079577954186414,160.51878281463928,-20.824085107951554,-0.49854,0.01465,0.89062,-7.5,160.7317,-20.54878
1809,9046,-0.5413262200217106,0.13009640902791728,0.8782454167509643,-10.677137954186414,174.4212428146393,-24.726525107951552,-0.51221,0.03223,0.87842,-11.09756,174.63416,-24.45122
1810,9051,-0.5403428645757923,0.1462992534317193,0.8729385191145633,-14.762507954186415,189.1163528146393,-29.360675107951554,-0.51123,0.04834,0.87305,-15.18293,189.32927,-29.08537
1811,9056,-0.5378945102002406,0.15563273549672751,0.8681059810434273,-18.664947954186417,203.68953281463928,-34.66554510795155,-0.50879,0.05762,0.86816,-19.08537,203.90245,-34.39024
1812,9061,-0.5516113152468768,0.15415426366099885,0.8560493420929446,-22.018607954186415,217.83586281463928,-40.153355107951555,-0.52246,0.05615,0.85596,-22.43903,218.04878,-39.87805
1813,9066,-0.591788409180111,0.1305791753416246,0.848321234175504,-24.823477954186416,232.5919728146393,-45.27530510795155,-0.5625,0.03271,0.84814,-25.2439,232.80489,-45.0
1814,9071,-0.6231454068178126,0.11585480277355126,0.8391601650713257,-27.689337954186417,248.32367281463928,-50.092375107951554,-0.59375,0.01807,0.83887,-28.10976,248.53659,-49.81707
1815,9076,-0.6809626933421122,0.09914907679297079,0.8237138317273877,-29.823477954186416,265.4578328146393,-53.99481510795155,-0.65137,0.00146,0.82324,-30.2439,265.67075,-53.71951
1816,9081,-0.7671869111663587,0.10996103069370769,0.8782454167509643,-31.164947954186417,283.2627028146393,-56.79969510795155,-0.7373,0.01221,0.87842,-31.58537,283.47562,-56.52439
1817,9086,-0.8686130014453628,0.094240952603613,0.9047799049329693,-32.14055795418641,299.9700028146393,-59.421645107951555,-0.83838,-0.00342,0.90527,-32.56098,300.18292,-59.14634
1818,9091,-1.0979054024114807,0.15857962153664928,0.9839188924046622,-30.067387954186415,315.1529628146393,-60.214335107951555,-1.06689,0.06055,0.98535,-30.48781,315.36588,-59.93903
1819,9096,-1.2968341954250597,0.1629949217807642,1.084769712478167,-23.238117954186414,325.0309828146393,-57.34847510795155,-1.26514,0.06494,1.0874,-23.65854,325.2439,-57.07317
1820,9101,-1.4403840220506465,0.09326536234466277,1.2150604730709247,-13.969817954186414,328.6895228146393,-53.01920510795155,-1.4082,-0.00439,1.21924,-14.39024,328.90244,-52.7439
1821,9106,-1.5770804632725375,0.04759365754164296,1.300949201856699,-2.079577954186414,324.1773428146393,-48.56798510795155,-1.54443,-0.0498,1.30615,-2.5,324.39026,-48.29268
1822,9111,-1.578555496441415,-0.023131607416479804,1.2488388271141622,13.164322045813586,315.2139328146393,-41.982625107951556,-1.5459,-0.12012,1.25342,12.7439,315.42685,-41.70732
1823,9116,-1.54230179005261,-0.040320099710767596,1.1373643292769122,33.286282045813586,307.5309828146393,-34.90945510795155,-1.50977,-0.13721,1.14062,32.86586,307.7439,-34.63415
1824,9121,-1.54230179005261,-0.040320099710767596,1.1373643292769122,33.286282045813586,307.5309828146393,-34.90945510795155,-1.50977,-0.13721,1.14062,32.86586,307.7439,-34.63415
1825,9125,-1.4036386379388825,0.05544866777092252,1.053402686225026,54.62774204581359,303.3236728146393,-27.043595107951553,-1.37158,-0.04199,1.05566,54.20732,303.53659,-26.76829
1826,9131,-1.333579579536824,0.11732321697774435,1.2218102143850063,82.61554204581358,295.7627028146393,-17.89725510795155,-1.30176,0.01953,1.22607,82.19512,295.97562,-17.62195
1827,9136,-1.2076599112630584,0.06723621193060965,1.064500723554036,82.67652204581358,289.4822128146393,-22.226525107951552,-1.17627,-0.03027,1.06689,82.2561,289.69513,-21.95122
1828,9141,-1.2213767163096947,0.11732321697774435,1.0698175036813802,78.04238204581358,286.9212428146393,-28.385065107951554,-1.18994,0.01953,1.07227,77.62196,287.13416,-28.10976
1829,9146,-1.274778937566606,0.20277285450394045,1.169215597586261,72.55457204581359,281.6163628146393,-33.872865107951554,-1.24316,0.10449,1.17285,72.13415,281.82928,-33.59756
1830,9151,-1.3394596437338457,0.22143981863395693,1.3660945821530777,73.04238204581358,270.1529628146393,-36.250915107951556,-1.30762,0.12305,1.37207,72.62196,270.36588,-35.97561
1831,9156,-1.3394596437338457,0.22143981863395693,1.3660945821530777,73.04238204581358,270.1529628146393,-36.250915107951556,-1.30762,0.12305,1.37207,72.62196,270.36588,-35.97561
1832,9161,-1.5045730504949273,0.12076292696290904,1.3043290137592114,73.77408204581359,254.0553828146393,-39.482625107951556,-1.47217,0.02295,1.30957,73.35366,254.2683,-39.20732
1833,9165,-1.4002069281174123,0.17134275595528664,1.027836682155437,70.96920204581357,238.32367281463928,-48.14116510795155,-1.36816,0.07324,1.02979,70.54878,238.53659,-47.86586
1834,9171,-1.2703739065384616,0.368271181421732,0.9554474359978257,50.29847204581359,227.1651328146393,-68.44603510795156,-1.23877,0.26904,0.95654,49.87805,227.37805,-68.17073
1835,9176,-1.0812485652663337,0.32113106241451905,1.0471371869671524,37.31066204581359,218.0188028146393,-78.87286510795155,-1.05029,0.22217,1.04932,36.89024,218.23172,-78.59756
1836,9181,-0.9014349980126979,0.30590380826966723,1.1393012975017438,24.322862045813583,208.26270281463928,-88.01920510795155,-0.87109,0.20703,1.14258,23.90244,208.47562,-87.7439
1837,9186,-0.9014349980126979,0.30590380826966723,1.1393012975017438,24.322862045813583,208.26270281463928,-88.01920510795155,-0.87109,0.20703,1.14258,23.90244,208.47562,-87.7439
1838,9191,-0.8544045186757673,0.32653201054911973,1.22326294055363,11.396032045813586,197.95781281463928,-95.45823510795155,-0.82422,0.22754,1.22754,10.97561,198.17073,-95.18293
1839,9196,-0.7128113687027732,0.36876400536697485,1.2333924937702239,-3.664947954186414,182.5919728146393,-102.16554510795156,-0.68311,0.26953,1.23779,-4.08537,182.80489,-101.89024
1840,9201,-0.4266750024190295,0.4134500622795089,1.064500723554036,-18.786897954186415,163.07977281463928,-105.88506510795155,-0.39795,0.31396,1.06689,-19.20732,163.29269,-105.60976
1841,9206,-0.1160450581405244,0.3594305233019666,0.8420557349176302,-32.32347795418641,147.89684281463929,-107.04360510795155,-0.08838,0.26025,0.8418,-32.7439,148.10976,-106.7683
1842,9211,-0.8387210027372947,-0.48377113174555003,1.0553396544498577,-13.542997954186413,120.09196281463929,-127.53140510795156,-0.80859,-0.57812,1.05762,-13.96342,120.30488,-127.2561
1843,9216,-0.8387210027372947,-0.48377113174555003,1.0553396544498577,-13.542997954186413,120.09196281463929,-127.53140510795156,-0.80859,-0.57812,1.05762,-13.96342,120.30488,-127.2561
1844,9221,-1.500157985227539,-0.2578767274566654,1.6546534351982782,-5.5551879541864135,89.23831281463927,-132.59238510795157,-1.46777,-0.35352,1.66406,-5.97561,89.45123,-132.31708
1845,9226,-1.238525231177801,-0.14786635372060927,2.043588748751718,20.176522045813584,37.95781281463928,-126.61677510795155,-1.20703,-0.24414,2.05762,19.7561,38.17073,-126.34147
1846,9231,-0.8916415805104909,-0.12086161304760593,1.8163112220441764,60.60335204581359,-13.932427185360716,-115.21433510795156,-0.86133,-0.21729,1.82764,60.18293,-13.71951,-114.93903
1847,9236,-0.6344138574888971,-0.018706249540829348,1.4365468600858575,87.06677204581358,-51.615357185360715,-106.73872510795155,-0.60498,-0.11572,1.44336,86.64635,-51.40244,-106.46342
1848,9241,-0.3835578763872843,0.1875556579906242,1.1581175602572513,96.09115204581359,-76.85926718536072,-101.73872510795155,-0.35498,0.08936,1.16162,95.67073,-76.64635,-101.46342
1849,9246,-0.1522987645293295,0.37711183954149735,0.8550808579805287,96.27408204581359,-94.05438718536072,-97.34847510795156,-0.12451,0.27783,0.85498,95.85366,-93.84147,-97.07317
1850,9250,-0.008257260180783429,0.4571605289330928,0.632141744796972,92.24969204581357,-102.52999718536071,-92.10457510795155,0.01904,0.35742,0.62939,91.82927,-102.31708,-91.82927
1851,9256,0.05151670299610886,0.5023394097908697,0.5148859897580562,81.03018204581358,-104.29828718536072,-87.28750510795156,0.07861,0.40234,0.51074,80.60976,-104.08537,-87.0122
1852,9261,0.06670854121162254,0.5396632804193672,0.44106378241370725,63.164322045813584,-102.28608718536071,-82.40945510795156,0.09375,0.43945,0.43604,62.7439,-102.07317,-82.13415
1853,9266,0.0672002189345817,0.5863206331128726,0.4203105514333682,42.85945204581359,-97.9568171853607,-76.06799510795155,0.09424,0.48584,0.41504,42.43903,-97.7439,-75.79269
1854,9271,0.060336799291641575,0.6192191458657196,0.4034213744117494,22.310662045813583,-93.5056071853607,-67.83627510795155,0.0874,0.51855,0.39795,21.89024,-93.29269,-67.56097
1855,9276,0.02603976955542907,0.5902531670432803,0.41065535778203904,3.164322045813586,-89.60315718536071,-58.01920510795155,0.05322,0.48975,0.40527,2.7439,-89.39024,-57.7439
1856,9281,-0.004825550359313367,0.5303398559858944,0.447813523727789,-12.445427954186414,-87.22511718536072,-46.433845107951555,0.02246,0.43018,0.44287,-12.86585,-87.0122,-46.15854
1857,9286,-0.06509119125916482,0.4635471249581792,0.5028293508075735,-23.360067954186416,-87.59096718536071,-33.26310510795155,-0.0376,0.36377,0.49854,-23.78049,-87.37805,-32.9878
1858,9290,-0.14103031385824502,0.3952859797262709,0.5626579509766082,-29.030797954186415,-90.8226771853607,-18.750915107951553,-0.11328,0.2959,0.55908,-29.45122,-90.60976,-18.47561
1859,9296,-0.20031259931217818,0.3304645444795273,0.6176737780563928,-29.884457954186416,-96.85926718536072,-3.5070151079515535,-0.17236,0.23145,0.61475,-30.30488,-96.64635,-3.23171
1860,9301,-0.23510130677134983,0.2754593576114992,0.6582018734137121,-26.896647954186417,-104.66414718536072,11.797864892048446,-0.20703,0.17676,0.65576,-27.31707,-104.45123,12.07317
1861,9306,-0.2527414993624153,0.23665701514727316,0.6731639647014424,-21.469817954186414,-113.38364718536073,26.371034892048446,-0.22461,0.13818,0.6709,-21.89024,-113.17073,26.64634
1862,9311,-0.2625449511038663,0.20522691659861936,0.6736482067576502,-15.189337954186414,-122.46901718536071,39.72469489204845,-0.23438,0.10693,0.67139,-15.60976,-122.2561,40.0
1863,9316,-0.2669499821320106,0.18214465222448797,0.6755752924915388,-9.091777954186414,-131.3714571853607,51.43201489204845,-0.23877,0.08398,0.67334,-9.5122,-131.15854,51.70732
1864,9321,-0.26989001423052145,0.15808679759140642,0.6664043408964175,-4.335677954186414,-139.66413718536072,61.43201489204845,-0.2417,0.06006,0.66406,-4.7561,-139.45122,61.70732
1865,9326,-0.28311514155419854,0.13549735716251793,0.6524107337211033,-1.4088479541864138,-147.04218718536072,69.66372489204845,-0.25488,0.0376,0.6499,-1.82927,-146.82927,69.93903
1866,9331,-0.3007553341452639,0.11093662095265791,0.6432397821259819,-0.128357954186414,-153.2616971853607,76.00518489204845,-0.27246,0.01318,0.64062,-0.54878,-153.04878,76.28049
1867,9336,-0.32035220338892195,0.0731299840104532,0.6413126963920932,-0.555187954186414,-158.6275571853607,80.33445489204844,-0.29199,-0.02441,0.63867,-0.97561,-158.41464,80.60976
1868,9341,-0.35514091084809357,0.02303292133178293,0.6471038360847022,-1.5307979541864138,-163.6275571853607,83.13932489204845,-0.32666,-0.07422,0.64453,-1.95122,-163.41464,83.41463
1869,9346,-0.4041381010768606,-0.04473539995488249,0.6601289591476007,-1.896647954186414,-168.6275571853607,84.35884489204845,-0.37549,-0.1416,0.65771,-2.31707,-168.41464,84.63415
1870,9351,-0.44774690483156493,-0.12134437936131323,0.6664043408964175,-0.9820179541864138,-173.7495071853607,83.87104489204845,-0.41895,-0.21777,0.66406,-1.40244,-173.53659,84.14635
1871,9356,-0.48694064331888093,-0.1964849445635509,0.6803979480717319,1.822862045813586,-178.9934071853607,82.22469489204845,-0.45801,-0.29248,0.67822,1.40244,-178.78049,82.5
1872,9361,-0.526626059529156,-0.25443701747150077,0.6910117433445339,6.335052045813586,-184.1153671853607,79.35884489204845,-0.49756,-0.3501,0.68896,5.91463,-183.90245,79.63415
1873,9366,-0.5599397338194503,-0.29961589832927765,0.7040467488983755,12.005792045813585,-189.1153671853607,75.33445489204844,-0.53076,-0.39502,0.70215,11.58537,-188.90245,75.60976
1874,9371,-0.5912967314571519,-0.3192584527182443,0.7112807322686651,18.042372045813583,-194.1153671853607,70.21250489204844,-0.56201,-0.41455,0.70947,17.62195,-193.90245,70.48781
1875,9375,-0.6172653426207908,-0.32024410060873015,0.7088694044785685,23.591152045813583,-198.3836471853607,64.35884489204845,-0.58789,-0.41553,0.70703,23.17073,-198.17073,64.63415
1876,9381,-0.6353972129348153,-0.3094422043395288,0.7069423187446798,27.676522045813584,-201.92023718536072,57.83445489204845,-0.60596,-0.40479,0.70508,27.2561,-201.70732,58.10976
1877,9386,-0.6574424365540251,-0.28881400206007635,0.7103221306471922,30.481402045813585,-204.66413718536072,51.249084892048444,-0.62793,-0.38428,0.7085,30.06098,-204.45122,51.52439
1878,9391,-0.6789959824502757,-0.2691714476711097,0.7069423187446798,31.700912045813585,-206.4934071853607,44.54176489204845,-0.64941,-0.36475,0.70508,31.28049,-206.28049,44.81707
1879,9396,-0.7074129479894665,-0.25001165959585026,0.7141763021149695,31.517982045813586,-207.5909671853607,38.017374892048444,-0.67773,-0.3457,0.7124,31.09756,-207.37805,38.29268
1880,9401,-0.7407366565190047,-0.23479446308253402,0.7204516838637863,30.664322045813584,-208.3836471853607,32.28567489204845,-0.71094,-0.33057,0.71875,30.2439,-208.17073,32.56098
1881,9406,-0.7750336862552171,-0.21907438499243934,0.7344452910391006,29.383842045813584,-209.17633718536072,27.041764892048448,-0.74512,-0.31494,0.73291,28.96342,-208.96342,27.31707
1882,9411,-0.8063906838929187,-0.20188589269815155,0.7445748442556948,28.225302045813585,-209.66413718536072,22.468594892048447,-0.77637,-0.29785,0.74316,27.80488,-209.45122,22.7439
1883,9415,-0.8362726483617429,-0.18568304829434953,0.7561571236409125,27.310672045813586,-210.2738871853607,18.810064892048448,-0.80615,-0.28174,0.75488,26.89025,-210.06097,19.08537
1884,9421,-0.8573445507742783,-0.1611223120844895,0.7648438331798258,26.517982045813586,-210.8836471853607,15.944204892048447,-0.82715,-0.25732,0.76367,26.09756,-210.67073,16.21951
1885,9426,-0.8671379682764853,-0.13510321930197192,0.7706349728724348,25.664322045813584,-211.1275571853607,13.932014892048446,-0.83691,-0.23145,0.76953,25.2439,-210.91464,14.20732
1886,9431,-0.8715530335438736,-0.11054248309211188,0.7725620586063234,24.871642045813584,-211.1885371853607,12.834454892048447,-0.84131,-0.20703,0.77148,24.45122,-210.97562,13.10976
1887,9436,-0.8671379682764853,-0.08451333267805876,0.779805924467556,24.322862045813583,-210.5178071853607,12.346644892048447,-0.83691,-0.18115,0.77881,23.90244,-210.30489,12.62195
1888,9441,-0.8764497422949771,-0.06290954013965608,0.7909039617965659,23.713102045813585,-209.60315718536071,12.529574892048448,-0.84619,-0.15967,0.79004,23.29268,-209.39024,12.80488
1889,9446,-0.8793897743934881,-0.0437497520643967,0.8039290848594645,23.530182045813586,-208.6885371853607,13.078354892048447,-0.84912,-0.14062,0.80322,23.10976,-208.47562,13.35366
1890,9451,-0.8754663868490588,-0.024107197675430018,0.8188911761471945,23.774082045813586,-207.4690171853607,14.358844892048447,-0.84521,-0.12109,0.81836,23.35366,-207.2561,14.63415
1891,9456,-0.8764497422949771,-0.014290949296714454,0.8324005412663011,24.444812045813585,-205.9446171853607,16.249084892048447,-0.84619,-0.11133,0.83203,24.02439,-205.7317,16.52439
1892,9461,-0.8725363889897919,-0.0005421669875913276,0.8517010460780163,25.420422045813584,-204.1153671853607,18.627134892048446,-0.84229,-0.09766,0.85156,25.0,-203.90245,18.90244
1893,9466,-0.8813464510460806,0.01567073504774625,0.864736051631858,27.005792045813585,-202.40804718536072,21.310064892048448,-0.85107,-0.08154,0.86475,26.58537,-202.19513,21.58537
1894,9471,-0.8935982571630834,0.02991234130211227,0.8869321262898777,28.713102045813585,-200.6397471853607,24.419814892048446,-0.86328,-0.06738,0.88721,28.29268,-200.42683,24.69512
1895,9476,-0.9029100311815752,0.04562236176067139,0.911539528737994,30.847252045813583,-198.9934071853607,27.773474892048448,-0.87256,-0.05176,0.91211,30.42683,-198.78049,28.04878
1896,9481,-0.9166268362282115,0.0603567919602803,0.9409695867663035,32.67652204581359,-197.34707718536072,31.310064892048448,-0.88623,-0.03711,0.94189,32.2561,-197.13416,31.58537
1897,9486,-0.9323103521666843,0.0775452842545681,0.9670297153830435,34.13993204581359,-195.8836471853607,34.66372489204845,-0.90186,-0.02002,0.96826,33.71951,-195.67073,34.93903
1898,9491,-0.9621923166355083,0.09817348653402057,0.9935740860559915,34.93262204581359,-194.54218718536072,38.261284892048444,-0.93164,0.00049,0.99512,34.5122,-194.32927,38.53659
1899,9496,-0.9891442832450658,0.11683039303250146,1.0234883861405089,35.17652204581359,-193.6275571853607,41.797864892048445,-0.9585,0.01904,1.02539,34.7561,-193.41464,42.07317
1900,9500,-1.0092328302116829,0.1379514192571968,1.0476115465324174,34.74969204581359,-193.2616971853607,45.090554892048445,-0.97852,0.04004,1.0498,34.32927,-193.04878,45.36586
1901,9506,-1.0317697315538517,0.15563273549672751,1.0664376917788678,33.774082045813586,-193.2007271853607,48.078354892048445,-1.00098,0.05762,1.06885,33.35366,-192.98781,48.35366
1902,9511,-1.0572466649945313,0.16544898387544307,1.075124401317781,31.883842045813584,-192.8958571853607,50.82225489204845,-1.02637,0.06738,1.07764,31.46342,-192.68294,51.09756
1903,9516,-1.0841885973648446,0.17282122779101533,1.0780199711640854,29.749692045813585,-192.40804718536072,53.87103489204845,-1.05322,0.07471,1.08057,29.32927,-192.19513,54.14634
1904,9521,-1.1160372727255052,0.16938151780585067,1.0741559172053652,28.103352045813583,-191.92023718536072,57.46859489204844,-1.08496,0.07129,1.07666,27.68293,-191.70732,57.7439
1905,9526,-1.1483776258091252,0.16200927389027842,1.0698175036813802,26.944812045813585,-191.43242718536072,61.73689489204845,-1.11719,0.06396,1.07227,26.52439,-191.21951,62.0122
1906,9531,-1.1851230099208896,0.15317867340204863,1.0572667401837463,26.517982045813586,-191.0665871853607,66.61493489204845,-1.15381,0.05518,1.05957,26.09756,-190.85367,66.89024
1907,9536,-1.2248084261311647,0.13991265740663283,1.0307223695107985,26.944812045813585,-190.0299971853607,72.40762489204845,-1.19336,0.04199,1.03271,26.52439,-189.81708,72.68293
1908,9540,-1.265477197787358,0.12616387509750973,0.9998395853138653,28.042372045813583,-188.4446171853607,78.87104489204845,-1.23389,0.02832,1.00146,27.62195,-188.2317,79.14635
1909,9546,-1.2997742275235706,0.1138835069925797,0.9559316780540337,29.566762045813583,-186.43242718536072,85.82225489204845,-1.26807,0.01611,0.95703,29.14634,-186.21951,86.09756
1910,9551,-1.3374929328420093,0.09817348653402057,0.9105710446255783,30.664322045813584,-183.0787771853607,92.95640489204845,-1.30566,0.00049,0.91113,30.2439,-182.86586,93.23171
1911,9556,-1.369833285925629,0.08540029448384766,0.8671473794219545,30.664322045813584,-178.7495071853607,99.66372489204845,-1.33789,-0.01221,0.86719,30.2439,-178.53659,99.93903
1912,9561,-1.414907088609967,0.06478214983593075,0.832884783322509,29.810672045813586,-173.2616971853607,105.70030489204845,-1.38281,-0.03271,0.83252,29.39025,-173.04878,105.97561
1913,9566,-1.4732160528572258,0.04366112361123539,0.7962108594329669,28.225302045813585,-167.34707718536072,111.49299489204844,-1.44092,-0.05371,0.79541,27.80488,-167.13416,111.7683
1914,9571,-1.51339314679046,0.022047273441297133,0.7638852315583531,25.298472045813586,-161.0056071853607,116.37104489204845,-1.48096,-0.0752,0.7627,24.87805,-160.79269,116.64635
1915,9576,-1.5805121730940075,-0.03393350368568115,0.7156290282835932,22.920422045813584,-154.23731718536072,121.43201489204844,-1.54785,-0.13086,0.71387,22.5,-154.0244,121.70732
1916,9581,-1.6549862967634543,-0.07911238454345808,0.6948757973032541,21.639932045813584,-148.8714571853607,125.88323489204845,-1.62207,-0.17578,0.69287,21.21951,-148.65854,126.15854
1917,9586,-1.7039834869922215,-0.06585642617957785,0.6770181361692195,16.578962045813583,-143.4446171853607,126.98079489204845,-1.6709,-0.1626,0.6748,16.15854,-143.2317,127.2561
1918,9591,-1.7412205488269448,-0.12379844145599211,0.6234649177490017,10.664322045813586,-138.1397471853607,126.18811489204845,-1.70801,-0.22021,0.62061,10.2439,-137.92683,126.46342
1919,9596,-1.8063828984778998,-0.20139306875290866,0.6104299121951601,4.017982045813586,-133.3226771853607,123.87104489204845,-1.77295,-0.29736,0.60742,3.59756,-133.10976,124.14635
1920,9601,-1.8651735062088737,-0.26573173768594494,0.5916136494396528,-2.1405579541864137,-130.8836471853607,119.90762489204845,-1.83154,-0.36133,0.58838,-2.56098,-130.67073,120.18293
1921,9606,-1.8730202812977323,-0.31827280482775855,0.5515599136475983,-6.652747954186414,-130.0299971853607,113.81006489204844,-1.83936,-0.41357,0.54785,-7.07317,-129.81708,114.08537
1922,9611,-1.8568450876363,-0.38113300192506616,0.5008923825827419,-10.921037954186414,-129.35926718536072,105.33445489204844,-1.82324,-0.47607,0.49658,-11.34146,-129.14635,105.60976
1923,9616,-1.836756540669683,-0.44351043270866647,0.44202238403518007,-14.762507954186415,-128.5665871853607,94.54177489204845,-1.80322,-0.53809,0.43701,-15.18293,-128.35367,94.81708
1924,9621,-1.7995194788349596,-0.496544323795723,0.38315238548761826,-16.530797954186415,-127.59096718536071,82.34665489204845,-1.76611,-0.59082,0.37744,-16.95122,-127.37805,82.62196
1925,9625,-1.7348488069069639,-0.5407476143945497,0.31077302182095,-16.530797954186415,-126.06657718536073,69.60274489204845,-1.70166,-0.63477,0.3042,-16.95122,-125.85366,69.87805
1926,9631,-1.6584180065849246,-0.5652982929728742,0.22440005097896734,-14.518597954186413,-123.56657718536073,56.37103489204845,-1.62549,-0.65918,0.2168,-14.93902,-123.35366,56.64634
1927,9636,-1.5667953680473714,-0.5810083134314332,0.14959947703125953,-11.103967954186414,-119.23730718536072,42.77347489204845,-1.53418,-0.6748,0.14111,-11.52439,-119.02439,43.04878
1928,9641,-1.47762108388537,-0.5923130912774132,0.07191321572819026,-6.774697954186414,-113.0787771853607,28.992984892048447,-1.44531,-0.68604,0.0625,-7.19512,-112.86586,29.26829
1929,9646,-1.4198138316003144,-0.597221215466771,0.012558975124420517,-1.1039679541864138,-104.78608718536071,15.700304892048447,-1.3877,-0.69092,0.00244,-1.52439,-104.57317,15.97561
1930,9651,-1.405605348830719,-0.601143691765643,-0.030864690079203238,5.969202045813586,-95.39584718536071,2.8954248920484464,-1.37354,-0.69482,-0.0415,5.54878,-95.18293,3.17073
1931,9656,-1.4031469602159232,-0.5785542513367543,-0.058851904429831924,13.286272045813586,-85.88364718536073,-9.604575107951552,-1.37109,-0.67236,-0.06982,12.86585,-85.67073,-9.32927
1932,9661,-1.3977585737418607,-0.5392691425588211,-0.08105786157879473,20.664322045813584,-76.85926718536072,-21.67774510795155,-1.36572,-0.6333,-0.09229,20.2439,-76.64635,-21.40244
1933,9665,-1.3874734785166944,-0.496544323795723,-0.08877608700529226,27.310672045813586,-68.0177971853607,-33.08018510795155,-1.35547,-0.59082,-0.1001,26.89025,-67.80488,-32.80488
1934,9671,-1.3747299946767326,-0.4444860229676167,-0.0969785544879977,32.98140204581359,-59.603157185360715,-43.324085107951554,-1.34277,-0.53906,-0.1084,32.56098,-59.39024,-43.04878
1935,9676,-1.3639532217286072,-0.38605118374595954,-0.08008937746637891,38.164322045813584,-51.18852718536072,-52.40945510795155,-1.33203,-0.48096,-0.09131,37.7439,-50.97561,-52.13415
1936,9681,-1.3570998363249112,-0.32663069663381655,-0.06561152823485666,42.24969204581359,-42.712917185360716,-59.90945510795155,-1.3252,-0.42188,-0.07666,41.82927,-42.5,-59.63415
1937,9686,-1.356116480878993,-0.26573173768594494,-0.052586405171958124,45.054572045813586,-34.90803718536072,-65.88506510795155,-1.32422,-0.36133,-0.06348,44.63415,-34.69512,-65.60976
1938,9691,-1.3296561919923948,-0.194030882468872,-0.048722351213237855,46.09115204581359,-27.712917185360716,-70.76311510795155,-1.29785,-0.29004,-0.05957,45.67073,-27.5,-70.48781
1939,9696,-1.2527337139473962,0.04759365754164296,-0.15054165539915854,44.32286204581359,-19.786087185360717,-74.90945510795156,-1.22119,-0.0498,-0.1626,43.90244,-19.57317,-74.63415
1940,9701,-1.653521297833821,0.6300310997664565,-0.7648175274353091,-0.006407954186413933,17.652932814639282,-87.53140510795156,-1.62061,0.5293,-0.78418,-0.42683,17.86585,-87.2561
1941,9706,-1.607955817426524,0.1777293519803731,-0.3951926011845272,-54.82347795418641,71.9822028146393,-91.55579510795155,-1.5752,0.07959,-0.41016,-55.2439,72.19512,-91.28049
1942,9711,-0.627550437845957,-0.09924776287766766,-0.6948494915587373,-82.99420795418642,73.14074281463928,-98.56799510795155,-0.59814,-0.1958,-0.71338,-83.41463,73.35366,-98.29269
1943,9716,-0.454600290235261,-0.34332636498286145,-0.6480460144526011,-75.37226795418641,97.65293281463929,-94.11677510795155,-0.42578,-0.43848,-0.66602,-75.79269,97.86585,-93.84147
1944,9721,-0.07685131965320843,-0.5839551994713551,0.10858713961773231,-35.555187954186415,124.11635281463927,-72.47042510795156,-0.04932,-0.67773,0.09961,-35.97561,124.32927,-72.19512
1945,9726,-0.13368525073158982,0.13304329506783905,1.1209593943115013,-5.738117954186414,145.0919728146393,-45.76310510795155,-0.10596,0.03516,1.12402,-6.15854,145.30489,-45.4878
1946,9731,-0.28997856119713866,0.6403401720904148,1.7970107172324612,6.335052045813586,148.20172281463928,-19.66554510795155,-0.26172,0.53955,1.80811,5.91463,148.41464,-19.39024
1947,9736,-0.5334794449328522,0.7189204472778172,1.966376847013914,0.9082220458135861,137.0431828146393,-7.531405107951554,-0.50439,0.61768,1.97949,0.4878,137.2561,-7.2561
1948,9741,-0.4261833246960703,0.6624367885740605,1.644523881981684,-20.189337954186417,111.18952281463928,-11.494815107951553,-0.39746,0.56152,1.65381,-20.60976,111.40244,-11.21951
1949,9746,-0.2399980155224533,0.5696249647638278,0.9004414914089841,-41.71372795418641,97.34805281463929,-28.628965107951554,-0.21191,0.46924,0.90088,-42.13415,97.56097,-28.35366
1950,9750,-0.32672394530890286,0.35452239911260885,0.563626435089024,-52.14055795418641,113.50659281463928,-45.092375107951554,-0.29834,0.25537,0.56006,-52.56098,113.71951,-44.81707
1951,9756,-1.0680234379426568,-0.3172972145688084,1.2078166072096919,-51.46981795418641,136.6773228146393,-49.482625107951556,-1.03711,-0.4126,1.21191,-51.89024,136.89024,-49.20732
1952,9761,-2.115056166103812,0.015177911102503355,2.6815035391235695,-85.31128795418643,132.3480528146393,-40.76310510795155,-2.08057,-0.08203,2.70312,-85.73171,132.56097,-40.4878
1953,9766,-1.7642491278920729,1.2802368632779355,2.5632891824631807,-124.51860795418642,78.99440281463927,-37.04360510795156,-1.73096,1.17578,2.5835,-124.93903,79.20732,-36.7683
1954,9771,-2.1317130032489593,-0.13461039535672903,1.3197753471031495,-58.238117954186414,31.433422814639282,-20.153355107951555,-2.09717,-0.23096,1.3252,-58.65854,31.64634,-19.87805
1955,9776,-1.5912889460421327,-0.8722370921753756,1.4717680578067758,-13.908847954186413,12.043182814639284,-7.165545107951554,-1.55859,-0.96436,1.479,-14.32927,12.2561,-6.89024
1956,9781,-0.3017386895911823,-0.6448541584192268,1.285996993059912,-3.360067954186414,-3.9324271853607162,-6.7387151079515535,-0.27344,-0.73828,1.29102,-3.78049,-3.71951,-6.46341
1957,9786,-0.02931912835407484,-0.4061865620801691,0.9289129478158208,-5.1893379541864135,-1.249507185360716,-4.055795107951553,-0.00195,-0.50098,0.92969,-5.60976,-1.03659,-3.78049
1958,9790,-0.02931912835407484,-0.4061865620801691,0.9289129478158208,-5.1893379541864135,-1.249507185360716,-4.055795107951553,-0.00195,-0.50098,0.92969,-5.60976,-1.03659,-3.78049
1959,9796,-0.49576073961441364,0.3702424772027036,1.0403775631621277,-7.445427954186414,9.665132814639284,-1.3728651079515535,-0.4668,0.271,1.04248,-7.86585,9.87805,-1.09756
1960,9801,-0.48252557805149254,0.2730052955168203,0.9144350985842985,-3.786897954186414,6.2504928146392835,0.7003048920484465,-0.45361,0.17432,0.91504,-4.20732,6.46341,0.97561
1961,9806,-0.4242266480434777,0.027458279207433385,0.8989887652403604,-1.5917779541864139,4.726102814639284,1.4320148920484466,-0.39551,-0.06982,0.89941,-2.0122,4.93902,1.70732
1962,9811,-0.40658645545241234,-0.0894315144989521,0.9679981994954593,-1.5307979541864138,3.384642814639284,1.2490848920484465,-0.37793,-0.18604,0.96924,-1.95122,3.59756,1.52439
1963,9816,-0.41834658384645595,-0.03393350368568115,0.9631755439152663,-2.8722579541864137,1.4944028146392838,0.8832348920484465,-0.38965,-0.13086,0.96436,-3.29268,1.70732,1.15854
1964,9821,-0.41834658384645595,-0.03393350368568115,0.9631755439152663,-2.8722579541864137,1.4944028146392838,0.8832348920484465,-0.38965,-0.13086,0.96436,-3.29268,1.70732,1.15854
1965,9826,-0.405603100006494,0.1305791753416246,0.9043055453677044,-4.457627954186414,0.21391281463928385,-0.09237510795155343,-0.37695,0.03271,0.90479,-4.87805,0.42683,0.18293
1966,9831,-0.3967830037109613,0.21210633656894867,0.8907862977576549,-4.274697954186414,-0.029987185360716123,-0.21432510795155343,-0.36816,0.11377,0.89111,-4.69512,0.18293,0.06098
1967,9836,-0.40658645545241234,0.036288879695663155,0.9134666144718826,-3.055187954186414,-1.0055971853607162,0.029574892048446544,-0.37793,-0.06104,0.91406,-3.47561,-0.79268,0.30488
1968,9841,-0.4031547456309423,0.015177911102503355,0.9245646518008925,-3.6039679541864142,-1.615357185360716,-0.5801851079515534,-0.37451,-0.08203,0.92529,-4.02439,-1.40244,-0.30488
1969,9846,-0.39139461723689867,0.0579027298656014,0.9129823724156747,-4.518597954186414,-2.4080371853607163,-1.0070151079515535,-0.36279,-0.03955,0.91357,-4.93902,-2.19512,-0.73171
1970,9851,-0.39139461723689867,0.0579027298656014,0.9129823724156747,-4.518597954186414,-2.4080371853607163,-1.0070151079515535,-0.36279,-0.03955,0.91357,-4.93902,-2.19512,-0.73171
1971,9856,-0.3786611676361808,0.08834718052376944,0.8975459215626798,-5.1893379541864135,-2.834867185360716,-1.3118951079515533,-0.3501,-0.00928,0.89795,-5.60976,-2.62195,-1.03659
1972,9861,-0.3771861344673033,0.08098499423973277,0.9047799049329693,-5.738117954186414,-2.895847185360716,-1.7387151079515535,-0.34863,-0.0166,0.90527,-6.15854,-2.68293,-1.46341
1973,9866,-0.37816948991322163,0.03236640339679116,0.9197419962206994,-6.103967954186414,-2.956817185360716,-2.2265251079515536,-0.34961,-0.06494,0.92041,-6.52439,-2.7439,-1.95122
1974,9871,-0.3816011997346917,0.02892669341162648,0.9182991525430189,-6.530797954186414,-2.5299871853607163,-2.3484751079515536,-0.35303,-0.06836,0.91895,-6.95122,-2.31707,-2.07317
1975,9875,-0.39776635915687963,0.03236640339679116,0.9260173779695163,-6.713727954186414,-2.712917185360716,-2.1655451079515533,-0.36914,-0.06494,0.92676,-7.13415,-2.5,-1.89024
1976,9881,-0.40511142228353486,0.008791315077416905,0.9197419962206994,-6.530797954186414,-3.993407185360716,-1.9826251079515533,-0.37646,-0.08838,0.92041,-6.95122,-3.78049,-1.70732
1977,9886,-0.40511142228353486,0.008791315077416905,0.9197419962206994,-6.530797954186414,-3.993407185360716,-1.9826251079515533,-0.37646,-0.08838,0.92041,-6.95122,-3.78049,-1.70732
1978,9891,-0.4002147135324314,0.0038831908880591305,0.922153324010796,-6.286897954186414,-4.2373071853607165,-1.4948151079515535,-0.37158,-0.09326,0.92285,-6.70732,-4.02439,-1.21951
1979,9896,-0.39433464933540957,0.02303292133178293,0.9298715494372936,-6.164947954186414,-4.2373071853607165,-1.0679851079515534,-0.36572,-0.07422,0.93066,-6.58537,-4.02439,-0.79268
1980,9901,-0.39188629495985783,0.03187357945154826,0.9351883295646376,-5.738117954186414,-4.298287185360716,-0.5801851079515534,-0.36328,-0.06543,0.93604,-6.15854,-4.08537,-0.30488
1981,9906,-0.40168974670130886,0.026472631316947593,0.9274602216471971,-5.006407954186414,-3.993407185360716,-0.39725510795155344,-0.37305,-0.0708,0.92822,-5.42683,-3.78049,-0.12195
1982,9911,-0.40364642335390144,0.016646325306696463,0.9390425010324148,-4.457627954186414,-3.9324271853607162,-0.21432510795155343,-0.375,-0.08057,0.93994,-4.87805,-3.71951,0.06098
1983,9915,-0.40756981089833066,0.013216672953067363,0.937599657354734,-4.152747954186414,-3.8104771853607162,0.33445489204844653,-0.37891,-0.08398,0.93848,-4.57317,-3.59756,0.60976
1984,9921,-0.4011980689783497,0.01812479714242514,0.9289129478158208,-3.8478679541864143,-3.444627185360716,0.33445489204844653,-0.37256,-0.0791,0.92969,-4.26829,-3.23171,0.60976
1985,9926,-0.3967830037109613,0.024018569222268707,0.9303557914935014,-3.360067954186414,-3.017797185360716,0.2734748920484466,-0.36816,-0.07324,0.93115,-3.78049,-2.80488,0.54878
1986,9931,-0.39874971460279796,0.03236640339679116,0.927944463703405,-3.238117954186414,-2.6519371853607163,0.2734748920484466,-0.37012,-0.06494,0.92871,-3.65854,-2.43902,0.54878
1987,9936,-0.4026630679079831,0.03138075550630537,0.9269759795909892,-3.116167954186414,-2.103157185360716,0.029574892048446544,-0.37402,-0.06592,0.92773,-3.53659,-1.89024,0.30488
1988,9941,-0.4011980689783497,0.03138075550630537,0.922153324010796,-3.055187954186414,-1.615357185360716,-0.15335510795155344,-0.37256,-0.06592,0.92285,-3.47561,-1.40244,0.12195
1989,9946,-0.3967830037109613,0.03335205128727694,0.9202262382769074,-2.8722579541864137,-1.1275471853607162,-0.21432510795155343,-0.36816,-0.06396,0.9209,-3.29268,-0.91463,0.06098
1990,9951,-0.3938429716124504,0.036288879695663155,0.9173306684306028,-2.811287954186414,-0.7616971853607162,-0.21432510795155343,-0.36523,-0.06104,0.91797,-3.23171,-0.54878,0.06098
1991,9956,-0.3845412318332026,0.03727452758614894,0.9182991525430189,-2.5064079541864137,-0.15193718536071613,-0.39725510795155344,-0.35596,-0.06006,0.91895,-2.92683,0.06098,-0.12195
1992,9961,-0.38110952201173254,0.03138075550630537,0.9187735121082836,-2.567377954186414,0.39684281463928384,-0.6411551079515534,-0.35254,-0.06592,0.91943,-2.9878,0.60976,-0.36585
1993,9966,-0.38992961830726525,0.021071683182346923,0.9207104803331153,-2.323477954186414,1.0675728146392838,-0.5801851079515534,-0.36133,-0.07617,0.92139,-2.7439,1.28049,-0.30488
1994,9971,-0.3933613281287353,0.020086035291861145,0.9236060501794198,-1.896647954186414,1.4944028146392838,-0.39725510795155344,-0.36475,-0.07715,0.92432,-2.31707,1.70732,-0.12195
1995,9976,-0.39139461723689867,0.0245113931675116,0.9197419962206994,-1.652747954186414,1.7992828146392839,-0.15335510795155344,-0.36279,-0.07275,0.92041,-2.07317,2.0122,0.12195
1996,9981,-0.3874812639317135,0.025486983426461815,0.9260173779695163,-1.3478679541864138,1.982202814639284,-0.031405107951553435,-0.35889,-0.07178,0.92676,-1.76829,2.19512,0.2439
1997,9986,-0.38797294165467267,0.022047273441297133,0.9236060501794198,-0.9820179541864138,2.3480628146392837,0.09054489204844657,-0.35938,-0.0752,0.92432,-1.40244,2.56098,0.36585
1998,9991,-0.39188629495985783,0.02696545526219049,0.9211947223893232,-0.6161679541864138,2.8358628146392837,0.09054489204844657,-0.36328,-0.07031,0.92188,-1.03659,3.04878,0.36585
1999,9996,-0.39042129603022435,0.03187357945154826,0.9192577541644915,-0.799087954186414,3.018792814639284,-0.031405107951553435,-0.36182,-0.06543,0.91992,-1.21951,3.23171,0.2439
2000,10000,-0.38992961830726525,0.03285922734203406,0.9240804097446846,-0.6161679541864138,3.140742814639284,-0.21432510795155343,-0.36133,-0.06445,0.9248,-1.03659,3.35366,0.06098
2001,10006,-0.38551455303987686,0.030405165247355155,0.9192577541644915,-0.4332379541864139,3.384642814639284,-0.3362851079515534,-0.35693,-0.06689,0.91992,-0.85366,3.59756,-0.06098
2002,10011,-0.38797294165467267,0.03138075550630537,0.9211947223893232,-0.18933795418641391,3.628542814639284,-0.6411551079515534,-0.35938,-0.06592,0.92188,-0.60976,3.84146,-0.36585
2003,10016,-0.3909029395139395,0.030887931561062485,0.9216690819545881,-0.250307954186414,3.8114728146392842,-0.7631051079515534,-0.3623,-0.06641,0.92236,-0.67073,4.02439,-0.4878
