seq,t_ms,ax_g,ay_g,az_g,gx_dps,gy_dps,gz_dps
0,1,-0.38623,-0.07715,0.90234,-0.36585,3.10976,-0.24390
1,6,-0.38525,-0.07959,0.90186,-0.36585,3.23171,-0.30488
2,11,-0.39453,-0.08252,0.90283,-0.42683,3.53659,-0.48780
3,16,-0.38623,-0.07715,0.90576,-0.67073,3.53659,-0.67073
4,21,-0.38574,-0.07959,0.90625,-0.54878,3.78049,-0.60976
5,26,-0.38867,-0.08252,0.90771,-0.48780,3.84146,-0.67073
6,31,-0.38818,-0.08350,0.90381,-0.48780,3.96341,-0.60976
7,36,-0.38818,-0.08154,0.90381,-0.54878,4.14634,-0.60976
8,40,-0.38867,-0.08057,0.90820,-0.54878,4.32927,-0.73171
9,46,-0.38477,-0.08105,0.90479,-0.42683,4.63415,-0.85366
10,51,-0.39062,-0.07861,0.90625,-0.54878,4.81707,-0.97561
11,56,-0.38574,-0.08057,0.90674,-0.54878,5.00000,-0.97561
12,61,-0.38574,-0.07910,0.90430,-0.67073,5.00000,-0.91463
13,66,-0.38721,-0.08301,0.90186,-0.60976,5.42683,-0.97561
14,71,-0.38623,-0.08545,0.90771,-0.48780,5.85366,-1.09756
15,76,-0.38525,-0.07617,0.90332,-0.60976,6.28049,-1.21951
16,81,-0.38721,-0.08887,0.90674,-0.67073,6.70732,-0.97561
17,86,-0.39014,-0.09424,0.90820,-1.03659,7.25610,-0.73171
18,91,-0.38965,-0.08691,0.90527,-1.21951,7.68293,-0.79268
19,96,-0.38965,-0.08594,0.90234,-1.21951,8.29268,-0.60976
20,101,-0.38672,-0.09131,0.90283,-0.85366,8.65854,-0.42683
21,106,-0.38525,-0.08984,0.90771,-0.67073,9.32927,-0.30488
22,111,-0.38770,-0.08496,0.90625,-0.97561,10.18293,-0.30488
23,116,-0.38525,-0.08447,0.91016,-0.91463,11.21951,-0.30488
24,121,-0.37842,-0.08398,0.90967,-0.85366,12.13415,-0.36585
25,125,-0.38086,-0.08154,0.91064,-0.79268,13.35366,-0.48780
26,131,-0.38428,-0.07568,0.91162,-0.91463,14.63415,-0.48780
27,136,-0.38379,-0.07275,0.91602,-0.79268,16.03658,-0.73171
28,141,-0.37939,-0.07666,0.91650,-0.73171,17.74390,-0.97561
29,146,-0.37256,-0.06982,0.91895,-0.97561,19.57317,-1.34146
30,151,-0.37158,-0.06299,0.91992,-1.34146,21.46342,-1.52439
31,156,-0.36963,-0.07812,0.92090,-1.58537,23.78049,-1.82927
32,161,-0.37158,-0.07764,0.92139,-1.70732,26.52439,-2.19512
33,165,-0.37012,-0.06885,0.92236,-1.64634,29.14634,-2.86585
34,171,-0.36963,-0.06836,0.93018,-1.70732,32.31707,-3.59756
35,176,-0.35596,-0.05615,0.94238,-1.95122,35.67073,-4.39024
36,181,-0.35498,-0.04004,0.95459,-2.92683,39.39024,-5.36585
37,186,-0.36230,-0.04346,0.95654,-4.75610,43.23171,-6.52439
38,191,-0.36279,-0.05859,0.96094,-5.85366,47.86586,-7.86585
39,196,-0.35205,-0.04736,0.97119,-6.89024,52.80488,-9.51220
40,201,-0.35303,-0.03760,0.97461,-7.74390,57.92683,-10.73171
41,206,-0.35547,-0.04346,0.98096,-9.02439,63.59756,-12.62195
42,211,-0.35449,-0.04785,0.98828,-10.54878,69.63415,-14.75610
43,216,-0.35205,-0.04785,0.99072,-11.64634,76.76830,-17.07317
44,221,-0.34521,-0.04736,1.00000,-13.04878,84.51220,-19.69512
45,226,-0.33643,-0.05029,1.00000,-14.81707,92.98781,-22.62195
46,231,-0.35156,-0.05176,0.99609,-16.52439,102.31708,-25.97561
47,236,-0.37256,-0.05811,0.99561,-18.29268,111.70732,-29.57317
48,241,-0.39648,-0.08984,0.99170,-19.45122,120.67074,-33.65854
49,246,-0.41846,-0.10498,0.98975,-19.45122,129.57318,-38.29268
50,250,-0.45020,-0.08545,1.00098,-18.41463,138.17073,-43.59756
51,256,-0.50098,-0.04395,1.01514,-17.37805,146.21951,-49.08537
52,261,-0.54443,-0.00049,1.04297,-16.34146,152.07318,-53.59756
53,266,-0.59619,0.09521,1.05957,-15.18293,156.52440,-56.70732
54,271,-0.65869,0.15918,1.09766,-14.20732,159.32927,-58.47561
55,276,-0.69336,0.17676,1.12500,-15.36585,159.51219,-59.87805
56,281,-0.69287,0.16064,1.11426,-16.21951,157.62195,-60.97561
57,286,-0.78223,0.13379,1.16064,-14.75610,156.21951,-63.10976
58,290,-0.86816,0.07373,1.24561,-12.19512,151.46342,-65.48781
59,296,-0.84229,0.04834,1.21631,-11.64634,142.80489,-68.96342
60,301,-0.79932,0.07471,1.09766,-11.89024,135.67073,-72.92683
61,306,-0.72900,0.11768,1.02002,-13.90244,132.01219,-76.82927
62,311,-0.72021,0.09424,1.05615,-14.81707,128.90244,-80.36585
63,316,-0.64209,0.03906,1.16064,-13.29268,122.68293,-84.14635
64,321,-0.56152,0.08105,1.22998,-13.78049,113.65854,-85.91463
65,326,-0.52295,0.14355,1.26416,-13.53659,103.78049,-85.97561
66,331,-0.35840,0.16943,1.31641,-11.58537,92.25610,-85.12196
67,336,-0.24756,0.19629,1.29883,-11.15854,80.36585,-83.59756
68,341,-0.12402,0.24902,1.23975,-11.58537,69.63415,-81.09756
69,346,-0.01025,0.32520,1.17432,-13.35366,61.34146,-77.19512
70,351,0.00049,0.27441,1.08838,-14.39024,55.24390,-71.40244
71,356,-0.09033,0.24902,1.12256,-11.70732,50.73171,-64.75610
72,361,-0.04541,0.27393,1.23584,-3.23171,42.62195,-55.79268
73,366,0.01514,0.28369,1.25830,5.30488,30.54878,-45.48780
74,371,0.09473,0.30420,1.18164,12.19512,18.65854,-36.09756
75,375,0.16016,0.31445,1.09863,16.52439,9.93902,-27.43903
76,381,0.20068,0.31201,1.06152,18.04878,3.59756,-19.51220
77,386,0.22314,0.28955,1.02979,18.90244,-1.70732,-12.19512
78,391,0.22412,0.25049,1.00537,19.51220,-6.46341,-5.30488
79,396,0.21143,0.20850,1.00146,20.48780,-10.97561,1.40244
80,401,0.19434,0.17676,1.00000,22.31707,-15.79268,8.10976
81,406,0.17920,0.15381,1.00000,24.57317,-20.85366,14.75610
82,411,0.17920,0.15381,1.00000,24.57317,-20.85366,14.75610
83,415,0.16211,0.13232,1.00977,26.76829,-26.15854,21.21951
84,421,0.11523,0.10938,1.02393,28.90244,-37.31707,33.53659
85,426,0.09229,0.09375,1.03271,28.41463,-43.04878,39.14634
86,431,0.06787,0.07861,1.03857,27.07317,-48.84146,44.26830
87,436,0.04004,0.05566,1.03760,25.18293,-54.32927,48.84146
88,441,0.04004,0.05566,1.03760,25.18293,-54.32927,48.84146
89,446,0.02051,0.02783,1.03369,22.92683,-59.81707,53.35366
90,451,0.00098,0.00049,1.02832,20.79268,-65.00000,57.56098
91,456,-0.01855,-0.02344,1.02686,18.78049,-69.69512,61.34146
92,461,-0.08057,-0.07373,1.03760,16.40244,-78.04878,67.92683
93,466,-0.11133,-0.09473,1.04248,15.60976,-82.13415,70.85366
94,471,-0.14648,-0.11182,1.04004,14.81707,-86.15854,73.53659
95,476,-0.14648,-0.11182,1.04004,14.81707,-86.15854,73.53659
96,481,-0.17383,-0.11865,1.04492,13.84146,-90.00000,75.60976
97,486,-0.19824,-0.12305,1.04053,12.92683,-93.65854,77.43903
98,491,-0.22119,-0.13184,1.03223,11.58537,-97.07317,78.96342
99,496,-0.24121,-0.13867,1.02393,9.93902,-100.12196,80.06097
100,500,-0.26123,-0.14502,1.01758,8.41463,-102.74390,80.73171
101,506,-0.28271,-0.15479,1.00391,6.76829,-104.93903,81.15854
102,511,-0.30908,-0.16406,0.99854,5.79268,-106.70732,81.15854
103,516,-0.33545,-0.17334,1.00830,5.54878,-107.86586,81.28049
104,521,-0.37354,-0.18701,1.01709,5.97561,-109.14635,81.46342
105,526,-0.40869,-0.19482,1.02295,6.95122,-110.79269,81.76830
106,531,-0.44043,-0.19336,1.02783,8.04878,-112.31708,82.01220
107,536,-0.45947,-0.18262,1.02197,8.23171,-113.47561,82.31708
108,540,-0.47998,-0.16309,1.01855,7.86585,-114.45123,82.56097
109,546,-0.49512,-0.14990,1.01123,6.46341,-114.93903,82.56097
110,551,-0.51758,-0.13818,1.00488,4.39024,-114.87805,82.25610
111,556,-0.53369,-0.13232,1.00488,1.82927,-114.57317,81.95122
112,561,-0.55029,-0.12842,1.00195,-0.85366,-114.20732,81.82927
113,566,-0.56885,-0.12256,1.00244,-2.92683,-113.17073,81.64635
114,571,-0.59375,-0.11816,1.00928,-4.51220,-112.07317,81.58537
115,576,-0.62207,-0.10547,1.01514,-5.67073,-110.54878,81.52439
116,581,-0.65967,-0.09473,1.02734,-6.40244,-109.08537,81.52439
117,586,-0.70605,-0.08594,1.03906,-7.19512,-108.17073,81.89024
118,591,-0.74463,-0.07275,1.04541,-7.56098,-107.86586,82.31708
119,596,-0.78320,-0.05566,1.05273,-8.17073,-107.74390,82.50000
120,601,-0.82275,-0.03809,1.05518,-9.08537,-108.29269,82.50000
121,606,-0.85010,-0.02734,1.04980,-10.30488,-109.14635,82.56097
122,611,-0.86572,-0.01367,1.02930,-11.89024,-110.00000,82.56097
123,616,-0.88086,-0.00635,1.00781,-13.59756,-110.48781,82.19512
124,621,-0.90479,-0.00879,0.98389,-15.12195,-110.67073,81.40244
125,625,-0.92920,-0.01855,0.96729,-16.28049,-110.79269,80.42683
126,631,-0.94531,-0.02637,0.93359,-17.31707,-110.54878,79.26830
127,636,-0.95801,-0.04443,0.89990,-17.62195,-109.57317,77.80488
128,641,-0.97021,-0.06885,0.86572,-17.01220,-108.41463,76.34147
129,646,-0.98438,-0.09814,0.83203,-15.48781,-107.07317,74.63415
130,651,-0.99365,-0.11572,0.79834,-13.35366,-105.36586,72.68293
131,656,-1.00146,-0.13379,0.76172,-10.60976,-103.53659,70.60976
132,661,-1.01465,-0.15381,0.74365,-7.74390,-101.34147,67.92683
133,665,-1.03809,-0.18311,0.73242,-4.20732,-99.26830,64.87805
134,671,-1.05078,-0.20410,0.69824,-0.60976,-97.80488,61.46342
135,676,-1.05127,-0.21924,0.66895,3.10976,-96.15854,57.98780
136,681,-1.04736,-0.23486,0.64551,6.70732,-94.14635,54.08537
137,686,-1.06055,-0.24609,0.62891,10.12195,-91.82927,50.00000
138,691,-1.08301,-0.25830,0.60645,12.92683,-89.51220,45.67073
139,696,-1.09619,-0.26123,0.56982,14.93902,-87.07317,41.21951
140,701,-1.10059,-0.26514,0.53662,16.34146,-84.57317,36.58537
141,706,-1.10107,-0.28125,0.50293,17.56098,-81.40244,31.58537
142,711,-1.11230,-0.30322,0.46680,18.47561,-77.80488,26.21951
143,716,-1.12598,-0.32471,0.42969,19.02439,-74.08537,20.54878
144,721,-1.13672,-0.34766,0.39893,19.63415,-70.06097,14.26829
145,726,-1.14355,-0.37354,0.35059,20.30488,-65.85366,7.74390
146,731,-1.14258,-0.38916,0.29883,20.73171,-61.52439,0.91463
147,736,-1.14160,-0.40381,0.24707,21.28049,-56.70732,-6.15854
148,741,-1.13867,-0.42090,0.20459,21.82927,-51.46342,-13.41463
149,746,-1.14160,-0.43115,0.16895,22.86585,-45.48780,-20.67073
150,750,-1.15332,-0.43359,0.14697,23.96342,-39.39024,-28.10976
151,756,-1.16162,-0.42285,0.12305,25.18293,-33.10976,-35.48780
152,761,-1.14502,-0.40527,0.09814,26.21951,-26.64634,-42.50000
153,766,-1.12891,-0.38574,0.09033,27.62195,-19.75610,-49.51220
154,771,-1.04736,-0.18604,-0.20068,26.76829,-10.97561,-56.34146
155,776,-1.54639,0.06299,-0.63867,-3.84146,40.42683,-65.42683
156,781,-0.72119,0.00830,-0.43652,-41.64634,77.43903,-64.81708
157,786,-0.19482,-0.27783,-0.57861,-51.70732,87.50000,-67.80488
158,790,0.00391,-0.54004,-0.11865,-26.40244,112.25610,-64.57317
159,796,0.10938,-0.18701,0.70166,-12.07317,138.35367,-52.62195
160,801,-0.24121,0.26709,1.49609,-13.41463,150.79269,-40.06098
161,806,-0.31396,0.41016,1.84717,-13.41463,141.58537,-35.42683
162,811,-0.39111,0.41992,1.76855,-15.36585,122.07317,-34.14634
163,816,-0.57812,0.36377,1.51562,-22.98781,103.41463,-33.90244
164,821,-0.52148,0.32910,1.07715,-31.15854,89.87805,-34.14634
165,826,-0.37402,0.20850,0.72314,-30.06098,91.46342,-31.76829
166,831,-0.31055,0.01660,0.63086,-28.10976,103.90244,-27.31707
167,836,-0.52002,-0.16260,0.87061,-24.69512,119.57317,-22.43903
168,841,-0.86084,-0.17041,1.36377,-24.69512,125.67074,-19.26829
169,846,-1.31934,0.06445,1.99365,-37.43903,112.56098,-22.13415
170,851,-1.89697,0.43896,2.48828,-73.59756,83.65854,-28.10976
171,856,-2.06445,0.28516,1.93750,-64.57317,37.19512,-29.87805
172,861,-1.19580,-0.29688,1.17188,-20.30488,2.56098,-16.76829
173,866,-0.03857,-0.20703,0.71973,-6.89024,-5.30488,-7.25610
174,871,0.02881,-0.13672,0.71094,-10.91463,9.45122,-3.90244
175,875,-0.16699,-0.10840,0.95801,-18.04878,21.21951,-5.42683
176,881,-0.47363,-0.04736,1.12109,-18.71951,24.02439,-6.70732
177,886,-0.60938,-0.08057,1.15576,-10.79268,18.53659,-3.59756
178,891,-0.41943,-0.14551,0.97461,-5.91463,10.18293,-2.37805
179,896,-0.41846,-0.18311,0.90234,-5.54878,7.62195,-1.89024
180,901,-0.43213,-0.10059,0.98096,-6.46341,6.21951,-1.70732
181,906,-0.35938,0.00732,0.94336,-7.25610,3.41463,-1.58537
182,911,-0.35498,0.05371,0.91748,-6.40244,2.56098,-1.03659
183,915,-0.40430,0.00684,0.94922,-5.24390,2.19512,-0.48780
184,921,-0.42822,-0.08398,0.95850,-4.39024,0.79268,-0.42683
185,926,-0.40088,-0.11328,0.94922,-4.14634,-0.48780,-0.67073
186,931,-0.38965,-0.07959,0.94287,-4.14634,-0.91463,-0.54878
187,936,-0.38184,-0.04053,0.92969,-4.02439,-1.09756,-0.60976
188,941,-0.38525,-0.04150,0.92871,-3.59756,-1.40244,-0.54878
189,946,-0.38379,-0.07520,0.92920,-2.86585,-1.40244,-0.18293
190,951,-0.38135,-0.10205,0.93506,-2.37805,-1.58537,0.12195
191,956,-0.37793,-0.10596,0.93164,-1.95122,-1.58537,0.60976
192,961,-0.36816,-0.07959,0.92480,-1.28049,-1.15854,0.97561
193,966,-0.35547,-0.04688,0.91162,-0.36585,-0.79268,1.64634
194,971,-0.35059,-0.04102,0.93506,1.15854,0.12195,2.43902
195,976,-0.36768,-0.06689,0.94678,3.23171,1.52439,2.86585
196,981,-0.38477,-0.09570,0.93555,4.39024,1.89024,3.10976
197,986,-0.37451,-0.07764,0.93066,4.63415,1.70732,3.04878
198,991,-0.35693,-0.04346,0.91699,4.87805,1.64634,2.98780
199,996,-0.35596,-0.03711,0.90674,4.87805,1.82927,2.86585
200,1000,-0.37012,-0.05420,0.91895,4.75610,2.13415,2.80488
201,1006,-0.37646,-0.06641,0.91895,4.32927,2.13415,2.62195
202,1011,-0.37451,-0.05664,0.91650,3.65854,1.82927,2.19512
203,1016,-0.36572,-0.04102,0.90723,3.29268,1.58537,2.07317
204,1021,-0.35352,-0.03906,0.90283,2.62195,1.46341,1.82927
205,1026,-0.35107,-0.03564,0.91016,2.37805,1.64634,1.70732
206,1031,-0.36035,-0.04541,0.91846,2.74390,2.25610,1.64634
207,1036,-0.36670,-0.05811,0.91699,2.86585,2.74390,1.46341
208,1040,-0.36328,-0.05664,0.92090,2.74390,2.92683,1.15854
209,1046,-0.36279,-0.06299,0.91748,2.31707,2.98780,1.09756
210,1051,-0.36475,-0.05713,0.91992,2.25610,3.23171,1.03659
211,1056,-0.36475,-0.06006,0.91992,2.86585,3.65854,1.15854
212,1061,-0.37158,-0.06934,0.92285,3.23171,3.90244,1.28049
213,1066,-0.37646,-0.07178,0.92529,3.04878,3.90244,1.28049
214,1071,-0.37598,-0.06543,0.92334,2.92683,3.53659,1.40244
215,1076,-0.37158,-0.06445,0.92480,2.80488,3.59756,1.40244
216,1081,-0.37158,-0.06445,0.92480,2.80488,3.59756,1.40244
217,1086,-0.36572,-0.05762,0.92090,2.25610,3.47561,1.46341
218,1091,-0.36670,-0.05518,0.91943,1.89024,3.53659,1.52439
219,1096,-0.36475,-0.05225,0.91064,1.70732,4.02439,1.58537
220,1101,-0.36572,-0.06348,0.90967,1.52439,4.26829,1.52439
221,1106,-0.37109,-0.06689,0.91553,1.09756,4.69512,1.34146
222,1111,-0.37109,-0.06689,0.91553,1.09756,4.69512,1.34146
223,1116,-0.36523,-0.06055,0.91260,0.67073,4.93902,1.03659
224,1121,-0.36768,-0.05615,0.91309,0.73171,5.24390,0.79268
225,1125,-0.37354,-0.05127,0.90576,0.60976,5.36585,0.48780
226,1131,-0.36377,-0.05176,0.90234,-0.06098,5.30488,0.18293
227,1136,-0.37061,-0.06006,0.90283,-0.06098,5.42683,0.00000
228,1141,-0.37061,-0.06006,0.90283,-0.06098,5.42683,0.00000
229,1146,-0.36670,-0.05420,0.90479,-0.73171,5.30488,-0.24390
230,1151,-0.36670,-0.04492,0.89795,-0.97561,5.18293,-0.42683
231,1156,-0.36865,-0.04736,0.89941,-1.46341,5.06098,-0.48780
232,1161,-0.37061,-0.05176,0.90430,-1.76829,4.87805,-0.79268
233,1165,-0.37207,-0.05469,0.90918,-2.25610,4.63415,-0.91463
234,1171,-0.37500,-0.05273,0.90137,-3.23171,3.65854,-0.67073
235,1176,-0.37500,-0.05273,0.90137,-3.23171,3.65854,-0.67073
236,1181,-0.37598,-0.05029,0.90723,-3.71951,3.47561,-1.03659
237,1186,-0.37109,-0.04785,0.90625,-4.14634,3.23171,-1.03659
238,1191,-0.37305,-0.05029,0.90625,-4.39024,3.10976,-1.15854
239,1196,-0.37744,-0.05713,0.90723,-4.57317,2.86585,-1.34146
240,1201,-0.37939,-0.05908,0.90576,-4.81707,2.37805,-1.40244
241,1206,-0.37939,-0.06006,0.90967,-4.93902,2.25610,-1.58537
242,1211,-0.38086,-0.05811,0.91309,-5.06098,1.89024,-1.64634
243,1216,-0.38037,-0.05518,0.90918,-4.93902,1.70732,-1.70732
244,1221,-0.37793,-0.05811,0.90918,-4.93902,1.46341,-1.76829
245,1226,-0.37744,-0.05811,0.91455,-4.69512,1.64634,-1.76829
246,1231,-0.37354,-0.05957,0.91650,-4.63415,1.64634,-1.82927
247,1236,-0.37891,-0.06201,0.91504,-4.75610,1.28049,-1.70732
248,1241,-0.37598,-0.06152,0.91113,-4.69512,1.46341,-1.64634
249,1246,-0.37793,-0.06250,0.91504,-4.51220,1.58537,-1.52439
250,1250,-0.37891,-0.06494,0.91602,-4.57317,1.40244,-1.28049
251,1256,-0.38281,-0.06299,0.91406,-4.32927,1.52439,-1.09756
252,1261,-0.38623,-0.06836,0.91064,-4.02439,1.70732,-1.03659
253,1266,-0.38428,-0.07227,0.91162,-3.90244,1.40244,-0.79268
254,1271,-0.38623,-0.06445,0.91455,-3.53659,1.28049,-0.54878
255,1276,-0.38574,-0.07031,0.91064,-3.35366,1.28049,-0.42683
256,1281,-0.38379,-0.07080,0.91309,-3.23171,1.03659,-0.18293
257,1286,-0.38086,-0.06396,0.91504,-3.10976,0.91463,-0.18293
258,1290,-0.38281,-0.06299,0.91309,-2.68293,0.73171,-0.18293
259,1296,-0.37891,-0.06201,0.91113,-2.43902,0.67073,-0.18293
260,1301,-0.37939,-0.06348,0.91162,-2.31707,0.67073,-0.18293
261,1306,-0.37354,-0.06250,0.91260,-2.25610,0.79268,-0.30488
262,1311,-0.37451,-0.06348,0.90479,-2.25610,0.79268,-0.54878
263,1316,-0.37598,-0.06152,0.90332,-2.31707,0.79268,-0.73171
264,1321,-0.37695,-0.06348,0.90479,-2.43902,0.67073,-0.91463
265,1326,-0.37500,-0.05859,0.90527,-2.50000,0.60976,-1.34146
266,1331,-0.37402,-0.06592,0.90869,-2.50000,0.67073,-1.58537
267,1336,-0.38037,-0.06494,0.90967,-2.25610,0.91463,-1.76829
268,1341,-0.37256,-0.06055,0.91162,-2.13415,0.97561,-1.89024
269,1346,-0.37549,-0.06641,0.91309,-1.95122,1.15854,-2.01220
270,1351,-0.37646,-0.06201,0.91211,-1.76829,1.28049,-2.07317
271,1356,-0.37500,-0.06543,0.90723,-1.64634,1.70732,-2.13415
272,1361,-0.38086,-0.06689,0.91260,-1.52439,2.01220,-2.07317
273,1366,-0.37842,-0.06494,0.91113,-1.40244,2.13415,-2.25610
274,1371,-0.37646,-0.05957,0.90869,-1.21951,2.37805,-2.25610
275,1375,-0.37842,-0.06689,0.90918,-1.21951,2.43902,-2.07317
276,1381,-0.37842,-0.06885,0.91309,-1.28049,2.68293,-2.13415
277,1386,-0.37695,-0.07031,0.91113,-1.15854,2.98780,-1.95122
278,1391,-0.38281,-0.06592,0.90625,-1.46341,3.10976,-1.89024
279,1396,-0.38330,-0.06543,0.90576,-1.34146,3.35366,-1.82927
280,1401,-0.38379,-0.06250,0.90820,-1.15854,3.53659,-1.82927
281,1406,-0.37793,-0.06494,0.90820,-1.28049,3.41463,-1.76829
282,1411,-0.38086,-0.06543,0.91016,-1.21951,3.71951,-1.95122
283,1415,-0.37598,-0.06201,0.90967,-1.15854,3.90244,-2.13415
284,1421,-0.37549,-0.06250,0.90820,-1.28049,4.02439,-2.43902
285,1426,-0.37646,-0.06250,0.90576,-1.34146,4.20732,-2.80488
286,1431,-0.38037,-0.06250,0.90527,-1.58537,4.39024,-3.04878
287,1436,-0.37988,-0.05859,0.90674,-1.76829,4.45122,-3.59756
288,1441,-0.37500,-0.05664,0.90869,-1.70732,4.45122,-3.84146
289,1446,-0.37549,-0.06104,0.90479,-1.76829,4.81707,-4.02439
290,1451,-0.37402,-0.06152,0.90869,-1.34146,5.12195,-4.39024
291,1456,-0.37549,-0.06396,0.90918,-1.46341,5.67073,-4.26829
292,1461,-0.37695,-0.06006,0.90723,-1.58537,6.58537,-4.26829
293,1466,-0.37744,-0.06445,0.90869,-1.03659,7.19512,-4.14634
294,1471,-0.37109,-0.06592,0.91260,-1.21951,8.04878,-4.26829
295,1476,-0.36914,-0.06445,0.90820,-1.34146,9.20732,-4.26829
296,1481,-0.37451,-0.06543,0.90723,-1.34146,10.30488,-4.20732
297,1486,-0.36816,-0.06543,0.90771,-1.34146,11.34146,-4.20732
298,1491,-0.37158,-0.06787,0.91357,-1.34146,12.50000,-4.14634
299,1496,-0.37549,-0.06494,0.92041,-1.15854,13.53659,-4.14634
300,1500,-0.37451,-0.06982,0.91357,-1.34146,14.69512,-4.39024
301,1506,-0.36621,-0.07275,0.91211,-0.97561,16.28049,-4.45122
302,1511,-0.35547,-0.06738,0.91406,-0.67073,17.98780,-4.63415
303,1516,-0.35400,-0.06982,0.91650,-0.73171,20.24390,-4.51220
304,1521,-0.36670,-0.09570,0.92236,-0.18293,22.74390,-4.32927
305,1526,-0.35742,-0.08643,0.91846,0.97561,24.81707,-4.51220
306,1531,-0.34375,-0.07129,0.91016,1.52439,27.80488,-4.57317
307,1536,-0.36719,-0.07520,0.91260,1.95122,31.40244,-4.32927
308,1540,-0.36768,-0.07275,0.91309,2.86585,33.65854,-4.39024
309,1546,-0.37158,-0.07520,0.91602,3.65854,35.73171,-4.26829
310,1551,-0.36719,-0.08154,0.91992,4.26829,38.59756,-3.78049
311,1556,-0.37598,-0.10205,0.92432,5.79268,41.82927,-3.23171
312,1561,-0.37500,-0.07129,0.90479,7.13415,44.75610,-3.17073
313,1566,-0.38330,-0.07764,0.90771,8.17073,47.86586,-2.80488
314,1571,-0.38770,-0.08008,0.91211,8.96342,50.73171,-2.50000
315,1576,-0.38721,-0.07666,0.91016,9.39024,53.47561,-2.37805
316,1581,-0.38818,-0.08154,0.91357,9.93902,56.64634,-1.89024
317,1586,-0.39795,-0.08789,0.90918,10.12195,60.24390,-1.21951
318,1591,-0.40479,-0.07959,0.90576,10.36585,63.47561,-0.73171
319,1596,-0.40723,-0.07080,0.90625,11.15854,66.46342,-0.67073
320,1601,-0.40967,-0.06641,0.91162,12.19512,69.69512,-0.48780
321,1606,-0.41113,-0.06689,0.90771,12.68293,73.47561,-0.48780
322,1611,-0.41113,-0.06445,0.90869,13.29268,77.80488,-0.60976
323,1616,-0.41650,-0.06787,0.92188,13.59756,82.19512,-0.60976
324,1621,-0.41357,-0.06689,0.91309,13.71951,86.52439,-0.67073
325,1625,-0.41650,-0.06494,0.92139,14.51220,91.76830,-0.79268
326,1631,-0.42236,-0.06104,0.92383,15.18293,96.95123,-1.03659
327,1636,-0.42480,-0.05225,0.90869,15.36585,101.76830,-1.46341
328,1641,-0.42676,-0.05420,0.90479,16.09756,107.13415,-1.95122
329,1646,-0.43115,-0.05371,0.90527,16.76829,112.80488,-2.80488
330,1651,-0.44531,-0.05811,0.90039,17.31707,118.96342,-3.59756
331,1656,-0.45508,-0.07178,0.91309,17.56098,125.79269,-4.26829
332,1661,-0.44385,-0.08154,0.92285,17.56098,133.10976,-4.63415
333,1665,-0.45654,-0.06738,0.93457,16.58537,141.52440,-4.93902
334,1671,-0.43750,-0.05664,0.91895,14.26829,150.48781,-5.42683
335,1676,-0.43359,-0.03711,0.90527,12.56098,160.30489,-6.21951
336,1681,-0.43848,-0.02832,0.90039,11.03659,170.79269,-8.47561
337,1686,-0.45605,-0.00879,0.89551,9.51220,181.58537,-12.50000
338,1691,-0.45410,0.00391,0.90039,7.37805,192.50000,-16.89024
339,1696,-0.49023,0.00098,0.87305,3.41463,204.08537,-21.34146
340,1701,-0.51660,-0.01953,0.86670,-0.12195,216.82927,-25.36585
341,1706,-0.53320,-0.00684,0.85547,-5.30488,230.54878,-29.63415
342,1711,-0.50732,0.01465,0.84717,-12.86585,245.24391,-33.90244
343,1716,-0.53027,0.02246,0.85107,-18.29268,259.39026,-38.35366
344,1721,-0.61133,0.06787,0.84375,-20.60976,271.46341,-42.56098
345,1726,-0.70166,0.08252,0.84814,-19.20732,281.76831,-45.54878
346,1731,-0.76318,0.05859,0.84473,-17.50000,291.03659,-48.59756
347,1736,-0.84717,0.02441,0.83984,-15.36585,300.73172,-50.67073
348,1741,-0.95312,0.00049,0.84229,-11.76829,308.78049,-51.76830
349,1746,-0.95312,0.00049,0.84229,-11.76829,308.78049,-51.76830
350,1750,-1.13574,0.00732,0.93701,-5.24390,314.69513,-49.57317
351,1756,-1.58984,0.00732,1.26318,20.42683,303.96341,-39.20732
352,1761,-1.63330,-0.04346,1.26318,32.80488,290.12195,-33.65854
353,1766,-1.45166,-0.06299,1.14941,38.17073,278.17075,-35.00000
354,1771,-1.32617,0.01074,1.09961,41.03659,270.97562,-37.37805
355,1776,-1.32617,0.01074,1.09961,41.03659,270.97562,-37.37805
356,1781,-1.21777,0.05127,1.07422,45.00000,266.40244,-37.43903
357,1786,-1.09961,0.09521,1.02002,53.53659,263.59756,-35.48780
358,1790,-1.12988,0.04736,1.12549,61.52439,262.19513,-34.75610
359,1796,-1.20508,0.25439,1.26611,66.21951,250.18294,-36.52439
360,1801,-1.32031,0.06250,1.36133,69.32927,240.06097,-39.14634
361,1806,-1.33301,-0.02295,1.27246,67.37805,226.46342,-48.41463
362,1811,-1.33301,-0.02295,1.27246,67.37805,226.46342,-48.41463
363,1816,-1.30469,0.05127,0.99023,60.54878,217.37805,-57.92683
364,1821,-1.20850,0.11426,0.86230,56.28049,214.93903,-66.09756
365,1826,-1.09521,0.16113,0.89355,52.86586,213.59756,-72.92683
366,1831,-1.00244,0.19775,1.01855,49.39024,210.18294,-78.96342
367,1836,-0.73389,0.16504,1.15625,42.62195,194.81708,-89.08537
368,1841,-0.73389,0.16504,1.15625,42.62195,194.81708,-89.08537
369,1846,-0.69678,0.17139,1.14893,36.82927,187.07318,-94.08537
370,1851,-0.58838,0.21729,1.06250,28.47561,177.19513,-98.29269
371,1856,-0.44043,0.26904,0.98682,17.74390,166.64635,-100.79269
372,1861,-0.00635,0.11670,1.20703,15.67073,154.57318,-99.81708
373,1866,-0.37988,-0.01416,1.07861,13.90244,133.41464,-99.75610
374,1871,-1.44824,0.33887,1.47559,5.00000,110.12196,-101.15854
375,1875,-1.35840,0.34912,2.06396,15.06098,63.29268,-90.42683
376,1881,-0.92822,0.18750,1.94385,24.20732,8.96342,-79.32927
377,1886,-0.67383,0.17480,1.64551,29.26829,-29.81707,-70.00000
378,1891,-0.44531,0.25928,1.39795,31.15854,-57.31707,-61.03659
379,1896,-0.18848,0.34131,1.08350,27.19512,-77.07317,-53.90244
380,1901,0.01270,0.34326,0.79736,20.54878,-86.82927,-47.80488
381,1906,0.12207,0.31885,0.61572,11.46342,-88.65854,-43.17073
382,1911,0.17432,0.30029,0.51123,0.36585,-86.34147,-39.69512
383,1915,0.18311,0.29248,0.46045,-11.89024,-81.64635,-36.52439
384,1921,0.14600,0.25342,0.44775,-22.62195,-76.15854,-32.56098
385,1926,0.10645,0.19727,0.45410,-30.12195,-71.95122,-27.68293
386,1931,0.07324,0.14844,0.47656,-33.96342,-69.87805,-21.70732
387,1936,0.03369,0.11621,0.51904,-34.63415,-69.57317,-14.45122
388,1941,-0.01318,0.09961,0.57422,-32.62195,-70.97561,-6.09756
389,1946,-0.06885,0.09082,0.63135,-28.84146,-74.39024,2.56098
390,1951,-0.10449,0.08936,0.67529,-24.26829,-80.00000,11.64634
391,1956,-0.12207,0.09570,0.69434,-20.12195,-86.46342,20.60976
392,1961,-0.13770,0.11377,0.70996,-17.19512,-93.41463,29.08537
393,1966,-0.15430,0.13135,0.72314,-15.79268,-100.36585,36.64634
394,1971,-0.17969,0.14111,0.73730,-16.03658,-107.62196,43.53659
395,1976,-0.20947,0.14600,0.75439,-17.92683,-114.57317,49.87805
396,1981,-0.24170,0.14160,0.77881,-20.97561,-121.70732,55.18293
397,1986,-0.28418,0.13037,0.80420,-24.39024,-129.51219,59.93903
398,1991,-0.32080,0.11816,0.82568,-28.17073,-137.68294,64.32927
399,1996,-0.36426,0.09277,0.84863,-31.76829,-145.97562,68.04878
400,2000,-0.40674,0.06250,0.86035,-34.39024,-154.69513,71.09756
401,2006,-0.44531,0.03271,0.86816,-36.34146,-163.78049,73.53659
402,2011,-0.47461,-0.00293,0.85596,-37.19512,-172.50000,74.87805
403,2016,-0.48145,-0.05371,0.83447,-36.46342,-180.73170,75.48781
404,2021,-0.48389,-0.10693,0.80371,-34.14634,-187.92683,74.87805
405,2026,-0.47656,-0.15918,0.78027,-29.81707,-193.53659,73.29269
406,2031,-0.47656,-0.21338,0.75928,-23.71951,-197.62196,70.85366
407,2036,-0.48193,-0.25195,0.75195,-16.52439,-200.48781,67.68293
408,2040,-0.48926,-0.27246,0.74512,-8.41463,-202.43903,63.84146
409,2046,-0.50195,-0.28467,0.75000,-0.60976,-203.78049,59.39024
410,2051,-0.52783,-0.28418,0.76660,6.21951,-204.69513,54.51220
411,2056,-0.55469,-0.27734,0.79004,12.07317,-205.79269,49.14634
412,2061,-0.58789,-0.26562,0.81592,16.40244,-207.01221,43.59756
413,2066,-0.62500,-0.24365,0.83740,19.08537,-208.65854,37.92683
414,2071,-0.65576,-0.21924,0.85400,20.36585,-210.36586,32.31707
415,2076,-0.67578,-0.19434,0.86523,20.97561,-212.19513,27.19512
416,2081,-0.68945,-0.17773,0.87451,20.79268,-213.78049,22.62195
417,2086,-0.70166,-0.16504,0.88281,20.67073,-214.93903,18.65854
418,2091,-0.70752,-0.14502,0.89160,20.97561,-215.67073,15.48781
419,2096,-0.71289,-0.12793,0.90088,21.64634,-216.28049,13.59756
420,2101,-0.71680,-0.11035,0.91162,22.62195,-216.40245,12.56098
421,2106,-0.72510,-0.08594,0.92236,24.32927,-216.28049,12.50000
422,2111,-0.73242,-0.06152,0.93701,26.09756,-215.67073,13.47561
423,2116,-0.74414,-0.03613,0.96094,27.92683,-214.69513,15.36585
424,2121,-0.76318,-0.01562,0.98779,29.87805,-213.29269,18.23171
425,2125,-0.79932,0.00098,1.02344,31.70732,-211.64635,21.89024
426,2131,-0.84570,0.01465,1.06104,33.23171,-210.42683,25.54878
427,2136,-0.89160,0.03857,1.09912,34.69512,-210.00000,29.26829
428,2141,-0.93945,0.06543,1.13086,35.36586,-210.00000,32.80488
429,2146,-0.99268,0.09326,1.16309,34.93903,-210.42683,36.40244
430,2151,-1.06104,0.12158,1.19531,33.59756,-211.15854,40.00000
431,2156,-1.12207,0.14697,1.22412,31.89025,-212.37805,43.53659
432,2161,-1.17480,0.16504,1.24023,30.06098,-214.51221,47.56098
433,2165,-1.22266,0.18799,1.24365,28.29268,-216.89024,52.19512
434,2171,-1.25977,0.20459,1.23047,26.28049,-218.78049,57.31707
435,2176,-1.30029,0.22852,1.20459,24.57317,-220.42683,63.10976
436,2181,-1.34473,0.25049,1.18994,22.98781,-221.21951,69.81708
437,2186,-1.39307,0.27197,1.16455,21.03659,-221.58537,77.25610
438,2191,-1.44824,0.27588,1.13818,19.20732,-221.46342,85.24390
439,2196,-1.49902,0.26270,1.10840,17.37805,-220.36586,93.29269
440,2201,-1.55957,0.23047,1.06836,15.97561,-218.41464,101.40244
441,2206,-1.60498,0.19385,1.02197,15.48781,-215.73172,109.45123
442,2211,-1.64404,0.13574,0.96826,15.85366,-212.25610,117.07317
443,2216,-1.67969,0.08936,0.92529,16.64634,-207.62196,124.14635
444,2221,-1.72754,0.04395,0.90186,16.95122,-202.37805,130.24391
445,2226,-1.79883,0.01562,0.87939,15.97561,-197.80489,134.57318
446,2231,-1.86084,0.00586,0.84961,13.47561,-194.45122,137.19513
447,2236,-1.90283,-0.01367,0.79248,8.90244,-192.13416,138.53659
448,2241,-1.91650,-0.04443,0.71240,2.37805,-190.30489,138.10976
449,2246,-1.91699,-0.09570,0.62109,-4.93902,-188.29269,135.97562
450,2250,-1.90381,-0.15869,0.51758,-12.13415,-185.54878,132.37805
451,2256,-1.85400,-0.21680,0.40430,-17.68293,-181.64635,127.19512
452,2261,-1.78516,-0.26611,0.27686,-21.21951,-175.85367,120.48781
453,2266,-1.69336,-0.31299,0.15430,-23.04878,-167.98781,112.74390
454,2271,-1.58789,-0.38037,0.04199,-22.86585,-157.56097,103.65854
455,2276,-1.55127,-0.48145,-0.06299,-19.45122,-144.39024,93.96342
456,2281,-1.58252,-0.56299,-0.12158,-12.56098,-130.24391,83.53659
457,2286,-1.64844,-0.61475,-0.15479,-3.35366,-116.82927,71.34147
458,2290,-1.74023,-0.64893,-0.19141,6.95122,-105.48781,58.04878
459,2296,-1.81152,-0.66602,-0.22266,17.74390,-96.52439,44.02439
460,2301,-1.85205,-0.67188,-0.27637,27.80488,-89.08537,30.00000
461,2306,-1.84814,-0.66064,-0.34717,36.76830,-81.70732,16.21951
462,2311,-1.80518,-0.63184,-0.43115,43.23171,-72.92683,3.59756
463,2316,-1.55664,-0.43652,-0.69531,45.06098,-60.36586,-8.41463
464,2321,-2.04199,-0.15137,-1.39014,12.01220,-6.64634,-27.92683
465,2326,-1.85742,-0.14355,-1.09375,-38.35366,49.57317,-43.65854
466,2331,-0.84131,-0.32373,-1.41797,-77.74390,60.73171,-60.54878
467,2336,-1.40137,-0.59082,-1.57080,-93.47561,101.58537,-77.13415
468,2341,-2.10449,-0.97119,-1.05176,-89.75610,146.09756,-82.50000
469,2346,-0.75684,-0.93359,-0.08594,-77.01220,165.97562,-77.01220
470,2351,0.48242,-0.36133,0.45605,-48.84146,175.12195,-62.62195
471,2356,-0.37012,0.06299,1.44775,-20.54878,200.60976,-44.57317
472,2361,-0.56689,0.16553,2.32129,-14.69512,192.50000,-33.84146
473,2366,-0.44678,0.22998,2.43115,-25.54878,160.60976,-32.50000
474,2371,-0.34082,0.45215,1.77441,-45.06098,128.65854,-38.59756
475,2375,-0.24854,0.47656,0.65576,-53.47561,122.07317,-51.89024
476,2381,-0.21826,0.13428,0.20508,-55.73171,147.25610,-56.89024
477,2386,-0.36816,-0.21191,0.55713,-58.23171,182.80489,-49.20732
478,2391,-1.45068,-0.46289,1.56201,-41.52439,202.50000,-29.75610
479,2396,-2.23633,0.14551,3.02441,-57.37805,172.56097,-18.10976
480,2401,-2.61963,0.99561,3.48877,-125.18293,114.39024,-30.48781
481,2406,-3.19189,-0.73584,2.02734,-73.65854,41.03659,-35.85366
482,2411,-1.29053,-0.80566,1.39355,-3.04878,-1.76829,-13.41463
483,2415,-1.29053,-0.80566,1.39355,-3.04878,-1.76829,-13.41463
484,2421,0.16406,-0.35791,0.76221,-2.74390,9.81707,-1.58537
485,2426,-0.25195,-0.01758,1.14941,-7.92683,20.42683,-2.31707
486,2431,-0.49512,0.19678,1.12598,-9.51220,18.17073,-1.89024
487,2436,-0.44434,0.09717,0.94043,-6.64634,12.07317,-0.91463
488,2441,-0.47900,-0.06543,0.92139,-4.63415,7.56098,-0.79268
489,2446,-0.47900,-0.06543,0.92139,-4.63415,7.56098,-0.79268
490,2451,-0.44629,-0.14697,0.94434,-4.93902,4.02439,-0.79268
491,2456,-0.37744,-0.07080,0.95361,-6.40244,1.52439,-1.09756
492,2461,-0.38184,0.00928,0.91309,-6.21951,0.06098,-0.60976
493,2466,-0.38086,-0.02441,0.90625,-6.40244,-0.79268,-1.34146
494,2471,-0.36670,-0.02393,0.91602,-7.37805,-1.70732,-2.19512
495,2476,-0.36670,-0.02393,0.91602,-7.37805,-1.70732,-2.19512
496,2481,-0.36572,-0.00049,0.93506,-7.92683,-1.64634,-2.80488
497,2486,-0.36621,-0.00781,0.93555,-7.50000,-1.40244,-2.92683
498,2491,-0.37598,-0.06689,0.94385,-6.64634,-1.21951,-2.80488
499,2496,-0.39014,-0.10254,0.95264,-5.97561,-1.21951,-2.50000
500,2500,-0.39404,-0.08789,0.94092,-5.85366,-1.46341,-2.31707
501,2506,-0.38818,-0.08594,0.94043,-4.63415,-2.25610,-1.46341
502,2511,-0.38818,-0.08594,0.94043,-4.63415,-2.25610,-1.46341
503,2516,-0.37988,-0.09521,0.94482,-4.26829,-2.43902,-0.85366
504,2521,-0.37695,-0.09180,0.94531,-3.65854,-2.68293,-0.12195
505,2526,-0.37500,-0.08643,0.94287,-2.98780,-2.92683,0.73171
506,2531,-0.37109,-0.07959,0.93408,-2.43902,-3.04878,1.40244
507,2536,-0.36963,-0.08057,0.92725,-2.01220,-3.17073,1.82927
508,2540,-0.36475,-0.08057,0.93164,-1.52439,-3.47561,2.31707
509,2546,-0.35938,-0.07031,0.93506,-1.40244,-3.59756,2.56098
510,2551,-0.35547,-0.06641,0.92676,-1.09756,-3.59756,2.68293
511,2556,-0.35400,-0.06885,0.92236,-0.73171,-3.17073,2.74390
512,2561,-0.35010,-0.07178,0.91992,-0.54878,-2.86585,2.80488
513,2566,-0.34912,-0.06982,0.91846,-0.67073,-2.19512,2.50000
514,2571,-0.35107,-0.05762,0.91748,-1.34146,-1.58537,2.07317
515,2576,-0.34717,-0.04395,0.91309,-1.64634,-0.85366,1.21951
516,2581,-0.34180,-0.04736,0.91895,-1.64634,-0.24390,0.67073
517,2586,-0.34912,-0.05859,0.92334,-1.64634,0.48780,0.30488
518,2591,-0.34668,-0.06982,0.92285,-1.52439,0.91463,-0.18293
519,2596,-0.34619,-0.06152,0.91992,-1.21951,1.21951,-0.24390
520,2601,-0.34473,-0.05469,0.92285,-1.09756,1.58537,-0.36585
521,2606,-0.35010,-0.06641,0.92432,-0.85366,2.13415,-0.54878
522,2611,-0.35449,-0.07422,0.92432,-0.48780,2.68293,-0.54878
523,2616,-0.35742,-0.06543,0.92432,-0.36585,2.98780,-0.67073
524,2621,-0.35254,-0.06445,0.92432,-0.12195,3.35366,-0.97561
525,2625,-0.35205,-0.07178,0.92920,0.36585,3.71951,-0.85366
526,2631,-0.34961,-0.06934,0.92578,0.30488,4.20732,-0.91463
527,2636,-0.35303,-0.06396,0.92432,0.48780,4.69512,-1.15854
528,2641,-0.35791,-0.06934,0.92578,0.85366,5.18293,-1.09756
529,2646,-0.35693,-0.07422,0.92578,1.15854,5.60976,-1.21951
530,2651,-0.35986,-0.07031,0.92139,1.28049,5.67073,-1.15854
531,2656,-0.35352,-0.06787,0.92725,1.58537,5.91463,-1.21951
532,2661,-0.35498,-0.06738,0.92627,1.70732,6.21951,-1.21951
533,2665,-0.35840,-0.06445,0.92236,1.82927,6.46341,-1.15854
534,2671,-0.36475,-0.06836,0.92139,2.13415,6.70732,-1.09756
535,2676,-0.36621,-0.06982,0.91748,2.07317,6.76829,-1.28049
536,2681,-0.36523,-0.07275,0.91455,2.07317,6.76829,-1.15854
537,2686,-0.36279,-0.06836,0.91943,1.89024,6.76829,-1.15854
538,2691,-0.36719,-0.06787,0.91846,1.64634,6.95122,-1.03659
539,2696,-0.37256,-0.06787,0.91357,1.46341,7.01220,-1.21951
540,2701,-0.37256,-0.07275,0.91357,1.15854,6.82927,-1.28049
541,2706,-0.37402,-0.07031,0.91748,1.09756,6.58537,-1.21951
542,2711,-0.37451,-0.07227,0.91455,0.91463,6.21951,-0.97561
543,2716,-0.37695,-0.07520,0.91309,0.54878,6.09756,-0.91463
544,2721,-0.37646,-0.07422,0.90771,0.36585,5.48780,-0.97561
545,2726,-0.37158,-0.06299,0.90576,0.30488,5.06098,-0.73171
546,2731,-0.36768,-0.06445,0.90479,0.36585,5.00000,-0.54878
547,2736,-0.36475,-0.06152,0.91064,0.24390,4.75610,-0.30488
548,2741,-0.36572,-0.05762,0.91504,0.30488,4.75610,-0.30488
549,2746,-0.36572,-0.06201,0.91504,0.42683,4.81707,-0.30488
550,2750,-0.36621,-0.07227,0.92139,0.42683,4.93902,-0.30488
551,2756,-0.36816,-0.08252,0.92627,0.12195,5.00000,-0.42683
552,2761,-0.36865,-0.08154,0.92529,-0.24390,5.24390,-0.73171
553,2766,-0.36523,-0.07275,0.91748,-0.42683,5.36585,-0.85366
554,2771,-0.36035,-0.06104,0.91309,-0.67073,5.67073,-1.09756
555,2776,-0.36328,-0.06396,0.91162,-0.73171,6.09756,-1.40244
556,2781,-0.37061,-0.07227,0.91064,-0.79268,6.28049,-1.82927
557,2786,-0.36670,-0.06787,0.91699,-0.85366,6.58537,-2.25610
558,2790,-0.36816,-0.07031,0.91504,-0.48780,7.13415,-2.43902
559,2796,-0.36963,-0.07324,0.91748,-0.18293,7.43902,-2.56098
560,2801,-0.37402,-0.06836,0.91455,0.00000,7.92683,-2.68293
561,2806,-0.37061,-0.06494,0.91455,0.36585,8.29268,-2.62195
562,2811,-0.36768,-0.06494,0.91895,0.91463,8.47561,-2.98780
563,2816,-0.36621,-0.06299,0.91797,0.97561,8.65854,-3.04878
564,2821,-0.35986,-0.06445,0.91260,0.79268,9.26829,-2.92683
565,2826,-0.37305,-0.06738,0.91406,1.03659,9.93902,-3.10976
566,2831,-0.37305,-0.06885,0.92090,0.97561,10.54878,-3.04878
567,2836,-0.36914,-0.06689,0.91797,1.21951,11.03659,-2.92683
568,2841,-0.36719,-0.06152,0.91309,1.34146,11.70732,-3.04878
569,2846,-0.37451,-0.06299,0.91406,1.40244,12.56098,-3.10976
570,2851,-0.38184,-0.06250,0.90967,1.34146,13.04878,-3.23171
571,2856,-0.36865,-0.06299,0.91211,1.28049,13.29268,-3.29268
572,2861,-0.36475,-0.06201,0.91504,1.15854,14.26829,-3.35366
573,2866,-0.37598,-0.06836,0.91455,1.21951,15.24390,-3.35366
574,2871,-0.37402,-0.05908,0.91504,1.09756,15.79268,-3.53659
575,2875,-0.37256,-0.06738,0.90771,0.79268,16.64634,-3.71951
576,2881,-0.37158,-0.07715,0.91455,1.03659,17.56098,-3.78049
577,2886,-0.35498,-0.07959,0.91602,1.52439,18.84146,-3.84146
578,2891,-0.36377,-0.05225,0.91309,1.70732,21.15854,-3.96341
579,2896,-0.37158,-0.07080,0.91602,1.76829,22.86585,-3.84146
580,2901,-0.37939,-0.06836,0.91602,1.76829,24.14634,-3.96341
581,2906,-0.38184,-0.06836,0.90869,1.89024,25.24390,-4.02439
582,2911,-0.38184,-0.06787,0.91016,1.89024,26.46342,-4.08537
583,2915,-0.37012,-0.06689,0.91162,1.70732,28.10976,-4.20732
584,2921,-0.37939,-0.06689,0.90625,1.58537,29.87805,-4.20732
585,2926,-0.39258,-0.07324,0.90137,1.89024,31.52439,-4.08537
586,2931,-0.39404,-0.07422,0.90430,2.37805,32.74390,-3.84146
587,2936,-0.39453,-0.07617,0.90967,2.62195,33.96342,-3.78049
588,2941,-0.39404,-0.07959,0.90771,2.98780,35.30488,-3.47561
589,2946,-0.39062,-0.07520,0.90186,3.35366,36.82927,-3.35366
590,2951,-0.39941,-0.06885,0.90381,3.84146,38.23171,-3.23171
591,2956,-0.40674,-0.07373,0.90088,4.32927,39.51220,-3.41463
592,2961,-0.40332,-0.07275,0.89600,4.51220,40.91463,-3.29268
593,2966,-0.40967,-0.07129,0.89160,4.81707,42.43903,-2.92683
594,2971,-0.41406,-0.07471,0.89746,4.93902,43.96342,-2.62195
595,2976,-0.41309,-0.07422,0.89697,5.18293,45.60976,-2.56098
596,2981,-0.42236,-0.07080,0.89551,5.67073,47.13415,-2.31707
597,2986,-0.42285,-0.07715,0.89551,5.97561,48.71951,-2.19512
598,2991,-0.42822,-0.07324,0.89209,6.28049,50.18293,-2.13415
599,2996,-0.43457,-0.07275,0.88574,7.31707,51.82927,-1.89024
600,3000,-0.44434,-0.07373,0.88867,7.74390,53.47561,-2.01220
601,3006,-0.44043,-0.07520,0.88477,8.41463,54.81707,-2.19512
602,3011,-0.44336,-0.07275,0.88135,9.20732,56.34146,-2.19512
603,3016,-0.44727,-0.07031,0.88037,9.39024,58.17073,-2.07317
604,3021,-0.45850,-0.07373,0.87988,10.12195,59.87805,-2.01220
605,3026,-0.46436,-0.07617,0.87744,10.67073,61.58537,-1.70732
606,3031,-0.46875,-0.07520,0.87842,11.09756,63.17073,-1.52439
607,3036,-0.46777,-0.07715,0.87012,11.34146,64.63415,-1.09756
608,3040,-0.47070,-0.07520,0.87305,11.52439,66.95122,-0.85366
609,3046,-0.47803,-0.07568,0.87402,11.58537,69.02439,-0.73171
610,3051,-0.48340,-0.07471,0.86475,11.64634,71.15854,-0.60976
611,3056,-0.49219,-0.06885,0.85938,11.76829,73.41463,-0.42683
612,3061,-0.48828,-0.06494,0.86035,12.01220,75.54878,-0.36585
613,3066,-0.49268,-0.06934,0.86182,11.95122,77.86585,-0.36585
614,3071,-0.49902,-0.06738,0.85986,12.07317,80.36585,-0.24390
615,3076,-0.49512,-0.06006,0.85645,11.95122,83.10976,-0.06098
616,3081,-0.49512,-0.06006,0.85645,11.95122,83.10976,-0.06098
617,3086,-0.50000,-0.03906,0.85596,11.40244,89.63415,-0.91463
618,3091,-0.49561,-0.03662,0.85547,10.85366,93.29269,-1.82927
619,3096,-0.49902,-0.02979,0.86035,10.30488,97.68293,-3.53659
620,3101,-0.49023,-0.02686,0.86182,9.32927,102.56098,-5.30488
621,3106,-0.49414,-0.03174,0.86670,7.86585,107.62196,-7.01220
622,3111,-0.50000,-0.03418,0.85889,6.28049,113.47561,-8.65854
623,3116,-0.50000,-0.03418,0.85889,6.28049,113.47561,-8.65854
624,3121,-0.49902,-0.03467,0.87061,5.06098,119.93903,-10.42683
625,3125,-0.50244,-0.03027,0.86572,3.10976,126.70732,-12.37805
626,3131,-0.50830,-0.01367,0.87500,-1.82927,142.98781,-17.43902
627,3136,-0.50537,-0.01758,0.86914,-4.69512,151.58537,-20.18293
628,3141,-0.52734,-0.03125,0.86084,-7.56098,161.89024,-23.41463
629,3146,-0.52734,-0.03125,0.86084,-7.56098,161.89024,-23.41463
630,3151,-0.52930,-0.02197,0.85938,-11.15854,173.29269,-26.52439
631,3156,-0.54395,-0.02246,0.85596,-14.51220,185.30489,-29.32927
632,3161,-0.55322,-0.01807,0.85254,-16.46342,197.62196,-31.40244
633,3165,-0.55518,-0.01123,0.85645,-17.62195,209.87805,-33.71951
634,3171,-0.61914,0.01660,0.86328,-19.81707,236.82927,-39.51220
635,3176,-0.61914,0.01660,0.86328,-19.81707,236.82927,-39.51220
636,3181,-0.65771,0.02588,0.83887,-21.28049,250.36586,-42.68293
637,3186,-0.74072,0.01514,0.81787,-20.54878,264.39026,-45.85366
638,3191,-0.87842,0.04297,0.87305,-17.80488,277.37805,-47.86586
639,3196,-1.00439,0.02441,0.91357,-13.65854,286.95123,-47.92683
640,3201,-1.17090,-0.00049,1.00098,-7.56098,292.50000,-45.97561
641,3206,-1.31738,0.00537,1.12207,3.53659,292.07318,-41.95122
642,3211,-1.42725,-0.02588,1.23486,18.84146,286.64636,-35.18293
643,3216,-1.38916,-0.12207,1.17871,35.24390,277.37805,-30.42683
644,3221,-1.30469,-0.10693,1.02002,48.29268,270.91464,-28.53659
645,3226,-1.21338,-0.02100,0.98877,59.08537,268.29269,-25.54878
646,3231,-1.07861,0.03125,0.89209,71.64634,266.95123,-21.15854
647,3236,-1.05176,0.10938,0.99170,84.93903,268.47562,-15.91463
648,3241,-1.11572,0.03125,1.09033,92.50000,266.89026,-15.97561
649,3246,-1.06494,-0.00146,1.00098,92.25610,261.70734,-21.09756
650,3250,-1.07568,0.02832,1.06494,87.92683,258.78049,-27.62195
651,3256,-1.15527,0.09521,1.16064,84.87805,252.74391,-31.28049
652,3261,-1.24805,0.00244,1.16553,86.76830,242.37805,-35.48780
653,3266,-1.31738,-0.02930,1.05908,87.50000,231.28049,-42.37805
654,3271,-1.33838,0.08887,0.85107,84.39024,223.71951,-49.87805
655,3276,-1.27979,0.15430,0.76758,81.82927,220.91464,-56.70732
656,3281,-1.20654,0.16699,0.82227,78.65854,218.35367,-64.39024
657,3286,-1.12305,0.15137,0.94873,75.42683,212.37805,-71.64634
658,3290,-0.97754,0.14014,1.06592,72.19512,203.47562,-78.47561
659,3296,-0.83887,0.11963,1.10449,69.45122,194.93903,-84.75610
660,3301,-0.76953,0.09082,1.09521,66.82927,187.92683,-90.73171
661,3306,-0.66260,0.10547,1.04102,63.17073,179.81708,-96.21951
662,3311,-0.50781,0.14551,0.88086,57.80488,170.00000,-99.93903
663,3316,-0.39697,0.19238,0.68848,50.30488,161.46342,-102.25610
664,3321,-0.21826,0.08984,0.81982,49.57317,153.35367,-103.71951
665,3326,0.08447,-0.37988,0.95312,61.28049,132.86586,-107.13415
666,3331,-1.21387,-0.03711,1.07080,56.89024,110.91463,-117.13415
667,3336,-1.52539,0.20166,1.98193,64.14634,75.91463,-112.37805
668,3341,-1.16211,0.07373,2.02539,78.23171,20.12195,-103.29269
669,3346,-0.84131,0.09277,1.68994,86.64635,-25.00000,-95.85366
670,3351,-0.55859,0.24707,1.41162,86.89024,-56.40244,-88.23171
671,3356,-0.31006,0.38916,1.12305,79.69512,-79.14635,-80.42683
672,3361,-0.14258,0.43262,0.84766,68.65854,-94.26830,-72.68293
673,3366,-0.03125,0.44141,0.68018,54.26830,-101.64635,-65.67073
674,3371,0.01611,0.43018,0.57129,36.82927,-103.78049,-59.32927
675,3375,0.05078,0.43701,0.51074,17.07317,-102.37805,-52.80488
676,3381,0.06641,0.43750,0.46338,-3.04878,-98.47561,-45.42683
677,3386,0.05615,0.38184,0.44092,-20.42683,-93.96342,-37.13415
678,3391,0.04346,0.30225,0.43994,-33.65854,-90.91463,-27.86585
679,3396,0.02490,0.23389,0.45020,-42.19512,-89.57317,-17.37805
680,3401,-0.01855,0.17236,0.48828,-45.67073,-89.75610,-5.85366
681,3406,-0.07031,0.11377,0.52588,-44.45122,-91.82927,6.64634
682,3411,-0.10938,0.06396,0.55566,-39.87805,-95.54878,19.20732
683,3415,-0.13428,0.04004,0.57666,-33.35366,-100.18293,31.40244
684,3421,-0.15283,0.02832,0.59473,-26.15854,-105.42683,43.10976
685,3426,-0.17236,0.02344,0.61719,-19.32927,-110.67073,53.53659
686,3431,-0.20117,0.01123,0.64209,-13.71951,-116.34147,63.04878
687,3436,-0.24756,0.00684,0.67188,-10.30488,-122.25610,71.40244
688,3441,-0.32471,0.00293,0.70947,-8.35366,-128.78049,78.17073
689,3446,-0.40039,-0.00488,0.74316,-8.65854,-136.52440,83.35366
690,3451,-0.46777,-0.01123,0.76660,-11.09756,-145.30489,86.82927
691,3456,-0.51953,-0.02295,0.78467,-15.06098,-154.81708,88.90244
692,3461,-0.55029,-0.04834,0.78662,-19.69512,-164.26830,89.39024
693,3466,-0.57080,-0.08691,0.77148,-24.39024,-172.92683,88.65854
694,3471,-0.57764,-0.13525,0.75049,-27.92683,-180.54878,86.64635
695,3476,-0.58594,-0.19629,0.73291,-29.75610,-187.01221,83.84147
696,3481,-0.58936,-0.25684,0.71436,-29.32927,-192.25610,80.12196
697,3486,-0.59326,-0.29590,0.70020,-26.76829,-196.52440,75.91463
698,3491,-0.60791,-0.32520,0.68896,-22.50000,-199.81708,71.03659
699,3496,-0.62891,-0.33887,0.68018,-17.13415,-202.50000,65.67073
700,3500,-0.64893,-0.33447,0.67480,-11.64634,-204.51221,60.18293
701,3506,-0.67236,-0.31592,0.67480,-6.64634,-205.97562,54.63415
702,3511,-0.69873,-0.28955,0.67822,-2.62195,-207.25610,49.02439
703,3516,-0.72656,-0.25439,0.68701,-0.06098,-208.17073,43.65854
704,3521,-0.75879,-0.20996,0.69238,1.15854,-208.84146,38.65854
705,3526,-0.78906,-0.16748,0.70117,0.85366,-209.26830,34.32927
706,3531,-0.81494,-0.12451,0.70605,-0.54878,-209.63416,30.79268
707,3536,-0.83545,-0.08447,0.71289,-2.74390,-209.51221,28.47561
708,3540,-0.84473,-0.04639,0.71143,-5.48780,-209.20732,27.19512
709,3546,-0.85547,-0.01562,0.71582,-8.59756,-208.41464,27.07317
710,3551,-0.85938,0.00781,0.71436,-11.58537,-207.07318,27.92683
711,3556,-0.86133,0.02393,0.71484,-13.78049,-205.30489,29.87805
712,3561,-0.87305,0.03467,0.72314,-15.12195,-203.04878,32.43903
713,3566,-0.87891,0.05176,0.72314,-15.54878,-200.73170,35.67073
714,3571,-0.88428,0.06396,0.72510,-15.18293,-198.47562,39.57317
715,3576,-0.88672,0.08105,0.73340,-14.08537,-195.79269,44.02439
716,3581,-0.89014,0.09863,0.73828,-12.56098,-192.92683,48.96342
717,3586,-0.90234,0.11816,0.74951,-10.91463,-190.12195,54.20732
718,3591,-0.91602,0.14307,0.76074,-9.20732,-187.13416,59.87805
719,3596,-0.92920,0.16211,0.76953,-8.04878,-184.08537,65.67073
720,3601,-0.94922,0.18164,0.78857,-7.19512,-180.97562,71.64634
721,3606,-0.96875,0.20117,0.78809,-6.76829,-177.86586,77.74390
722,3611,-0.97656,0.20703,0.78125,-7.13415,-174.32927,83.59756
723,3616,-1.03613,0.19971,0.76855,-7.68293,-170.06097,89.81708
724,3621,-1.16162,0.17676,0.79248,-8.59756,-164.51219,95.24390
725,3625,-1.13672,0.16895,0.90771,-9.69512,-162.01219,100.18293
726,3631,-1.19385,0.16260,0.86816,-11.28049,-161.58537,104.93903
727,3636,-1.20996,0.14697,0.85254,-13.41463,-159.51219,108.96342
728,3641,-1.23193,0.16309,0.89844,-16.40244,-157.13416,113.53659
729,3646,-1.24609,0.18799,0.92969,-18.65854,-156.52440,118.59756
730,3651,-1.34766,0.18652,0.91064,-20.79268,-156.52440,123.59756
731,3656,-1.42090,0.15625,0.88086,-23.65854,-155.18294,127.62196
732,3661,-1.47900,0.11865,0.93408,-26.46342,-153.65854,131.34146
733,3665,-1.52148,0.09082,0.95557,-28.29268,-154.57318,134.63416
734,3671,-1.54199,0.06006,0.93164,-30.12195,-155.97562,137.13416
735,3676,-1.55566,0.03662,0.91016,-32.25610,-157.07318,138.59756
736,3681,-1.56934,0.01465,0.88135,-35.30488,-158.17073,138.78049
737,3686,-1.58887,-0.00830,0.84326,-38.96342,-158.84146,137.80489
738,3691,-1.60986,-0.02930,0.78906,-43.35366,-159.14635,135.48781
739,3696,-1.60889,-0.05371,0.72266,-48.47561,-158.96342,131.82927
740,3701,-1.59180,-0.09082,0.64941,-53.29268,-157.86586,126.64635
741,3706,-1.56299,-0.13721,0.56982,-57.31707,-155.60976,120.18293
742,3711,-1.51318,-0.18018,0.49023,-60.06098,-152.19513,112.43903
743,3716,-1.45508,-0.22852,0.42773,-60.73171,-147.43903,103.90244
744,3721,-1.41260,-0.26709,0.38525,-59.75610,-141.40244,94.39024
745,3726,-1.36670,-0.29834,0.35645,-57.07317,-134.75610,84.02439
746,3731,-1.32031,-0.32471,0.32520,-51.76830,-128.04878,73.10976
747,3736,-1.26611,-0.35449,0.29688,-44.26830,-120.79269,61.95122
748,3741,-1.23438,-0.38770,0.27490,-34.69512,-113.04878,50.97561
749,3746,-1.25488,-0.42139,0.27881,-22.98781,-105.36586,40.36586
750,3750,-1.25488,-0.42139,0.27881,-22.98781,-105.36586,40.36586
751,3756,-1.29932,-0.45508,0.25928,3.41463,-93.23171,18.65854
752,3761,-1.29199,-0.46436,0.24463,16.52439,-88.35366,7.86585
753,3766,-1.28662,-0.49219,0.23389,29.63415,-83.84147,-2.68293
754,3771,-1.28613,-0.51562,0.22217,42.31707,-79.51220,-12.98781
755,3776,-1.28760,-0.52686,0.20850,54.20732,-75.00000,-23.41463
756,3781,-1.28760,-0.52686,0.20850,54.20732,-75.00000,-23.41463
757,3786,-1.28564,-0.52051,0.18652,63.59756,-70.73171,-34.02439
758,3790,-1.26904,-0.49951,0.15771,69.57317,-66.58537,-44.69512
759,3796,-1.24170,-0.42578,0.10889,71.09756,-57.13415,-66.21951
760,3801,-1.24512,-0.39551,0.09912,67.50000,-51.46342,-76.95122
761,3806,-1.24365,-0.37012,0.08496,62.01220,-45.91463,-87.62196
762,3811,-1.24365,-0.37012,0.08496,62.01220,-45.91463,-87.62196
763,3816,-1.23242,-0.35547,0.06592,55.73171,-39.87805,-98.10976
764,3821,-1.19922,-0.33496,0.06885,48.47561,-32.98780,-108.17073
765,3826,-1.16943,-0.31934,0.07617,41.40244,-24.93903,-117.80488
766,3831,-1.14795,-0.33350,0.08740,36.28049,-17.62195,-126.40244
767,3836,-1.26855,0.70654,-0.50635,-20.48780,23.23171,-147.98781
768,3841,-1.15088,0.03027,-0.16699,-86.82927,70.73171,-152.01219
769,3846,-1.15088,0.03027,-0.16699,-86.82927,70.73171,-152.01219
770,3851,-0.22168,-0.53906,-0.14893,-106.28049,77.37805,-154.81708
771,3856,-0.07129,-0.72217,-0.10400,-72.37805,94.87805,-139.14635
772,3861,-0.48486,-0.74561,0.59961,-11.76829,117.86586,-103.35366
773,3866,0.02881,-0.09863,1.33594,29.26829,118.59756,-66.76830
774,3871,-0.18066,0.56006,1.62939,38.47561,118.78049,-33.29268
775,3875,-0.54150,1.01709,1.67188,19.57317,116.28049,-16.40244
776,3881,-0.46533,1.09521,1.43408,-8.84146,103.29269,-22.07317
777,3886,-0.71826,0.77441,1.26416,-29.69512,99.02439,-37.31707
778,3891,-1.55078,0.91992,1.95996,-70.24390,94.87805,-50.67073
779,3896,-1.25977,1.34180,2.05713,-122.68293,71.21951,-56.15854
780,3901,-1.62598,0.13818,1.23877,-76.40244,42.50000,-31.76829
781,3906,-1.52832,-0.78613,0.99707,-23.59756,23.47561,-7.37805
782,3911,-0.79248,-0.80078,1.27393,-16.76829,12.80488,-8.47561
783,3915,-0.57764,-0.74023,1.43457,-9.81707,1.82927,-3.17073
784,3921,-0.26660,-0.39258,1.22217,-4.87805,-5.73171,-2.98780
785,3926,-0.23730,0.13086,0.96973,-3.23171,-2.25610,-2.62195
786,3931,-0.33594,0.35156,0.88574,-2.56098,2.19512,-0.42683
787,3936,-0.39111,0.15527,0.88379,-2.56098,3.59756,1.70732
788,3941,-0.41162,-0.15576,0.95410,-1.95122,2.07317,2.62195
789,3946,-0.40918,-0.28271,0.99512,-1.89024,-0.54878,1.89024
790,3951,-0.38135,-0.15967,0.95410,-3.17073,-2.43902,0.97561
791,3956,-0.36182,0.02686,0.90039,-4.39024,-3.10976,0.48780
792,3961,-0.35889,0.10449,0.88623,-4.69512,-3.17073,0.48780
793,3966,-0.35986,0.04346,0.89795,-3.90244,-3.17073,0.54878
794,3971,-0.37158,-0.07520,0.92529,-3.17073,-3.17073,0.67073
795,3976,-0.38086,-0.10840,0.93262,-2.80488,-3.10976,0.54878
796,3981,-0.36377,-0.04785,0.93164,-2.74390,-3.10976,0.42683
797,3986,-0.36816,-0.02686,0.93115,-1.52439,-2.62195,1.21951
798,3991,-0.37207,-0.06250,0.93213,-0.54878,-2.25610,1.58537
799,3996,-0.37207,-0.09375,0.93848,-0.24390,-2.01220,1.52439
800,4000,-0.36670,-0.09180,0.93994,0.06098,-1.95122,1.58537
801,4006,-0.35889,-0.05811,0.93994,0.42683,-1.03659,1.28049
802,4011,-0.36475,-0.05029,0.93750,1.70732,0.06098,1.03659
803,4016,-0.36963,-0.05322,0.93994,3.47561,0.73171,0.91463
804,4021,-0.36963,-0.06641,0.93652,4.87805,1.09756,0.85366
805,4026,-0.36621,-0.07568,0.92773,5.91463,1.21951,0.97561
806,4031,-0.36768,-0.07178,0.92773,6.09756,1.28049,1.34146
807,4036,-0.36621,-0.06543,0.92432,6.15854,1.34146,1.58537
808,4040,-0.35645,-0.06299,0.92236,6.15854,1.40244,1.95122
809,4046,-0.35303,-0.05225,0.91895,5.97561,1.58537,2.19512
810,4051,-0.34668,-0.03760,0.91064,5.97561,1.70732,2.56098
811,4056,-0.34326,-0.03906,0.90674,6.09756,1.95122,2.62195
812,4061,-0.34717,-0.04199,0.91602,5.67073,2.37805,2.56098
813,4066,-0.34570,-0.03369,0.91797,5.54878,2.74390,2.50000
814,4071,-0.35107,-0.03027,0.91260,5.91463,3.35366,2.56098
815,4076,-0.35498,-0.02441,0.91260,6.28049,3.59756,2.74390
816,4081,-0.34717,-0.02051,0.92188,7.01220,3.96341,2.80488
817,4086,-0.34717,-0.03320,0.92578,7.80488,4.57317,3.23171
818,4091,-0.35303,-0.06006,0.92627,8.17073,5.48780,3.47561
819,4096,-0.35303,-0.06494,0.93018,8.10976,6.40244,3.47561
820,4101,-0.37256,-0.07666,0.93506,7.92683,6.64634,3.47561
821,4106,-0.37695,-0.08887,0.90967,7.62195,6.40244,3.47561
822,4111,-0.36182,-0.05518,0.91260,6.58537,5.97561,3.47561
823,4116,-0.35742,-0.04248,0.91406,5.91463,5.91463,2.92683
824,4121,-0.36230,-0.04346,0.91016,5.73171,6.09756,2.56098
825,4125,-0.36768,-0.04785,0.90723,5.18293,6.09756,2.25610
826,4131,-0.37061,-0.04834,0.90967,4.81707,5.67073,2.19512
827,4136,-0.36816,-0.05127,0.90723,4.26829,5.30488,2.13415
828,4141,-0.36914,-0.05566,0.91064,3.78049,5.06098,1.95122
829,4146,-0.36523,-0.05078,0.90430,3.23171,4.93902,1.58537
830,4151,-0.37109,-0.05029,0.90479,2.50000,4.75610,1.58537
831,4156,-0.37500,-0.05225,0.91260,2.25610,4.51220,1.28049
832,4161,-0.37012,-0.05029,0.91016,1.76829,4.02439,0.91463
833,4165,-0.36914,-0.05322,0.91113,1.03659,3.78049,0.60976
834,4171,-0.37207,-0.05420,0.91016,0.42683,3.84146,0.18293
835,4176,-0.37793,-0.06982,0.90674,-0.24390,3.29268,-0.36585
836,4181,-0.37451,-0.05957,0.89746,-1.52439,2.37805,-1.21951
837,4186,-0.35107,-0.00293,0.89258,-2.98780,1.46341,-1.82927
838,4191,-0.34863,-0.01807,0.89160,-3.29268,1.40244,-2.01220
839,4196,-0.37012,-0.05127,0.90967,-3.47561,1.70732,-2.13415
840,4201,-0.36328,-0.03467,0.90967,-4.08537,1.40244,-2.25610
841,4206,-0.35645,-0.04102,0.90039,-4.26829,1.64634,-2.01220
842,4211,-0.36670,-0.04736,0.90283,-4.57317,2.01220,-1.95122
843,4216,-0.37012,-0.04932,0.90234,-4.81707,1.89024,-1.95122
844,4221,-0.37061,-0.05078,0.90479,-5.18293,1.82927,-2.07317
845,4226,-0.37061,-0.05225,0.90430,-5.48780,1.64634,-1.82927
846,4231,-0.37158,-0.05518,0.90430,-5.60976,1.64634,-1.82927
847,4236,-0.37256,-0.05469,0.90039,-6.15854,1.46341,-1.76829
848,4241,-0.37354,-0.05762,0.90332,-6.76829,0.97561,-1.70732
849,4246,-0.37354,-0.05957,0.90186,-7.56098,0.54878,-1.95122
850,4250,-0.37207,-0.06641,0.90234,-8.53659,-0.12195,-2.37805
851,4256,-0.37500,-0.07812,0.90332,-10.06098,-1.03659,-2.80488
852,4261,-0.38379,-0.08252,0.89502,-12.07317,-2.50000,-3.47561
853,4266,-0.37988,-0.07812,0.89062,-14.69512,-4.39024,-4.45122
854,4271,-0.37256,-0.05469,0.89941,-17.37805,-5.91463,-5.54878
855,4276,-0.35889,-0.02100,0.91113,-19.08537,-7.50000,-6.15854
856,4281,-0.36475,-0.00439,0.91406,-18.90244,-8.71951,-6.28049
857,4286,-0.36768,-0.02686,0.92090,-17.62195,-9.14634,-5.97561
858,4290,-0.36133,-0.03125,0.93359,-15.54878,-9.14634,-5.18293
859,4296,-0.35547,-0.05225,0.94043,-12.92683,-8.29268,-3.47561
860,4301,-0.36230,-0.10840,0.93359,-10.67073,-6.58537,-2.37805
861,4306,-0.36670,-0.08154,0.93164,-9.75610,-5.18293,-2.01220
862,4311,-0.35742,-0.06055,0.92871,-8.41463,-4.20732,-1.15854
863,4316,-0.36133,-0.06445,0.92432,-7.13415,-3.10976,-0.42683
864,4321,-0.36133,-0.06738,0.92529,-6.64634,-2.50000,0.00000
865,4326,-0.35449,-0.05762,0.92725,-6.15854,-2.25610,0.12195
866,4331,-0.35156,-0.05469,0.91846,-5.67073,-1.95122,0.24390
867,4336,-0.34961,-0.06006,0.92627,-4.93902,-1.40244,0.48780
868,4341,-0.35400,-0.05957,0.92676,-4.57317,-0.60976,0.30488
869,4346,-0.35303,-0.05420,0.92480,-4.32927,-0.30488,0.30488
870,4351,-0.35205,-0.04932,0.92432,-3.84146,0.18293,0.18293
871,4356,-0.35107,-0.05420,0.92578,-3.23171,0.48780,-0.06098
872,4361,-0.35693,-0.06104,0.92334,-2.92683,1.09756,-0.48780
873,4366,-0.36230,-0.07080,0.92139,-2.80488,1.64634,-0.79268
874,4371,-0.35889,-0.06494,0.92725,-2.50000,2.19512,-1.09756
875,4375,-0.35498,-0.06250,0.91748,-2.01220,2.56098,-1.34146
876,4381,-0.36035,-0.06006,0.91699,-1.89024,3.10976,-1.76829
877,4386,-0.36279,-0.06201,0.91943,-1.58537,3.53659,-2.13415
878,4391,-0.35693,-0.06152,0.91895,-1.21951,4.14634,-2.13415
879,4396,-0.35400,-0.05811,0.92041,-1.15854,4.87805,-2.19512
880,4401,-0.35693,-0.06152,0.92285,-0.67073,5.54878,-2.37805
881,4406,-0.35889,-0.06396,0.92090,-0.60976,6.34146,-2.50000
882,4411,-0.35107,-0.06396,0.92480,-0.42683,7.07317,-2.56098
883,4415,-0.35107,-0.06396,0.92480,-0.42683,7.07317,-2.56098
884,4421,-0.36670,-0.06543,0.92334,0.48780,9.20732,-2.43902
885,4426,-0.36426,-0.06738,0.92432,0.97561,10.12195,-2.62195
886,4431,-0.36523,-0.06250,0.92529,1.03659,10.79268,-2.56098
887,4436,-0.36035,-0.06885,0.92725,1.15854,11.52439,-2.56098
888,4441,-0.36963,-0.06787,0.92236,1.34146,12.25610,-2.68293
889,4446,-0.37500,-0.06787,0.91797,1.46341,12.92683,-2.68293
890,4451,-0.37500,-0.06787,0.91797,1.46341,12.92683,-2.68293
891,4456,-0.36865,-0.06787,0.91309,1.46341,13.47561,-2.86585
892,4461,-0.37842,-0.07324,0.92236,1.70732,14.45122,-2.86585
893,4466,-0.36621,-0.06250,0.92285,1.46341,15.00000,-2.92683
894,4471,-0.36719,-0.06299,0.91455,1.40244,16.09756,-3.10976
895,4476,-0.37402,-0.06592,0.91504,1.46341,16.95122,-3.23171
896,4481,-0.37402,-0.06592,0.91504,1.46341,16.95122,-3.23171
897,4486,-0.37500,-0.06885,0.91943,1.34146,17.50000,-3.17073
898,4491,-0.37109,-0.06641,0.91846,1.28049,18.17073,-3.04878
899,4496,-0.37305,-0.07031,0.92334,1.28049,19.20732,-2.98780
900,4500,-0.37305,-0.06885,0.92188,0.97561,20.18293,-2.80488
901,4506,-0.36426,-0.09619,0.92529,0.85366,23.29268,-2.07317
902,4511,-0.36426,-0.09619,0.92529,0.85366,23.29268,-2.07317
903,4516,-0.34326,-0.11816,0.93848,2.31707,25.30488,-2.13415
904,4521,-0.33105,-0.03906,0.91162,3.96341,28.23171,-2.80488
905,4526,-0.37109,-0.05273,0.90674,3.84146,31.15854,-2.68293
906,4531,-0.37939,-0.10205,0.91309,4.57317,32.62195,-2.62195
907,4536,-0.37695,-0.06543,0.90674,4.57317,34.08537,-2.62195
908,4540,-0.38330,-0.07764,0.90576,4.45122,35.85366,-2.13415
909,4546,-0.36963,-0.07471,0.90771,4.39024,37.62195,-2.01220
910,4551,-0.37695,-0.06543,0.90674,4.26829,39.81707,-1.89024
911,4556,-0.39160,-0.06494,0.90088,4.14634,41.89024,-1.95122
912,4561,-0.37793,-0.07910,0.92480,5.30488,43.84146,-1.64634
913,4566,-0.35498,-0.06543,0.91260,7.25610,46.34146,-1.82927
914,4571,-0.37207,-0.04492,0.90723,7.50000,49.63415,-1.95122
915,4576,-0.38623,-0.07227,0.91846,7.86585,52.74390,-1.82927
916,4581,-0.38672,-0.07031,0.90771,8.59756,55.54878,-2.07317
917,4586,-0.39307,-0.06689,0.90430,9.14634,58.71951,-1.95122
918,4591,-0.39795,-0.07471,0.91113,9.75610,61.95122,-1.64634
919,4596,-0.39062,-0.07373,0.90820,10.12195,65.18293,-1.46341
920,4601,-0.41699,-0.08398,0.90430,10.79268,69.02439,-1.21951
921,4606,-0.41895,-0.07764,0.90576,11.46342,72.56097,-0.91463
922,4611,-0.42627,-0.07959,0.90820,11.70732,76.15854,-0.54878
923,4616,-0.42334,-0.08496,0.90234,12.43902,79.32927,-0.24390
924,4621,-0.42725,-0.08936,0.90527,13.90244,83.10976,0.12195
925,4625,-0.42432,-0.07568,0.91162,14.87805,87.37805,0.54878
926,4631,-0.42480,-0.06934,0.90381,15.73171,91.89024,0.60976
927,4636,-0.43555,-0.05957,0.91064,15.97561,96.76830,0.24390
928,4641,-0.43066,-0.04443,0.91504,16.34146,101.58537,-0.42683
929,4646,-0.43262,-0.04590,0.90527,17.19512,106.64635,-1.09756
930,4651,-0.43213,-0.05469,0.91260,17.86585,112.37805,-1.95122
931,4656,-0.43848,-0.05566,0.90967,18.10976,118.59756,-2.74390
932,4661,-0.43359,-0.05029,0.91992,17.13415,125.42683,-3.59756
933,4665,-0.44727,-0.05371,0.92383,16.21951,132.68292,-4.63415
934,4671,-0.43359,-0.03711,0.92480,15.06098,140.91464,-6.21951
935,4676,-0.42773,-0.01514,0.92920,12.86585,149.93903,-8.47561
936,4681,-0.42920,-0.00488,0.93213,10.12195,159.69513,-11.46342
937,4686,-0.42139,-0.01025,0.93018,6.15854,170.18294,-15.18293
938,4691,-0.44580,-0.01074,0.91846,2.68293,181.82927,-18.96342
939,4696,-0.43701,-0.01270,0.92432,-1.64634,194.57318,-23.47561
940,4701,-0.44336,0.01611,0.92529,-7.80488,208.35367,-28.41463
941,4706,-0.46484,0.00391,0.91162,-14.02439,223.59756,-32.98780
942,4711,-0.49609,0.01611,0.87939,-20.85366,240.24391,-37.98780
943,4716,-0.50635,0.06055,0.87305,-28.65854,259.02438,-43.04878
944,4721,-0.53955,0.09033,0.89307,-33.41463,276.21951,-48.35366
945,4726,-0.65283,0.07129,0.90039,-34.75610,291.40244,-52.80488
946,4731,-0.74756,0.04102,0.90430,-36.28049,306.70734,-56.58537
947,4736,-0.88428,0.03906,0.94141,-37.25610,320.73172,-60.48781
948,4741,-1.12988,0.01807,1.04834,-35.85366,332.98782,-61.95122
949,4746,-1.39941,0.05859,1.29932,-31.40244,337.92685,-60.06098
950,4750,-1.49561,-0.00195,1.41211,-22.62195,332.25610,-54.93903
951,4756,-1.45801,-0.06348,1.34375,-10.24390,321.89026,-49.14634
952,4761,-1.39697,-0.08936,1.28564,6.21951,312.98782,-41.34146
953,4766,-1.34082,-0.16309,1.19824,24.26829,305.73172,-35.42683
954,4771,-1.17041,-0.10938,1.04541,38.04878,301.03659,-30.06098
955,4776,-1.01953,-0.04102,0.97852,51.95122,301.34146,-23.10976
956,4781,-0.97510,-0.02393,1.00977,63.71951,304.51221,-18.10976
957,4786,-1.02783,0.08740,1.09717,70.00000,306.52438,-17.56098
958,4790,-1.20898,0.15723,1.19873,64.51220,305.67075,-22.86585
959,4796,-1.30566,0.25293,1.34229,54.02439,297.98782,-29.20732
960,4801,-1.42139,0.12891,1.53760,44.32927,283.84146,-36.82927
961,4806,-1.50781,-0.00244,1.45703,30.12195,263.41464,-47.62195
962,4811,-1.37402,0.05762,1.10303,14.26829,247.68294,-58.10976
963,4816,-1.14844,0.07666,0.87988,5.18293,243.65854,-64.93903
964,4821,-0.97314,0.10010,0.83740,-0.06098,246.09756,-70.12196
965,4826,-0.77979,0.13184,0.97119,-0.54878,247.43903,-72.92683
966,4831,-0.62256,0.14258,1.11035,2.56098,245.24391,-73.47561
967,4836,-0.64502,0.11963,1.22363,6.89024,241.64635,-73.29269
968,4841,-0.61914,0.11426,1.29980,11.89024,233.47562,-72.92683
969,4846,-0.51367,0.10693,1.25586,17.19512,219.63416,-71.95122
970,4851,-0.36279,0.15918,1.08984,17.62195,202.01221,-70.60976
971,4856,-0.02881,0.19385,0.93750,13.23171,185.00000,-70.73171
972,4861,-0.02441,-0.01953,1.04688,18.65854,167.68294,-70.36585
973,4866,-1.54248,0.09863,1.50830,22.01220,139.87805,-66.46342
974,4871,-1.70361,0.46729,2.17627,22.68293,83.29269,-58.78049
975,4875,-1.18311,0.42578,2.29395,34.69512,19.26829,-44.57317
976,4881,-0.82471,0.31250,1.95020,35.36586,-32.50000,-32.25610
977,4886,-0.53564,0.36914,1.56836,27.37805,-69.81708,-21.58537
978,4891,-0.26807,0.47314,1.23389,14.57317,-95.12196,-12.92683
979,4896,-0.05566,0.47314,0.93701,-0.06098,-110.42683,-6.76829
980,4901,0.08057,0.39209,0.72314,-14.87805,-117.07317,-2.92683
981,4906,0.14648,0.31006,0.59229,-30.79268,-117.25610,-1.03659
982,4911,0.16309,0.22412,0.51709,-45.91463,-114.39024,0.42683
983,4915,0.15381,0.14746,0.47314,-57.43903,-110.00000,2.43902
984,4921,0.14307,0.06641,0.45020,-63.29268,-105.48781,5.42683
985,4926,0.11572,-0.01025,0.45996,-63.96342,-102.37805,9.08537
986,4931,0.06201,-0.07715,0.50000,-60.06098,-101.21951,13.59756
987,4936,-0.01855,-0.12891,0.56445,-52.43903,-102.92683,18.59756
988,4941,-0.10107,-0.15771,0.63477,-42.37805,-107.50000,24.02439
989,4946,-0.17432,-0.15674,0.68066,-32.07317,-114.45123,28.59756
990,4951,-0.21191,-0.13574,0.70850,-23.35366,-122.98781,32.07317
991,4956,-0.22607,-0.10498,0.72266,-17.37805,-131.95122,34.14634
992,4961,-0.23730,-0.08154,0.72754,-14.45122,-140.85367,35.18293
993,4966,-0.25049,-0.07031,0.73486,-14.63415,-149.26830,35.54878
994,4971,-0.27197,-0.06445,0.74170,-16.82927,-157.50000,35.06098
995,4976,-0.29639,-0.07227,0.73730,-19.93902,-165.18294,34.08537
996,4981,-0.31787,-0.08740,0.73291,-22.86585,-172.74391,32.92683
997,4986,-0.33789,-0.11279,0.72363,-25.48781,-179.51221,31.64634
998,4991,-0.36475,-0.14062,0.72705,-26.52439,-185.42683,30.42683
999,4996,-0.39453,-0.16650,0.72803,-25.97561,-191.40245,29.45122
1000,5000,-0.41748,-0.18359,0.72461,-23.59756,-197.07318,28.59756
1001,5006,-0.43359,-0.19873,0.72314,-19.75610,-202.25610,27.86585
1002,5011,-0.44043,-0.20557,0.72461,-15.12195,-206.82927,27.13415
1003,5016,-0.45654,-0.21289,0.72852,-10.00000,-210.67073,26.40244
1004,5021,-0.48145,-0.22070,0.72803,-4.93902,-214.26830,25.42683
1005,5026,-0.50488,-0.21777,0.72852,-0.18293,-217.31708,24.39024
1006,5031,-0.53174,-0.20752,0.73340,4.14634,-219.75610,23.10976
1007,5036,-0.56250,-0.19629,0.73584,7.56098,-221.95122,21.82927
1008,5040,-0.59277,-0.18311,0.74414,10.42683,-223.65854,20.48780
1009,5046,-0.63428,-0.18018,0.76953,12.86585,-224.63416,19.51220
1010,5051,-0.67334,-0.16895,0.78418,15.12195,-225.54878,18.71951
1011,5056,-0.70996,-0.15283,0.79395,16.76829,-226.64635,18.23171
1012,5061,-0.74463,-0.13428,0.81152,17.56098,-227.43903,18.04878
1013,5066,-0.76611,-0.11719,0.82617,17.74390,-228.29269,17.98780
1014,5071,-0.78076,-0.09277,0.82666,17.37805,-228.65854,18.29268
1015,5076,-0.77979,-0.07080,0.83252,16.76829,-228.65854,19.20732
1016,5081,-0.78369,-0.05518,0.83545,15.91463,-228.17073,20.36585
1017,5086,-0.78516,-0.04346,0.84375,15.36585,-227.31708,22.13415
1018,5091,-0.78906,-0.03076,0.84961,15.30488,-225.97562,24.45122
1019,5096,-0.78906,-0.01465,0.85596,15.73171,-224.26830,27.31707
1020,5101,-0.79980,0.00098,0.86963,16.34146,-222.43903,30.67073
1021,5106,-0.81836,0.02246,0.89307,16.89024,-220.42683,34.45122
1022,5111,-0.83594,0.04346,0.92188,17.56098,-218.29269,38.29268
1023,5116,-0.83594,0.04346,0.92188,17.56098,-218.29269,38.29268
1024,5121,-0.87695,0.06445,0.97070,17.68293,-216.52440,42.31707
1025,5125,-0.92188,0.07959,1.02295,17.62195,-215.60976,46.34146
1026,5131,-1.01758,0.13721,1.11475,16.46342,-216.82927,54.26830
1027,5136,-1.07178,0.18652,1.14746,14.63415,-218.59756,58.10976
1028,5141,-1.11963,0.23291,1.16357,12.25610,-220.60976,62.43903
1029,5146,-1.11963,0.23291,1.16357,12.25610,-220.60976,62.43903
1030,5151,-1.16992,0.26611,1.17188,9.87805,-222.37805,67.74390
1031,5156,-1.21240,0.26270,1.16260,7.86585,-224.20732,74.02439
1032,5161,-1.24756,0.21436,1.14551,6.95122,-225.36586,81.76830
1033,5165,-1.29541,0.17334,1.13574,7.80488,-226.03659,90.36585
1034,5171,-1.40332,0.16650,1.10400,9.32927,-226.40245,104.75610
1035,5176,-1.46680,0.13379,1.08643,8.59756,-225.42683,110.79269
1036,5181,-1.46680,0.13379,1.08643,8.59756,-225.42683,110.79269
1037,5186,-1.53027,0.09521,1.06006,7.01220,-223.84146,115.79269
1038,5191,-1.59424,0.05518,1.03174,5.36585,-221.70732,120.12196
1039,5196,-1.65137,0.00635,1.00049,3.59756,-218.90245,123.78049
1040,5201,-1.70020,-0.04541,0.94775,1.15854,-215.73172,126.46342
1041,5206,-1.75488,-0.08203,0.89355,-2.01220,-212.07318,127.68293
1042,5211,-1.79443,-0.12109,0.83496,-5.91463,-207.74391,127.62196
1043,5216,-1.81299,-0.16943,0.75781,-10.30488,-202.80489,125.73171
1044,5221,-1.82617,-0.21973,0.67578,-15.54878,-197.13416,121.89024
1045,5226,-1.84131,-0.25928,0.60889,-21.40244,-190.30489,115.97561
1046,5231,-1.86816,-0.30420,0.55859,-26.21951,-182.86586,108.47561
1047,5236,-1.89697,-0.34082,0.51562,-30.06098,-175.73170,99.45123
1048,5241,-1.91504,-0.35840,0.47266,-33.17073,-169.81708,89.20732
1049,5246,-1.89844,-0.35791,0.42920,-35.24390,-165.18294,77.86585
1050,5250,-1.84863,-0.36084,0.36328,-36.03659,-160.60976,65.91463
1051,5256,-1.78809,-0.37256,0.26807,-35.06098,-155.36586,53.65854
1052,5261,-1.77539,-0.39893,0.18115,-31.28049,-148.84146,41.70732
1053,5266,-1.78027,-0.42627,0.09473,-24.51220,-142.19513,29.87805
1054,5271,-1.73535,-0.43457,-0.02930,-15.79268,-134.93903,17.56098
1055,5276,-1.67578,-0.45020,-0.14160,-4.39024,-125.42683,5.54878
1056,5281,-1.63574,-0.48584,-0.24512,9.14634,-113.96342,-5.97561
1057,5286,-1.59863,-0.51514,-0.32129,23.78049,-100.73171,-17.01220
1058,5290,-1.56787,-0.52734,-0.37793,39.20732,-86.21951,-27.13415
1059,5296,-1.55127,-0.51562,-0.40967,54.02439,-71.58537,-36.09756
1060,5301,-1.54883,-0.47705,-0.40527,65.91463,-57.25610,-44.45122
1061,5306,-1.56738,-0.42236,-0.37549,73.90244,-43.04878,-52.37805
1062,5311,-1.59473,-0.36230,-0.32178,77.37805,-30.67073,-59.75610
1063,5316,-1.60059,-0.29150,-0.27734,75.97561,-20.30488,-67.13415
1064,5321,-1.57959,-0.22607,-0.23926,70.42683,-10.36585,-74.14635
1065,5326,-1.47119,-0.12402,-0.23047,61.89024,-1.03659,-80.73171
1066,5331,-1.49121,0.41162,-0.91504,24.87805,26.21951,-88.71951
1067,5336,-2.07764,0.43799,-0.66309,-41.64634,100.30488,-86.58537
1068,5341,0.07617,-0.27148,-0.43115,-71.58537,107.68293,-84.75610
1069,5346,0.76367,-0.44092,-0.32129,-42.37805,124.20732,-83.59756
1070,5351,-0.52930,-0.53320,0.66162,6.28049,167.13416,-63.65854
1071,5356,-0.26074,-0.18604,1.85059,26.03659,171.46342,-43.53659
1072,5361,0.01904,0.43359,2.27100,20.73171,149.26830,-25.42683
1073,5366,-0.25635,0.75635,1.98584,5.73171,127.92683,-19.57317
1074,5371,-0.23975,0.58398,1.16895,-13.84146,106.15854,-33.90244
1075,5375,-0.11035,0.29004,0.37500,-25.24390,106.46342,-50.48780
1076,5381,-0.02051,0.01758,0.19434,-22.68293,133.65854,-52.31707
1077,5386,-0.10840,-0.09521,0.49805,-12.80488,166.15854,-41.46342
1078,5391,-0.60938,-0.02393,0.98975,-5.97561,187.86586,-28.78049
1079,5396,-1.23145,-0.09277,1.61133,-12.19512,187.92683,-25.06098
1080,5401,-1.71680,-0.08252,2.41943,-29.39025,164.26830,-32.80488
1081,5406,-2.73145,0.41992,3.33496,-84.75610,127.62196,-44.63415
1082,5411,-2.04150,0.96045,2.37793,-98.41463,58.47561,-48.41463
1083,5415,-1.36279,0.06250,0.78467,-34.32927,17.62195,-27.86585
1084,5421,-0.34473,-0.16650,0.69727,-25.73171,17.56098,-16.15854
1085,5426,-0.08252,-0.07715,0.99268,-32.80488,26.82927,-11.28049
1086,5431,-0.40674,-0.23389,1.42090,-29.20732,31.15854,-2.80488
1087,5436,-0.71484,-0.38330,1.41016,-20.36585,23.10976,0.24390
1088,5441,-0.71777,-0.29932,1.09863,-12.74390,11.28049,-2.13415
1089,5446,-0.45166,-0.04248,0.90381,-10.42683,4.63415,-3.90244
1090,5451,-0.36670,0.12646,0.91602,-10.06098,4.39024,-1.34146
1091,5456,-0.34863,0.08105,0.96533,-8.29268,4.26829,0.60976
1092,5461,-0.37012,-0.04150,0.93652,-6.89024,3.84146,0.85366
1093,5466,-0.43115,-0.12891,0.95312,-6.58537,3.29268,0.42683
1094,5471,-0.42871,-0.10303,0.94678,-6.82927,1.46341,-0.30488
1095,5476,-0.37598,-0.02832,0.92725,-6.89024,-0.18293,-0.91463
1096,5481,-0.35596,0.00830,0.91016,-6.58537,-0.54878,-1.15854
1097,5486,-0.35352,-0.00732,0.89551,-6.52439,-0.67073,-1.34146
1098,5491,-0.35303,-0.03223,0.91113,-6.52439,-0.48780,-1.58537
1099,5496,-0.36670,-0.05664,0.92627,-6.40244,-0.54878,-1.76829
1100,5500,-0.36865,-0.05908,0.91602,-6.21951,-0.91463,-1.95122
1101,5506,-0.37109,-0.05566,0.91553,-5.97561,-1.28049,-2.01220
1102,5511,-0.37744,-0.06152,0.91992,-5.42683,-1.40244,-1.52439
1103,5516,-0.38477,-0.08105,0.93115,-4.75610,-1.40244,-0.85366
1104,5521,-0.38428,-0.09766,0.93506,-4.08537,-1.64634,-0.24390
1105,5526,-0.37939,-0.09131,0.93359,-3.59756,-1.70732,0.30488
1106,5531,-0.37598,-0.07373,0.91992,-3.10976,-1.76829,0.73171
1107,5536,-0.36523,-0.06152,0.91064,-2.92683,-2.01220,0.97561
1108,5540,-0.35596,-0.06006,0.91846,-2.68293,-1.89024,1.28049
1109,5546,-0.36084,-0.06836,0.91943,-2.25610,-1.82927,1.46341
1110,5551,-0.36670,-0.06787,0.92285,-2.37805,-1.82927,1.70732
1111,5556,-0.36182,-0.05713,0.91748,-2.62195,-2.01220,1.76829
1112,5561,-0.36328,-0.05518,0.92139,-2.56098,-2.31707,1.52439
1113,5566,-0.36719,-0.06445,0.91797,-2.74390,-2.19512,1.21951
1114,5571,-0.36670,-0.06250,0.91602,-2.86585,-2.19512,1.15854
1115,5576,-0.36816,-0.05957,0.91699,-3.17073,-2.31707,1.09756
1116,5581,-0.36377,-0.05225,0.91748,-3.41463,-2.50000,0.73171
1117,5586,-0.35840,-0.04639,0.91846,-3.71951,-2.56098,0.36585
1118,5591,-0.35840,-0.04932,0.91602,-3.71951,-2.43902,0.12195
1119,5596,-0.36084,-0.06055,0.91797,-3.71951,-2.50000,-0.06098
1120,5601,-0.36035,-0.06250,0.92236,-3.71951,-2.50000,-0.30488
1121,5606,-0.35986,-0.06055,0.92383,-3.84146,-2.25610,-0.67073
1122,5611,-0.36426,-0.06689,0.92480,-3.78049,-1.82927,-0.60976
1123,5616,-0.36230,-0.07520,0.91992,-3.53659,-1.46341,-0.54878
1124,5621,-0.36133,-0.07324,0.91748,-3.23171,-1.21951,-0.24390
1125,5625,-0.36230,-0.06885,0.92383,-2.98780,-0.85366,-0.12195
1126,5631,-0.35889,-0.07178,0.92529,-2.74390,-0.48780,-0.06098
1127,5636,-0.36182,-0.07422,0.91943,-2.68293,-0.18293,0.12195
1128,5641,-0.35889,-0.07227,0.91699,-2.62195,0.24390,0.36585
1129,5646,-0.35986,-0.07275,0.92334,-2.43902,0.60976,0.42683
1130,5651,-0.35986,-0.07227,0.92334,-2.37805,0.91463,0.36585
1131,5656,-0.35840,-0.07129,0.92480,-2.37805,1.28049,0.42683
1132,5661,-0.35889,-0.07129,0.92334,-2.13415,1.64634,0.54878
1133,5665,-0.35547,-0.07178,0.92139,-2.07317,1.89024,0.48780
1134,5671,-0.35693,-0.06982,0.91943,-2.31707,2.01220,0.42683
1135,5676,-0.35400,-0.06641,0.91406,-2.19512,2.13415,0.24390
1136,5681,-0.35156,-0.05957,0.91797,-2.31707,2.43902,0.06098
1137,5686,-0.35840,-0.06348,0.91553,-2.56098,2.62195,-0.18293
1138,5691,-0.36035,-0.07080,0.92041,-2.68293,2.62195,-0.30488
1139,5696,-0.35889,-0.07275,0.91699,-2.92683,2.62195,-0.67073
1140,5701,-0.35986,-0.06934,0.91992,-3.10976,2.62195,-0.79268
1141,5706,-0.35449,-0.07080,0.92285,-3.10976,2.68293,-0.97561
1142,5711,-0.36133,-0.06787,0.92236,-3.23171,2.80488,-1.03659
1143,5716,-0.36230,-0.06641,0.92090,-3.10976,2.98780,-1.03659
1144,5721,-0.35693,-0.06885,0.91748,-2.98780,2.86585,-0.97561
1145,5726,-0.36084,-0.07080,0.91943,-2.86585,2.98780,-0.97561
1146,5731,-0.35840,-0.06396,0.92383,-2.86585,3.10976,-1.03659
1147,5736,-0.35938,-0.06641,0.92188,-2.56098,3.04878,-1.09756
1148,5741,-0.35889,-0.06934,0.91748,-2.19512,3.23171,-1.15854
1149,5746,-0.35938,-0.06787,0.91602,-2.07317,3.47561,-0.97561
1150,5750,-0.35938,-0.06787,0.91602,-2.07317,3.47561,-0.97561
1151,5756,-0.35596,-0.06738,0.91650,-1.76829,3.53659,-0.97561
1152,5761,-0.35889,-0.06787,0.91797,-1.52439,3.71951,-0.91463
1153,5766,-0.35742,-0.07031,0.91211,-1.21951,3.84146,-0.97561
1154,5771,-0.36035,-0.06982,0.91309,-1.21951,3.96341,-1.03659
1155,5776,-0.35693,-0.07275,0.91650,-1.03659,4.39024,-1.09756
1156,5781,-0.35742,-0.07080,0.91699,-0.97561,4.45122,-0.97561
1157,5786,-0.35742,-0.07080,0.91699,-0.97561,4.45122,-0.97561
1158,5790,-0.35645,-0.06641,0.91699,-0.79268,4.93902,-1.03659
1159,5796,-0.36133,-0.07080,0.91748,-0.54878,5.54878,-0.97561
1160,5801,-0.36475,-0.07129,0.91748,-0.30488,5.91463,-1.03659
1161,5806,-0.36328,-0.07178,0.92236,-0.18293,6.15854,-1.03659
1162,5811,-0.36719,-0.06934,0.91846,-0.30488,6.21951,-1.15854
1163,5816,-0.36719,-0.06934,0.91846,-0.30488,6.21951,-1.15854
1164,5821,-0.36377,-0.07031,0.91553,-0.06098,6.64634,-1.40244
1165,5826,-0.37061,-0.07520,0.92139,0.18293,7.25610,-1.28049
1166,5831,-0.36572,-0.06934,0.91602,0.30488,6.95122,-1.40244
1167,5836,-0.36914,-0.07178,0.91699,0.60976,7.68293,-1.58537
1168,5841,-0.37549,-0.07227,0.91455,0.67073,7.80488,-1.58537
1169,5846,-0.37549,-0.07227,0.91455,0.67073,7.80488,-1.58537
1170,5851,-0.37354,-0.06982,0.91504,0.79268,7.92683,-1.70732
1171,5856,-0.36816,-0.06738,0.91504,0.91463,8.10976,-1.70732
1172,5861,-0.36963,-0.06445,0.91553,1.15854,8.53659,-1.76829
1173,5866,-0.36816,-0.07275,0.91748,1.21951,9.20732,-1.89024
1174,5871,-0.37451,-0.06885,0.90967,1.09756,9.51220,-1.89024
1175,5875,-0.36914,-0.07080,0.92139,1.15854,10.06098,-2.01220
1176,5881,-0.36523,-0.07129,0.91504,1.46341,10.91463,-2.19512
1177,5886,-0.37012,-0.07617,0.91064,1.64634,11.52439,-2.25610
1178,5891,-0.37646,-0.07373,0.91797,1.28049,12.01220,-2.13415
1179,5896,-0.38428,-0.07666,0.91504,1.46341,12.62195,-2.07317
1180,5901,-0.36914,-0.06543,0.91016,1.58537,13.04878,-2.31707
1181,5906,-0.37109,-0.06934,0.91309,1.40244,13.53659,-2.56098
1182,5911,-0.36963,-0.06250,0.91406,1.28049,14.08537,-2.80488
1183,5915,-0.37646,-0.05713,0.91357,1.09756,14.69512,-2.98780
1184,5921,-0.38086,-0.06885,0.91406,0.91463,15.06098,-3.35366
1185,5926,-0.38086,-0.06152,0.90479,1.09756,15.60976,-3.78049
1186,5931,-0.38281,-0.06055,0.90723,1.03659,15.91463,-4.20732
1187,5936,-0.37842,-0.06592,0.90967,0.97561,16.34146,-4.32927
1188,5941,-0.38184,-0.06836,0.91016,0.79268,16.82927,-4.69512
1189,5946,-0.38818,-0.07178,0.91406,0.91463,17.43902,-4.63415
1190,5951,-0.38428,-0.07178,0.91016,0.73171,18.04878,-4.69512
1191,5956,-0.36572,-0.07861,0.91113,1.21951,19.14634,-4.93902
1192,5961,-0.37061,-0.05225,0.91357,1.21951,21.15854,-5.30488
1193,5966,-0.38232,-0.06738,0.90723,1.09756,22.43903,-5.42683
1194,5971,-0.37354,-0.08008,0.90967,1.21951,23.84146,-5.79268
1195,5976,-0.35986,-0.08057,0.91504,1.70732,25.54878,-5.85366
1196,5981,-0.36133,-0.06201,0.90967,1.82927,27.86585,-6.03659
1197,5986,-0.36963,-0.08008,0.91406,2.25610,30.12195,-5.79268
1198,5991,-0.36865,-0.07324,0.91504,2.68293,32.43903,-5.91463
1199,5996,-0.37793,-0.06689,0.91016,2.62195,34.87805,-5.79268
1200,6000,-0.38721,-0.07373,0.91064,3.17073,37.07317,-5.85366
1201,6006,-0.37500,-0.06787,0.91064,3.29268,39.26830,-5.97561
1202,6011,-0.37744,-0.07275,0.91211,3.47561,41.89024,-5.73171
1203,6016,-0.38623,-0.07275,0.90869,3.53659,44.81707,-5.85366
1204,6021,-0.37891,-0.06885,0.90918,4.02439,47.62195,-6.03659
1205,6026,-0.38721,-0.07129,0.91016,4.45122,50.48780,-5.97561
1206,6031,-0.40039,-0.07520,0.91113,5.12195,53.53659,-5.91463
1207,6036,-0.40625,-0.07568,0.90430,5.60976,56.40244,-6.28049
1208,6040,-0.41357,-0.08057,0.91016,6.28049,59.39024,-6.09756
1209,6046,-0.39990,-0.08789,0.90771,7.62195,62.43903,-5.30488
1210,6051,-0.40674,-0.08057,0.90625,8.41463,65.79269,-4.93902
1211,6056,-0.41406,-0.08594,0.90625,8.96342,69.26830,-4.75610
1212,6061,-0.42139,-0.09277,0.90527,10.06098,72.43903,-4.57317
1213,6066,-0.42334,-0.08447,0.89844,11.03659,75.48781,-4.20732
1214,6071,-0.43604,-0.09229,0.90283,11.82927,79.26830,-3.78049
1215,6076,-0.42871,-0.09521,0.90674,12.74390,83.04878,-3.10976
1216,6081,-0.43701,-0.09180,0.90820,13.78049,87.37805,-2.62195
1217,6086,-0.42627,-0.08545,0.91504,14.87805,92.31708,-2.07317
1218,6091,-0.42188,-0.07178,0.90918,16.03658,98.17073,-1.95122
1219,6096,-0.42236,-0.05518,0.91699,17.01220,104.26830,-2.19512
1220,6101,-0.42871,-0.06299,0.92041,18.35366,110.79269,-2.74390
1221,6106,-0.42578,-0.06006,0.93311,19.08537,117.92683,-3.65854
1222,6111,-0.41699,-0.06152,0.92969,19.14634,126.21951,-4.63415
1223,6116,-0.42920,-0.06104,0.94189,18.65854,135.79268,-5.60976
1224,6121,-0.42480,-0.04980,0.95898,17.56098,145.97562,-6.82927
1225,6125,-0.41016,-0.04199,0.95068,15.91463,156.46342,-8.23171
1226,6131,-0.40771,-0.03516,0.94385,13.59756,168.59756,-10.67073
1227,6136,-0.40234,0.00195,0.95703,10.73171,181.70732,-14.39024
1228,6141,-0.39648,0.02441,0.94971,6.82927,194.93903,-19.39024
1229,6146,-0.40039,0.04346,0.93164,1.09756,209.75610,-25.42683
1230,6151,-0.44580,0.05615,0.95654,-4.87805,225.85367,-32.37805
1231,6156,-0.44141,0.04932,0.95020,-12.25610,242.62196,-39.93903
1232,6161,-0.42041,0.04395,0.88916,-23.29268,262.98782,-48.17073
1233,6165,-0.43945,0.02588,0.89844,-33.10976,285.79269,-55.97561
1234,6171,-0.47754,0.05518,0.90625,-40.67073,307.07318,-63.04878
1235,6176,-0.58643,0.03125,0.89746,-43.17073,328.29269,-67.37805
1236,6181,-0.73389,0.00244,0.93555,-42.56098,349.81708,-69.57317
1237,6186,-0.82715,-0.00488,0.94043,-40.12195,369.93903,-71.28049
1238,6191,-1.00488,-0.07129,0.92578,-36.52439,388.10977,-71.03659
1239,6196,-1.39307,-0.00488,1.13379,-30.06098,402.07318,-67.43903
1240,6201,-1.66895,0.04541,1.43652,-13.90244,401.28049,-58.90244
1241,6206,-1.83838,-0.07373,1.49658,5.12195,387.31708,-50.79268
1242,6211,-1.79297,-0.09570,1.38574,28.23171,369.45123,-42.92683
1243,6216,-1.64697,-0.06494,1.22803,51.15854,356.34146,-35.24390
1244,6221,-1.51514,-0.00928,1.28516,68.29269,347.56097,-29.87805
1245,6226,-1.35303,0.09277,1.25684,81.15854,338.84146,-23.71951
1246,6231,-1.22559,0.01709,1.14062,93.17073,331.15854,-19.63415
1247,6236,-1.19922,0.09326,1.16797,98.35366,326.58539,-18.29268
1248,6241,-1.34424,0.23438,1.48633,101.76830,319.14636,-17.92683
1249,6246,-1.57422,0.02930,1.85449,103.53659,298.10977,-24.93903
1250,6250,-1.58838,0.05420,1.59619,87.92683,268.84146,-41.34146
1251,6256,-1.41992,0.12695,1.19189,72.31708,249.75610,-56.34146
1252,6261,-1.18750,0.11670,0.92529,59.93903,241.76830,-69.14634
1253,6266,-0.90527,0.16406,0.93555,49.20732,240.12196,-80.48781
1254,6271,-0.64600,0.19043,1.09180,41.03659,236.89024,-88.35366
1255,6276,-0.56201,0.20410,1.23828,35.54878,231.89024,-93.59756
1256,6281,-0.51465,0.18945,1.31689,30.36585,222.98781,-98.23171
1257,6286,-0.34912,0.18555,1.20166,23.96342,208.84146,-101.58537
1258,6290,-0.08008,0.29639,0.93799,14.45122,194.02440,-103.41463
1259,6296,0.23682,0.10596,0.90088,6.76829,184.45122,-105.24390
1260,6301,-0.57666,-0.12354,0.81689,2.31707,171.82927,-112.68293
1261,6306,-1.43555,0.21289,1.39600,-5.24390,145.42683,-117.37805
1262,6311,-1.48584,0.27490,2.12988,5.42683,90.60976,-107.19512
1263,6316,-1.08643,0.18311,2.15771,22.43903,24.14634,-94.02439
1264,6321,-0.79639,0.16602,1.83643,35.60976,-27.98781,-81.09756
1265,6326,-0.60596,0.24854,1.59814,41.46342,-66.03659,-68.04878
1266,6331,-0.37646,0.38330,1.30713,40.60976,-96.89024,-56.40244
1267,6336,-0.15283,0.43213,0.99707,36.89024,-118.84147,-45.79268
1268,6341,-0.00684,0.43457,0.76074,29.87805,-131.46342,-37.01220
1269,6346,0.05811,0.42773,0.59131,18.78049,-137.80489,-29.69512
1270,6351,0.10400,0.41699,0.46777,4.69512,-139.75610,-23.35366
1271,6356,0.14307,0.40039,0.38428,-9.93902,-138.04878,-17.31707
1272,6361,0.17432,0.38330,0.33008,-23.59756,-133.65854,-10.79268
1273,6366,0.16992,0.34424,0.30811,-35.42683,-128.47562,-3.35366
1274,6371,0.13379,0.28809,0.30859,-44.81707,-124.08537,4.87805
1275,6375,0.08203,0.23291,0.34863,-50.60976,-121.21951,13.90244
1276,6381,0.00977,0.17285,0.40430,-51.95122,-120.60976,23.78049
1277,6386,-0.06494,0.11621,0.46631,-49.51220,-122.56098,34.39024
1278,6391,-0.13525,0.07275,0.52783,-44.69512,-126.89024,44.93903
1279,6396,-0.19580,0.03906,0.58008,-38.10976,-133.17073,54.87805
1280,6401,-0.25195,0.00977,0.61963,-31.03659,-141.09756,63.65854
1281,6406,-0.29883,-0.00342,0.64453,-24.32927,-150.24391,70.91463
1282,6411,-0.34277,-0.00879,0.65381,-19.32927,-160.12195,76.46342
1283,6415,-0.37256,-0.00977,0.64746,-16.64634,-169.81708,80.30488
1284,6421,-0.39795,-0.01611,0.63232,-16.46342,-178.53659,82.43903
1285,6426,-0.42041,-0.03516,0.60840,-17.86585,-186.03659,83.04878
1286,6431,-0.44287,-0.06738,0.58887,-19.57317,-192.19513,82.25610
1287,6436,-0.46533,-0.11328,0.57373,-21.21951,-196.95122,80.60976
1288,6441,-0.49316,-0.15479,0.55469,-21.64634,-200.85367,78.47561
1289,6446,-0.52393,-0.20264,0.55078,-20.48780,-203.78049,75.67073
1290,6451,-0.52393,-0.20264,0.55078,-20.48780,-203.78049,75.67073
1291,6456,-0.56592,-0.25488,0.54590,-17.80488,-206.09756,72.31708
1292,6461,-0.63672,-0.28418,0.55322,-9.45122,-209.81708,64.39024
1293,6466,-0.66406,-0.28223,0.56055,-4.93902,-210.97562,60.30488
1294,6471,-0.70947,-0.27588,0.57959,-0.60976,-211.89024,56.34146
1295,6476,-0.75635,-0.26367,0.59473,2.86585,-212.74391,52.19512
1296,6481,-0.79736,-0.24951,0.60254,5.36585,-213.59756,48.41463
1297,6486,-0.79736,-0.24951,0.60254,5.36585,-213.59756,48.41463
1298,6491,-0.83350,-0.22510,0.61621,7.19512,-214.32927,44.93903
1299,6496,-0.86914,-0.18701,0.62354,7.86585,-214.75610,41.89024
1300,6500,-0.89307,-0.14600,0.62158,7.31707,-214.57318,39.45122
1301,6506,-0.91260,-0.06641,0.62354,1.76829,-212.62196,36.52439
1302,6511,-0.91162,-0.03613,0.62695,-1.82927,-210.60976,36.21951
1303,6516,-0.91162,-0.03613,0.62695,-1.82927,-210.60976,36.21951
1304,6521,-0.91162,-0.02490,0.63330,-5.54878,-208.10976,36.76830
1305,6526,-0.92578,-0.01465,0.64990,-8.47561,-205.60976,38.04878
1306,6531,-0.94482,-0.00781,0.66553,-10.48781,-202.98781,40.06098
1307,6536,-0.95898,0.00391,0.68457,-11.52439,-200.85367,42.31707
1308,6540,-0.96484,0.02783,0.69824,-11.89024,-198.71951,45.00000
1309,6546,-0.96191,0.05078,0.71191,-12.01220,-196.52440,48.04878
1310,6551,-0.96191,0.07178,0.72314,-12.13415,-194.45122,51.70732
1311,6556,-0.95215,0.09570,0.73389,-12.31707,-192.13416,55.91463
1312,6561,-0.94775,0.11426,0.74463,-12.50000,-189.69513,60.54878
1313,6566,-0.95361,0.12891,0.77100,-12.98781,-187.37805,65.54878
1314,6571,-0.95361,0.14209,0.80273,-13.47561,-184.87805,70.73171
1315,6576,-0.96387,0.15479,0.83057,-14.45122,-182.62195,76.03659
1316,6581,-0.97900,0.16162,0.85059,-16.03658,-180.85367,80.97561
1317,6586,-1.00049,0.16016,0.86670,-17.80488,-179.39024,85.54878
1318,6591,-1.02637,0.16113,0.89014,-20.00000,-178.17073,89.45123
1319,6596,-1.04932,0.15625,0.90576,-22.01220,-177.25610,92.92683
1320,6601,-1.07910,0.14844,0.90674,-24.14634,-176.82927,95.91463
1321,6606,-1.09424,0.13867,0.91113,-25.85366,-176.21951,98.59756
1322,6611,-1.11279,0.11914,0.90967,-27.01220,-175.91464,101.28049
1323,6616,-1.13135,0.10156,0.90088,-27.37805,-175.36586,103.59756
1324,6621,-1.15479,0.08398,0.90137,-27.25610,-174.81708,105.67073
1325,6625,-1.17822,0.06543,0.89844,-27.07317,-174.45122,107.62196
1326,6631,-1.19141,0.03906,0.89648,-26.34146,-173.84146,108.90244
1327,6636,-1.19141,0.00879,0.90186,-25.12195,-172.98781,109.63415
1328,6641,-1.19678,-0.02881,0.89209,-23.65854,-171.58537,109.81708
1329,6646,-1.19775,-0.07422,0.87549,-21.40244,-169.57318,109.39024
1330,6651,-1.18506,-0.11377,0.86719,-18.78049,-167.07318,108.23171
1331,6656,-1.18994,-0.15283,0.86133,-16.09756,-163.84146,106.15854
1332,6661,-1.21631,-0.18213,0.86914,-13.47561,-160.36586,103.23171
1333,6665,-1.26318,-0.19238,0.88477,-11.58537,-157.37805,99.14635
1334,6671,-1.32568,-0.19727,0.89258,-10.79268,-154.93903,93.71951
1335,6676,-1.38037,-0.21436,0.89893,-10.97561,-153.29269,87.68293
1336,6681,-1.42725,-0.23389,0.90430,-11.52439,-152.43903,81.03659
1337,6686,-1.47510,-0.25391,0.91113,-12.13415,-152.56097,73.53659
1338,6691,-1.51465,-0.26709,0.89502,-12.31707,-153.96342,65.67073
1339,6696,-1.52148,-0.28223,0.87256,-12.13415,-156.15854,57.62195
1340,6701,-1.49902,-0.29346,0.83008,-10.91463,-158.53659,49.26830
1341,6706,-1.45166,-0.30811,0.76904,-8.47561,-160.30489,40.54878
1342,6711,-1.39111,-0.32422,0.69092,-4.63415,-160.67073,32.07317
1343,6716,-1.35059,-0.33984,0.60449,0.91463,-159.02440,24.39024
1344,6721,-1.34717,-0.35352,0.53320,7.74390,-155.97562,16.82927
1345,6726,-1.34521,-0.35449,0.46289,15.12195,-152.19513,8.47561
1346,6731,-1.32129,-0.34766,0.36914,22.80488,-147.43903,-0.54878
1347,6736,-1.30469,-0.36279,0.29541,31.34146,-141.70732,-9.51220
1348,6741,-1.29102,-0.37793,0.22656,40.24390,-135.12195,-18.65854
1349,6746,-1.28369,-0.39111,0.17578,48.59756,-127.13415,-27.68293
1350,6750,-1.29785,-0.40918,0.13086,56.89024,-118.90244,-36.09756
1351,6756,-1.31689,-0.41895,0.08350,64.51220,-111.03659,-43.90244
1352,6761,-1.35742,-0.41992,0.03369,70.91463,-103.35366,-51.28049
1353,6766,-1.40186,-0.40186,-0.02686,75.79269,-96.40244,-57.92683
1354,6771,-1.44092,-0.38232,-0.09961,78.35366,-89.63415,-63.84146
1355,6776,-1.46240,-0.36084,-0.17334,78.29269,-82.13415,-69.08537
1356,6781,-1.46973,-0.33105,-0.25342,75.48781,-73.23171,-73.78049
1357,6786,-1.45117,-0.30176,-0.33301,70.42683,-62.62195,-78.04878
1358,6790,-1.41895,-0.26953,-0.38623,64.02439,-49.81707,-81.89024
1359,6796,-1.38525,-0.25293,-0.40527,56.76830,-34.93903,-85.67073
1360,6801,-1.35986,-0.23242,-0.39014,49.69512,-19.32927,-89.51220
1361,6806,-1.03662,0.24414,-0.57861,37.37805,-2.25610,-93.47561
1362,6811,-1.69336,0.88379,-1.16748,-44.32927,56.70732,-105.24390
1363,6816,-1.09180,0.18408,-0.56152,-112.80488,116.64635,-100.54878
1364,6821,0.78564,-0.29932,-0.46777,-131.76830,121.70732,-105.48781
1365,6826,0.25928,-0.54492,-0.08252,-87.07317,156.46342,-93.78049
1366,6831,-0.75391,-0.55176,1.19531,-31.76829,185.60976,-63.41463
1367,6836,-0.08154,0.10498,2.02393,-7.98780,169.02440,-30.91463
1368,6841,0.00635,0.75586,1.97803,-3.53659,152.07318,-2.68293
1369,6846,-0.33252,0.83984,1.54443,-19.51220,140.91464,2.92683
1370,6851,-0.13623,0.48291,0.71240,-44.57317,128.17073,-19.32927
1371,6856,0.05127,-0.01709,0.21143,-54.87805,145.79268,-38.96342
1372,6861,-0.10156,-0.39697,0.44287,-50.42683,184.63416,-39.69512
1373,6866,-0.86133,-0.61133,1.25537,-38.71951,214.63416,-29.26829
1374,6871,-2.01221,-0.55225,2.58252,-41.15854,206.82927,-18.41463
1375,6875,-2.87354,0.75830,3.91553,-125.12196,157.74391,-32.31707
1376,6881,-3.25732,0.24902,2.74707,-120.48781,72.19512,-43.71951
1377,6886,-2.50391,-0.64502,1.34521,-18.41463,5.67073,-21.52439
1378,6891,-0.24121,-0.41211,0.97266,4.32927,-10.85366,-5.97561
1379,6896,0.39844,-0.32715,0.74316,-4.20732,-0.85366,-2.92683
1380,6901,-0.06836,-0.14404,1.09326,-8.71951,18.71951,1.34146
1381,6906,-0.58789,0.09082,1.26270,-12.37805,21.09756,1.03659
1382,6911,-0.62549,0.02051,1.00537,-7.50000,11.82927,0.06098
1383,6915,-0.44482,-0.06787,0.85889,-4.26829,5.48780,-0.06098
1384,6921,-0.31982,-0.06201,0.91113,-6.15854,3.41463,0.24390
1385,6926,-0.35791,-0.01172,0.96240,-7.92683,2.92683,0.00000
1386,6931,-0.42041,0.02002,0.95410,-7.07317,2.31707,-0.12195
1387,6936,-0.43262,0.01025,0.91113,-5.97561,0.48780,0.00000
1388,6941,-0.40479,-0.03955,0.90332,-5.54878,-1.03659,-0.24390
1389,6946,-0.36523,-0.04199,0.92773,-5.67073,-1.70732,-0.54878
1390,6951,-0.35352,-0.02002,0.91846,-5.67073,-1.82927,-0.73171
1391,6956,-0.36523,0.00391,0.91162,-5.91463,-1.76829,-1.09756
1392,6961,-0.37500,-0.01221,0.91260,-5.48780,-1.70732,-1.34146
1393,6966,-0.36865,-0.04736,0.91357,-4.93902,-1.89024,-1.34146
1394,6971,-0.36084,-0.06641,0.92236,-5.36585,-1.76829,-1.52439
1395,6976,-0.37695,-0.06348,0.91943,-5.18293,-1.58537,-1.64634
1396,6981,-0.38965,-0.06689,0.92383,-4.87805,-1.46341,-1.15854
1397,6986,-0.39648,-0.07666,0.92871,-4.51220,-1.64634,-0.79268
1398,6991,-0.38281,-0.09424,0.93701,-4.02439,-1.76829,-0.30488
1399,6996,-0.38379,-0.09912,0.93457,-3.65854,-1.89024,0.30488
1400,7000,-0.38379,-0.08740,0.94092,-3.17073,-2.13415,1.03659
1401,7006,-0.37598,-0.07373,0.93115,-2.74390,-2.31707,1.58537
1402,7011,-0.37598,-0.06934,0.92627,-2.43902,-2.68293,1.95122
1403,7016,-0.36914,-0.07031,0.92432,-2.50000,-2.86585,2.13415
1404,7021,-0.36377,-0.07031,0.91895,-2.43902,-2.92683,2.25610
1405,7026,-0.36914,-0.06494,0.92236,-2.74390,-3.10976,2.07317
1406,7031,-0.37744,-0.05713,0.92090,-2.92683,-3.17073,2.01220
1407,7036,-0.37207,-0.06006,0.91846,-3.47561,-3.35366,1.52439
1408,7040,-0.36621,-0.06201,0.92334,-4.20732,-3.29268,0.67073
1409,7046,-0.36475,-0.04883,0.92090,-4.51220,-3.10976,0.12195
1410,7051,-0.36328,-0.04297,0.91260,-4.81707,-2.80488,-0.30488
1411,7056,-0.35986,-0.04492,0.91406,-4.75610,-2.43902,-1.09756
1412,7061,-0.35986,-0.05176,0.91748,-4.81707,-2.19512,-1.58537
1413,7066,-0.35791,-0.05029,0.92090,-4.81707,-2.13415,-1.52439
1414,7071,-0.35742,-0.04980,0.91309,-4.87805,-1.70732,-1.40244
1415,7076,-0.35791,-0.05615,0.92334,-4.32927,-1.09756,-1.70732
1416,7081,-0.36084,-0.06982,0.91895,-4.08537,-0.73171,-1.52439
1417,7086,-0.35791,-0.07227,0.91602,-3.96341,-0.30488,-1.28049
1418,7091,-0.35645,-0.06201,0.92090,-3.84146,0.18293,-1.03659
1419,7096,-0.36035,-0.06641,0.92334,-3.53659,0.85366,-0.91463
1420,7101,-0.35547,-0.07080,0.91895,-2.92683,1.46341,-0.60976
1421,7106,-0.35449,-0.06641,0.92090,-2.80488,2.07317,-0.48780
1422,7111,-0.35938,-0.06055,0.91895,-2.50000,2.43902,-0.24390
1423,7116,-0.35498,-0.05615,0.91699,-2.13415,2.68293,-0.24390
1424,7121,-0.35498,-0.05615,0.91699,-2.13415,2.68293,-0.24390
1425,7125,-0.35693,-0.05518,0.91016,-1.82927,3.23171,-0.36585
1426,7131,-0.35400,-0.05176,0.91211,-1.21951,3.53659,-0.67073
1427,7136,-0.35303,-0.05469,0.91455,-1.09756,3.84146,-0.79268
1428,7141,-0.35107,-0.05615,0.90967,-0.97561,4.08537,-0.97561
1429,7146,-0.35254,-0.05371,0.91406,-1.03659,4.20732,-1.34146
1430,7151,-0.35254,-0.05371,0.91406,-1.03659,4.20732,-1.34146
1431,7156,-0.35596,-0.05908,0.91895,-0.97561,4.45122,-1.46341
1432,7161,-0.35938,-0.05811,0.91504,-0.97561,4.57317,-1.64634
1433,7165,-0.35791,-0.05811,0.92334,-0.91463,4.69512,-1.89024
1434,7171,-0.35742,-0.06201,0.91309,-0.79268,4.51220,-2.25610
1435,7176,-0.36133,-0.06738,0.91406,-0.67073,4.87805,-2.37805
1436,7181,-0.36133,-0.06738,0.91406,-0.67073,4.87805,-2.37805
1437,7186,-0.35742,-0.06152,0.91797,-0.42683,5.30488,-2.31707
1438,7191,-0.35938,-0.05859,0.91895,-0.18293,5.67073,-2.37805
1439,7196,-0.36426,-0.05908,0.91748,0.06098,6.21951,-2.56098
1440,7201,-0.36523,-0.06201,0.91846,0.42683,6.58537,-2.68293
1441,7206,-0.37109,-0.05957,0.91992,0.60976,7.07317,-2.62195
1442,7211,-0.36914,-0.05811,0.91943,0.79268,7.56098,-2.86585
1443,7216,-0.36914,-0.05811,0.91943,0.79268,7.56098,-2.86585
1444,7221,-0.37256,-0.06250,0.92139,0.85366,8.04878,-2.92683
1445,7226,-0.37354,-0.06738,0.91602,1.15854,8.23171,-3.23171
1446,7231,-0.37256,-0.06738,0.91455,1.21951,8.53659,-3.17073
1447,7236,-0.37207,-0.06348,0.91699,1.15854,9.02439,-3.10976
1448,7241,-0.37012,-0.06299,0.91504,1.09756,9.08537,-3.23171
1449,7246,-0.37012,-0.07520,0.91650,1.15854,9.45122,-3.23171
1450,7250,-0.37500,-0.07080,0.91943,1.09756,9.81707,-3.04878
1451,7256,-0.37842,-0.06445,0.91016,1.09756,9.87805,-3.10976
1452,7261,-0.37744,-0.06494,0.91309,1.21951,10.18293,-3.04878
1453,7266,-0.37891,-0.06494,0.91895,1.21951,10.42683,-3.04878
1454,7271,-0.38135,-0.06055,0.91895,1.52439,10.60976,-3.23171
1455,7276,-0.37744,-0.05713,0.91699,1.70732,10.97561,-3.41463
1456,7281,-0.37061,-0.06055,0.91553,1.70732,11.34146,-3.47561
1457,7286,-0.36182,-0.06201,0.91211,1.76829,12.01220,-3.53659
1458,7290,-0.38086,-0.06396,0.91797,1.82927,13.41463,-3.35366
1459,7296,-0.36865,-0.06152,0.91992,1.89024,14.08537,-3.29268
1460,7301,-0.37695,-0.06689,0.91797,2.07317,14.93902,-3.41463
1461,7306,-0.37988,-0.06836,0.91748,2.37805,15.79268,-3.59756
1462,7311,-0.38281,-0.06982,0.91699,2.31707,16.52439,-3.47561
1463,7316,-0.38574,-0.07031,0.91553,2.25610,17.01220,-3.41463
1464,7321,-0.38232,-0.06006,0.91016,2.19512,17.68293,-3.53659
1465,7326,-0.37207,-0.05762,0.91309,1.89024,18.47561,-3.35366
1466,7331,-0.36084,-0.09668,0.90967,2.01220,20.06098,-3.35366
1467,7336,-0.39062,-0.04736,0.90381,2.01220,22.13415,-3.59756
1468,7341,-0.40625,-0.06543,0.90088,1.82927,22.68293,-3.65854
1469,7346,-0.39746,-0.07422,0.90674,2.25610,22.56098,-4.02439
1470,7351,-0.38037,-0.05811,0.90234,1.70732,22.80488,-4.08537
1471,7356,-0.39502,-0.07275,0.91064,2.37805,23.78049,-4.26829
1472,7361,-0.36035,-0.05664,0.90137,2.62195,25.24390,-4.69512
1473,7366,-0.38477,-0.04980,0.89697,2.19512,27.37805,-4.51220
1474,7371,-0.40674,-0.07373,0.90234,2.31707,28.53659,-4.45122
1475,7375,-0.39844,-0.06006,0.90430,2.50000,28.96342,-4.51220
1476,7381,-0.39014,-0.06592,0.90674,2.56098,30.12195,-4.32927
1477,7386,-0.39209,-0.07227,0.90576,2.31707,31.34146,-4.26829
1478,7391,-0.39990,-0.06641,0.90137,2.37805,32.80488,-4.26829
1479,7396,-0.40576,-0.06592,0.89795,2.50000,34.14634,-4.51220
1480,7401,-0.39551,-0.05811,0.89746,2.74390,35.48780,-4.81707
1481,7406,-0.39258,-0.05371,0.89453,2.80488,37.19512,-5.06098
1482,7411,-0.39990,-0.05957,0.90137,2.68293,39.20732,-5.00000
1483,7415,-0.40332,-0.05664,0.90088,2.25610,40.91463,-5.48780
1484,7421,-0.41162,-0.05176,0.89648,1.64634,42.56098,-5.79268
1485,7426,-0.41455,-0.06152,0.89746,1.70732,44.02439,-6.09756
1486,7431,-0.42383,-0.06738,0.89111,2.01220,45.54878,-6.28049
1487,7436,-0.43506,-0.07031,0.89697,1.95122,46.58537,-6.28049
1488,7441,-0.43604,-0.07617,0.89453,2.19512,47.86586,-6.15854
1489,7446,-0.42578,-0.07324,0.89307,2.68293,49.26830,-5.91463
1490,7451,-0.44141,-0.07227,0.89111,2.98780,51.15854,-5.18293
1491,7456,-0.44238,-0.07861,0.89307,3.41463,52.86586,-4.87805
1492,7461,-0.44092,-0.07666,0.88916,4.02439,54.57317,-4.75610
1493,7466,-0.44531,-0.07471,0.88574,4.57317,56.40244,-4.39024
1494,7471,-0.45166,-0.06934,0.88525,5.06098,58.41463,-4.39024
1495,7476,-0.45801,-0.06934,0.88135,5.60976,60.48781,-4.51220
1496,7481,-0.45459,-0.07324,0.88184,6.21951,62.50000,-4.51220
1497,7486,-0.45996,-0.07422,0.88330,6.76829,65.06097,-4.39024
1498,7491,-0.45264,-0.07520,0.87842,7.31707,67.80488,-4.20732
1499,7496,-0.46338,-0.07959,0.87451,7.68293,70.67073,-3.65854
1500,7500,-0.47070,-0.07910,0.87939,7.98780,73.84147,-3.47561
1501,7506,-0.47119,-0.07324,0.86475,8.59756,77.01220,-3.10976
1502,7511,-0.47656,-0.07666,0.88379,9.51220,80.73171,-2.25610
1503,7516,-0.48145,-0.06982,0.87988,8.41463,83.84147,-2.25610
1504,7521,-0.50488,-0.12354,0.88232,9.26829,87.13415,-1.76829
1505,7526,-0.48389,-0.04980,0.87305,9.20732,90.48781,-1.76829
1506,7531,-0.48828,-0.08691,0.89014,9.26829,94.93903,-1.46341
1507,7536,-0.47070,-0.05322,0.86670,8.96342,100.06098,-1.40244
1508,7540,-0.48975,-0.05273,0.87939,9.02439,106.03659,-2.01220
1509,7546,-0.48145,-0.04785,0.87207,9.57317,111.76830,-2.98780
1510,7551,-0.46729,-0.03564,0.88184,9.81707,118.41463,-4.93902
1511,7556,-0.46875,-0.03369,0.88086,9.39024,125.91463,-6.70732
1512,7561,-0.46240,-0.04102,0.88135,7.50000,134.51219,-8.90244
1513,7566,-0.47119,-0.03809,0.88623,5.42683,144.14635,-11.34146
1514,7571,-0.46826,-0.03760,0.89062,3.41463,154.39024,-13.53659
1515,7576,-0.46680,-0.02148,0.89893,0.06098,165.48781,-16.52439
1516,7581,-0.48975,-0.00537,0.87988,-3.96341,177.56097,-20.48780
1517,7586,-0.47949,0.00635,0.88818,-8.29268,191.21951,-25.42683
1518,7591,-0.46729,0.02100,0.88379,-14.69512,207.56097,-31.28049
1519,7596,-0.47656,0.03516,0.87598,-21.52439,224.63416,-36.95122
1520,7601,-0.48828,0.02734,0.87305,-26.52439,241.58537,-42.13415
1521,7606,-0.51123,0.01123,0.87451,-29.75610,259.26831,-47.07317
1522,7611,-0.54443,0.02051,0.88379,-33.71951,278.59756,-51.95122
1523,7616,-0.60791,0.02930,0.88135,-37.01220,298.65854,-56.40244
1524,7621,-0.71143,0.02734,0.88086,-38.04878,320.42685,-61.09756
1525,7625,-0.85254,-0.01172,0.91553,-37.43903,341.21951,-65.36585
1526,7631,-1.10791,0.00244,0.98291,-37.13415,359.20734,-67.37805
1527,7636,-1.39746,0.05029,1.21240,-31.95122,370.36588,-64.93903
1528,7641,-1.64502,0.01758,1.43896,-21.15854,369.39026,-60.24390
1529,7646,-1.77979,-0.09570,1.44434,-5.79268,359.63416,-52.50000
1530,7651,-1.66309,-0.14551,1.33740,11.76829,346.82928,-45.85366
1531,7656,-1.48828,-0.13525,1.22656,26.40244,338.10977,-39.93903
1532,7661,-1.30811,-0.03662,1.13574,43.59756,333.35367,-33.35366
1533,7665,-1.24219,-0.03857,1.15820,52.74390,332.98782,-28.47561
1534,7671,-1.19189,0.02344,1.18457,52.98780,331.70734,-26.09756
1535,7676,-1.20752,0.05518,1.19824,49.75610,329.93903,-30.48781
1536,7681,-1.35742,0.24609,1.33789,42.37805,326.03659,-36.21951
1537,7686,-1.60205,0.19336,1.51514,34.57317,315.36588,-40.73171
1538,7691,-1.68945,0.05078,1.60547,26.46342,294.63416,-48.84146
1539,7696,-1.62988,0.06055,1.40039,15.85366,272.37805,-57.98780
1540,7701,-1.39697,0.10303,1.18799,10.85366,258.29269,-63.53659
1541,7706,-1.13477,0.08936,1.07861,11.64634,249.69513,-65.60976
1542,7711,-0.85254,0.07275,1.07568,15.97561,244.51221,-65.12196
1543,7716,-0.63525,0.03174,1.13379,24.51220,240.54878,-64.32927
1544,7721,-0.58252,0.02197,1.20996,34.45122,235.60976,-63.59756
1545,7726,-0.44922,0.04932,1.20215,42.68293,225.60976,-63.59756
1546,7731,-0.22754,0.13867,1.09180,48.35366,213.23172,-61.89024
1547,7736,-0.07764,0.26221,0.92480,54.14634,199.87805,-59.45122
1548,7741,0.13867,0.03516,0.71240,61.21951,187.01221,-57.92683
1549,7746,-0.58105,-0.17773,0.65918,53.35366,181.64635,-66.21951
1550,7750,-1.44385,0.19385,1.41016,44.32927,166.28049,-71.03659
1551,7756,-1.58301,0.35303,2.10693,54.14634,120.18293,-61.03659
1552,7761,-1.24170,0.36865,2.19775,62.98781,60.42683,-48.04878
1553,7766,-0.89209,0.46191,1.86768,58.53659,8.53659,-37.31707
1554,7771,-0.66748,0.54346,1.56787,45.48780,-30.30488,-26.82927
1555,7776,-0.51025,0.58740,1.35059,28.29268,-60.73171,-16.89024
1556,7781,-0.35596,0.54053,1.13135,10.97561,-84.81708,-8.23171
1557,7786,-0.35596,0.54053,1.13135,10.97561,-84.81708,-8.23171
1558,7790,-0.23438,0.44629,0.93896,-6.03659,-101.52439,-1.40244
1559,7796,-0.09180,0.25781,0.68115,-33.90244,-118.35366,8.78049
1560,7801,-0.02002,0.16992,0.57471,-42.13415,-122.07317,12.86585
1561,7806,0.03076,0.07861,0.50244,-46.34146,-123.41463,16.89024
1562,7811,0.05322,0.00781,0.45801,-46.46342,-123.96342,20.73171
1563,7816,0.06006,-0.04541,0.43213,-44.20732,-124.45123,24.14634
1564,7821,0.06006,-0.04541,0.43213,-44.20732,-124.45123,24.14634
1565,7826,0.04980,-0.08691,0.42725,-39.57317,-125.06098,27.37805
1566,7831,0.02441,-0.12256,0.43457,-32.86586,-125.91463,30.54878
1567,7836,-0.06836,-0.14648,0.47607,-17.37805,-130.36586,35.85366
1568,7841,-0.12158,-0.13574,0.51025,-10.67073,-134.39024,37.68293
1569,7846,-0.17676,-0.11523,0.54443,-5.67073,-139.63416,38.96342
1570,7851,-0.17676,-0.11523,0.54443,-5.67073,-139.63416,38.96342
1571,7856,-0.22949,-0.09619,0.57080,-2.92683,-145.85367,39.63415
1572,7861,-0.28320,-0.07178,0.59766,-2.31707,-152.74391,39.75610
1573,7866,-0.34521,-0.04980,0.62158,-3.90244,-160.36586,39.63415
1574,7871,-0.39941,-0.03076,0.63672,-6.95122,-168.59756,39.20732
1575,7875,-0.44043,-0.02051,0.64600,-11.40244,-176.82927,38.47561
1576,7881,-0.48828,-0.01758,0.63672,-16.40244,-184.93903,37.68293
1577,7886,-0.52588,-0.01709,0.62793,-21.09756,-192.68294,37.13415
1578,7891,-0.55078,-0.02246,0.61328,-25.12195,-199.57318,36.82927
1579,7896,-0.58008,-0.03760,0.59375,-27.68293,-205.30489,36.70732
1580,7901,-0.59814,-0.05713,0.57178,-28.84146,-210.12196,37.19512
1581,7906,-0.60352,-0.07764,0.54346,-28.41463,-213.59756,38.41463
1582,7911,-0.61475,-0.09473,0.52100,-26.28049,-215.54878,39.57317
1583,7915,-0.62842,-0.10449,0.50146,-23.17073,-216.40245,40.97561
1584,7921,-0.64111,-0.11426,0.48975,-19.51220,-216.21951,42.50000
1585,7926,-0.65771,-0.11572,0.48291,-15.36585,-215.54878,43.78049
1586,7931,-0.67236,-0.10938,0.48535,-11.46342,-214.45122,44.69512
1587,7936,-0.69971,-0.09717,0.49316,-8.41463,-212.86586,45.73171
1588,7941,-0.73242,-0.08301,0.50781,-5.91463,-211.03659,46.34146
1589,7946,-0.75684,-0.05762,0.52734,-4.45122,-209.45122,47.13415
1590,7951,-0.78125,-0.02881,0.55029,-4.32927,-207.74391,47.98780
1591,7956,-0.80566,0.00000,0.57324,-5.48780,-205.91464,49.20732
1592,7961,-0.82861,0.03027,0.60986,-7.80488,-204.26830,50.67073
1593,7966,-0.84912,0.04492,0.64453,-10.73171,-203.17073,52.31707
1594,7971,-0.87061,0.04639,0.67529,-13.71951,-202.37805,54.14634
1595,7976,-0.89600,0.04150,0.70557,-15.91463,-202.19513,56.09756
1596,7981,-0.91504,0.03711,0.73291,-17.50000,-202.50000,57.98780
1597,7986,-0.92822,0.02979,0.74707,-18.23171,-203.29269,59.57317
1598,7991,-0.94385,0.01855,0.76562,-17.86585,-204.20732,61.46342
1599,7996,-0.94629,0.01367,0.77344,-16.89024,-205.30489,63.35366
1600,8000,-0.94336,0.00928,0.78076,-15.06098,-206.03659,65.30488
1601,8006,-0.94043,0.01025,0.78125,-13.53659,-206.58537,66.95122
1602,8011,-0.94775,0.01807,0.78613,-12.01220,-206.40245,68.71951
1603,8016,-0.96045,0.02002,0.80225,-10.97561,-206.03659,69.93903
1604,8021,-0.97168,0.01904,0.81689,-10.48781,-205.48781,70.97561
1605,8026,-0.98975,0.01807,0.83350,-10.18293,-204.75610,71.89024
1606,8031,-1.01465,0.02100,0.85156,-10.12195,-204.08537,72.56097
1607,8036,-1.05420,0.02148,0.87402,-10.42683,-203.71951,73.10976
1608,8040,-1.10254,0.02637,0.90234,-10.79268,-203.59756,73.90244
1609,8046,-1.14648,0.03613,0.92871,-11.70732,-204.39024,75.00000
1610,8051,-1.18213,0.04590,0.94238,-12.62195,-205.42683,76.46342
1611,8056,-1.22363,0.05273,0.96875,-13.78049,-206.58537,78.23171
1612,8061,-1.26514,0.05225,0.97852,-15.24390,-207.62196,80.30488
1613,8066,-1.30176,0.05420,0.98730,-17.01220,-208.96342,82.62196
1614,8071,-1.33398,0.05566,0.98828,-18.90244,-210.30489,85.06097
1615,8076,-1.36182,0.04541,0.98486,-20.60976,-211.09756,87.13415
1616,8081,-1.39111,0.02832,0.98438,-22.31707,-211.46342,89.14635
1617,8086,-1.43701,-0.00049,0.98779,-23.10976,-211.46342,90.67073
1618,8091,-1.48047,-0.03662,0.97949,-22.86585,-211.34146,91.64635
1619,8096,-1.53223,-0.06348,0.97168,-21.70732,-210.42683,91.89024
1620,8101,-1.60303,-0.09863,0.96240,-19.57317,-209.45122,91.15854
1621,8106,-1.67041,-0.12207,0.95215,-17.43902,-209.02440,89.32927
1622,8111,-1.71387,-0.14795,0.92676,-14.93902,-208.90245,85.97561
1623,8116,-1.72949,-0.17627,0.87744,-12.56098,-208.71951,81.21951
1624,8121,-1.72656,-0.20654,0.82227,-10.30488,-207.98781,74.93903
1625,8125,-1.69727,-0.22266,0.75391,-8.17073,-206.28049,67.25610
1626,8131,-1.64844,-0.23584,0.67773,-6.21951,-203.41464,58.23171
1627,8136,-1.60156,-0.25293,0.59326,-4.14634,-198.84146,48.59756
1628,8141,-1.56152,-0.27148,0.52148,-1.70732,-192.50000,38.23171
1629,8146,-1.54395,-0.28809,0.45850,1.76829,-185.00000,27.50000
1630,8151,-1.54932,-0.30176,0.39062,6.40244,-177.13416,16.58537
1631,8156,-1.52100,-0.28516,0.31055,11.95122,-169.32927,5.60976
1632,8161,-1.49268,-0.27637,0.23389,17.80488,-160.91464,-4.93902
1633,8165,-1.47119,-0.28320,0.18604,24.63415,-151.64635,-15.18293
1634,8171,-1.46289,-0.30859,0.15186,33.23171,-142.01219,-24.75610
1635,8176,-1.45996,-0.34082,0.11377,44.08537,-132.80489,-33.65854
1636,8181,-1.45752,-0.37500,0.07959,56.76830,-124.08537,-41.52439
1637,8186,-1.46533,-0.40039,0.04883,70.36585,-115.42683,-48.47561
1638,8191,-1.48682,-0.40430,0.01807,83.90244,-107.37805,-54.81707
1639,8196,-1.54297,-0.38330,-0.00684,95.73171,-100.00000,-60.24390
1640,8201,-1.60938,-0.34766,-0.02539,104.69512,-93.53659,-65.06097
1641,8206,-1.64600,-0.29102,-0.08154,108.65854,-88.10976,-69.20732
1642,8211,-1.64648,-0.24121,-0.15430,107.98781,-82.19512,-72.80488
1643,8216,-1.63037,-0.20752,-0.22998,103.17073,-74.81708,-76.34147
1644,8221,-1.60986,-0.19482,-0.30957,95.30488,-65.97561,-79.81708
1645,8226,-1.59082,-0.20068,-0.37012,86.15854,-55.06098,-83.17073
1646,8231,-1.57080,-0.20215,-0.40039,76.95122,-42.86586,-86.09756
1647,8236,-1.51514,-0.18262,-0.41455,67.92683,-30.30488,-88.65854
1648,8241,-0.95410,0.89648,-0.79346,29.32927,-11.34146,-91.95123
1649,8246,-1.92383,1.35449,-1.13721,-99.69512,60.18293,-97.92683
1650,8250,-0.17188,-0.28369,-0.33105,-158.90244,100.79269,-87.31708
1651,8256,1.02930,-0.71875,-0.11230,-150.73170,113.35366,-92.01220
1652,8261,-0.32227,-0.95752,0.72266,-82.56097,151.82927,-71.70732
1653,8266,-0.25488,-0.74121,1.76221,-31.82927,149.32927,-38.47561
1654,8271,0.39062,0.23193,1.99268,-16.15854,127.62196,-6.40244
1655,8276,0.20605,0.73926,1.49365,-19.75610,118.96342,11.52439
1656,8281,0.13232,0.27344,0.60986,-33.90244,112.13415,-4.93902
1657,8286,0.33447,-0.37891,-0.12451,-45.60976,126.34147,-32.74390
1658,8290,0.38428,-0.74268,-0.12207,-39.14634,170.30489,-43.59756
1659,8296,-0.10596,-0.75049,0.57422,-20.12195,217.56097,-35.24390
1660,8301,-0.93896,-0.47900,1.44531,-17.37805,236.40245,-30.60976
1661,8306,-1.94238,-0.26514,2.78125,-49.02439,223.59756,-44.57317
1662,8311,-3.39307,1.04150,4.39844,-142.19513,175.79269,-67.25610
1663,8316,-2.99756,1.86963,2.79688,-146.21951,74.39024,-61.64634
1664,8321,-2.40088,-0.03516,0.65234,-27.50000,20.06098,-21.64634
1665,8326,-0.50879,-0.51172,0.85059,-11.58537,16.28049,-9.63415
1666,8331,0.19482,-0.58496,1.05811,-26.89025,20.79268,-10.48781
1667,8336,-0.20996,-0.62061,1.39453,-27.13415,29.93903,-4.39024
1668,8341,-0.76855,-0.44531,1.49072,-16.46342,26.03659,-2.56098
1669,8346,-0.68213,-0.01562,1.06250,-10.24390,11.58537,-4.20732
1670,8351,-0.40430,0.18262,0.79443,-9.26829,4.45122,-3.53659
1671,8356,-0.30322,0.20557,0.87109,-9.93902,4.39024,-1.64634
1672,8361,-0.32861,0.04004,0.95215,-10.12195,4.39024,-0.85366
1673,8366,-0.40820,-0.13428,0.98096,-9.81707,4.14634,-1.15854
1674,8371,-0.43896,-0.15039,0.96338,-8.96342,1.82927,-1.34146
1675,8375,-0.39893,-0.05078,0.92627,-9.02439,-0.73171,-2.25610
1676,8381,-0.35400,0.04688,0.90381,-9.14634,-1.40244,-2.86585
1677,8386,-0.34229,0.04443,0.90723,-8.23171,-1.09756,-2.74390
1678,8391,-0.36523,-0.03174,0.91699,-7.37805,-0.91463,-2.50000
1679,8396,-0.39209,-0.07959,0.92578,-7.68293,-0.97561,-2.62195
1680,8401,-0.39111,-0.06152,0.92041,-8.17073,-1.58537,-2.80488
1681,8406,-0.37646,-0.03760,0.92334,-7.92683,-2.01220,-2.80488
1682,8411,-0.37305,-0.06836,0.93408,-6.95122,-2.19512,-2.43902
1683,8415,-0.38525,-0.10938,0.94189,-6.58537,-2.31707,-1.82927
1684,8421,-0.38916,-0.12012,0.94580,-6.58537,-2.07317,-1.58537
1685,8426,-0.39746,-0.11426,0.94775,-6.21951,-1.95122,-0.91463
1686,8431,-0.37891,-0.09473,0.93945,-5.97561,-1.70732,-0.54878
1687,8436,-0.37061,-0.07715,0.93066,-6.09756,-1.46341,-0.67073
1688,8441,-0.36914,-0.06348,0.92773,-5.97561,-0.73171,-0.85366
1689,8446,-0.37451,-0.06299,0.92090,-5.85366,-0.79268,-0.79268
1690,8451,-0.36768,-0.06494,0.93115,-5.48780,-0.85366,-0.67073
1691,8456,-0.36768,-0.06494,0.93115,-5.48780,-0.85366,-0.67073
1692,8461,-0.36865,-0.05615,0.92383,-5.36585,-0.97561,-0.54878
1693,8466,-0.37207,-0.05322,0.91943,-5.42683,-1.28049,-0.54878
1694,8471,-0.37598,-0.05859,0.91943,-5.06098,-1.64634,-0.73171
1695,8476,-0.37939,-0.05957,0.92236,-4.75610,-2.01220,-0.85366
1696,8481,-0.37939,-0.06006,0.91797,-5.00000,-2.37805,-0.91463
1697,8486,-0.37939,-0.06006,0.91797,-5.00000,-2.37805,-0.91463
1698,8491,-0.37451,-0.06348,0.92090,-5.00000,-2.68293,-1.15854
1699,8496,-0.37451,-0.06396,0.92725,-4.81707,-2.62195,-1.09756
1700,8500,-0.36475,-0.06494,0.92334,-4.14634,-2.07317,-0.97561
1701,8506,-0.36182,-0.06885,0.92529,-3.04878,-1.03659,-0.85366
1702,8511,-0.35889,-0.06836,0.91699,-2.62195,-0.54878,-0.48780
1703,8516,-0.35889,-0.06836,0.91699,-2.62195,-0.54878,-0.48780
1704,8521,-0.36279,-0.07031,0.92383,-2.25610,0.24390,-0.36585
1705,8526,-0.35840,-0.06885,0.92236,-1.82927,0.85366,-0.30488
1706,8531,-0.36279,-0.06836,0.92285,-1.46341,1.64634,-0.18293
1707,8536,-0.36328,-0.07031,0.92041,-1.09756,2.19512,0.06098
1708,8540,-0.36133,-0.06250,0.91748,-0.73171,2.56098,0.24390
1709,8546,-0.35889,-0.06104,0.91846,-0.12195,3.65854,0.00000
1710,8551,-0.35889,-0.06104,0.91846,-0.12195,3.65854,0.00000
1711,8556,-0.36328,-0.06152,0.91504,0.30488,4.02439,-0.12195
1712,8561,-0.36084,-0.06104,0.91650,0.48780,4.39024,-0.18293
1713,8566,-0.36523,-0.06396,0.92041,0.97561,4.69512,-0.18293
1714,8571,-0.36279,-0.06201,0.91846,1.09756,4.93902,-0.24390
1715,8576,-0.36182,-0.06299,0.91650,0.97561,5.30488,-0.24390
1716,8581,-0.36035,-0.06543,0.91992,1.09756,5.48780,-0.42683
1717,8586,-0.36621,-0.06396,0.91943,1.15854,5.60976,-0.73171
1718,8591,-0.36719,-0.06543,0.91406,1.03659,5.91463,-0.79268
1719,8596,-0.35840,-0.06396,0.92041,1.03659,5.91463,-0.91463
1720,8601,-0.35742,-0.06055,0.91943,1.03659,6.21951,-1.28049
1721,8606,-0.36182,-0.06055,0.91162,1.28049,6.64634,-1.64634
1722,8611,-0.36426,-0.05811,0.91650,1.70732,7.01220,-1.89024
1723,8616,-0.35840,-0.05469,0.91797,1.64634,7.25610,-2.19512
1724,8621,-0.35889,-0.05518,0.91113,1.40244,7.56098,-2.43902
1725,8625,-0.36816,-0.05664,0.91309,1.58537,7.98780,-2.62195
1726,8631,-0.36914,-0.05615,0.91260,1.82927,8.10976,-2.80488
1727,8636,-0.36426,-0.05713,0.91650,1.89024,8.41463,-3.29268
1728,8641,-0.36963,-0.06543,0.91602,2.19512,9.14634,-3.35366
1729,8646,-0.37109,-0.06299,0.91455,2.37805,9.57317,-3.29268
1730,8651,-0.37109,-0.06250,0.92188,2.68293,10.06098,-3.23171
1731,8656,-0.36279,-0.06396,0.91943,3.17073,10.48781,-3.41463
1732,8661,-0.37207,-0.06396,0.92041,3.10976,11.15854,-3.47561
1733,8665,-0.37793,-0.06689,0.91797,3.17073,11.58537,-3.41463
1734,8671,-0.37988,-0.06689,0.91406,3.35366,12.25610,-3.41463
1735,8676,-0.37842,-0.06885,0.91846,3.53659,12.62195,-3.35366
1736,8681,-0.37939,-0.06348,0.91748,3.47561,12.86585,-3.35366
1737,8686,-0.37793,-0.06104,0.90967,3.71951,13.23171,-3.35366
1738,8691,-0.36084,-0.06152,0.91650,3.10976,14.08537,-3.17073
1739,8696,-0.38867,-0.07275,0.92285,2.92683,15.36585,-3.17073
1740,8701,-0.39209,-0.06396,0.91895,3.17073,15.42683,-3.04878
1741,8706,-0.37451,-0.06201,0.91016,3.04878,15.73171,-3.10976
1742,8711,-0.37598,-0.06934,0.91357,2.98780,16.89024,-3.17073
1743,8716,-0.39062,-0.06152,0.91309,2.98780,18.23171,-2.98780
1744,8721,-0.39111,-0.06787,0.91113,3.17073,18.35366,-2.92683
1745,8726,-0.38574,-0.06689,0.91260,3.47561,18.59756,-2.92683
1746,8731,-0.37451,-0.06543,0.90527,3.10976,19.51220,-2.80488
1747,8736,-0.39209,-0.06689,0.90674,2.86585,20.91463,-2.74390
1748,8741,-0.39551,-0.06836,0.91357,3.04878,21.70732,-2.74390
1749,8746,-0.36426,-0.06689,0.90625,3.65854,22.68293,-2.80488
1750,8750,-0.37549,-0.04639,0.90234,3.65854,25.12195,-2.92683
1751,8756,-0.40137,-0.06201,0.90576,3.47561,26.76829,-2.98780
1752,8761,-0.39844,-0.06348,0.90332,3.84146,27.43903,-3.35366
1753,8766,-0.39404,-0.05615,0.90039,4.02439,28.10976,-3.47561
1754,8771,-0.39990,-0.06738,0.90186,4.20732,29.26829,-3.47561
1755,8776,-0.40527,-0.06250,0.89697,4.14634,30.18293,-3.41463
1756,8781,-0.41211,-0.06445,0.89648,4.08537,30.85366,-3.29268
1757,8786,-0.41064,-0.06445,0.89551,4.45122,31.64634,-3.17073
1758,8790,-0.40771,-0.06299,0.88623,4.63415,32.43903,-2.98780
1759,8796,-0.41699,-0.06250,0.88770,5.00000,33.29268,-2.62195
1760,8801,-0.42188,-0.06396,0.88867,5.54878,34.20732,-2.37805
1761,8806,-0.42041,-0.06592,0.88818,6.40244,34.87805,-2.01220
1762,8811,-0.42920,-0.05713,0.88916,7.07317,35.42683,-1.64634
1763,8816,-0.42725,-0.06592,0.88623,7.37805,35.85366,-1.21951
1764,8821,-0.43506,-0.06934,0.88916,7.74390,36.46342,-1.09756
1765,8826,-0.43848,-0.06152,0.88330,7.86585,37.01220,-1.03659
1766,8831,-0.43164,-0.06104,0.88721,7.98780,37.56098,-0.79268
1767,8836,-0.43359,-0.05566,0.88770,8.17073,38.47561,-0.60976
1768,8841,-0.43701,-0.05176,0.88281,8.23171,39.20732,-0.67073
1769,8846,-0.43994,-0.05322,0.88281,8.17073,40.18293,-0.73171
1770,8851,-0.45312,-0.05273,0.88281,8.35366,40.79268,-0.97561
1771,8856,-0.45166,-0.05029,0.87891,8.47561,41.40244,-1.34146
1772,8861,-0.44580,-0.05078,0.87451,8.41463,42.37805,-1.40244
1773,8866,-0.45508,-0.05273,0.87598,8.29268,43.35366,-1.58537
1774,8871,-0.45508,-0.05273,0.87305,8.23171,44.02439,-1.89024
1775,8875,-0.46143,-0.05371,0.86768,8.23171,44.93903,-2.19512
1776,8881,-0.46289,-0.05273,0.87061,8.10976,45.85366,-2.25610
1777,8886,-0.46484,-0.05664,0.86865,8.04878,47.01220,-2.25610
1778,8891,-0.47754,-0.06055,0.86133,7.98780,47.62195,-2.31707
1779,8896,-0.48438,-0.06250,0.86621,7.92683,48.35366,-2.13415
1780,8901,-0.48389,-0.06152,0.86230,7.86585,49.02439,-1.76829
1781,8906,-0.48389,-0.06006,0.86475,7.98780,50.06098,-1.52439
1782,8911,-0.48438,-0.05811,0.86426,7.92683,51.09756,-1.28049
1783,8915,-0.49316,-0.05615,0.85938,7.68293,52.19512,-1.09756
1784,8921,-0.49414,-0.04932,0.85547,8.04878,53.17073,-1.21951
1785,8926,-0.49121,-0.05176,0.85400,7.92683,54.08537,-1.28049
1786,8931,-0.49365,-0.04785,0.85303,7.86585,55.60976,-1.34146
1787,8936,-0.49854,-0.04346,0.85010,8.10976,57.19512,-1.58537
1788,8941,-0.50391,-0.04688,0.84229,8.10976,58.65854,-1.70732
1789,8946,-0.50732,-0.04395,0.84570,8.17073,60.42683,-2.13415
1790,8951,-0.50391,-0.04199,0.84961,8.04878,62.13415,-2.50000
1791,8956,-0.50928,-0.04248,0.84961,8.04878,64.20732,-2.62195
1792,8961,-0.51172,-0.04541,0.84570,8.10976,66.28049,-3.04878
1793,8966,-0.51221,-0.03906,0.83936,7.68293,68.65854,-3.35366
1794,8971,-0.52197,-0.04443,0.83691,7.62195,71.09756,-3.41463
1795,8976,-0.52051,-0.04395,0.83936,7.56098,73.65854,-3.84146
1796,8981,-0.52148,-0.03906,0.84180,7.19512,76.70732,-4.20732
1797,8986,-0.52148,-0.03564,0.83203,6.76829,80.00000,-4.81707
1798,8991,-0.52002,-0.05176,0.83936,6.82927,83.71951,-5.18293
1799,8996,-0.51367,-0.04346,0.84424,6.28049,87.62196,-5.97561
1800,9000,-0.52100,-0.03809,0.83936,5.48780,92.25610,-6.70732
1801,9006,-0.51465,-0.03857,0.84180,4.75610,97.56097,-7.50000
1802,9011,-0.51611,-0.03613,0.84180,3.96341,103.29269,-8.41463
1803,9016,-0.51514,-0.03174,0.84619,2.92683,109.81708,-9.69512
1804,9021,-0.50439,-0.02881,0.85596,1.95122,117.25610,-11.21951
1805,9026,-0.49805,-0.02979,0.87207,0.48780,126.34147,-12.98781
1806,9031,-0.49512,-0.01953,0.89502,-1.52439,136.40244,-15.06098
1807,9036,-0.49072,-0.00293,0.88232,-4.02439,147.62195,-17.43902
1808,9040,-0.49854,0.01465,0.89062,-7.50000,160.73170,-20.54878
1809,9046,-0.51221,0.03223,0.87842,-11.09756,174.63416,-24.45122
1810,9051,-0.51123,0.04834,0.87305,-15.18293,189.32927,-29.08537
1811,9056,-0.50879,0.05762,0.86816,-19.08537,203.90245,-34.39024
1812,9061,-0.52246,0.05615,0.85596,-22.43903,218.04878,-39.87805
1813,9066,-0.56250,0.03271,0.84814,-25.24390,232.80489,-45.00000
1814,9071,-0.59375,0.01807,0.83887,-28.10976,248.53659,-49.81707
1815,9076,-0.65137,0.00146,0.82324,-30.24390,265.67075,-53.71951
1816,9081,-0.73730,0.01221,0.87842,-31.58537,283.47562,-56.52439
1817,9086,-0.83838,-0.00342,0.90527,-32.56098,300.18292,-59.14634
1818,9091,-1.06689,0.06055,0.98535,-30.48781,315.36588,-59.93903
1819,9096,-1.26514,0.06494,1.08740,-23.65854,325.24390,-57.07317
1820,9101,-1.40820,-0.00439,1.21924,-14.39024,328.90244,-52.74390
1821,9106,-1.54443,-0.04980,1.30615,-2.50000,324.39026,-48.29268
1822,9111,-1.54590,-0.12012,1.25342,12.74390,315.42685,-41.70732
1823,9116,-1.50977,-0.13721,1.14062,32.86586,307.74390,-34.63415
1824,9121,-1.50977,-0.13721,1.14062,32.86586,307.74390,-34.63415
1825,9125,-1.37158,-0.04199,1.05566,54.20732,303.53659,-26.76829
1826,9131,-1.30176,0.01953,1.22607,82.19512,295.97562,-17.62195
1827,9136,-1.17627,-0.03027,1.06689,82.25610,289.69513,-21.95122
1828,9141,-1.18994,0.01953,1.07227,77.62196,287.13416,-28.10976
1829,9146,-1.24316,0.10449,1.17285,72.13415,281.82928,-33.59756
1830,9151,-1.30762,0.12305,1.37207,72.62196,270.36588,-35.97561
1831,9156,-1.30762,0.12305,1.37207,72.62196,270.36588,-35.97561
1832,9161,-1.47217,0.02295,1.30957,73.35366,254.26830,-39.20732
1833,9165,-1.36816,0.07324,1.02979,70.54878,238.53659,-47.86586
1834,9171,-1.23877,0.26904,0.95654,49.87805,227.37805,-68.17073
1835,9176,-1.05029,0.22217,1.04932,36.89024,218.23172,-78.59756
1836,9181,-0.87109,0.20703,1.14258,23.90244,208.47562,-87.74390
1837,9186,-0.87109,0.20703,1.14258,23.90244,208.47562,-87.74390
1838,9191,-0.82422,0.22754,1.22754,10.97561,198.17073,-95.18293
1839,9196,-0.68311,0.26953,1.23779,-4.08537,182.80489,-101.89024
1840,9201,-0.39795,0.31396,1.06689,-19.20732,163.29269,-105.60976
1841,9206,-0.08838,0.26025,0.84180,-32.74390,148.10976,-106.76830
1842,9211,-0.80859,-0.57812,1.05762,-13.96342,120.30488,-127.25610
1843,9216,-0.80859,-0.57812,1.05762,-13.96342,120.30488,-127.25610
1844,9221,-1.46777,-0.35352,1.66406,-5.97561,89.45123,-132.31708
1845,9226,-1.20703,-0.24414,2.05762,19.75610,38.17073,-126.34147
1846,9231,-0.86133,-0.21729,1.82764,60.18293,-13.71951,-114.93903
1847,9236,-0.60498,-0.11572,1.44336,86.64635,-51.40244,-106.46342
1848,9241,-0.35498,0.08936,1.16162,95.67073,-76.64635,-101.46342
1849,9246,-0.12451,0.27783,0.85498,95.85366,-93.84147,-97.07317
1850,9250,0.01904,0.35742,0.62939,91.82927,-102.31708,-91.82927
1851,9256,0.07861,0.40234,0.51074,80.60976,-104.08537,-87.01220
1852,9261,0.09375,0.43945,0.43604,62.74390,-102.07317,-82.13415
1853,9266,0.09424,0.48584,0.41504,42.43903,-97.74390,-75.79269
1854,9271,0.08740,0.51855,0.39795,21.89024,-93.29269,-67.56097
1855,9276,0.05322,0.48975,0.40527,2.74390,-89.39024,-57.74390
1856,9281,0.02246,0.43018,0.44287,-12.86585,-87.01220,-46.15854
1857,9286,-0.03760,0.36377,0.49854,-23.78049,-87.37805,-32.98780
1858,9290,-0.11328,0.29590,0.55908,-29.45122,-90.60976,-18.47561
1859,9296,-0.17236,0.23145,0.61475,-30.30488,-96.64635,-3.23171
1860,9301,-0.20703,0.17676,0.65576,-27.31707,-104.45123,12.07317
1861,9306,-0.22461,0.13818,0.67090,-21.89024,-113.17073,26.64634
1862,9311,-0.23438,0.10693,0.67139,-15.60976,-122.25610,40.00000
1863,9316,-0.23877,0.08398,0.67334,-9.51220,-131.15854,51.70732
1864,9321,-0.24170,0.06006,0.66406,-4.75610,-139.45122,61.70732
1865,9326,-0.25488,0.03760,0.64990,-1.82927,-146.82927,69.93903
1866,9331,-0.27246,0.01318,0.64062,-0.54878,-153.04878,76.28049
1867,9336,-0.29199,-0.02441,0.63867,-0.97561,-158.41464,80.60976
1868,9341,-0.32666,-0.07422,0.64453,-1.95122,-163.41464,83.41463
1869,9346,-0.37549,-0.14160,0.65771,-2.31707,-168.41464,84.63415
1870,9351,-0.41895,-0.21777,0.66406,-1.40244,-173.53659,84.14635
1871,9356,-0.45801,-0.29248,0.67822,1.40244,-178.78049,82.50000
1872,9361,-0.49756,-0.35010,0.68896,5.91463,-183.90245,79.63415
1873,9366,-0.53076,-0.39502,0.70215,11.58537,-188.90245,75.60976
1874,9371,-0.56201,-0.41455,0.70947,17.62195,-193.90245,70.48781
1875,9375,-0.58789,-0.41553,0.70703,23.17073,-198.17073,64.63415
1876,9381,-0.60596,-0.40479,0.70508,27.25610,-201.70732,58.10976
1877,9386,-0.62793,-0.38428,0.70850,30.06098,-204.45122,51.52439
1878,9391,-0.64941,-0.36475,0.70508,31.28049,-206.28049,44.81707
1879,9396,-0.67773,-0.34570,0.71240,31.09756,-207.37805,38.29268
1880,9401,-0.71094,-0.33057,0.71875,30.24390,-208.17073,32.56098
1881,9406,-0.74512,-0.31494,0.73291,28.96342,-208.96342,27.31707
1882,9411,-0.77637,-0.29785,0.74316,27.80488,-209.45122,22.74390
1883,9415,-0.80615,-0.28174,0.75488,26.89025,-210.06097,19.08537
1884,9421,-0.82715,-0.25732,0.76367,26.09756,-210.67073,16.21951
1885,9426,-0.83691,-0.23145,0.76953,25.24390,-210.91464,14.20732
1886,9431,-0.84131,-0.20703,0.77148,24.45122,-210.97562,13.10976
1887,9436,-0.83691,-0.18115,0.77881,23.90244,-210.30489,12.62195
1888,9441,-0.84619,-0.15967,0.79004,23.29268,-209.39024,12.80488
1889,9446,-0.84912,-0.14062,0.80322,23.10976,-208.47562,13.35366
1890,9451,-0.84521,-0.12109,0.81836,23.35366,-207.25610,14.63415
1891,9456,-0.84619,-0.11133,0.83203,24.02439,-205.73170,16.52439
1892,9461,-0.84229,-0.09766,0.85156,25.00000,-203.90245,18.90244
1893,9466,-0.85107,-0.08154,0.86475,26.58537,-202.19513,21.58537
1894,9471,-0.86328,-0.06738,0.88721,28.29268,-200.42683,24.69512
1895,9476,-0.87256,-0.05176,0.91211,30.42683,-198.78049,28.04878
1896,9481,-0.88623,-0.03711,0.94189,32.25610,-197.13416,31.58537
1897,9486,-0.90186,-0.02002,0.96826,33.71951,-195.67073,34.93903
1898,9491,-0.93164,0.00049,0.99512,34.51220,-194.32927,38.53659
1899,9496,-0.95850,0.01904,1.02539,34.75610,-193.41464,42.07317
1900,9500,-0.97852,0.04004,1.04980,34.32927,-193.04878,45.36586
1901,9506,-1.00098,0.05762,1.06885,33.35366,-192.98781,48.35366
1902,9511,-1.02637,0.06738,1.07764,31.46342,-192.68294,51.09756
1903,9516,-1.05322,0.07471,1.08057,29.32927,-192.19513,54.14634
1904,9521,-1.08496,0.07129,1.07666,27.68293,-191.70732,57.74390
1905,9526,-1.11719,0.06396,1.07227,26.52439,-191.21951,62.01220
1906,9531,-1.15381,0.05518,1.05957,26.09756,-190.85367,66.89024
1907,9536,-1.19336,0.04199,1.03271,26.52439,-189.81708,72.68293
1908,9540,-1.23389,0.02832,1.00146,27.62195,-188.23170,79.14635
1909,9546,-1.26807,0.01611,0.95703,29.14634,-186.21951,86.09756
1910,9551,-1.30566,0.00049,0.91113,30.24390,-182.86586,93.23171
1911,9556,-1.33789,-0.01221,0.86719,30.24390,-178.53659,99.93903
1912,9561,-1.38281,-0.03271,0.83252,29.39025,-173.04878,105.97561
1913,9566,-1.44092,-0.05371,0.79541,27.80488,-167.13416,111.76830
1914,9571,-1.48096,-0.07520,0.76270,24.87805,-160.79269,116.64635
1915,9576,-1.54785,-0.13086,0.71387,22.50000,-154.02440,121.70732
1916,9581,-1.62207,-0.17578,0.69287,21.21951,-148.65854,126.15854
1917,9586,-1.67090,-0.16260,0.67480,16.15854,-143.23170,127.25610
1918,9591,-1.70801,-0.22021,0.62061,10.24390,-137.92683,126.46342
1919,9596,-1.77295,-0.29736,0.60742,3.59756,-133.10976,124.14635
1920,9601,-1.83154,-0.36133,0.58838,-2.56098,-130.67073,120.18293
1921,9606,-1.83936,-0.41357,0.54785,-7.07317,-129.81708,114.08537
1922,9611,-1.82324,-0.47607,0.49658,-11.34146,-129.14635,105.60976
1923,9616,-1.80322,-0.53809,0.43701,-15.18293,-128.35367,94.81708
1924,9621,-1.76611,-0.59082,0.37744,-16.95122,-127.37805,82.62196
1925,9625,-1.70166,-0.63477,0.30420,-16.95122,-125.85366,69.87805
1926,9631,-1.62549,-0.65918,0.21680,-14.93902,-123.35366,56.64634
1927,9636,-1.53418,-0.67480,0.14111,-11.52439,-119.02439,43.04878
1928,9641,-1.44531,-0.68604,0.06250,-7.19512,-112.86586,29.26829
1929,9646,-1.38770,-0.69092,0.00244,-1.52439,-104.57317,15.97561
1930,9651,-1.37354,-0.69482,-0.04150,5.54878,-95.18293,3.17073
1931,9656,-1.37109,-0.67236,-0.06982,12.86585,-85.67073,-9.32927
1932,9661,-1.36572,-0.63330,-0.09229,20.24390,-76.64635,-21.40244
1933,9665,-1.35547,-0.59082,-0.10010,26.89025,-67.80488,-32.80488
1934,9671,-1.34277,-0.53906,-0.10840,32.56098,-59.39024,-43.04878
1935,9676,-1.33203,-0.48096,-0.09131,37.74390,-50.97561,-52.13415
1936,9681,-1.32520,-0.42188,-0.07666,41.82927,-42.50000,-59.63415
1937,9686,-1.32422,-0.36133,-0.06348,44.63415,-34.69512,-65.60976
1938,9691,-1.29785,-0.29004,-0.05957,45.67073,-27.50000,-70.48781
1939,9696,-1.22119,-0.04980,-0.16260,43.90244,-19.57317,-74.63415
1940,9701,-1.62061,0.52930,-0.78418,-0.42683,17.86585,-87.25610
1941,9706,-1.57520,0.07959,-0.41016,-55.24390,72.19512,-91.28049
1942,9711,-0.59814,-0.19580,-0.71338,-83.41463,73.35366,-98.29269
1943,9716,-0.42578,-0.43848,-0.66602,-75.79269,97.86585,-93.84147
1944,9721,-0.04932,-0.67773,0.09961,-35.97561,124.32927,-72.19512
1945,9726,-0.10596,0.03516,1.12402,-6.15854,145.30489,-45.48780
1946,9731,-0.26172,0.53955,1.80811,5.91463,148.41464,-19.39024
1947,9736,-0.50439,0.61768,1.97949,0.48780,137.25610,-7.25610
1948,9741,-0.39746,0.56152,1.65381,-20.60976,111.40244,-11.21951
1949,9746,-0.21191,0.46924,0.90088,-42.13415,97.56097,-28.35366
1950,9750,-0.29834,0.25537,0.56006,-52.56098,113.71951,-44.81707
1951,9756,-1.03711,-0.41260,1.21191,-51.89024,136.89024,-49.20732
1952,9761,-2.08057,-0.08203,2.70312,-85.73171,132.56097,-40.48780
1953,9766,-1.73096,1.17578,2.58350,-124.93903,79.20732,-36.76830
1954,9771,-2.09717,-0.23096,1.32520,-58.65854,31.64634,-19.87805
1955,9776,-1.55859,-0.96436,1.47900,-14.32927,12.25610,-6.89024
1956,9781,-0.27344,-0.73828,1.29102,-3.78049,-3.71951,-6.46341
1957,9786,-0.00195,-0.50098,0.92969,-5.60976,-1.03659,-3.78049
1958,9790,-0.00195,-0.50098,0.92969,-5.60976,-1.03659,-3.78049
1959,9796,-0.46680,0.27100,1.04248,-7.86585,9.87805,-1.09756
1960,9801,-0.45361,0.17432,0.91504,-4.20732,6.46341,0.97561
1961,9806,-0.39551,-0.06982,0.89941,-2.01220,4.93902,1.70732
1962,9811,-0.37793,-0.18604,0.96924,-1.95122,3.59756,1.52439
1963,9816,-0.38965,-0.13086,0.96436,-3.29268,1.70732,1.15854
1964,9821,-0.38965,-0.13086,0.96436,-3.29268,1.70732,1.15854
1965,9826,-0.37695,0.03271,0.90479,-4.87805,0.42683,0.18293
1966,9831,-0.36816,0.11377,0.89111,-4.69512,0.18293,0.06098
1967,9836,-0.37793,-0.06104,0.91406,-3.47561,-0.79268,0.30488
1968,9841,-0.37451,-0.08203,0.92529,-4.02439,-1.40244,-0.30488
1969,9846,-0.36279,-0.03955,0.91357,-4.93902,-2.19512,-0.73171
1970,9851,-0.36279,-0.03955,0.91357,-4.93902,-2.19512,-0.73171
1971,9856,-0.35010,-0.00928,0.89795,-5.60976,-2.62195,-1.03659
1972,9861,-0.34863,-0.01660,0.90527,-6.15854,-2.68293,-1.46341
1973,9866,-0.34961,-0.06494,0.92041,-6.52439,-2.74390,-1.95122
1974,9871,-0.35303,-0.06836,0.91895,-6.95122,-2.31707,-2.07317
1975,9875,-0.36914,-0.06494,0.92676,-7.13415,-2.50000,-1.89024
1976,9881,-0.37646,-0.08838,0.92041,-6.95122,-3.78049,-1.70732
1977,9886,-0.37646,-0.08838,0.92041,-6.95122,-3.78049,-1.70732
1978,9891,-0.37158,-0.09326,0.92285,-6.70732,-4.02439,-1.21951
1979,9896,-0.36572,-0.07422,0.93066,-6.58537,-4.02439,-0.79268
1980,9901,-0.36328,-0.06543,0.93604,-6.15854,-4.08537,-0.30488
1981,9906,-0.37305,-0.07080,0.92822,-5.42683,-3.78049,-0.12195
1982,9911,-0.37500,-0.08057,0.93994,-4.87805,-3.71951,0.06098
1983,9915,-0.37891,-0.08398,0.93848,-4.57317,-3.59756,0.60976
1984,9921,-0.37256,-0.07910,0.92969,-4.26829,-3.23171,0.60976
1985,9926,-0.36816,-0.07324,0.93115,-3.78049,-2.80488,0.54878
1986,9931,-0.37012,-0.06494,0.92871,-3.65854,-2.43902,0.54878
1987,9936,-0.37402,-0.06592,0.92773,-3.53659,-1.89024,0.30488
1988,9941,-0.37256,-0.06592,0.92285,-3.47561,-1.40244,0.12195
1989,9946,-0.36816,-0.06396,0.92090,-3.29268,-0.91463,0.06098
1990,9951,-0.36523,-0.06104,0.91797,-3.23171,-0.54878,0.06098
1991,9956,-0.35596,-0.06006,0.91895,-2.92683,0.06098,-0.12195
1992,9961,-0.35254,-0.06592,0.91943,-2.98780,0.60976,-0.36585
1993,9966,-0.36133,-0.07617,0.92139,-2.74390,1.28049,-0.30488
1994,9971,-0.36475,-0.07715,0.92432,-2.31707,1.70732,-0.12195
1995,9976,-0.36279,-0.07275,0.92041,-2.07317,2.01220,0.12195
1996,9981,-0.35889,-0.07178,0.92676,-1.76829,2.19512,0.24390
1997,9986,-0.35938,-0.07520,0.92432,-1.40244,2.56098,0.36585
1998,9991,-0.36328,-0.07031,0.92188,-1.03659,3.04878,0.36585
1999,9996,-0.36182,-0.06543,0.91992,-1.21951,3.23171,0.24390
2000,10000,-0.36133,-0.06445,0.92480,-1.03659,3.35366,0.06098
2001,10006,-0.35693,-0.06689,0.91992,-0.85366,3.59756,-0.06098
2002,10011,-0.35938,-0.06592,0.92188,-0.60976,3.84146,-0.36585
2003,10016,-0.36230,-0.06641,0.92236,-0.67073,4.02439,-0.48780
