seq,t_ms,ax_g,ay_g,az_g,gx_dps,gy_dps,gz_dps,ax_raw_g,ay_raw_g,az_raw_g,gx_raw_dps,gy_raw_dps,gz_raw_dps
0,0,-0.44759638157503884,0.02473340292630889,0.8947932922845471,0.12275471361008933,5.146824251182344,-0.8838376510772464,-0.38489,-0.03302,0.92438,-0.28201,5.38872,-0.64787
1,11,-0.44955108107125696,0.023265239218885632,0.9040282725986601,0.061774713610089294,5.108714251182343,-1.1734676510772464,-0.38684,-0.03448,0.93372,-0.34299,5.35061,-0.9375
2,20,-0.4565879992576421,0.02675464200296694,0.912175621398263,0.0008047136100893248,5.573654251182344,-1.3487676510772464,-0.39386,-0.03101,0.94196,-0.40396,5.81555,-1.1128
3,30,-0.47996420041241444,0.02921834137501282,0.9103563105012642,-0.6241952863899107,5.726094251182344,-1.7222476510772464,-0.41718,-0.02856,0.94012,-1.02896,5.96799,-1.48628
4,40,-0.47622521111964855,0.021847355090483717,0.8968400170436706,-1.2415752863899105,3.782494251182344,-1.8441976510772464,-0.41345,-0.03589,0.92645,-1.64634,4.02439,-1.60823
5,51,-0.4627628448456952,0.00840259566017619,0.8908679312730878,-1.3330352863899106,1.3206042511823437,-1.3487676510772464,-0.40002,-0.04926,0.92041,-1.7378,1.5625,-1.1128
6,60,-0.44667416437682306,0.0008606588069745128,0.886823919550955,-0.9214552863899106,-0.028485748817656337,-0.6246876510772464,-0.38397,-0.05676,0.91632,-1.32622,0.21341,-0.38872
7,70,-0.43951695699067067,-0.0032522107569714727,0.8873084099528732,-0.1287752863899107,-0.16567574881765634,-0.08352765107724647,-0.37683,-0.06085,0.91681,-0.53354,0.07622,0.15244
8,80,-0.4352366662989521,0.00994115077822933,0.8941901511719551,0.5800647136100894,0.4364542511823437,0.19086234892275353,-0.37256,-0.04773,0.92377,0.1753,0.67835,0.42683
9,91,-0.44012842708948763,0.02749877977248284,0.8933991464341297,1.0145247136100892,1.3358442511823436,0.35092234892275354,-0.37744,-0.03027,0.92297,0.60976,1.57774,0.58689
10,100,-0.44086018638807184,0.04413126451274361,0.8914710723856798,1.1440947136100894,2.4943842511823435,0.5033623489227536,-0.37817,-0.01373,0.92102,0.73933,2.73628,0.73933
11,110,-0.43768254669421985,0.025779218169952853,0.8888113189547416,0.6943947136100893,3.340424251182344,0.5109823489227535,-0.375,-0.03198,0.91833,0.28963,3.58232,0.74695
12,120,-0.45156592516735866,0.023938985577771646,0.8950305937058947,0.2065947136100893,3.8815842511823435,0.023182348922753532,-0.38885,-0.03381,0.92462,-0.19817,4.12348,0.25915
13,131,-0.4543826972619089,0.026080895644080924,0.8827205824734852,-0.20499528638991066,3.584324251182344,-0.3502976510772465,-0.39166,-0.03168,0.91217,-0.60976,3.82622,-0.11433
14,140,-0.4418425481861712,-0.004177355010964209,0.8734262768040353,-0.48700528638991064,3.3861542511823437,-0.7161476510772464,-0.37915,-0.06177,0.90277,-0.89177,3.62805,-0.48018
15,150,-0.4573197585562263,-0.026209866538117386,0.879339037219281,-0.6013352863899106,3.0660342511823435,-0.6399276510772465,-0.39459,-0.08368,0.90875,-1.0061,3.30793,-0.40396
16,160,-0.4739597645240317,-0.025415449189580143,0.8849551708578423,-0.3421852863899107,2.0142042511823437,-0.46462765107724646,-0.41119,-0.08289,0.91443,-0.74695,2.2561,-0.22866
17,171,-0.4788014048146642,-0.018165133894702253,0.8873677353082101,0.18372471361008932,0.3297542511823437,-0.03017765107724646,-0.41602,-0.07568,0.91687,-0.22104,0.57165,0.20579
18,180,-0.4668627017377629,-0.00920531291309866,0.8884553668227201,0.5953147136100894,-1.6214657488176563,0.2899423489227535,-0.40411,-0.06677,0.91797,0.19055,-1.37957,0.52591
19,190,-0.46153990464806127,0.007175773932055386,0.885133146923853,1.0068947136100894,-3.031525748817656,0.6558023489227535,-0.3988,-0.05048,0.91461,0.60213,-2.78963,0.89177
20,200,-0.45156592516735866,0.016266321819114474,0.8853111229898636,1.0983647136100894,-3.6107957488176563,0.6024423489227535,-0.38885,-0.04144,0.91479,0.6936,-3.3689,0.83841
21,211,-0.44269459668452266,0.018599294285704858,0.8812077859123939,0.9001947136100893,-3.8165957488176563,0.6405523489227535,-0.38,-0.03912,0.91064,0.49543,-3.5747,0.87652
22,220,-0.4514456359675914,0.018166889906121295,0.8898396251139148,0.38952471361008933,-3.5955557488176564,0.2670823489227535,-0.38873,-0.03955,0.91937,-0.01524,-3.35366,0.50305
23,230,-0.45707918015669174,0.008714329050108525,0.8904427662265068,0.1608647136100893,-3.778485748817656,0.19848234892275354,-0.39435,-0.04895,0.91998,-0.2439,-3.53659,0.43445
24,240,-0.4471653452758728,0.00024724794291411015,0.8811484605570568,-0.22785528638991065,-4.342505748817656,0.10702234892275356,-0.38446,-0.05737,0.91058,-0.63262,-4.10061,0.34299
25,250,-0.4443485731813226,-0.003131539767320244,0.8818801399395456,-0.4946252863899107,-4.4492157488176565,-0.09114765107724646,-0.38165,-0.06073,0.91132,-0.89939,-4.20732,0.14482
26,261,-0.4402487162892549,0.006200350099041296,0.8854989866150973,-0.7842552863899106,-4.731225748817656,-0.16736765107724647,-0.37756,-0.05145,0.91498,-1.18902,-4.48933,0.0686
27,270,-0.45102462376840596,-0.006017587603145424,0.8839268646986691,-0.6394452863899107,-4.807445748817656,-0.03017765107724646,-0.38831,-0.0636,0.91339,-1.04421,-4.56555,0.20579
28,280,-0.4463132967775213,-0.005585183223561861,0.8803673433784542,-0.18974528638991067,-5.165675748817656,0.40427234892275354,-0.38361,-0.06317,0.90979,-0.59451,-4.92378,0.64024
29,290,-0.44166211438652025,0.013561280467766135,0.8803673433784542,0.023664713610089316,-5.2495157488176565,0.6634223489227535,-0.37897,-0.04413,0.90979,-0.3811,-5.00762,0.89939
30,301,-0.44943079187148965,-0.009939394766810297,0.8906306298517405,0.1532447136100893,-5.119945748817656,0.8463523489227535,-0.38672,-0.0675,0.92017,-0.25152,-4.87805,1.08232
31,310,-0.46350462824426,-0.029276920858419396,0.8924400531895162,1.1136047136100893,-5.2495157488176565,1.3722623489227537,-0.40076,-0.08673,0.922,0.70884,-5.00762,1.60823
32,320,-0.45597652915882514,0.003676315232169803,0.8824832810521376,1.9596447136100894,-5.767805748817656,2.0429923489227537,-0.39325,-0.05396,0.91193,1.55488,-5.52591,2.27896
33,330,-0.45053344286935626,0.009146733429692088,0.8926180292555269,2.218784713610089,-5.882135748817657,2.6298823489227536,-0.38782,-0.04852,0.92218,1.81402,-5.64024,2.86585
34,341,-0.4512652021679405,0.008895335534585365,0.9045028754413554,2.881894713610089,-5.8897657488176565,3.140552348922754,-0.38855,-0.04877,0.9342,2.47713,-5.64787,3.37652
35,350,-0.45347050416367374,0.007608178311638948,0.9044435500860184,4.200494713610089,-6.072685748817657,3.4759223489227535,-0.39075,-0.05005,0.93414,3.79573,-5.83079,3.71189
36,360,-0.43945681239078704,-0.0017237115547225985,0.9038404089734264,4.703544713610089,-6.400435748817657,3.5673823489227536,-0.37677,-0.05933,0.93353,4.29878,-6.15854,3.80335
37,370,-0.42691666331504935,0.018347896390598133,0.90185300956964,4.703544713610089,-5.744945748817656,3.1100723489227535,-0.36426,-0.03937,0.93152,4.29878,-5.50305,3.34604
38,381,-0.42508225301859853,0.03934464858991161,0.9002215622978746,4.124274713610089,-4.655005748817656,2.652752348922754,-0.36243,-0.01849,0.92987,3.71951,-4.41311,2.88872
39,390,-0.4291219653107826,0.04081281229733486,0.9034251314860682,3.6593347136100896,-3.5650657488176565,2.2335423489227537,-0.36646,-0.01703,0.93311,3.25457,-3.32317,2.46951
40,400,-0.43480562999978606,0.053583825368756374,0.907587793918875,3.2020247136100894,-2.7418957488176563,1.8753123489227534,-0.37213,-0.00433,0.93732,2.79726,-2.5,2.11128
41,410,-0.42807945891279964,0.05297041450469597,0.9036031075520787,2.5922647136100894,-2.1702457488176563,1.6542723489227535,-0.36542,-0.00494,0.93329,2.1875,-1.92835,1.89024
42,421,-0.4198196005287806,0.04480501087162962,0.9182070325241826,2.081594713610089,-0.9278757488176563,1.6085423489227537,-0.35718,-0.01306,0.94806,1.67683,-0.68598,1.84451
43,430,-0.40770046365222834,0.06714925578871513,0.9011905431017109,2.112084713610089,1.1376742511823437,1.4027523489227536,-0.34509,0.00916,0.93085,1.70732,1.37957,1.63872
44,440,-0.42086210692676357,0.05824977030193715,0.8910459073390987,1.7919647136100894,3.203224251182344,1.3036623489227537,-0.35822,0.00031,0.92059,1.3872,3.44512,1.53963
45,450,-0.42086210692676357,0.05824977030193715,0.8910459073390987,1.7919647136100894,3.203224251182344,1.3036623489227537,-0.35822,0.00031,0.92059,1.3872,3.44512,1.53963
46,461,-0.4266059162156506,0.016879732683174876,0.8791017357979335,-0.48700528638991064,4.3160342511823435,0.12988234892275355,-0.36395,-0.04083,0.90851,-0.89177,4.55793,0.36585
47,470,-0.41430634553944745,0.011721047875584928,0.874691884384556,-1.2568252863899105,5.276394251182344,-0.07590765107724645,-0.35168,-0.04596,0.90405,-1.66159,5.51829,0.16006
48,480,-0.41651164753518066,0.013380273983289295,0.8669697006315346,-2.2476752863899105,6.793164251182343,0.10702234892275356,-0.35388,-0.04431,0.89624,-2.65244,7.03506,0.34299
49,490,-0.41651164753518066,0.013380273983289295,0.8669697006315346,-2.2476752863899105,6.793164251182343,0.10702234892275356,-0.35388,-0.04431,0.89624,-2.65244,7.03506,0.34299
50,500,-0.42422018042026644,0.01773448552653773,0.8769857981242501,-2.6668852863899106,8.020304251182344,0.5033623489227536,-0.36157,-0.03998,0.90637,-3.07165,8.2622,0.73933
51,511,-0.443245922183456,0.027247381877376117,0.9011312177463741,-0.2202352863899107,7.829754251182344,1.7533623489227537,-0.38055,-0.03052,0.93079,-0.625,8.07165,1.98933
52,520,-0.443245922183456,0.027247381877376117,0.9011312177463741,-0.2202352863899107,7.829754251182344,1.7533623489227537,-0.38055,-0.03052,0.93079,-0.625,8.07165,1.98933
53,530,-0.4411107888875869,0.03222506020048923,0.8950899190612316,-0.15925528638991066,7.021824251182344,1.3570223489227535,-0.37842,-0.02557,0.92468,-0.56402,7.26372,1.59299
54,540,-0.44373710308250564,0.03270774415909413,0.9035437821967419,-0.6851752863899105,6.473044251182344,0.4423823489227535,-0.38104,-0.02509,0.93323,-1.08994,6.71494,0.67835
55,551,-0.45102462376840596,0.023566916693013695,0.9064408370490279,-1.2796852863899106,5.748954251182344,-0.7009076510772465,-0.38831,-0.03418,0.93616,-1.68445,5.99085,-0.46494
56,560,-0.44563165797884013,0.0247937384211345,0.8972058567349148,-1.6379152863899105,5.344994251182344,-1.6765176510772464,-0.38293,-0.03296,0.92682,-2.04268,5.58689,-1.44055
57,570,-0.43841430599280407,0.026271958044362036,0.9046907390665889,-1.7446252863899105,5.924264251182343,-2.400597651077246,-0.37573,-0.03149,0.93439,-2.14939,6.16616,-2.16463
58,580,-0.43401372610131816,0.03387423039238933,0.9038997343287635,-1.6455352863899106,7.120904251182344,-2.903647651077246,-0.37134,-0.02393,0.93359,-2.0503,7.3628,-2.66768
59,591,-0.4376224020943362,0.042773715879167305,0.9020903109909876,-1.6455352863899106,8.469994251182344,-3.6277376510772466,-0.37494,-0.01508,0.93176,-2.0503,8.71189,-3.39177
60,600,-0.44221343988545364,0.03270774415909413,0.9063815116936911,-1.5007252863899105,9.803834251182344,-4.229867651077247,-0.37952,-0.02509,0.9361,-1.90549,10.04573,-3.9939
61,610,-0.45297932326462403,0.018599294285704858,0.9067374638257125,-1.0281652863899107,11.335844251182344,-4.847247651077247,-0.39026,-0.03912,0.93646,-1.43293,11.57774,-4.61128
62,620,-0.45970549435161046,0.013993684847349697,0.9016058205890694,-0.6165752863899105,12.471524251182343,-5.7771276510772465,-0.39697,-0.0437,0.93127,-1.02134,12.71342,-5.54116
63,631,-0.4469849114762219,0.024180327557074097,0.9026341267482425,0.09226471361008931,13.652924251182343,-7.0271276510772465,-0.38428,-0.03357,0.93231,-0.3125,13.89482,-6.79116
64,640,-0.4315678457060504,0.021545677616355646,0.908675425433385,0.7172647136100894,16.305364251182343,-8.543897651077247,-0.3689,-0.03619,0.93842,0.3125,16.54726,-8.30793
65,650,-0.42465121671943246,0.02467306743148328,0.9077064446295487,0.7020247136100893,20.924264251182343,-9.649077651077246,-0.362,-0.03308,0.93744,0.29726,21.16616,-9.41311
66,660,-0.4308962310073498,0.02528647829554368,0.9048093897772627,0.4504947136100893,26.587374251182343,-10.167367651077246,-0.36823,-0.03247,0.93451,0.04573,26.82927,-9.9314
67,671,-0.4360285701974199,0.024361334041550938,0.9087940761440589,0.8163547136100893,31.899874251182343,-10.700907651077246,-0.37335,-0.03339,0.93854,0.41159,32.14177,-10.46494
68,680,-0.41357458624086324,-0.008229889080084577,0.920797573040561,1.1059847136100893,39.20170425118235,-10.639927651077246,-0.35095,-0.0658,0.95068,0.70122,39.4436,-10.40396
69,690,-0.3931454704803889,-0.022951749817534253,0.9347983569000728,4.833114713610089,50.10871425118235,-10.815237651077245,-0.33057,-0.08044,0.96484,4.42835,50.35061,-10.57927
70,700,-0.4157197436367129,0.004782465970639386,0.9192946640386925,8.354464713610088,62.71542425118235,-10.822857651077246,-0.35309,-0.05286,0.94916,7.9497,62.95732,-10.58689
71,711,-0.43829401679303676,-0.01000978617744018,0.925929216277204,10.092264713610088,75.00200425118234,-10.464627651077246,-0.37561,-0.06757,0.95587,9.6875,75.2439,-10.22866
72,720,-0.4429451991840378,-0.015711490438460644,0.9284703189974686,10.869704713610089,86.25200425118234,-8.848777651077246,-0.38025,-0.07324,0.95844,10.46494,86.4939,-8.61281
73,730,-0.4653991831405945,-0.011910354264446992,0.9273826874829585,13.758424713610088,98.87395425118234,-6.6993776510772465,-0.40265,-0.06946,0.95734,13.35366,99.11585,-6.46341
74,740,-0.47579417482048253,0.011419370401456857,0.9250294483879276,17.45506471361009,111.95322425118235,-5.174987651077247,-0.41302,-0.04626,0.95496,17.0503,112.19512,-4.93902
75,750,-0.4871214077985669,0.007608178311638948,0.9105441741264977,19.10141471361009,125.53554425118234,-4.443287651077247,-0.42432,-0.05005,0.94031,18.69665,125.77744,-4.20732
76,761,-0.5029594857679238,0.011962389854887385,0.8998557226066304,19.055684713610088,139.49896425118234,-4.2679776510772465,-0.44012,-0.04572,0.9295,18.65092,139.74086,-4.03201
77,770,-0.5287214227180803,0.014114355837000925,0.8907492805624141,17.920004713610087,154.22456425118236,-4.359447651077247,-0.46582,-0.04358,0.92029,17.51524,154.46646,-4.12348
78,780,-0.5516665875736867,0.01528084207029612,0.8698074301284835,16.418484713610088,169.06451425118235,-5.5332276510772465,-0.48871,-0.04242,0.89911,16.01372,169.30641,-5.29726
79,790,-0.5601068797573566,0.02227975947006728,0.8370400588640614,14.253854713610089,184.55230425118233,-6.9585276510772465,-0.49713,-0.03546,0.86597,13.84909,184.7942,-6.72256
80,801,-0.5802352725184128,0.03209433329503373,0.8116290316614165,8.285864713610088,200.97761425118236,-9.687187651077245,-0.51721,-0.0257,0.84027,7.8811,201.21951,-9.45122
81,810,-0.6043432329717693,0.03363288841308688,0.77330485211377,-1.1501152863899107,217.56299425118235,-15.708527651077246,-0.54126,-0.02417,0.80151,-1.55488,217.80489,-15.47256
82,820,-0.5933868916929673,0.050878784017408044,0.7694487040168708,-13.360475286389912,237.26573425118235,-25.220727651077247,-0.53033,-0.00702,0.79761,-13.76524,237.50763,-24.98476
83,830,-0.6253938429310412,0.07310235794484232,0.745669124085991,-22.567795286389913,249.50657425118234,-35.777127651077244,-0.56226,0.01508,0.77356,-22.97256,249.74847,-35.54116
84,841,-0.7133051997609527,0.0831683296649155,0.7472412460024193,-22.994625286389912,249.50657425118234,-44.53474765107725,-0.64996,0.02509,0.77515,-23.39939,249.74847,-44.29878
85,850,-0.8558679496851264,0.08506889775192232,0.7982313889144969,-19.87724528638991,249.26268425118235,-50.82285765107724,-0.79218,0.02698,0.82672,-20.28201,249.50458,-50.58689
86,860,-1.2058894728079141,0.15061335696414704,0.9813292106026589,-21.874195286389913,249.50657425118234,-54.91584765107724,-1.14136,0.09216,1.0119,-22.27896,249.74847,-54.67988
87,870,-1.5781845460876085,0.21678128295623642,1.2022073960812125,-34.557125286389905,249.50657425118234,-60.36553765107725,-1.51276,0.15796,1.23529,-34.96189,249.74847,-60.12957
88,881,-1.8139814499313947,0.10783549113278712,1.2397405708910334,-32.83456528638991,249.50657425118234,-62.217677651077246,-1.74799,0.04962,1.27325,-33.23933,249.74847,-61.98171
89,890,-1.53418877127273,0.032285395695314835,1.2107799099273964,-7.4001152863899105,249.50657425118234,-58.330477651077246,-1.46887,-0.02551,1.24396,-7.80488,249.74847,-58.09451
90,900,-1.3894908880526873,0.1347149540775979,1.2322655761185821,24.52824471361009,249.50657425118234,-51.874687651077245,-1.32452,0.07635,1.26569,24.12348,249.74847,-51.63872
91,910,-1.464260649808025,0.1667631577458029,1.2087232976090503,47.813304713610094,249.50657425118234,-48.139927651077244,-1.39911,0.10822,1.24188,47.40854,249.74847,-47.90396
92,921,-1.6495160415495982,0.24151883583473793,1.2827119032734047,64.89409471361009,249.50657425118234,-46.39450765107725,-1.58392,0.18256,1.31671,64.48933,249.74847,-46.15854
93,930,-1.8520329334577739,0.12164226353204832,1.6526549315951773,77.05111471361009,249.50657425118234,-50.82285765107724,-1.78595,0.06335,1.69086,76.64635,249.74847,-50.58689
94,940,-1.6073647011311512,0.21021476993604885,1.5461362560877483,66.19745471361009,249.50657425118234,-69.00120765107725,-1.54187,0.15143,1.58313,65.79269,249.74847,-68.76524
95,950,-1.050786573808003,0.37113959055176415,1.458927983742485,57.65324471361009,249.50657425118234,-84.24511765107725,-0.98663,0.31146,1.49493,57.24848,249.74847,-84.00915
96,961,-0.3866598777929371,0.3648848109215089,1.560196365302597,63.705074713610095,241.92274425118234,-87.60639765107724,-0.3241,0.30524,1.59735,63.30031,242.16464,-87.37043
97,970,-0.06410438861700848,0.44847963900239624,1.3362431489057467,65.5038547136101,217.94407425118234,-89.61096765107725,-0.00232,0.38837,1.37085,65.09909,218.18597,-89.375
98,980,-1.4159845843014285,0.3783195144360121,1.4597189884803103,48.93372471361009,182.16664425118233,-103.10181765107724,-1.35095,0.3186,1.49573,48.52896,182.40854,-102.86585
99,990,-2.001011107369535,0.7712544244878196,1.958259612054067,32.782814713610094,91.57975425118235,-97.40822765107724,-1.93457,0.70935,1.99994,32.37805,91.82165,-97.17226
100,1000,-0.910679728379078,0.9434820944675331,1.9172855666347048,30.49622471361009,-50.036105748817654,-64.61096765107725,-0.84686,0.88062,1.9585,30.09146,-49.79421,-64.375
101,1011,-0.17105151131009017,0.776352773800584,1.3432435408355026,-4.732435286389911,-126.17177574881765,-44.05456765107725,-0.10901,0.71442,1.37793,-5.1372,-125.92988,-43.8186
102,1020,0.19512886098143423,0.4973312779795346,0.7603323744134317,-30.387915286389912,-142.47512574881765,-33.719197651077245,0.25629,0.43695,0.78839,-30.79268,-142.23323,-33.48323
103,1030,0.27594315502507694,0.2814106538302727,0.5520113891478583,-35.944325286389905,-134.15195574881764,-24.412797651077245,0.33691,0.22223,0.5777,-36.34909,-133.91006,-24.17683
104,1040,0.13216748900325015,0.17915204601666218,0.5766907369680143,-22.430605286389913,-124.09860574881766,-11.188707651077246,0.19348,0.12054,0.60266,-22.83537,-123.85671,-10.95274
105,1051,-0.024579362393480415,0.20100355105933854,0.669633793662513,-2.5449352863899106,-125.72208574881765,4.489642348922753,0.03711,0.14227,0.69666,-2.9497,-125.48019,4.72561
106,1060,-0.1485373827536499,0.28546318789939307,0.7704077972614842,10.923054713610089,-137.23122574881765,19.642082348922756,-0.08655,0.22626,0.79858,10.51829,-136.98933,19.87805
107,1070,-0.26465655692898565,0.36359765369856245,0.8629850142647383,10.541964713610088,-154.44921574881766,33.125312348922755,-0.20239,0.30396,0.89221,10.1372,-154.20732,33.36128
108,1080,-0.34120058438089046,0.37151165943652203,0.9193539893940293,-2.3543852863899106,-175.94311574881766,45.30519234892275,-0.27875,0.31183,0.94922,-2.75915,-175.70122,45.54116
109,1091,-0.39913988226879116,0.27466313432560824,0.9230914867802551,-18.59675528638991,-199.71598574881764,56.89056234892276,-0.33655,0.21552,0.953,-19.00152,-199.47409,57.12653
110,1100,-0.4253829760180167,0.13208030413687946,0.8582192107193397,-28.18517528638991,-223.18397574881766,67.56129234892275,-0.36273,0.07373,0.88739,-28.58994,-222.94208,67.79726
111,1110,-0.41540899653731406,-0.007244409331266229,0.7410219712512661,-26.96566528638991,-242.14738574881764,76.44849234892276,-0.35278,-0.06482,0.76886,-27.37043,-241.90549,76.68446
112,1120,-0.41540899653731406,-0.10317784610399158,0.6491072207159406,-17.979385286389913,-249.99799574881766,82.20306234892276,-0.35278,-0.16022,0.6759,-18.38415,-249.7561,82.43903
113,1131,-0.4643566767426115,-0.1591490734705523,0.6422353670560816,-7.003775286389911,-249.99799574881766,83.67409234892276,-0.40161,-0.21588,0.66895,-7.40854,-249.7561,83.91006
114,1140,-0.5415723188932169,-0.19739172127418697,0.6920192277429752,1.7843347136100893,-249.83793574881764,80.20611234892276,-0.47864,-0.25391,0.7193,1.37957,-249.59604,80.44208
115,1150,-0.6609393014622689,-0.22979188199554135,0.8001001376076096,8.057204713610089,-249.99799574881766,73.23964234892276,-0.59772,-0.28613,0.82861,7.65244,-249.7561,73.47561
116,1160,-0.8305971936340195,-0.2723887413424244,0.9484431886275628,14.779764713610088,-249.99799574881766,64.79452234892275,-0.76697,-0.32849,0.97864,14.375,-249.7561,65.03049
117,1171,-0.9718066900608112,-0.30160117675382564,1.0313009349147861,23.14104471361009,-249.99799574881766,55.43476234892275,-0.90784,-0.35754,1.06244,22.73628,-249.7561,55.67073
118,1180,-1.043138185522801,-0.2830077884317324,1.0268910835014087,31.86055471361009,-249.99799574881766,45.64056234892276,-0.979,-0.33905,1.05798,31.45579,-249.7561,45.87653
119,1190,-1.0585552512929728,-0.22488459508305814,0.9803009044434858,38.26299471361009,-249.99799574881766,36.52470234892275,-0.99438,-0.28125,1.01086,37.85823,-249.7561,36.76067
120,1200,-1.037394376233914,-0.14135010249699634,0.9424711028569804,40.60293471361009,-249.99799574881766,30.099402348922755,-0.97327,-0.19818,0.9726,40.19817,-249.7561,30.33537
121,1211,-1.0220374550636262,-0.07856096421514129,0.9449429926626851,39.54348471361009,-249.99799574881766,26.890562348922753,-0.95795,-0.13574,0.9751,39.13872,-249.7561,27.12653
122,1220,-1.0302371688477616,-0.040630049801438986,0.9793418111988722,38.80415471361009,-249.99799574881766,26.860072348922753,-0.96613,-0.09802,1.00989,38.39939,-249.7561,27.09604
123,1230,-1.0454637767183015,-0.006138258592796646,1.0249630094529592,41.64714471361009,-249.99799574881766,29.329582348922756,-0.98132,-0.06372,1.05603,41.24238,-249.7561,29.56555
124,1240,-1.1037739663054846,0.0668375223987828,1.0954514191524358,47.54653471361009,-249.99799574881766,33.45306234892276,-1.03949,0.00885,1.12732,47.14177,-249.7561,33.68903
125,1250,-1.1979303374233137,0.2008828800696873,1.1757779502786174,51.906294713610095,-249.99799574881766,38.72745234892275,-1.13342,0.14215,1.20856,51.50153,-249.7561,38.96342
126,1261,-1.3193221881884478,0.34659310007354377,1.2734769229592917,51.50232471361009,-249.99799574881766,46.24269234892275,-1.25452,0.28705,1.30737,51.09756,-249.7561,46.47866
127,1270,-1.4638296135088589,0.481865279472569,1.3585099322755352,48.32397471361009,-249.99799574881766,57.51556234892276,-1.39868,0.42157,1.39337,47.91921,-249.7561,57.75153
128,1280,-1.6328158909819093,0.6513275726061086,1.3876584568644055,43.81177471361009,-249.99799574881766,74.44391234892275,-1.56726,0.59009,1.42285,43.40701,-249.7561,74.67988
129,1290,-1.8626785276371773,0.8145853656884142,1.3672604221877298,35.57244471361009,-249.99799574881766,98.78080234892275,-1.79657,0.75244,1.40222,35.16768,-249.7561,99.01677
130,1301,-2.066598793542638,0.8375430214695602,1.2878435465100477,23.24775471361009,-249.99799574881766,130.51861234892274,-2.0,0.77527,1.3219,22.84299,-249.7561,130.75458
131,1310,-2.066598793542638,0.6509555037213507,1.089597984092527,13.598364713610088,-249.99799574881766,164.58872234892274,-2.0,0.58972,1.1214,13.1936,-249.7561,164.82469
132,1320,-2.0629299729497363,0.3554925855603217,0.8593068422338497,12.439824713610088,-249.99799574881766,195.22135234892275,-1.99634,0.2959,0.88849,12.03506,-249.7561,195.45732
133,1330,-2.066418359742987,0.13036074253434946,0.6342659943224893,14.673054713610089,-249.99799574881766,218.46830234892275,-1.99982,0.07202,0.66089,14.26829,-249.7561,218.70427
134,1341,-2.066598793542638,-0.06279328823404766,0.3397057175154888,7.249274713610089,-248.09251574881765,230.08416234892275,-2.0,-0.12006,0.36298,6.84451,-247.85062,230.32013
135,1350,-2.0665386489427546,-0.31830405290471625,0.00042401034367777884,-9.633345286389911,-229.83793574881764,224.53538234892275,-1.99994,-0.37415,0.01984,-10.03811,-229.59604,224.77135
136,1360,-2.066598793542638,-0.6524319673331592,-0.35437127724873624,-24.90773528638991,-196.62910574881766,199.78690234892275,-2.0,-0.70642,-0.33899,-25.3125,-196.38721,200.02287
137,1370,-2.066598793542638,-0.930648989889867,-0.7096411676838454,-27.24767528638991,-161.26324574881767,158.70458234892274,-2.0,-0.98309,-0.6983,-27.65244,-161.02135,158.94055
138,1381,-2.066598793542638,-0.9326199493875036,-1.3241727485004917,-21.500725286389912,-137.13976574881767,97.79757234892276,-2.0,-0.98505,-1.31982,-21.90549,-136.89787,98.03354
139,1390,-2.066598793542638,-1.0106236882812176,-1.8140320950766131,-9.572365286389912,-95.37147574881766,31.372262348922753,-2.0,-1.06262,-1.81525,-9.97713,-95.12958,31.60823
140,1400,-2.066598793542638,-0.8763973241258362,-1.6697330557787928,15.663914713610088,-27.72665574881766,-18.421947651077247,-2.0,-0.92914,-1.66931,15.25915,-27.48476,-18.18598
141,1410,-1.7933017316714055,-0.10225270184999884,-1.1588824209726265,28.41543471361009,38.82822425118235,-51.67651765107725,-1.72736,-0.1593,-1.15265,28.01067,39.07012,-51.44055
142,1421,-1.1930987212326618,0.6828126449892745,-0.7649225112986267,-53.711095286389906,137.14378425118235,-78.90212765107725,-1.1286,0.6214,-0.75421,-54.11586,137.38568,-78.66616
143,1430,-0.5954719044889334,-0.43884431565048765,0.6282345831965698,-126.6150552863899,185.39073425118235,-84.90059765107725,-0.53241,-0.49402,0.65479,-127.01982,185.63263,-84.66463
144,1440,-0.3801141405056016,-0.14846969088641873,1.958259612054067,-53.79493528638991,165.91664425118233,-43.49053765107725,-0.31757,-0.20526,1.99994,-54.1997,166.15854,-43.25457
145,1450,0.5770270220425483,0.7168720318183334,1.0723936310448219,-18.406215286389912,112.17426425118235,-2.0728576510772463,0.63727,0.65527,1.104,-18.81098,112.41616,-1.83689
146,1461,0.2311053558118279,-0.09845156567598518,-0.2375992028272439,-50.243105286389905,176.39682425118235,-26.646027651077247,0.29218,-0.15552,-0.22089,-50.64787,176.63872,-26.41006
147,1470,-1.6290869257891236,-0.5496303400661181,1.4414270039180952,-32.07999528638991,249.50657425118234,-6.0743776510772465,-1.56354,-0.60419,1.47723,-32.48476,249.74847,-5.83841
148,1480,-2.0431023031880984,-0.39962624401383884,1.958259612054067,-0.4412752863899107,216.25201425118235,19.451532348922754,-1.97656,-0.45502,1.99994,-0.84604,216.49391,19.6875
149,1490,-0.9998240495066041,-0.7810169627223456,1.431598770050613,-8.10895528638991,145.20018425118235,-13.993587651077245,-0.93579,-0.83429,1.46729,-8.51372,145.44208,-13.75762
150,1500,-0.49372728968578605,-0.2931340956466312,0.9914738463652711,5.4276347136100895,130.48219425118234,-31.219197651077245,-0.43091,-0.34912,1.02216,5.02287,130.72409,-30.98323
151,1511,-0.9010766405976578,0.6184849515893663,1.3991873509182124,4.604464713610089,126.32822425118235,-30.373167651077246,-0.83728,0.55743,1.43451,4.1997,126.57012,-30.1372
152,1520,-1.2156128497891017,0.7657337267112759,1.4113193860846114,-22.34676528638991,97.84499425118234,-26.996637651077247,-1.15106,0.70386,1.44678,-22.75153,98.08689,-26.76067
153,1530,-1.0334749531414973,0.28957605746333903,1.2999162563211097,-32.339135286389904,65.61176425118235,-12.522557651077246,-0.96936,0.23035,1.33411,-32.7439,65.85366,-12.28659
154,1540,-0.6004238098793525,-0.14399480835351905,1.0987736390513028,-34.83151528638991,43.88920425118235,-12.979867651077246,-0.53735,-0.20081,1.13068,-35.23628,44.1311,-12.7439
155,1551,-0.6650391583543366,0.17853863515260177,1.1057147056257217,-28.985485286389913,32.89072425118235,-13.117067651077246,-0.60181,0.11993,1.1377,-29.39025,33.13262,-12.8811
156,1560,-0.5460330433845864,0.07444985066261436,0.9672097760324734,-18.42907528638991,22.15902425118234,-5.906697651077247,-0.48309,0.01642,0.99762,-18.83384,22.40092,-5.67073
157,1570,-0.4471052006759892,-0.0017840470495482095,0.950133961254665,-14.008345286389911,18.713894251182342,-4.641457651077247,-0.3844,-0.05939,0.98035,-14.41311,18.95579,-4.40549
158,1580,-0.5103071510537078,0.07395711078820517,0.9562246977359214,-11.592185286389912,16.930364251182343,-4.2679776510772465,-0.44745,0.01593,0.98651,-11.99695,17.17226,-4.03201
159,1591,-0.5015561117706391,-0.016385236797346665,0.9681194314809727,-6.241575286389911,14.102614251182343,-1.6307876510772463,-0.43872,-0.07391,0.99854,-6.64634,14.34451,-1.39482
160,1600,-0.46258241104604425,0.00840259566017619,0.9474742078237266,-1.6531652863899104,11.869384251182344,0.17562234892275355,-0.39984,-0.04926,0.97766,-2.05793,12.11128,0.41159
161,1610,-0.4661910870390623,0.01846856738024936,0.9312981609351948,1.6090347136100893,10.977614251182343,0.8997023489227535,-0.40344,-0.03925,0.9613,1.20427,11.21951,1.13567
162,1620,-0.45297932326462403,-0.007123738341614993,0.9252074244539383,3.8041547136100893,10.558414251182343,1.3722623489227537,-0.39026,-0.0647,0.95514,3.39939,10.80031,1.60823
163,1631,-0.43027473680855227,0.03602619637450286,0.9071033035169568,4.055674713610089,10.649874251182343,1.5856823489227536,-0.36761,-0.02179,0.93683,3.65091,10.89177,1.82165
164,1640,-0.44759638157503884,0.045790490620447974,0.9057091576665394,3.9870847136100895,11.640724251182343,1.0826323489227536,-0.38489,-0.01208,0.93542,3.58232,11.88262,1.3186
165,1650,-0.44899975557232363,0.061678837591192845,0.892014888142935,3.0800647136100894,11.663594251182344,-0.08352765107724647,-0.38629,0.00372,0.92157,2.6753,11.90549,0.15244
166,1660,-0.4444087177812062,0.06634478252437362,0.8941901511719551,1.7157447136100894,11.023344251182344,-1.4326176510772464,-0.38171,0.00836,0.92377,1.31098,11.26524,-1.19665
167,1671,-0.4578710840551596,0.050325708648173255,0.8976310217814962,0.6791547136100893,10.497434251182344,-2.5454176510772464,-0.39514,-0.00757,0.92725,0.27439,10.73933,-2.30945
168,1680,-0.4619709409472273,0.031913326810556884,0.896543390266986,-0.2888352863899107,9.704754251182344,-2.972247651077246,-0.39923,-0.02588,0.92615,-0.6936,9.94665,-2.73628
169,1690,-0.4631938811448612,0.024974744905611346,0.900646727344456,-1.2339552863899106,9.262674251182343,-2.9493776510772465,-0.40045,-0.03278,0.9303,-1.63872,9.50457,-2.71341
170,1700,-0.4611790370487595,0.02565854718030163,0.8996777465406198,-1.8894452863899107,9.148344251182344,-2.8807876510772465,-0.39844,-0.0321,0.92932,-2.29421,9.39024,-2.64482
171,1711,-0.45854269875386017,0.026080895644080924,0.8988373040066802,-2.2705352863899106,9.064504251182344,-3.0332276510772465,-0.39581,-0.03168,0.92847,-2.6753,9.3064,-2.79726
172,1720,-0.45903387965290987,0.027981463731087744,0.895999574509731,-2.4229752863899106,8.873954251182344,-3.1399276510772465,-0.3963,-0.02979,0.9256,-2.82774,9.11585,-2.90396
173,1730,-0.4526685761652253,0.03835916884109326,0.8946054286593136,-2.659255286389911,8.912064251182343,-3.3685876510772466,-0.38995,-0.01947,0.92419,-3.06402,9.15396,-3.13262
174,1740,-0.4560968183585924,0.03369322390791248,0.896543390266986,-2.430605286389911,9.788594251182344,-3.9478576510772463,-0.39337,-0.02411,0.92615,-2.83537,10.03049,-3.71189
175,1750,-0.46869711203421377,0.030505498597959244,0.8920742134982718,-2.3162752863899105,10.085844251182344,-4.671947651077247,-0.40594,-0.02728,0.92163,-2.72104,10.32774,-4.43598
176,1761,-0.46179050714757647,0.0343669702667985,0.8910459073390987,-2.3696252863899105,9.895304251182344,-5.007307651077247,-0.39905,-0.02344,0.92059,-2.77439,10.1372,-4.77134
177,1770,-0.46411609834307693,0.03326081952832892,0.8902647901604959,-2.0723652863899105,10.451704251182344,-5.243587651077247,-0.40137,-0.02454,0.9198,-2.47713,10.6936,-5.00762
178,1780,-0.4691281483333798,0.03246640217979168,0.8892364840013228,-1.1882252863899105,11.351094251182344,-5.5179776510772465,-0.40637,-0.02533,0.91876,-1.59299,11.59299,-5.28201
179,1790,-0.4691281483333798,0.03246640217979168,0.8892364840013228,-1.1882252863899105,11.351094251182344,-5.5179776510772465,-0.40637,-0.02533,0.91876,-1.59299,11.59299,-5.28201
180,1801,-0.4534103595637901,0.03161164933642883,0.8871304338868624,0.7858647136100894,14.590424251182343,-6.424987651077247,-0.39069,-0.02618,0.91663,0.3811,14.83232,-6.18902
181,1810,-0.47035108853101365,0.029580354343966504,0.8850144962131791,1.4870847136100893,16.96084425118234,-6.653647651077247,-0.40759,-0.0282,0.91449,1.08232,17.20274,-6.41768
182,1820,-0.47035108853101365,0.029580354343966504,0.8850144962131791,1.4870847136100893,16.96084425118234,-6.653647651077247,-0.40759,-0.0282,0.91449,1.08232,17.20274,-6.41768
183,1830,-0.46153990464806127,0.02675464200296694,0.8882773907567094,1.9977547136100893,18.675784251182343,-6.981397651077247,-0.3988,-0.03101,0.91779,1.59299,18.91768,-6.74543
184,1841,-0.4653991831405945,0.026141231138906533,0.8862801037936999,2.2416547136100893,25.70322425118234,-6.234447651077247,-0.40265,-0.03162,0.91577,1.83689,25.94512,-5.99848
185,1850,-0.4653991831405945,0.026141231138906533,0.8862801037936999,2.2416547136100893,25.70322425118234,-6.234447651077247,-0.40265,-0.03162,0.91577,1.83689,25.94512,-5.99848
186,1860,-0.47115301652946207,0.02362725218783931,0.8841048407646798,3.3163547136100893,28.97304425118234,-5.792367651077247,-0.40839,-0.03412,0.91357,2.91159,29.21494,-5.5564
187,1870,-0.4576305056556251,0.026694306508141325,0.8885740175333939,4.955064713610089,32.692554251182344,-5.365537651077247,-0.3949,-0.03107,0.91809,4.5503,32.93445,-5.12957
188,1881,-0.46827609983502827,0.02823286162619447,0.8898989504692516,8.659334713610088,43.96542425118235,-4.969197651077247,-0.40552,-0.02954,0.91943,8.25457,44.20732,-4.73323
189,1890,-0.46827609983502827,0.02823286162619447,0.8898989504692516,8.659334713610088,43.96542425118235,-4.969197651077247,-0.40552,-0.02954,0.91943,8.25457,44.20732,-4.73323
190,1900,-0.472375956727096,0.02491440941078573,0.889720974403241,9.863604713610089,50.20017425118235,-4.793897651077247,-0.40961,-0.03284,0.91925,9.45884,50.44207,-4.55793
191,1910,-0.477027139118097,0.03142058693614771,0.88519247227919,11.159334713610088,57.098044251182344,-4.603347651077247,-0.41425,-0.02637,0.91467,10.75457,57.33994,-4.36738
192,1921,-0.48699109449881905,0.03142058693614771,0.881029809846383,12.782814713610088,64.21694425118234,-4.633837651077247,-0.42419,-0.02637,0.91046,12.37805,64.45884,-4.39787
193,1930,-0.4976366886782222,0.02252110144936973,0.8778361282174124,14.352934713610088,71.33584425118235,-4.5118776510772465,-0.43481,-0.03522,0.90723,13.94817,71.57774,-4.27591
194,1940,-0.504122281365674,0.02767978625695968,0.879279711863944,16.25842471361009,78.46999425118234,-4.168897651077247,-0.44128,-0.03009,0.90869,15.85366,78.71189,-3.93293
195,1950,-0.5096956809548908,0.0265736355184901,0.8716761788215963,17.424584713610088,86.48829425118234,-3.6810876510772466,-0.44684,-0.03119,0.901,17.01982,86.73019,-3.44512
196,1961,-0.5216243599318116,0.022772499344476452,0.8660007198276981,18.369704713610087,96.02334425118235,-2.6445076510772463,-0.45874,-0.03497,0.89526,17.96494,96.26524,-2.40854
197,1970,-0.5260951085231617,0.030807176072087307,0.8678793560800337,19.66543471361009,106.50353425118234,-1.6002976510772464,-0.4632,-0.02698,0.89716,19.26067,106.74543,-1.36433
198,1980,-0.5334928943088486,0.03277813556972401,0.8634101793113197,20.839214713610087,118.56908425118235,-0.8609676510772465,-0.47058,-0.02502,0.89264,20.43445,118.81098,-0.625
199,1990,-0.551606442973803,0.023878650082946037,0.8500718619197368,21.776714713610087,132.03706425118236,-0.24358765107724645,-0.48865,-0.03387,0.87915,21.37195,132.27896,-0.00762
200,2000,-0.57356924603131,0.023747923177490533,0.8290113607751323,21.700494713610087,145.68036425118234,-0.05303765107724645,-0.51056,-0.034,0.85785,21.29573,145.92226,0.18293
201,2011,-0.5946198559905819,0.006994767447578546,0.8027005656832109,19.833114713610087,159.88768425118235,0.6634223489227535,-0.53156,-0.05066,0.83124,19.42835,160.12958,0.89939
202,2020,-0.614317212452472,0.007859576206745671,0.7953936594175477,17.19592471361009,175.44407425118234,2.7365923489227537,-0.55121,-0.0498,0.82385,16.79116,175.68597,2.97256
203,2030,-0.5990204358820678,0.029399347859489663,0.7967878052679653,14.474884713610088,193.18799425118235,4.215252348922753,-0.53595,-0.02838,0.82526,14.07012,193.42989,4.45122
204,2040,-0.5702612930377102,0.07303196653421243,0.8257484662316021,9.44439471361009,216.76268425118235,0.9301923489227536,-0.50726,0.01501,0.85455,9.03963,217.00458,1.16616
205,2051,-0.5556461552659872,0.1265596063603358,0.8597320072804311,7.340744713610089,243.23372425118234,-8.582007651077246,-0.49268,0.06824,0.88892,6.93598,243.47562,-8.34604
206,2060,-0.58035556171818,0.18695543668077486,0.8755422144777186,7.561774713610089,249.50657425118234,-20.739017651077248,-0.51733,0.1283,0.90491,7.15701,249.74847,-20.50305
207,2070,-0.691462685903213,0.2237802003560076,0.878735896106689,5.6715347136100895,249.41511425118236,-34.016457651077246,-0.62817,0.16492,0.90814,5.26677,249.65701,-33.78049
208,2080,-1.0186693574701429,0.2925224407939898,0.8978683232028439,6.5937847136100896,249.32365425118235,-48.101827651077244,-0.95459,0.23328,0.92749,6.18902,249.56555,-47.86586
209,2091,-1.6520922352446137,0.3570210847625706,1.2221209403559699,5.0998847136100895,249.50657425118234,-62.10334765107724,-1.58649,0.29742,1.25543,4.69512,249.74847,-61.86738
210,2100,-2.066598793542638,0.17970512138589698,1.5187971548366537,21.075494713610087,249.50657425118234,-59.90059765107725,-2.0,0.12109,1.55548,20.67073,249.74847,-59.66463
211,2110,-1.9835791975032622,0.12962666068063786,1.4626160433325963,58.019094713610095,249.50657425118234,-46.12773765107725,-1.91718,0.07129,1.49866,57.61433,249.74847,-45.89177
212,2120,-1.7677202285208997,0.2575379097109383,1.5111342964389691,91.64714471361009,249.50657425118234,-33.101827651077244,-1.70184,0.19849,1.54773,91.24238,249.74847,-32.86586
213,2131,-1.7909159958760215,0.29736939221164743,1.5754034313872924,128.8956247136101,249.50657425118234,-21.242067651077246,-1.72498,0.2381,1.61273,128.49086,249.74847,-21.0061
214,2140,-1.9436832795804515,0.21733435832547124,1.8165016754765109,142.56940471361008,249.50657425118234,-26.828957651077246,-1.87738,0.15851,1.85657,142.16464,249.74847,-26.59299
215,2150,-2.066598793542638,0.5631271350868661,1.958259612054067,137.0815947136101,249.50657425118234,-49.05456765107725,-2.0,0.50238,1.99994,136.67683,249.74847,-48.8186
216,2160,-1.593411153958148,0.3889988970201457,1.957656470941475,113.2325047136101,249.50657425118234,-81.75273765107724,-1.52795,0.32922,1.99933,112.82774,249.74847,-81.51677
217,2171,-0.470902414029947,0.3758658709797705,1.9554812079124548,78.95659471361009,240.29927425118234,-114.59572765107724,-0.40814,0.31616,1.99713,78.55183,240.54117,-114.35976
218,2180,-0.13611752287767948,0.4899100121159842,1.7429382348587377,55.91543471361009,192.76878425118235,-133.87164765107727,-0.07416,0.42957,1.78217,55.51067,193.01068,-133.63568
219,2190,-1.5061112672270536,0.3457886268092022,1.7343657210125536,50.58769471361009,133.40902425118236,-153.11706765107726,-1.44086,0.28625,1.7735,50.18293,133.65092,-152.8811
220,2200,-1.7051999169418623,0.44148072160262514,1.958259612054067,73.9184847136101,6.137674251182344,-147.01188765107727,-1.63947,0.38141,1.99994,73.51372,6.37957,-146.77592
221,2211,-0.3446288265742576,0.6596136472288262,1.80267886768301,85.99927471361009,-132.94769574881767,-124.45852765107725,-0.28217,0.59833,1.84259,85.59451,-132.7058,-124.22256
222,2220,0.2936256673908653,0.7950064976175027,1.096420399956272,68.5678747136101,-175.49342574881766,-109.02407765107725,0.35455,0.73297,1.1283,68.16311,-175.25153,-108.78811
223,2230,0.38289027771815864,0.7180988535464542,0.6713146787303922,42.29500471361009,-171.03458574881765,-96.44023765107724,0.4436,0.65649,0.69836,41.89024,-170.79269,-96.20427
224,2240,0.3844841096150749,0.6554404421700546,0.5305850483120094,15.404764713610088,-154.63976574881767,-79.94633765107724,0.44519,0.59418,0.55603,15.0,-154.39787,-79.71037
225,2250,0.2886136174005625,0.5630064640972149,0.5336007538749692,2.7142147136100894,-139.63976574881767,-54.38230765107725,0.34955,0.50226,0.55908,2.30945,-139.39787,-54.14634
226,2261,0.05630510035002658,0.443009220804874,0.6745182479185855,7.29500471361009,-136.45379574881767,-20.075907651077245,0.1178,0.38293,0.7016,6.89024,-136.2119,-19.83994
227,2270,-0.15544398764028716,0.4218415180368879,0.8134977803545294,23.65933471361009,-149.97512574881765,19.154272348922753,-0.09344,0.36188,0.84216,23.25457,-149.73323,19.39024
228,2280,-0.22893066459810718,0.4707534925088519,0.8638353443579008,34.18525471361009,-174.38061574881766,55.06891234892275,-0.16675,0.41052,0.89307,33.78049,-174.13872,55.30488
229,2290,-0.2636140505310028,0.4531455839355771,0.8548969908204725,27.950494713610087,-199.27390574881767,82.42409234892276,-0.20135,0.39301,0.88403,27.54573,-199.03201,82.66006
230,2301,-0.29219275957570945,0.3410724022970001,0.806141436292752,9.13189471361009,-220.38671574881766,100.83111234892276,-0.22986,0.28156,0.83472,8.72713,-220.14482,101.06708
231,2310,-0.33710072748882275,0.15840669171245544,0.7525508653050731,-9.572365286389912,-236.78915574881765,111.63903234892275,-0.27466,0.09991,0.78052,-9.97713,-236.54726,111.875
232,2320,-0.42086210692676357,-0.02492270931517096,0.7247865990073973,-19.33608528638991,-248.69463574881766,116.29604234892275,-0.35822,-0.0824,0.75244,-19.74085,-248.45274,116.53201
233,2330,-0.5124422843495767,-0.21683986243964298,0.7287712853741933,-17.819315286389912,-249.99799574881766,115.16800234892276,-0.44958,-0.27325,0.75647,-18.22408,-249.7561,115.40397
234,2341,-0.6044033775716531,-0.37888088970963213,0.7668482759412693,-5.12114528638991,-249.88366574881766,107.45458234892276,-0.54132,-0.43439,0.79498,-5.52591,-249.64177,107.69055
235,2350,-0.6697504853452212,-0.45860419020587595,0.8036003335724874,13.941354713610089,-249.94463574881766,93.78080234892275,-0.60651,-0.51367,0.83215,13.53659,-249.70274,94.01677
236,2360,-0.7404103661085105,-0.4900289270942163,0.8587630264765946,32.27976471361009,-249.99799574881766,75.88446234892275,-0.677,-0.54492,0.88794,31.875,-249.7561,76.12043
237,2370,-0.8674858815626483,-0.5108346168932486,0.932988933562297,47.41696471361009,-249.99799574881766,55.297572348922756,-0.80377,-0.56561,0.96301,47.0122,-249.7561,55.53354
238,2381,-0.9980497838100368,-0.5037150285038263,1.0020337596152418,59.894094713610095,-249.99799574881766,33.674092348922755,-0.93402,-0.55853,1.03284,59.48933,-249.7561,33.91006
239,2390,-1.0849286583419462,-0.4658444495849497,1.0560396080902794,70.3209247136101,-249.99799574881766,13.010982348922754,-1.02069,-0.52087,1.08746,69.91616,-249.7561,13.24695
240,2400,-1.1469076685220305,-0.39047536063195415,1.0909229170283847,79.3758047136101,-249.99799574881766,-4.671947651077247,-1.08252,-0.44592,1.12274,78.97104,-249.7561,-4.43598
241,2410,-1.2195322728815188,-0.2588233109224657,1.1213963745531128,86.9062947136101,-249.99799574881766,-16.729867651077246,-1.15497,-0.315,1.15356,86.50153,-249.7561,-16.4939
242,2421,-1.314360258698048,-0.052968658493276935,1.1682930679469432,90.0998847136101,-249.99799574881766,-21.920417651077244,-1.24957,-0.11029,1.20099,89.69512,-249.7561,-21.68445
243,2430,-1.4135988485060442,0.19658900402126447,1.2194710744842545,85.8468447136101,-249.99799574881766,-18.864017651077248,-1.34857,0.13788,1.25275,85.44208,-249.7561,-18.62805
244,2440,-1.4978514088430346,0.4379209274079139,1.2533260772631867,74.7873847136101,-249.99799574881766,-6.310667651077247,-1.43262,0.37787,1.28699,74.38262,-249.7561,-6.0747
245,2450,-1.6121963173218032,0.7231368673643929,1.3008753495657233,58.301104713610094,-249.99799574881766,15.114642348922754,-1.54669,0.6615,1.33508,57.89634,-249.7561,15.35061
246,2461,-1.8083479057422944,1.0534636456188222,1.349818767718677,34.76452471361009,-249.99799574881766,48.35397234892275,-1.74237,0.98999,1.38458,34.35976,-249.7561,48.58994
247,2470,-2.0555221630640688,1.0975890041679541,1.3554942267125754,11.243184713610088,-249.99799574881766,98.68172234892275,-1.98895,1.03387,1.39032,10.83842,-249.7561,98.91769
248,2480,-2.066598793542638,0.9134048502969647,1.2701052652643106,2.828544713610089,-249.99799574881766,156.01403234892274,-2.0,0.85071,1.30396,2.42378,-249.7561,156.25
249,2490,-2.06299011754962,0.6784584334460261,1.050977177768196,10.732504713610089,-249.99799574881766,208.95611234892274,-1.9964,0.61707,1.08234,10.32774,-249.7561,209.19208
250,2500,-2.0658670342440537,0.3752524601157101,0.7845371193908924,20.168484713610088,-249.99799574881766,247.12684234892274,-1.99927,0.31555,0.81287,19.76372,-249.7561,247.36281
251,2511,-2.066598793542638,0.06935150134985002,0.5018616887697203,22.54653471361009,-249.99799574881766,249.51250234892274,-2.0,0.01135,0.52698,22.14177,-249.7561,249.74847
252,2520,-2.0665386489427546,-0.24784225086420406,0.1918471568974535,13.430684713610088,-249.76171574881766,249.06281234892273,-1.99994,-0.30408,0.21344,13.02592,-249.51982,249.29878
253,2530,-2.066598793542638,-0.6060339718122624,-0.14821566745296016,-5.494625286389911,-234.44160574881766,249.39819234892275,-2.0,-0.66028,-0.13049,-5.89939,-234.19971,249.63416
254,2540,-2.066598793542638,-0.9177673617445985,-0.5291437740712848,-29.137915286389912,-192.49799574881766,247.17257234892273,-2.0,-0.97028,-0.51575,-29.54268,-192.2561,247.40854
255,2551,-2.066598793542638,-1.2152515189822855,-0.9766250418184039,-46.775115286389905,-150.47817574881765,207.56129234892273,-2.0,-1.26611,-0.96832,-47.17988,-150.23628,207.79726
256,2560,-2.066598793542638,-1.4000591396331394,-1.7897086993884785,-53.32236528638991,-130.18092574881766,122.18781234892275,-2.0,-1.44989,-1.79065,-53.72713,-129.93903,122.42378
257,2570,-2.066598793542638,-1.7568430323686002,-1.9967047517181942,-31.348285286389913,-82.42177574881765,27.119212348922755,-2.0,-1.80469,-2.0,-31.75305,-82.17988,27.35518
258,2580,-2.066598793542638,-1.364028793306444,-1.8694914147574049,21.311774713610088,-0.26476574881765635,-49.56523765107725,-2.0,-1.41406,-1.87134,20.90701,-0.02287,-49.32927
259,2591,-1.8951064910744366,-0.3411913172752323,-0.9549020742058707,43.224884713610095,71.60261425118235,-104.69481765107724,-1.82892,-0.39691,-0.94635,42.82012,71.84451,-104.45885
260,2600,-0.5074302343592739,1.1059454702013014,0.5747033375642279,-40.761395286389906,146.02334425118235,-136.11249765107726,-0.44458,1.04218,0.60065,-41.16616,146.26524,-135.87653
261,2610,-0.05486216843489008,-0.08040119680732251,1.958259612054067,-143.7873152863899,179.17122425118234,-139.44328765107727,0.0069,-0.13757,1.99994,-144.19208,179.41312,-139.20732
262,2620,-0.10221601674327117,0.03701167612332123,1.5219315111102876,-65.8299952863899,109.11023425118235,-93.82590765107724,-0.04034,-0.02081,1.55865,-66.23476,109.35213,-93.58994
263,2631,0.3550533520720167,1.0261517782944276,-0.005795264407475369,-18.825415286389912,95.84804425118234,-38.414327651077244,0.41583,0.96283,0.01355,-19.23018,96.08994,-38.17836
264,2640,0.6060267432864405,0.2553859437288248,-0.14936262432280717,-32.118105286389905,182.47914425118233,-25.022557651077246,0.6662,0.19635,-0.13165,-32.52287,182.72104,-24.78659
265,2650,-1.1117932462899691,-0.0581876787956925,1.4259233110567149,-22.979385286389913,249.50657425118234,-7.507307651077247,-1.04749,-0.11548,1.46155,-23.38415,249.74847,-7.27134
266,2660,-2.066598793542638,-0.2115705625582061,1.958259612054067,-18.131825286389912,238.21084425118235,8.232022348922754,-2.0,-0.26801,1.99994,-18.53659,238.45274,8.46799
267,2671,-1.3648416262003782,-0.7319139258501006,1.678847075976425,-32.39249528638991,179.95628425118235,-13.963097651077247,-1.29993,-0.78546,1.71735,-32.79726,180.19818,-13.72713
268,2680,-1.024844203058196,-0.43362529534807204,1.4319547221826345,-20.65468528638991,146.65597425118236,-31.188717651077248,-0.96075,-0.48883,1.46765,-21.05945,146.89787,-30.95275
269,2690,-1.5975711554500995,0.8179641533986487,1.7872938255323034,-32.148595286389906,111.58737425118234,-35.35029765107725,-1.5321,0.7558,1.82703,-32.55336,111.82927,-35.11433
270,2700,-0.9814097778422315,0.6915914594864012,1.1653960130946572,-52.12572528638991,64.02640425118234,-24.976817651077244,-0.91742,0.63013,1.19806,-52.53049,64.2683,-24.74085
271,2711,-0.5673843763432763,-0.6140083130450477,1.179940612711424,-36.836095286389906,51.73219425118234,-7.796947651077247,-0.50439,-0.66821,1.21277,-37.24086,51.97409,-7.56098
272,2720,-0.790701275711209,-0.08997442865298651,1.233531183699103,-27.31627528638991,33.91969425118234,-13.452427651077246,-0.72717,-0.14709,1.26697,-27.72104,34.16159,-13.21646
273,2730,-0.4747015479225965,0.5422007742981824,0.8219516434900396,-20.37267528638991,16.213894251182342,-10.449387651077245,-0.41193,0.48157,0.85071,-20.77744,16.45579,-10.21342
274,2740,-0.45242799776569076,-0.03977529695807614,0.966843936341229,-16.90468528638991,18.264204251182342,-4.351817651077247,-0.38971,-0.09717,0.99725,-17.30945,18.5061,-4.11585
275,2750,-0.5420634997922664,-0.032042297704593346,0.9748726344301581,-14.839135286389912,14.826704251182344,-5.914317651077247,-0.47913,-0.08948,1.00537,-15.2439,15.0686,-5.67835
276,2761,-0.4948900852835363,0.09071026651811719,0.9387830432668689,-11.18060528638991,10.832804251182344,-4.306087651077247,-0.43207,0.03259,0.96887,-11.58537,11.0747,-4.07012
277,2770,-0.4846755274032991,-0.060460315767457265,0.9586965875416261,-7.430605286389911,9.064504251182344,-1.3792576510772463,-0.42188,-0.11774,0.98901,-7.83537,9.3064,-1.14329
278,2780,-0.4827108038071004,0.03879157322067682,0.9287669457741533,-6.302555286389911,6.6254842511823435,-0.6399276510772465,-0.41992,-0.01904,0.95874,-6.70732,6.86738,-0.40396
279,2790,-0.44154182518675306,0.01976578051900005,0.9121064084837033,-5.060175286389911,4.9943842511823435,0.20610234892275356,-0.37885,-0.03796,0.94189,-5.46494,5.23628,0.44207
280,2801,-0.43731165499493746,0.013319938488463684,0.9119877577730293,-4.526635286389911,4.979144251182344,0.34330234892275346,-0.37463,-0.04437,0.94177,-4.9314,5.22104,0.57927
281,2810,-0.43547724469848664,0.03031443619767813,0.9073406049383045,-3.8711452863899103,5.8632842511823435,0.5490923489227535,-0.3728,-0.02747,0.93707,-4.27591,6.10518,0.78506
282,2820,-0.43248003880428554,0.04247203840503924,0.9037217582627527,-3.0479752863899106,6.884624251182344,0.5414723489227535,-0.36981,-0.01538,0.93341,-3.45274,7.12652,0.77744
283,2830,-0.42991386920925045,0.050697777532931206,0.8999842608765269,-2.2552952863899107,8.035544251182344,0.16037234892275357,-0.36725,-0.0072,0.92963,-2.66006,8.27744,0.39634
284,2841,-0.4414115118870051,0.05461958469659608,0.8999249355211901,-1.4397452863899107,9.125484251182344,-0.48748765107724645,-0.37872,-0.0033,0.92957,-1.84451,9.36738,-0.25152
285,2850,-0.4519368168666411,0.03473903915155645,0.9049280404879366,-0.9062152863899107,9.308414251182343,-1.0438976510772464,-0.38922,-0.02307,0.93463,-1.31098,9.55031,-0.80793
286,2860,-0.4560968183585924,0.02884627249025487,0.9025748013929056,-0.8681052863899106,9.026394251182344,-1.4097476510772464,-0.39337,-0.02893,0.93225,-1.27287,9.26829,-1.17378
287,2870,-0.4584224095540929,0.02914794996438294,0.8981748375387512,-0.7690152863899107,8.675784251182344,-1.6231676510772464,-0.39569,-0.02863,0.9278,-1.17378,8.91768,-1.3872
288,2881,-0.45463329976142397,0.030867511566912923,0.89255870390019,-0.8147452863899107,8.348044251182344,-1.7603576510772463,-0.39191,-0.02692,0.92212,-1.21951,8.58994,-1.52439
289,2890,-0.45383137176297556,0.03068650508243608,0.89255870390019,-0.6546852863899106,7.822124251182343,-1.9509076510772463,-0.39111,-0.0271,0.92212,-1.05945,8.06402,-1.71494
290,2900,-0.45347050416367374,0.020439526877886072,0.8989559547173539,-0.3574352863899107,7.402924251182344,-1.8213376510772463,-0.39075,-0.03729,0.92859,-0.7622,7.64482,-1.58537
291,2910,-0.46025681985054373,0.018287560895772523,0.8972058567349148,0.04653471361008932,7.578224251182344,-1.4630976510772464,-0.39752,-0.03943,0.92682,-0.35823,7.82012,-1.22713
292,2921,-0.4532199016641586,0.02301384132377891,0.8978089978475068,-0.006825286389910701,8.088894251182344,-1.4326176510772464,-0.3905,-0.03473,0.92743,-0.41159,8.33079,-1.19665
293,2930,-0.45230770856592345,0.028172526131368853,0.8955744094631498,-0.12114528638991068,8.752004251182344,-1.6231676510772464,-0.38959,-0.0296,0.92517,-0.52591,8.9939,-1.3872
294,2940,-0.45420226346225795,0.03148092243097333,0.8949712683505578,-0.14401528638991073,9.277924251182343,-1.8213376510772463,-0.39148,-0.02631,0.92456,-0.54878,9.51982,-1.58537
295,2950,-0.4507740212688908,0.033753559402738095,0.8940022875467216,-0.1287752863899107,9.628534251182344,-2.278647651077246,-0.38806,-0.02405,0.92358,-0.53354,9.87043,-2.04268
296,2961,-0.4486388879730218,0.029520018849140888,0.89774967249217,0.061774713610089294,10.596524251182343,-2.850297651077246,-0.38593,-0.02826,0.92737,-0.34299,10.83842,-2.61433
297,2970,-0.45034298496972475,0.03301947754902647,0.8969586677543445,0.2599447136100893,12.098044251182344,-3.7268176510772464,-0.38763,-0.02478,0.92657,-0.14482,12.33994,-3.49085
298,2980,-0.4474760923752716,0.02301384132377891,0.8993217944085982,0.4123847136100893,14.079754251182344,-4.5118776510772465,-0.38477,-0.03473,0.92896,0.00762,14.32165,-4.27591
299,2990,-0.45089431046865813,0.026271958044362036,0.8982341628940882,0.2828147136100893,16.75505425118234,-4.8396276510772465,-0.38818,-0.03149,0.92786,-0.12195,16.99695,-4.60366
300,3000,-0.46551947234036173,0.021294279721248924,0.8911744456089953,0.4886047136100893,19.064504251182342,-4.9082276510772465,-0.40277,-0.03644,0.92072,0.08384,19.3064,-4.67226
301,3011,-0.4661910870390623,0.01528084207029612,0.8892364840013228,1.1593347136100893,20.520304251182342,-4.946337651077247,-0.40344,-0.04242,0.91876,0.75457,20.7622,-4.71037
302,3020,-0.46607079783929506,0.011348978990826975,0.9011905431017109,2.4398247136100895,22.593474251182343,-4.5957276510772465,-0.40332,-0.04633,0.93085,2.03506,22.83537,-4.35976
303,3030,-0.4434965246829711,0.018599294285704858,0.8923807278341792,4.360554713610089,26.282494251182342,-4.016457651077246,-0.3808,-0.03912,0.92194,3.95579,26.52439,-3.78049
304,3040,-0.4683963890347955,0.014788102195886946,0.8879708764208021,5.595314713610089,32.494384251182346,-3.0637076510772463,-0.40564,-0.04291,0.91748,5.19055,32.73628,-2.82774
305,3051,-0.46123918164864314,0.020560197867537294,0.8916490484516907,7.24165471361009,36.602614251182345,-2.1338376510772465,-0.3985,-0.03717,0.9212,6.83689,36.84451,-1.89787
306,3060,-0.46417624294296056,0.017794821021363347,0.8883960414673832,9.26909471361009,41.68646425118234,-1.3259076510772463,-0.40143,-0.03992,0.91791,8.86433,41.92836,-1.08994
307,3070,-0.46999022093171183,0.02209875298559044,0.8835016996520878,11.33464471361009,47.32670425118235,-0.5713376510772464,-0.40723,-0.03564,0.91296,10.92988,47.5686,-0.33537
308,3080,-0.47182463122816265,0.02086187534166536,0.8862801037936999,13.07244471361009,52.79164425118235,0.16799234892275353,-0.40906,-0.03687,0.91577,12.66768,53.03354,0.40396
309,3091,-0.476596102818931,0.02227975947006728,0.8842927043899134,15.054154713610089,58.95017425118235,1.0140323489227536,-0.41382,-0.03546,0.91376,14.64939,59.19207,1.25
310,3100,-0.48876536019538624,0.026332293539187646,0.8795269008445146,17.61513471361009,65.51268425118235,1.8829323489227536,-0.42596,-0.03143,0.90894,17.21037,65.75458,2.1189
311,3110,-0.49867919507620523,0.023938985577771646,0.8750577240758004,20.11513471361009,72.01420425118235,2.5689123489227534,-0.43585,-0.03381,0.90442,19.71037,72.2561,2.80488
312,3120,-0.5119611275505076,0.030445163103133627,0.8726451596254325,22.188304713610087,79.21695425118234,3.018602348922754,-0.4491,-0.02734,0.90198,21.78354,79.45885,3.25457
313,3131,-0.5198500942352443,0.04326645575357648,0.8718541548876071,23.468794713610087,86.43493425118234,3.2701323489227536,-0.45697,-0.01459,0.90118,23.06403,86.67683,3.5061
314,3140,-0.5254836384243446,0.04719831883304562,0.8623818731521463,23.83464471361009,93.88920425118235,3.0719623489227534,-0.46259,-0.01068,0.8916,23.42988,94.1311,3.30793
315,3150,-0.5311673031133481,0.04935028481515917,0.8586443757659209,24.718794713610087,102.40292425118234,2.4164723489227535,-0.46826,-0.00854,0.88782,24.31403,102.64482,2.65244
316,3160,-0.5311673031133481,0.04935028481515917,0.8586443757659209,24.718794713610087,102.40292425118234,2.4164723489227535,-0.46826,-0.00854,0.88782,24.31403,102.64482,2.65244
317,3171,-0.5613298199549905,0.03719268260779807,0.8310580855342559,25.450494713610087,121.64072425118235,1.4942123489227537,-0.49835,-0.02063,0.85992,25.04573,121.88262,1.73018
318,3180,-0.5747921862289439,0.04044074341257692,0.8211013133968771,24.62732471361009,132.46390425118236,1.8600723489227535,-0.51178,-0.0174,0.84985,24.22256,132.7058,2.09604
319,3190,-0.5747921862289439,0.04044074341257692,0.8211013133968771,24.62732471361009,132.46390425118236,1.8600723489227535,-0.51178,-0.0174,0.84985,24.22256,132.7058,2.09604
320,3200,-0.5714240886354603,0.051431859386642825,0.8147040625797132,23.575494713610087,145.25354425118235,1.9515323489227536,-0.50842,-0.00647,0.84338,23.17073,145.49544,2.1875
321,3211,-0.5731983543320277,0.0927415615105795,0.8308207841129082,21.84531471361009,181.17579425118234,-1.9051776510772465,-0.51019,0.03461,0.85968,21.44055,181.41769,-1.66921
322,3220,-0.5731983543320277,0.0927415615105795,0.8308207841129082,21.84531471361009,181.17579425118234,-1.9051776510772465,-0.51019,0.03461,0.85968,21.44055,181.41769,-1.66921
323,3230,-0.5716145465350919,0.09857399267705545,0.8425869795880628,19.11665471361009,206.13006425118235,-6.798467651077247,-0.50861,0.04041,0.87158,18.71189,206.37196,-6.5625
324,3240,-0.5736895352310774,0.12477970926298022,0.8445842665510723,16.95202471361009,235.04011425118236,-13.940237651077245,-0.51068,0.06647,0.8736,16.54726,235.28201,-13.70427
325,3250,-0.6270377953278605,0.14533400116690584,0.8544125004185543,17.874274713610088,249.50657425118234,-22.309137651077247,-0.5639,0.08691,0.88354,17.46951,249.74847,-22.07317
326,3261,-0.7317896401251895,0.18449173730872898,0.8404809294736024,19.72641471361009,249.50657425118234,-30.014927651077247,-0.6684,0.12585,0.86945,19.32165,249.74847,-29.77896
327,3270,-0.9833043327385659,0.17430509459900456,0.8501311872750738,25.59531471361009,249.17122425118234,-34.81676765107725,-0.91931,0.11572,0.87921,25.19055,249.41312,-34.5808
328,3280,-1.4461471011430709,0.15325806282066975,1.1423975503423804,35.99165471361009,249.50657425118234,-31.905177651077246,-1.38104,0.09479,1.1748,35.58689,249.74847,-31.66921
329,3290,-1.933959902599264,0.0933549723746399,1.429967322778848,46.738604713610094,249.50657425118234,-20.746637651077247,-1.86768,0.03522,1.46564,46.33384,249.74847,-20.51067
330,3301,-1.6768718103966709,0.07567667239073517,1.2459598456421863,69.00995471361009,249.50657425118234,-4.694807651077247,-1.61121,0.01764,1.27954,68.60519,249.74847,-4.45884
331,3310,-1.3828850061654685,0.17307827287088376,1.1936348822350284,100.24470471361009,249.50657425118234,10.023182348922754,-1.31793,0.1145,1.22662,99.83994,249.74847,10.25915
332,3320,-1.3806797041697352,0.21278908438194166,1.207032524981948,125.36665471361009,249.50657425118234,14.939342348922754,-1.31573,0.15399,1.24017,124.96189,249.74847,15.17531
333,3330,-1.5817932220806261,0.2333534322016716,1.5158407746290308,136.9748947136101,249.50657425118234,6.623792348922753,-1.51636,0.17444,1.55249,136.57013,249.74847,6.85976
334,3341,-2.0496480404754336,0.4644987128785966,1.6181967877036532,142.50080471361008,249.50657425118234,-7.476817651077247,-1.98309,0.4043,1.65601,142.09604,249.74847,-7.24085
335,3350,-1.9685831439322758,0.3959374789250912,1.3483751840721456,144.68830471361008,249.50657425118234,-26.066757651077246,-1.90222,0.33612,1.38312,144.28354,249.74847,-25.83079
336,3360,-1.4273619377794156,0.4064961905195736,1.8606792900840663,136.1059847136101,249.50657425118234,-55.64755765107724,-1.3623,0.34662,1.90125,135.70122,249.74847,-55.41159
337,3370,-0.9511871164007054,0.6358012386043174,1.958259612054067,98.90324471361009,230.38310425118235,-90.23596765107725,-0.88727,0.57465,1.99994,98.49848,230.625,-90.0
338,3381,-0.17814857409635895,0.5731931068069392,1.8093826328360811,53.35446471361009,150.20779425118235,-117.41584765107724,-0.11609,0.51239,1.84937,52.9497,150.44969,-117.17988
339,3390,-1.397690601836823,0.26661840168219314,1.7858996796818862,36.02214471361009,69.05688425118234,-139.81676765107727,-1.3327,0.20752,1.82562,35.61738,69.29878,-139.5808
340,3400,-1.5366947962678814,0.3509473116167921,1.958259612054067,44.32244471361009,-51.14128574881765,-139.76340765107727,-1.47137,0.29138,1.99994,43.91768,-50.89939,-139.52744
341,3410,-0.012099357917626377,0.5026106337767757,1.6366568607726562,49.94744471361009,-167.29220574881765,-132.04237765107726,0.04956,0.4422,1.67468,49.54268,-167.05031,-131.80641
342,3421,0.44151121440474045,0.5720869560684697,0.8912337709643324,30.869704713610087,-187.58184574881764,-134.84724765107725,0.50208,0.51129,0.92078,30.46494,-187.33995,-134.61128
343,3430,0.31846538714280614,0.5220084953632106,0.7004632033192626,8.52214471361009,-172.22359574881764,-136.35640765107726,0.37933,0.46149,0.72784,8.11738,-171.9817,-136.12044
344,3440,0.2373403459997646,0.5717249430995159,0.6766935109476057,-13.817795286389911,-159.07574574881767,-127.21767765107725,0.2984,0.51093,0.7038,-14.22256,-158.83385,-126.98171
345,3450,0.16098677644749138,0.6058446654234003,0.712842427466232,-29.831515286389912,-152.95531574881767,-105.63993765107725,0.22223,0.54486,0.74036,-30.23628,-152.71342,-105.40397
346,3461,-0.004691548031958801,0.5356945967728204,0.8165134859174891,-35.99005528638991,-157.45988574881764,-73.81066765107725,0.05695,0.4751,0.84521,-36.39482,-157.21799,-73.5747
347,3470,-0.14437738126169852,0.4739512737346094,0.891955562787598,-27.33913528638991,-172.64281574881767,-33.52864765107724,-0.0824,0.4137,0.92151,-27.7439,-172.40092,-33.29268
348,3480,-0.25162522695419837,0.4743736221983887,0.9161504202058361,-11.828465286389912,-195.33335574881767,9.771652348922753,-0.18939,0.41412,0.94598,-12.23323,-195.09146,10.00762
349,3490,-0.3077301145456482,0.4959234497669369,0.8719826931575037,-3.4824352863899106,-220.44007574881766,48.857022348922754,-0.24536,0.43555,0.90131,-3.8872,-220.19818,49.09299
350,3500,-0.3214330592191361,0.46817917806295906,0.7873649613286188,-9.701945286389911,-241.10317574881765,79.16190234892275,-0.25903,0.40796,0.81573,-10.10671,-240.86128,79.39787
351,3511,-0.3733779453186346,0.3313684435458806,0.7332404621429076,-24.442795286389913,-249.99799574881766,99.90885234892275,-0.31085,0.27191,0.76099,-24.84756,-249.7561,100.14482
352,3520,-0.4658903640396441,0.16154413744338736,0.7106078390818749,-37.87267528638991,-249.99799574881766,112.21068234892276,-0.40314,0.10303,0.7381,-38.27744,-249.7561,112.44665
353,3530,-0.5292126036171301,-0.003684615136555035,0.6999886004765672,-45.22023528638991,-249.81507574881766,116.60092234892275,-0.46631,-0.06128,0.72736,-45.625,-249.57318,116.83689
354,3540,-0.5769974882246771,-0.2275192450237766,0.7193583289940696,-42.59066528638991,-249.99799574881766,113.08720234892276,-0.51398,-0.28387,0.74695,-42.99543,-249.7561,113.32317
355,3551,-0.6511457557812171,-0.4213470221510597,0.7827276960531165,-26.462615286389912,-249.99799574881766,101.95915234892276,-0.58795,-0.47662,0.81104,-26.86738,-249.7561,102.19512
356,3560,-0.7360097862170246,-0.5019954669012963,0.8821174413608932,-1.8818252863899105,-249.99799574881766,84.52013234892276,-0.67261,-0.55682,0.91156,-2.28659,-249.7561,84.7561
357,3570,-0.8575720466818293,-0.534405683538455,1.0047429508422943,21.88342471361009,-249.99799574881766,61.63141234892275,-0.79388,-0.58905,1.03558,21.47866,-249.7561,61.86738
358,3580,-1.0132864157805574,-0.5243397118183818,1.1101739948352132,40.625804713610094,-249.99799574881766,34.39056234892276,-0.94922,-0.57904,1.14221,40.22104,-249.7561,34.62653
359,3591,-1.1360214959430932,-0.43295154898918603,1.1698651898633714,52.500804713610094,-249.99799574881766,5.122262348922753,-1.07166,-0.48816,1.20258,52.09604,-249.7561,5.35823
360,3600,-1.190342093737995,-0.2839329326857251,1.1824718278724657,56.54043471361009,-249.99799574881766,-20.617067651077246,-1.12585,-0.33997,1.21533,56.13567,-249.7561,-20.3811
361,3610,-1.2348290494519232,-0.14405514384834467,1.1997355062755077,56.08312471361009,-249.99799574881766,-37.499687651077245,-1.17023,-0.20087,1.23279,55.67836,-249.7561,-37.26372
362,3620,-1.312585993001481,0.015954588429182133,1.237515870065899,55.282814713610094,-249.99799574881766,-44.17651765107725,-1.2478,-0.04175,1.271,54.87805,-249.7561,-43.94055
363,3631,-1.4155535480022623,0.20548848950804244,1.2768584682134958,54.64256471361009,-249.99799574881766,-41.10486765107724,-1.35052,0.14673,1.31079,54.2378,-249.7561,-40.8689
364,3640,-1.5433107022550814,0.4298158592696732,1.2892278048012422,51.319394713610095,-249.99799574881766,-28.551517651077248,-1.47797,0.36981,1.3233,50.91463,-249.7561,-28.31555
365,3650,-1.712838281127084,0.690605979737583,1.2901374602497417,42.85141471361009,-249.99799574881766,-8.170417651077246,-1.64709,0.62915,1.32422,42.44665,-249.7561,-7.93445
366,3660,-1.9074662063505234,0.9809202690068263,1.2869932164168854,25.98403471361009,-249.99799574881766,21.257932348922754,-1.84125,0.91785,1.32104,25.57927,-249.7561,21.4939
367,3671,-2.066598793542638,1.0642636991926067,1.2418565085647166,5.785864713610089,-249.99799574881766,62.25641234892275,-2.0,1.00073,1.27539,5.3811,-249.7561,62.49238
368,3680,-2.066598793542638,0.8973254409259388,1.1190431354580819,-1.9199352863899106,-249.99799574881766,109.59635234892275,-2.0,0.83472,1.15118,-2.3247,-249.7561,109.83232
369,3690,-2.0635414430485532,0.6338302791066808,0.8973838328009257,10.145614713610088,-249.99799574881766,158.35397234892275,-1.99695,0.57269,0.927,9.74085,-249.7561,158.58994
370,3700,-2.0665386489427546,0.3465327645787181,0.5984137045805478,26.33464471361009,-249.99799574881766,201.10549234892275,-1.99994,0.28699,0.62463,25.92988,-249.7561,201.34146
371,3711,-2.066598793542638,0.06665651591430595,0.29190925623238173,29.87122471361009,-249.99799574881766,230.10702234892273,-2.0,0.00867,0.31464,29.46646,-249.7561,230.34299
372,3720,-2.0665386489427546,-0.16964744957020902,-0.0176801105933038,10.221834713610088,-237.97817574881765,240.86922234892273,-1.99994,-0.22632,0.00153,9.81707,-237.73628,241.10519
373,3730,-2.066598793542638,-0.4846289003073239,-0.36656263777047204,-27.110485286389913,-204.32726574881767,229.21525234892275,-2.0,-0.53955,-0.35132,-27.51525,-204.08537,229.45122
374,3740,-2.066598793542638,-0.987796759405527,-0.7638348797841165,-60.09828528638991,-162.34556574881765,196.76861234892274,-2.0,-1.03992,-0.75311,-60.50305,-162.10367,197.00458
375,3750,-2.066598793542638,-1.2992787514427562,-1.1887527373847628,-64.8315152863899,-126.29372574881765,147.85093234892275,-2.0,-1.34967,-1.18286,-65.23628,-126.05183,148.0869
376,3761,-2.066598793542638,-1.3707863687269124,-1.7632792535858832,-47.575415286389905,-99.23579574881765,76.95153234892275,-2.0,-1.42078,-1.76392,-47.98018,-98.9939,77.1875
377,3770,-2.066598793542638,-1.3653159505293904,-1.9942921872678263,-11.973285286389912,-50.104695748817655,1.9667723489227535,-2.0,-1.41534,-1.99756,-12.37805,-49.8628,2.20274
378,3780,-2.066598793542638,-0.9137148276754782,-1.5748025996805075,28.78891471361009,18.111764251182343,-55.82285765107724,-2.0,-0.96625,-1.5733,28.38415,18.35366,-55.58689
379,3790,-1.3691820614919803,0.07850238473173472,-0.6642572708511062,37.470314713610094,83.24895425118234,-92.50731765107724,-1.30426,0.02045,-0.6524,37.06555,83.49085,-92.27135
380,3801,-0.38512619049590446,0.23003497998626282,1.2153677374067844,-34.09980528638991,166.64834425118235,-93.84115765107724,-0.32257,0.17114,1.2486,-34.50457,166.89024,-93.60519
381,3810,0.1147355791369769,-0.6443972906055483,1.958259612054067,-18.16993528638991,143.78250425118236,-64.92346765107725,0.17609,-0.69843,1.99994,-18.5747,144.0244,-64.6875
382,3820,0.10634540745320999,0.667346646482309,1.362613269353005,31.593794713610087,76.91511425118235,-31.257307651077245,0.16772,0.60602,1.39752,31.18903,77.15701,-31.02134
383,3830,0.7535313745010526,0.5638612169405776,-0.5943225644681075,-2.3238952863899107,92.89072425118235,-46.21157765107725,0.81335,0.50311,-0.58167,-2.72866,93.13262,-45.97561
384,3841,0.012920795633965327,0.09960975200489516,0.18852493699858633,-12.491575286389912,214.62091425118234,-47.636887651077245,0.07452,0.04144,0.21008,-12.89634,214.86281,-47.40092
385,3850,-1.6407750263665097,0.37948600066930727,1.9100973110797155,11.243184713610088,249.50657425118234,-9.298467651077246,-1.5752,0.31976,1.95123,10.83842,249.74847,-9.0625
386,3860,-1.817339523424898,0.05475031160205157,1.958259612054067,-2.1943252863899105,201.21390425118236,-2.4310876510772466,-1.75134,-0.00317,1.99994,-2.59909,201.4558,-2.19512
387,3870,-1.093799986824782,-0.41871237221034124,1.3927901001010485,-14.16840528638991,151.91511425118236,-18.284747651077247,-1.02954,-0.474,1.42804,-14.57317,152.15701,-18.04878
388,3881,-1.0585552512929728,0.031732320326080046,1.5104125046157033,-8.05560528638991,129.30841425118234,-23.932617651077248,-0.99438,-0.02606,1.547,-8.46037,129.55031,-23.69665
389,3890,-1.2742237623757031,0.5447750887440753,1.6143900774028679,-18.70346528638991,94.78859425118235,-23.909747651077247,-1.20953,0.48413,1.65216,-19.10823,95.03049,-23.67378
390,3900,-0.842405583411173,0.3746390492516497,1.1215842381783463,-29.09218528638991,60.55841425118235,-15.761887651077245,-0.77875,0.31494,1.15375,-29.49695,60.80031,-15.52592
391,3910,-0.6483991523865312,-0.18094024301840303,1.1620144678404531,-24.45804528638991,49.07213425118235,-7.957007651077247,-0.58521,-0.23755,1.19464,-24.86281,49.31403,-7.72104
392,3921,-0.6539625278757673,0.1089416418712567,1.0675091767887492,-26.51596528638991,34.14072425118235,-12.842677651077246,-0.59076,0.05072,1.09906,-26.92073,34.38262,-12.60671
393,3930,-0.5799946941188783,0.20260244167221725,0.983504473631679,-21.91993528638991,21.37395425118234,-9.313707651077246,-0.51697,0.14386,1.0141,-22.3247,21.61585,-9.07774
394,3940,-0.47518270472166557,-0.046090412083157006,0.9559873963145737,-16.454995286389913,15.619384251182344,-6.066757651077247,-0.41241,-0.10345,0.98627,-16.85976,15.86128,-5.83079
395,3950,-0.46496814684142845,0.05665087968905839,0.9313574862905317,-14.587615286389912,13.409024251182343,-6.135357651077247,-0.40222,-0.00128,0.96136,-14.99238,13.65092,-5.89939
396,3961,-0.4855275759016506,0.021113273236772083,0.9367956438630822,-11.378775286389912,12.456274251182343,-3.5362676510772464,-0.42273,-0.03662,0.96686,-11.78354,12.69817,-3.3003
397,3970,-0.47965345331301573,-0.01442433321551422,0.9282231300168982,-9.67145528638991,10.947124251182343,-1.9432876510772463,-0.41687,-0.07196,0.95819,-10.07622,11.18902,-1.70732
398,3980,-0.46601065323941143,0.03663960723856327,0.9140443700913757,-9.656215286389912,9.049264251182343,-1.0210276510772465,-0.40326,-0.02118,0.94385,-10.06098,9.29116,-0.78506
399,3990,-0.4600763860508929,0.030193765208026906,0.9137378557554683,-9.23700528638991,7.273344251182344,-0.38840765107724645,-0.39734,-0.02759,0.94354,-9.64177,7.51524,-0.15244
400,4000,-0.4524881423655744,0.01694006817800049,0.9084282364528145,-8.711085286389912,5.627004251182344,-0.04541765107724646,-0.38977,-0.04077,0.93817,-9.11585,5.8689,0.19055
401,4011,-0.44496004328013955,0.028051855141717628,0.9112066405944267,-8.200415286389912,4.552314251182343,0.17562234892275355,-0.38226,-0.02972,0.94098,-8.60518,4.79421,0.41159
402,4020,-0.4417222589864039,0.03982733254851652,0.9138565064661422,-7.750725286389911,3.835844251182344,0.24421234892275354,-0.37903,-0.01801,0.94366,-8.15549,4.07774,0.48018
403,4030,-0.4514456359675914,0.03492004563603329,0.907587793918875,-7.270535286389911,3.5690842511823435,-0.31980765107724646,-0.38873,-0.02289,0.93732,-7.6753,3.81098,-0.08384
404,4040,-0.4500422619703066,0.0361468673641541,0.9042062486646707,-6.7598652863899105,2.959324251182344,-1.0820076510772465,-0.38733,-0.02167,0.9339,-7.16463,3.20122,-0.84604
405,4051,-0.4452106457796547,0.03025410070285252,0.9005874019891189,-5.982435286389911,2.280974251182344,-1.5850576510772463,-0.38251,-0.02753,0.93024,-6.3872,2.52287,-1.34909
406,4060,-0.4376224020943362,0.036699942733388884,0.8974431581562625,-5.487005286389911,1.7931642511823438,-2.2481676510772464,-0.37494,-0.02112,0.92706,-5.89177,2.03506,-2.0122
407,4070,-0.43480562999978606,0.028051855141717628,0.8969586677543445,-5.159255286389911,1.8084042511823437,-2.781697651077246,-0.37213,-0.02972,0.92657,-5.56402,2.0503,-2.54573
408,4080,-0.4325401834041691,0.03289880655937524,0.8940022875467216,-5.105905286389911,2.3038342511823435,-3.5743776510772465,-0.36987,-0.0249,0.92358,-5.51067,2.54573,-3.33841
409,4091,-0.43064562850783467,0.024240663051899716,0.9002808876532118,-4.839135286389911,2.7382842511823435,-4.519507651077247,-0.36798,-0.03351,0.92993,-5.2439,2.98018,-4.28354
410,4100,-0.4347454853999024,0.025467484780020522,0.9002808876532118,-4.358955286389911,3.4013942511823436,-5.411267651077247,-0.37207,-0.03229,0.92993,-4.76372,3.64329,-5.1753
411,4110,-0.43505623249930114,0.028534539100322536,0.8990152800726907,-3.3376152863899105,4.697124251182344,-5.754257651077247,-0.37238,-0.02924,0.92865,-3.74238,4.93902,-5.51829
412,4120,-0.4307659177076019,0.0265736355184901,0.902456150682232,-2.5144452863899107,6.3663342511823435,-6.043897651077247,-0.3681,-0.03119,0.93213,-2.91921,6.60823,-5.80793
413,4131,-0.4278288564132845,0.03007309421837568,0.906322186338354,-2.0571252863899105,8.050784251182344,-6.097247651077247,-0.36517,-0.02771,0.93604,-2.46189,8.29268,-5.86128
414,4140,-0.4360285701974199,0.0265736355184901,0.9052938801791809,-1.5388352863899106,9.796214251182343,-6.2801776510772465,-0.37335,-0.03119,0.935,-1.9436,10.03811,-6.04421
415,4150,-0.447897104574457,0.025899889159604082,0.9040282725986601,-1.1729752863899106,11.312984251182344,-6.737487651077247,-0.38519,-0.03186,0.93372,-1.57774,11.55488,-6.50152
416,4160,-0.45757036105574145,0.023446245703362473,0.9007060526997929,-0.7309052863899106,12.494384251182344,-7.110967651077247,-0.39484,-0.0343,0.93036,-1.13567,12.73628,-6.875
417,4171,-0.4488794663725564,0.02227975947006728,0.9005280766337821,-0.4412752863899107,13.530974251182343,-7.164317651077247,-0.38617,-0.03546,0.93018,-0.84604,13.77287,-6.92835
418,4180,-0.44881932177267275,0.016507663798416925,0.902337499971558,-0.5251152863899107,15.146824251182343,-7.255787651077247,-0.38611,-0.0412,0.93201,-0.92988,15.38872,-7.01982
419,4190,-0.45205710606640837,0.0075478428168133304,0.9019716602803137,-0.04493528638991068,17.631584251182343,-7.354867651077247,-0.38934,-0.05011,0.93164,-0.4497,17.87348,-7.1189
420,4200,-0.4514456359675914,0.0044204530016857,0.9026341267482425,0.0846447136100893,21.44255425118234,-6.9051776510772465,-0.38873,-0.05322,0.93231,-0.32012,21.68445,-6.66921
421,4211,-0.4619709409472273,0.008472987070806074,0.9037217582627527,0.05415471361008933,24.636154251182344,-6.4554776510772465,-0.39923,-0.04919,0.93341,-0.35061,24.87805,-6.21951
422,4220,-0.4488794663725564,0.013742286952242975,0.9007653780551298,-0.4793852863899107,27.219994251182342,-6.394507651077247,-0.38617,-0.04395,0.93042,-0.88415,27.46189,-6.15854
423,4230,-0.4411709334874706,0.0031332957787392835,0.9043842247306815,-1.0281652863899107,30.451704251182342,-6.684137651077247,-0.37848,-0.0545,0.93408,-1.43293,30.6936,-6.44817
424,4240,-0.4189575279304485,0.008653993555282914,0.906322186338354,-1.1501152863899107,36.72456425118234,-7.126207651077247,-0.35632,-0.04901,0.93604,-1.55488,36.96646,-6.89024
425,4250,-0.45958520515184315,0.004169055106578984,0.9014278445230586,-0.2202352863899107,44.64377425118234,-7.484447651077247,-0.39685,-0.05347,0.93109,-0.625,44.88567,-7.24848
426,4261,-0.4551846252603573,0.011841718865236156,0.8967806916883337,2.165434713610089,50.89377425118234,-7.354867651077247,-0.39246,-0.04584,0.92639,1.76067,51.13567,-7.1189
427,4270,-0.4658903640396441,-0.0005572253214274043,0.8968400170436706,3.5145247136100894,58.12700425118234,-6.928037651077247,-0.40314,-0.05817,0.92645,3.10976,58.3689,-6.69207
428,4280,-0.4680254973355132,-0.0019047180391994385,0.8998557226066304,4.467264713610089,65.07822425118235,-6.165847651077247,-0.40527,-0.05951,0.9295,4.0625,65.32012,-5.92988
429,4290,-0.47359889692472984,-0.0004264984159719104,0.9020903109909876,4.101414713610089,72.02182425118235,-5.167367651077247,-0.41083,-0.05804,0.93176,3.69665,72.26372,-4.9314
430,4301,-0.4871214077985669,-0.0015326491544414866,0.8994404451192721,4.025194713610089,79.83432425118235,-4.1993776510772465,-0.42432,-0.05914,0.92908,3.62043,80.07622,-3.96341
431,4310,-0.4961130254811702,0.007668513806464559,0.8917083738070275,4.55110471361009,88.10414425118235,-3.5820076510772463,-0.43329,-0.04999,0.92126,4.14634,88.34604,-3.34604
432,4320,-0.5137353932470748,0.007175773932055386,0.89255870390019,5.0998847136100895,96.80079425118234,-3.353347651077246,-0.45087,-0.05048,0.92212,4.69512,97.04269,-3.11738
433,4330,-0.5323902433109821,0.014546760216584489,0.8779547789280864,5.99165471361009,105.93950425118234,-3.4829176510772464,-0.46948,-0.04315,0.90735,5.58689,106.1814,-3.24695
434,4341,-0.5415121742933332,0.01681939718834926,0.8645571361811667,5.953544713610089,115.06298425118234,-4.107917651077247,-0.47858,-0.04089,0.8938,5.54878,115.30488,-3.87195
435,4350,-0.5495214301778372,0.001836082639988595,0.8484997400033086,5.641044713610089,124.54469425118235,-4.542367651077247,-0.48657,-0.05579,0.87756,5.23628,124.78659,-4.3064
436,4360,-0.5679958464420933,0.0033143022632161232,0.8367928698834909,6.12885471361009,135.13157425118234,-4.694807651077247,-0.505,-0.05432,0.86572,5.72409,135.37347,-4.45884
437,4370,-0.5743010053298943,-0.009325983902749895,0.8265987963247644,6.334644713610089,147.04469425118234,-5.0149276510772465,-0.51129,-0.06689,0.85541,5.92988,147.28659,-4.77896
438,4381,-0.5777292475232614,0.009207068924517699,0.8194797536843349,6.220314713610089,161.00049425118235,-5.914317651077247,-0.51471,-0.04846,0.84821,5.81555,161.24239,-5.67835
439,4390,-0.5781001392225438,0.02215908848041605,0.8290113607751323,5.4276347136100895,178.20323425118235,-8.543897651077247,-0.51508,-0.03558,0.85785,5.02287,178.44513,-8.30793
440,4400,-0.5737496798309609,0.04977263327893846,0.8379398267533379,1.0678747136100892,199.80383425118234,-14.130787651077245,-0.51074,-0.00812,0.86688,0.66311,200.04573,-13.89482
441,4410,-0.5620014346536911,0.0987549991615323,0.8789237597319226,-7.44584528638991,226.32060425118235,-25.030177651077246,-0.49902,0.04059,0.90833,-7.85061,226.5625,-24.79421
442,4421,-0.5843351294104805,0.16854305484315849,0.8832050728754032,-18.65773528638991,249.50657425118234,-41.72224765107725,-0.5213,0.10999,0.91266,-19.0625,249.74847,-41.48628
443,4430,-0.686330346713143,0.21033544092570006,0.8846486565219348,-29.02358528638991,249.50657425118234,-60.998167651077246,-0.62305,0.15155,0.91412,-29.42835,249.74847,-60.7622
444,4440,-0.939378726623552,0.19708174389567365,0.8746325590292192,-39.75529528638991,249.12549425118235,-81.55456765107725,-0.87549,0.13837,0.90399,-40.16006,249.36739,-81.3186
445,4450,-1.4908144906566492,0.18921801773673536,1.1855468587907625,-49.35895528638991,249.48372425118234,-95.05304765107725,-1.4256,0.13055,1.21844,-49.76372,249.72562,-94.81708
446,4461,-1.9613657919462397,0.06782300214760115,1.4832513794306195,-43.58151528638991,249.50657425118234,-91.57743765107725,-1.89502,0.00983,1.51953,-43.98628,249.74847,-91.34147
447,4470,-1.9023839876603559,-0.03394286579160018,1.4579095651425344,-12.255295286389911,249.50657425118234,-75.37316765107725,-1.83618,-0.09137,1.4939,-12.66006,249.74847,-75.1372
448,4480,-1.5872964529699787,0.14883345986679145,1.5305040249564716,29.962694713610087,249.50657425118234,-58.33809765107725,-1.52185,0.09039,1.56732,29.55793,249.74847,-58.10213
449,4490,-1.5872964529699787,0.14883345986679145,1.5305040249564716,29.962694713610087,249.50657425118234,-58.33809765107725,-1.52185,0.09039,1.56732,29.55793,249.74847,-58.10213
450,4500,-1.519323031001492,0.17860902656323166,1.551505200745739,51.89104471361009,249.50657425118234,-52.69023765107725,-1.45404,0.12,1.58856,51.48628,249.74847,-52.45427
451,4511,-1.8976726606694716,0.3882648151664341,1.958259612054067,45.99927471361009,249.50657425118234,-78.17804765107725,-1.83148,0.32849,1.99994,45.59451,249.74847,-77.94208
452,4520,-1.5110631726174726,0.44043490635898114,1.8362372436852576,41.250804713610094,249.50657425118234,-97.95700765107725,-1.4458,0.38037,1.87653,40.84604,249.74847,-97.72104
453,4530,-1.5110631726174726,0.44043490635898114,1.8362372436852576,41.250804713610094,249.50657425118234,-97.95700765107725,-1.4458,0.38037,1.87653,40.84604,249.74847,-97.72104
454,4540,-0.5668430749443236,0.37819884344636084,1.6032270230403052,33.52214471361009,246.78555425118233,-113.47529765107724,-0.50385,0.31848,1.64087,33.11738,247.02745,-113.23933
455,4551,-1.6201554527064042,0.09918740354111585,1.8150482042707565,60.15324471361009,135.16969425118234,-118.04084765107724,-1.55463,0.04102,1.8551,59.74848,135.41159,-117.80488
456,4560,-1.6201554527064042,0.09918740354111585,1.8150482042707565,60.15324471361009,135.16969425118234,-118.04084765107724,-1.55463,0.04102,1.8551,59.74848,135.41159,-117.80488
457,4570,-1.5384690619644485,0.6645209341413094,1.958259612054067,104.2843447136101,15.802314251182343,-99.90059765107725,-1.47314,0.60321,1.99994,103.87958,16.04421,-99.66463
458,4580,0.0025258039540772643,1.0085338138053486,1.5397390052705844,97.9504947136101,-97.61232574881765,-77.12620765107725,0.06415,0.94531,1.57666,97.54573,-97.37043,-76.89024
459,4591,0.43465473001800625,0.951516771195144,0.8349241211903782,52.75994471361009,-116.30135574881766,-63.25426765107725,0.49524,0.88861,0.86383,52.35518,-116.05946,-63.0183
460,4600,0.36631041635023687,0.7011646913320654,0.6331190374526425,13.758424713610088,-99.18244574881766,-47.545417651077244,0.42706,0.63965,0.65973,13.35366,-98.94055,-47.30945
461,4610,0.2416206366914832,0.5131090098764326,0.6216494687541724,-1.5083452863899107,-84.68549574881766,-23.223777651077246,0.30267,0.45264,0.64813,-1.91311,-84.4436,-22.98781
462,4620,0.0914796671819718,0.41950854557029754,0.7177862070776414,9.208114713610088,-84.12909574881766,8.788422348922754,0.15289,0.35956,0.74536,8.80335,-83.8872,9.02439
463,4631,-0.062450412120208555,0.42926278390043837,0.8328081835166948,26.04501471361009,-96.13366574881765,42.172572348922756,-0.00067,0.36926,0.86169,25.64025,-95.89177,42.40854
464,4640,-0.15538384304040356,0.47560044392650946,0.8959402491543941,30.38952471361009,-115.49342574881766,69.96983234892275,-0.09338,0.41534,0.92554,29.98476,-115.25153,70.2058
465,4650,-0.2385337523795274,0.43602035932090705,0.9299139026440001,17.26452471361009,-139.07574574881767,88.84177234892276,-0.17633,0.37598,0.9599,16.85976,-138.83385,89.07774
466,4660,-0.2944582061713263,0.2972487212219962,0.9019716602803137,-3.8940152863899105,-164.74647574881766,99.45915234892276,-0.23212,0.23798,0.93164,-4.29878,-164.50458,99.69512
467,4671,-0.31880674502421746,0.13061214042945618,0.8136263186244259,-20.61657528638991,-188.64129574881767,104.73354234892275,-0.25641,0.07227,0.84229,-21.02134,-188.3994,104.96951
468,4680,-0.327918651906588,-0.011296943400386589,0.708798415744099,-26.58456528638991,-207.45226574881767,107.31739234892275,-0.2655,-0.06885,0.73627,-26.98933,-207.21037,107.55336
469,4690,-0.35758998784918067,-0.12367180251309161,0.6394569629144693,-21.88944528638991,-220.07421574881766,107.98050234892276,-0.2951,-0.1806,0.66614,-22.29421,-219.83232,108.21647
470,4700,-0.4141860563396802,-0.1976330632534894,0.6317347791614478,-10.311695286389911,-228.70988574881764,105.99116234892276,-0.35156,-0.25415,0.65833,-10.71646,-228.46799,106.22713
471,4711,-0.4996615568743046,-0.22955054001623887,0.6779591185281266,3.1258047136100893,-235.64587574881764,101.29604234892275,-0.43683,-0.28589,0.70508,2.72104,-235.40398,101.53201
472,4720,-0.6148685379514053,-0.24378971679508366,0.7510973940993186,15.13799471361009,-243.19921574881766,94.40580234892275,-0.55176,-0.30005,0.77905,14.73323,-242.95732,94.64177
473,4730,-0.749041116191812,-0.2531819421562708,0.8345582814991339,24.52824471361009,-249.99799574881766,85.99116234892276,-0.68561,-0.30939,0.86346,24.12348,-249.7561,86.22713
474,4740,-0.8964856028065404,-0.2546501058636941,0.8928553306768745,32.69135471361009,-249.99799574881766,76.94391234892275,-0.8327,-0.31085,0.92242,32.28659,-249.7561,77.17988
475,4750,-1.0065502205935906,-0.20763869947873695,0.9007060526997929,39.444394713610095,-249.88366574881766,68.01861234892276,-0.9425,-0.2641,0.93036,39.03963,-249.64177,68.25458
476,4761,-1.0614321679874061,-0.12398353590302393,0.9000435862318641,42.256894713610095,-249.99036574881765,60.86921234892275,-0.99725,-0.18091,0.92969,41.85213,-249.74847,61.10518
477,4770,-1.0833348264450298,-0.03713059110155341,0.9037217582627527,39.87122471361009,-249.99799574881766,56.39513234892276,-1.0191,-0.09454,0.93341,39.46646,-249.7561,56.6311
478,4780,-1.1165647178807374,0.038540175325570095,0.9185728722154268,34.46726471361009,-249.99799574881766,55.030802348922755,-1.05225,-0.01929,0.94843,34.0625,-249.7561,55.26677
479,4790,-1.163728108289487,0.10937404625084025,0.9642533958248506,28.20202471361009,-249.99799574881766,56.57806234892276,-1.0993,0.05115,0.99463,27.79726,-249.7561,56.81403
480,4801,-1.2047266772101644,0.18345597798088928,1.0185657586357952,22.150194713610087,-249.99799574881766,60.206102348922755,-1.1402,0.12482,1.04956,21.74543,-249.7561,60.44207
481,4810,-1.2723893520792524,0.2559390190980595,1.08543532165972,17.256894713610087,-249.99799574881766,65.21373234892276,-1.2077,0.1969,1.11719,16.85213,-249.7561,65.4497
482,4820,-1.3876564777562366,0.33873942983040967,1.1693806994614535,13.918484713610088,-249.99799574881766,71.55519234892276,-1.32269,0.27924,1.20209,13.51372,-249.7561,71.79116
483,4830,-1.5286855403833775,0.44013322888485307,1.2494600416070645,10.64104471361009,-249.99799574881766,78.86464234892276,-1.46338,0.38007,1.28308,10.23628,-249.7561,79.10061
484,4841,-1.7210379949112193,0.56761207353557,1.3260391877877975,5.945924713610089,-249.99799574881766,88.19391234892275,-1.65527,0.50684,1.36053,5.54116,-249.7561,88.42988
485,4850,-1.9797800636106122,0.6751399812306174,1.346437222464473,-0.8071252863899105,-249.99799574881766,100.32043234892275,-1.91339,0.61377,1.38116,-1.21189,-249.7561,100.5564
486,4860,-2.066598793542638,0.6872271920273485,1.2803586641783737,-5.921455286389911,-249.99799574881766,115.68629234892275,-2.0,0.62579,1.31433,-6.32622,-249.7561,115.92226
487,4870,-2.066598793542638,0.5939987966059715,1.0994361055192319,-4.069325286389911,-249.99799574881766,133.72745234892275,-2.0,0.53308,1.13135,-4.47409,-249.7561,133.96342
488,4881,-2.0642732023471373,0.43349632445403563,0.7603916997687685,5.2218347136100896,-249.99799574881766,152.19544234892274,-1.99768,0.37347,0.78845,4.81707,-249.7561,152.43141
489,4890,-2.066598793542638,0.21328182425635087,0.3719292730226558,17.55415471361009,-249.99799574881766,168.10245234892275,-2.0,0.15448,0.39557,17.14939,-249.7561,168.33842
490,4900,-2.066598793542638,-0.08500680624567766,0.01749982512148618,29.063304713610087,-249.82269574881767,180.10702234892273,-2.0,-0.14215,0.03711,28.65854,-249.5808,180.34299
491,4910,-2.0665386489427546,-0.36881491798955895,-0.2085693289490473,41.19744471361009,-230.49342574881766,182.62226234892273,-1.99994,-0.42438,-0.19153,40.79268,-230.25153,182.85823
492,4921,-2.066598793542638,-0.5350190944025154,-0.26469111509776794,49.970314713610094,-184.91415574881765,169.22288234892275,-2.0,-0.58966,-0.24829,49.56555,-184.67226,169.45885
493,4930,-2.066598793542638,-0.7606436773028968,-0.2895583265431577,52.54653471361009,-148.77848574881764,145.64056234892274,-2.0,-0.81403,-0.27344,52.14177,-148.53659,145.87653
494,4940,-2.066598793542638,-0.7425329729394085,-0.7497154452139309,43.613604713610094,-140.44769574881767,109.84788234892275,-2.0,-0.79602,-0.73883,43.20884,-140.2058,110.08385
495,4950,-2.066598793542638,-0.7732839634688629,-1.52163719373941,14.673054713610089,-123.99951574881766,56.49421234892275,-2.0,-0.8266,-1.51953,14.26829,-123.75762,56.73018
496,4961,-2.0596821645560204,-0.8773727479588502,-1.8307420701631771,-12.201945286389911,-63.473605748817654,-0.5484676510772465,-1.9931,-0.93011,-1.83215,-12.60671,-63.23171,-0.3125
497,4970,-1.963320491442458,-0.6892567310083919,-1.341861591950115,-17.86505528638991,18.157494251182342,-44.77864765107724,-1.89697,-0.74304,-1.33771,-18.26982,18.39939,-44.54268
498,4980,-1.9868771263968812,-0.30338107385118124,-0.39956731045624183,-8.47480528638991,78.29469425118235,-69.05456765107725,-1.92047,-0.35931,-0.3847,-8.87957,78.53659,-68.8186
499,4990,-0.34652338147059203,1.1850553598334848,0.6220153084454167,-43.95499528638991,118.30231425118235,-68.06370765107725,-0.28406,1.12085,0.6485,-44.35976,118.54421,-67.82774
500,5000,0.146481903775555,0.04996369567921957,1.9274796401934313,-175.8299952863899,167.23524425118234,-41.64602765107725,0.20776,-0.00793,1.96881,-176.23476,167.47714,-41.41006
501,5011,0.17175265982666185,-0.8172886510283436,1.4753512196115872,-94.0540852863899,112.86786425118234,10.732022348922754,0.23297,-0.87036,1.51154,-94.45885,113.10976,10.96799
502,5020,0.23379181460663023,0.32915614206894145,0.028722204839385743,-13.894015286389912,101.38920425118235,60.50336234892276,0.29486,0.26971,0.04846,-14.29878,101.6311,60.73933
503,5030,0.44034841880699027,-1.0156013666043306,-0.11599211194579306,-49.900115286389905,178.35566425118233,26.890562348922753,0.50092,-1.06757,-0.0979,-50.30488,178.59756,27.12653
504,5040,-0.939378726623552,-1.4222123221499439,1.4188042684162854,-33.49005528638991,249.50657425118234,-2.3701176510772464,-0.87549,-1.47192,1.45435,-33.89482,249.74847,-2.13415
505,5051,-2.0356443728025275,-0.7786839902557552,1.958259612054067,0.5267147136100894,236.13006425118235,-12.728347651077247,-1.96912,-0.83197,1.99994,0.12195,236.37196,-12.49238
506,5060,-1.2714170143811334,-0.43540519244542764,1.627006602971185,-10.128775286389912,183.01268425118235,-46.386887651077245,-1.20673,-0.4906,1.66492,-10.53354,183.25458,-46.15092
507,5070,-1.520305392799591,0.5420801033085313,1.801472585457826,-15.456515286389912,150.42883425118234,-54.374687651077245,-1.45502,0.48145,1.84137,-15.86128,150.67073,-54.13872
508,5080,-1.6382589772713778,1.5944316922252721,1.647216774022627,-52.186695286389906,95.04773425118235,-43.543897651077245,-1.57269,1.52795,1.68536,-52.59146,95.28963,-43.30793
509,5091,-0.6973969530917317,0.17313860836570938,1.0235787511617644,-46.386395286389906,58.01267425118235,-10.838097651077247,-0.63409,0.11456,1.05463,-46.79116,58.25457,-10.60213
510,5100,-0.5251728913249459,-0.8077154191826796,1.2486195990731248,-34.80103528638991,50.329754251182344,-6.935667651077247,-0.46228,-0.86084,1.28223,-35.2058,50.57165,-6.6997
511,5110,-0.7194900694489864,0.35168139347050376,1.077465948926128,-32.56779528638991,33.46237425118235,-18.170417651077244,-0.65613,0.29211,1.10913,-32.97256,33.70427,-17.93445
512,5120,-0.5081619936578582,0.3931721020789173,0.8803673433784542,-24.694325286389912,21.625484251182343,-9.222247651077247,-0.44531,0.33337,0.90979,-25.09909,21.86738,-8.98628
513,5131,-0.4618506517474601,-0.16252786118078663,0.9797570886862307,-21.23395528638991,20.230664251182343,-6.882307651077247,-0.39911,-0.21924,1.01031,-21.63872,20.47256,-6.64634
514,5140,-0.5387555467986666,0.13281438599059106,0.9645500226015351,-21.75986528638991,16.53402425118234,-9.732917651077246,-0.47583,0.07446,0.99493,-22.16463,16.77592,-9.49695
515,5150,-0.505164787763657,-0.013016505002916576,0.9644313718908613,-14.747675286389912,12.860234251182344,-5.525597651077247,-0.44232,-0.07056,0.99481,-15.15244,13.10213,-5.28963
516,5160,-0.47996420041241444,0.0011623362811025745,0.9428863803443387,-10.822365286389912,10.177314251182343,-3.5362676510772464,-0.41718,-0.05646,0.97302,-11.22713,10.41921,-3.3003
517,5171,-0.47304757142579656,0.03817816235661641,0.9256919148558564,-7.956515286389911,8.142254251182344,-2.1643176510772464,-0.41028,-0.01965,0.95563,-8.36128,8.38415,-1.92835
518,5180,-0.45132534676782415,0.013742286952242975,0.9218258791997344,-5.74614528638991,7.082804251182344,-1.0591376510772463,-0.38861,-0.04395,0.95172,-6.15091,7.3247,-0.82317
519,5190,-0.43908592069150465,0.03633792976443521,0.9084875618081515,-4.458035286389911,7.189504251182344,-0.6246876510772464,-0.3764,-0.02148,0.93823,-4.8628,7.4314,-0.38872
520,5200,-0.4420831265857057,0.03216472470566361,0.9072812795829676,-3.4138352863899106,7.471514251182343,-0.5408476510772464,-0.37939,-0.02563,0.93701,-3.8186,7.71341,-0.30488
521,5211,-0.45205710606640837,0.046645243463810826,0.9035437821967419,-3.4366952863899107,7.341944251182344,-0.8076176510772465,-0.38934,-0.01123,0.93323,-3.84146,7.58384,-0.57165
522,5220,-0.461419615448294,0.04725865432787124,0.9014871698783956,-3.3833452863899107,6.549264251182343,-1.0820076510772465,-0.39868,-0.01062,0.93115,-3.78811,6.79116,-0.84604
523,5230,-0.45921431345256075,0.04148655865622088,0.9014278445230586,-2.9641352863899106,5.261154251182344,-1.4935876510772463,-0.39648,-0.01636,0.93109,-3.3689,5.50305,-1.25762
524,5240,-0.4583622649542093,0.02694570440324805,0.9021496363463245,-2.6821252863899105,4.460844251182344,-1.7451176510772464,-0.39563,-0.03082,0.93182,-3.08689,4.70274,-1.50915
525,5250,-0.4529191786647404,0.029640689838792117,0.8985307896707727,-2.7583452863899107,4.285544251182344,-2.0499876510772466,-0.3902,-0.02814,0.92816,-3.16311,4.52744,-1.81402
526,5261,-0.45059358746923994,0.027187046382550505,0.8987779786513431,-2.727855286389911,4.483714251182343,-2.3015176510772464,-0.38788,-0.03058,0.92841,-3.13262,4.72561,-2.06555
527,5270,-0.45132534676782415,0.026271958044362036,0.895396433397139,-2.5449352863899106,4.719994251182344,-2.5301776510772465,-0.38861,-0.03149,0.92499,-2.9497,4.96189,-2.29421
528,5280,-0.45102462376840596,0.02455239644183205,0.8979869739135177,-2.362005286389911,4.971514251182343,-2.5454176510772464,-0.38831,-0.0332,0.92761,-2.76677,5.21341,-2.30945
529,5290,-0.45010240657019024,0.02694570440324805,0.8970278806689043,-2.1943252863899105,5.520304251182344,-2.6826176510772464,-0.38739,-0.03082,0.92664,-2.59909,5.7622,-2.44665
530,5301,-0.4492503580718388,0.030445163103133627,0.89666204097766,-1.9885252863899106,6.282494251182344,-2.8807876510772465,-0.38654,-0.02734,0.92627,-2.39329,6.52439,-2.64482
531,5310,-0.4472254898757564,0.035724518900374806,0.8952085697719055,-1.7370052863899108,7.219994251182344,-2.972247651077246,-0.38452,-0.02209,0.9248,-2.14177,7.46189,-2.73628
532,5320,-0.43933652319101973,0.040933483286986094,0.8947932922845471,-1.6912752863899105,8.325174251182343,-3.3838376510772465,-0.37665,-0.01691,0.92438,-2.09604,8.56707,-3.14787
533,5330,-0.44869903257290544,0.03602619637450286,0.8932211703681189,-1.6988952863899107,9.476094251182344,-4.191757651077246,-0.38599,-0.02179,0.92279,-2.10366,9.71799,-3.95579
534,5341,-0.4488794663725564,0.03743402458710052,0.8934584717894665,-1.3635252863899106,10.322124251182343,-4.8929776510772465,-0.38617,-0.02039,0.92303,-1.76829,10.56402,-4.65701
535,5350,-0.44667416437682306,0.036699942733388884,0.8978683232028439,-0.9138352863899106,11.633104251182344,-5.594197651077247,-0.38397,-0.02112,0.92749,-1.3186,11.875,-5.35823
536,5360,-0.4469849114762219,0.03264740866426852,0.8973838328009257,-0.5174952863899107,13.462374251182343,-6.150597651077247,-0.38428,-0.02515,0.927,-0.92226,13.70427,-5.91463
537,5370,-0.46423638754284424,0.022712163849650843,0.8953371080418021,-0.0830352863899107,15.802314251182343,-6.310667651077247,-0.40149,-0.03503,0.92493,-0.4878,16.04421,-6.0747
538,5381,-0.4584224095540929,0.018900971759832925,0.896543390266986,0.8468347136100893,17.62395425118234,-6.249687651077247,-0.39569,-0.03882,0.92615,0.44207,17.86585,-6.01372
539,5390,-0.4435566692828547,0.01681939718834926,0.8972058567349148,2.0206147136100894,20.344994251182342,-6.1582276510772465,-0.38086,-0.04089,0.92682,1.61585,20.58689,-5.92226
540,5400,-0.4457018266787044,0.008955671029410976,0.8982341628940882,3.0114747136100894,25.43645425118234,-5.601817651077247,-0.383,-0.04871,0.92786,2.60671,25.67835,-5.36585
541,5410,-0.4644168213424951,0.014788102195886946,0.891411747030343,3.6517147136100894,30.42121425118234,-4.557617651077247,-0.40167,-0.04291,0.92096,3.24695,30.66311,-4.32165
542,5421,-0.46411609834307693,0.01712107466247733,0.8922521895642826,4.840744713610089,33.957804251182345,-3.7573076510772463,-0.40137,-0.04059,0.92181,4.43598,34.1997,-3.52134
543,5430,-0.4570190355568081,0.020932266752295245,0.8927960053215377,6.189824713610089,38.23371425118235,-2.8045676510772464,-0.39429,-0.0368,0.92236,5.78506,38.47561,-2.5686
544,5440,-0.47531301802141346,0.02712671088772489,0.8873084099528732,7.1654347136100895,43.241334251182344,-1.8670676510772464,-0.41254,-0.03064,0.91681,6.76067,43.48323,-1.6311
545,5450,-0.470902414029947,0.03363288841308688,0.8818109270249859,7.508424713610089,47.540114251182345,-1.7451176510772464,-0.40814,-0.02417,0.91125,7.10366,47.78201,-1.50915
546,5461,-0.4800243450122981,0.030012758723550064,0.8800608290425468,8.10293471361009,52.303834251182344,-1.7832276510772465,-0.41724,-0.02777,0.90948,7.69817,52.54573,-1.54726
547,5470,-0.4853471421019997,0.03277813556972401,0.878795221462026,9.520614713610088,57.05993425118235,-1.7146276510772465,-0.42255,-0.02502,0.9082,9.11585,57.30183,-1.47866
548,5480,-0.49806772497738827,0.02319484780825575,0.8775296138815051,11.220314713610088,62.646824251182345,-1.5164576510772463,-0.43524,-0.03455,0.90692,10.81555,62.88872,-1.28049
549,5490,-0.5057161132625904,0.021173608731597696,0.8698074301284835,13.217264713610088,68.37091425118234,-0.7618776510772465,-0.44287,-0.03656,0.89911,12.8125,68.61281,-0.52591
550,5500,-0.5183865756380759,0.018106554411295682,0.87070719801776,14.284334713610088,74.23981425118235,0.2975723489227535,-0.45551,-0.03961,0.90002,13.87957,74.48171,0.53354
551,5511,-0.5204615643340613,0.02491440941078573,0.8628070381987277,15.717264713610088,80.72609425118235,1.7762323489227536,-0.45758,-0.03284,0.89203,15.3125,80.96799,2.0122
552,5520,-0.5307362668141822,0.029640689838792117,0.8601472847677893,17.50842471361009,88.16511425118235,2.9271423489227537,-0.46783,-0.02814,0.88934,17.10366,88.40701,3.16311
553,5530,-0.5384447996992678,0.03695134062849561,0.851643983836165,18.94135471361009,96.04621425118235,3.5064123489227534,-0.47552,-0.02087,0.88074,18.53659,96.28811,3.74238
554,5540,-0.551606442973803,0.046333510073878495,0.8464530152441851,19.87885471361009,104.16359425118235,3.521652348922754,-0.48865,-0.01154,0.87549,19.47409,104.40549,3.75762
555,5551,-0.5649986405478922,0.048183798581863974,0.8414993480735529,19.589214713610087,112.59347425118234,3.0567123489227535,-0.50201,-0.0097,0.87048,19.18445,112.83537,3.29268
556,5560,-0.5812176343165122,0.04087314779216048,0.828764171794562,18.68982471361009,121.34347425118234,2.828052348922754,-0.51819,-0.01697,0.8576,18.28506,121.58537,3.06402
557,5570,-0.5957726274883516,0.03406529279267043,0.8074663692286097,18.011474713610088,130.39834425118235,2.911902348922754,-0.53271,-0.02374,0.83606,17.60671,130.64024,3.14787
558,5580,-0.5985292549830181,0.05038604414299886,0.800288001232843,16.75384471361009,140.31451425118235,2.3326323489227536,-0.53546,-0.00751,0.8288,16.34908,140.55641,2.5686
559,5591,-0.5996319059808848,0.07972920645985553,0.8011284437667827,15.229464713610088,152.17427425118234,0.13751234892275352,-0.53656,0.02167,0.82965,14.8247,152.41617,0.37348
560,5600,-0.5929057348938984,0.0981415882974719,0.8083760246771091,14.063304713610089,166.79316425118233,-4.1460276510772465,-0.52985,0.03998,0.83698,13.65854,167.03506,-3.91006
561,5610,-0.5907605774980488,0.0999818208896531,0.8148919262049469,10.57244471361009,187.57823425118235,-10.479867651077246,-0.52771,0.04181,0.84357,10.16768,187.82013,-10.2439
562,5620,-0.5757745480270433,0.15177984319744225,0.8412620466522052,4.528244713610089,213.64531425118236,-20.754257651077246,-0.51276,0.09332,0.87024,4.12348,213.88721,-20.51829
563,5631,-0.59210380689545,0.19603592865202968,0.8433087714113287,-0.6775552863899106,242.41055425118233,-35.578957651077246,-0.52905,0.13733,0.87231,-1.08232,242.65245,-35.34299
564,5640,-0.6552456126732848,0.19830856562379445,0.8581005600086657,-4.526635286389911,249.50657425118234,-50.388407651077245,-0.59204,0.13959,0.88727,-4.9314,249.74847,-50.15244
565,5650,-0.8176260082591158,0.18075093662954095,0.8389088075571742,-8.962615286389912,249.41511425118236,-64.06218765107725,-0.75403,0.12213,0.86786,-9.36738,249.65701,-63.82622
566,5660,-1.1908934192369283,0.16583801349181015,0.9401771891172863,-6.881825286389911,249.30841425118234,-72.06523765107724,-1.1264,0.1073,0.97028,-7.28659,249.55031,-71.82927
567,5671,-1.8266418882068998,0.10789582662761273,1.31022898059051,6.014524713610089,249.50657425118234,-65.53322765107724,-1.76062,0.04968,1.34454,5.60976,249.74847,-65.29726
568,5680,-1.9265520927135964,0.050939119512233656,1.3594195877240345,33.08769471361009,249.50657425118234,-46.92803765107725,-1.86029,-0.00696,1.39429,32.68293,249.74847,-46.69207
569,5690,-1.7554306819446772,0.08052362380839279,1.3910400021186096,71.8758047136101,249.50657425118234,-29.092677651077246,-1.68958,0.02246,1.42627,71.47104,249.74847,-28.85671
570,5700,-1.6061417609335173,0.28736375598639985,1.3469810382217282,109.8712347136101,249.50657425118234,-14.298467651077246,-1.54065,0.22815,1.38171,109.46647,249.74847,-14.0625
571,5711,-1.7567739113420784,0.27466313432560824,1.496164531775621,135.1684847136101,249.50657425118234,-7.3396276510772465,-1.69092,0.21552,1.53259,134.76372,249.74847,-7.10366
572,5720,-2.0119674486483374,0.17179111564793734,1.9069629548060818,147.9962247136101,249.50657425118234,-14.900597651077247,-1.9455,0.11322,1.94806,147.59146,249.74847,-14.66463
573,5730,-1.9627691659435247,0.5317023981985256,1.6829504130538948,135.5419547136101,249.50657425118234,-44.54236765107724,-1.89642,0.47113,1.7215,135.13719,249.74847,-44.3064
574,5740,-1.3085462807092971,0.38832515066125967,1.8095012835467552,111.32702471361009,249.50657425118234,-78.17804765107725,-1.24377,0.32855,1.84949,110.92226,249.74847,-77.94208
575,5750,-0.542735114490967,0.4042838890426344,1.958259612054067,81.7004947136101,232.90597425118236,-107.43870765107725,-0.4798,0.34442,1.99994,81.29573,233.14787,-107.20274
576,5761,-0.3019161365568969,0.3499718877837781,1.6789657266870988,53.55263471361009,170.36786425118234,-129.54999765107726,-0.23956,0.29041,1.71747,53.14787,170.60976,-129.31403
577,5770,-1.5468592336482159,0.24464622564986557,1.7391908499132893,53.31635471361009,103.82060425118235,-150.72377765107726,-1.48151,0.18567,1.77838,52.91159,104.0625,-150.48781
578,5780,-1.4771115459831614,0.3719440638161056,1.958259612054067,76.92915471361009,-18.786105748817658,-146.50120765107727,-1.41193,0.31226,1.99994,76.52439,-18.54421,-146.26524
579,5790,-0.17398857260440762,0.585038975624368,1.6161401753853066,85.8087347136101,-137.28457574881764,-129.72529765107726,-0.11194,0.52417,1.65393,85.40397,-137.04268,-129.48933
580,5801,0.38968661750500927,0.7063233761396552,0.839086783623185,66.6318947136101,-164.68549574881766,-119.03932765107724,0.45038,0.64478,0.86804,66.22713,-164.4436,-118.80336
581,5810,0.38466454341472583,0.6584471609955309,0.5615429962386557,41.32702471361009,-152.81811574881766,-107.44633765107724,0.44537,0.59717,0.58734,40.92226,-152.57622,-107.21037
582,5820,0.3289906921224421,0.6307632247863787,0.5116404848410882,15.32854471361009,-136.14890574881767,-88.09419765107725,0.38983,0.56964,0.53687,14.92378,-135.90701,-87.85823
583,5830,0.3289906921224421,0.6307632247863787,0.5116404848410882,15.32854471361009,-136.14890574881767,-88.09419765107725,0.38983,0.56964,0.53687,14.92378,-135.90701,-87.85823
584,5841,0.05526259395204359,0.43816226938721636,0.6752400397418514,5.351414713610089,-126.11842574881766,-20.464627651077247,0.11676,0.37811,0.70233,4.94665,-125.87653,-20.22866
585,5850,-0.10099307654563729,0.3963698833046748,0.793524910724435,18.82702471361009,-139.70074574881767,20.411902348922755,-0.03912,0.33655,0.82196,18.42226,-139.45885,20.64787
586,5860,-0.10099307654563729,0.3963698833046748,0.793524910724435,18.82702471361009,-139.70074574881767,20.411902348922755,-0.03912,0.33655,0.82196,18.42226,-139.45885,20.64787
587,5870,-0.22599360330378973,0.4155766824908284,0.8774109631708313,27.089214713610087,-161.41567574881765,56.235072348922756,-0.16382,0.35565,0.9068,26.68445,-161.17378,56.47104
588,5881,-0.35985543444479756,0.3253550058949278,0.8375245492659794,-3.2080352863899106,-212.45988574881764,96.04452234892275,-0.29736,0.26593,0.86646,-3.6128,-212.21799,96.28049
589,5890,-0.35985543444479756,0.3253550058949278,0.8375245492659794,-3.2080352863899106,-212.45988574881764,96.04452234892275,-0.29736,0.26593,0.86646,-3.6128,-212.21799,96.28049
590,5900,-0.3770467659115363,0.14466025480801983,0.7489913439848582,-25.936695286389913,-231.62910574881766,102.76708234892276,-0.31451,0.08624,0.77692,-26.34146,-231.38721,103.00305
591,5910,-0.40360060676016063,-0.0438278310271965,0.6727088245808096,-36.99615528638991,-244.99799574881766,104.71830234892275,-0.341,-0.1012,0.69977,-37.40092,-244.7561,104.95427
592,5921,-0.471333450329113,-0.2180767400835681,0.650620017277032,-32.20194528638991,-249.99799574881766,103.71220234892276,-0.40857,-0.27448,0.67743,-32.60671,-249.7561,103.94817
593,5930,-0.5706321847369926,-0.3352985506139307,0.6883410557120866,-14.435175286389912,-249.99799574881766,99.83263234892276,-0.50763,-0.39105,0.71558,-14.83994,-249.7561,100.0686
594,5940,-0.6825312128204934,-0.35549082954890265,0.7678765821004424,7.05110471361009,-249.88366574881766,91.32653234892275,-0.61926,-0.41113,0.79602,6.64634,-249.64177,91.5625
595,5950,-0.8259460112430185,-0.3343231267809166,0.8785579200406783,23.583114713610087,-249.99799574881766,77.63750234892275,-0.76233,-0.39008,0.90796,23.17835,-249.7561,77.87347
596,5961,-0.9854494901344155,-0.32345268179650194,0.9769885721038413,33.68220471361009,-249.99799574881766,61.44848234892275,-0.92145,-0.37927,1.00751,33.27744,-249.7561,61.68445
597,5970,-1.1052374849026532,-0.3114861419894219,1.026653782080061,40.89256471361009,-249.99799574881766,45.11464234892276,-1.04095,-0.36737,1.05774,40.4878,-249.7561,45.35061
598,5980,-1.171075773575271,-0.288900555093034,1.0404172645182252,48.17915471361009,-249.99799574881766,30.663422348922754,-1.10663,-0.34491,1.07166,47.77439,-249.7561,30.89939
599,5990,-1.2117635953965493,-0.23077736174435967,1.0218879785346624,55.96116471361009,-249.99799574881766,19.177142348922754,-1.14722,-0.28711,1.05292,55.5564,-249.7561,19.41311
600,6000,-1.2250355037708713,-0.11514438591107157,0.9877857867751596,62.19592471361009,-249.99799574881766,11.639032348922754,-1.16046,-0.17212,1.01843,61.79116,-249.7561,11.875
601,6011,-1.2362324234492077,0.033753559402738095,0.9803009044434858,63.49165471361009,-249.99799574881766,9.139032348922754,-1.17163,-0.02405,1.01086,63.08689,-249.7561,9.375
602,6020,-1.2763689197715526,0.19186272359325807,1.0173594764106113,59.49013471361009,-249.99799574881766,12.370742348922754,-1.21167,0.13318,1.04834,59.08537,-249.7561,12.60671
603,6030,-1.360551311408679,0.3458590182198321,1.0781284153940567,52.15019471361009,-249.99799574881766,21.235072348922753,-1.29565,0.28632,1.1098,51.74543,-249.7561,21.47104
604,6040,-1.5028033142334538,0.5009514076690714,1.1663649938984937,43.89562471361009,-249.99799574881766,34.847872348922756,-1.43756,0.44055,1.19904,43.49086,-249.7561,35.08384
605,6051,-1.7387806518768913,0.723629607238802,1.2651515980936783,32.95049471361009,-249.99799574881766,54.200012348922755,-1.67297,0.66199,1.29895,32.54573,-249.7561,54.43598
606,6060,-1.9803313891095455,0.9170853154813272,1.2987692994512627,15.435254713610089,-249.99799574881766,81.95153234892275,-1.91394,0.85437,1.33295,15.03049,-249.7561,82.1875
607,6070,-2.066598793542638,0.8949321329645228,1.2863307499489565,-2.537305286389911,-249.99799574881766,117.52318234892276,-2.0,0.83234,1.32037,-2.94207,-249.7561,117.75915
608,6080,-2.066598793542638,0.7059513072548973,1.1587614608561456,-8.947365286389912,-249.99799574881766,155.33569234892275,-2.0,0.64441,1.19135,-9.35213,-249.7561,155.57166
609,6091,-2.0645137807466716,0.4387756802512768,0.857981909297992,-0.8909652863899107,-249.99799574881766,190.97593234892275,-1.99792,0.37872,0.88715,-1.29573,-249.7561,191.2119
610,6100,-2.066598793542638,0.15724020547916026,0.5159217979845689,13.080074713610088,-249.99799574881766,220.92257234892273,-2.0,0.09875,0.5412,12.67531,-249.7561,221.15854
611,6110,-2.066598793542638,-0.011598620874514664,0.18635956152878896,17.920004713610087,-249.99799574881766,241.12836234892274,-2.0,-0.06915,0.20789,17.51524,-249.7561,241.36433
612,6120,-2.0665386489427546,-0.2326175943365409,-0.14278739743963254,3.0114747136100894,-240.26476574881767,247.27927234892275,-1.99994,-0.28894,-0.125,2.60671,-240.02287,247.51524
613,6131,-2.066598793542638,-0.5571722769193198,-0.4439327886890307,-22.362005286389913,-202.48275574881765,230.89971234892275,-2.0,-0.61169,-0.42957,-22.76677,-202.24086,231.13568
614,6140,-2.066598793542638,-0.9985968129793118,-0.7252140734597853,-40.700415286389905,-155.41720574881765,195.09177234892275,-2.0,-1.05066,-0.71405,-41.10518,-155.17531,195.32774
615,6150,-2.066598793542638,-1.3438365143714721,-1.0098175781294074,-34.961095286389906,-119.89128574881765,143.52927234892275,-2.0,-1.39398,-1.00189,-35.36586,-119.64939,143.76524
616,6160,-2.066598793542638,-1.4360291504650091,-1.4594147835502098,-10.334565286389912,-100.58488574881765,72.48507234892276,-2.0,-1.48566,-1.4566,-10.73933,-100.34299,72.72104
617,6171,-2.066598793542638,-1.365688019414148,-1.6877185260051004,20.999274713610088,-61.89585574881765,-1.8594476510772464,-2.0,-1.41571,-1.6875,20.59451,-61.65396,-1.62348
618,6180,-2.049156859576384,-0.9226746486570817,-1.3594218971298413,41.92915471361009,0.009624251182343696,-63.00273765107725,-1.9826,-0.97516,-1.35547,41.52439,0.25152,-62.76677
619,6190,-2.024868465323377,-0.39717260055759723,-0.5556325452292169,36.35750471361009,56.846524251182345,-110.12926765107724,-1.95837,-0.45258,-0.54254,35.95274,57.08842,-109.8933
620,6200,-0.363835002137098,0.8713610663193164,0.6031893956851694,-22.781215286389912,103.30993425118234,-137.27864765107725,-0.30133,0.8089,0.62946,-23.18598,103.55183,-137.04268
621,6211,0.24535962598424912,-0.20610014436068383,1.958259612054067,-127.8955452863899,149.75810425118235,-133.90213765107725,0.3064,-0.26257,1.99994,-128.30031,150.0,-133.66617
622,6220,0.26224021035158906,-0.5678516595034534,1.479029391642476,-60.50224528638991,96.22152425118234,-95.44176765107724,0.32324,-0.62231,1.51526,-60.90701,96.46342,-95.2058
623,6230,0.397395150390095,0.8328167410415538,-0.030296636161620837,4.840744713610089,85.08584425118235,-46.173467651077246,0.45807,0.77057,-0.01123,4.43598,85.32774,-45.9375
624,6240,0.7301050528463772,0.2646574981003607,-0.4855099752209845,-16.073895286389913,170.69560425118235,-45.952427651077244,0.78998,0.20557,-0.47162,-16.47866,170.9375,-45.71646
625,6250,-0.8252142519444343,0.06695819338843402,1.1704683309759634,-11.439745286389911,249.50657425118234,-35.27407765107725,-0.7616,0.00897,1.20319,-11.84451,249.74847,-35.03811
626,6261,-2.066598793542638,0.10747347816383343,1.958259612054067,-0.5708452863899107,244.47609425118233,-11.097247651077247,-2.0,0.04926,1.99994,-0.97561,244.71799,-10.86128
627,6270,-1.652944283742965,-0.360589178861667,1.7850592371479466,-26.16535528638991,186.81604425118235,-27.049997651077245,-1.58734,-0.4162,1.82477,-26.57012,187.05794,-26.81403
628,6280,-1.7271627199993693,-0.0030712042724946324,1.7998411381860608,-49.28273528638991,132.28097425118236,-47.79694765107725,-1.66138,-0.06067,1.83972,-49.6875,132.52287,-47.56098
629,6290,-1.258926985805299,1.018720456515073,1.396586922842611,-55.448895286389906,70.04011425118235,-39.123167651077246,-1.19427,0.95544,1.43188,-55.85366,70.28201,-38.8872
630,6301,-0.514216550046144,0.13551942734193942,1.0300946526896022,-47.47633528638991,50.79469425118234,-14.062187651077245,-0.45135,0.07715,1.06122,-47.8811,51.03659,-13.82622
631,6310,-0.8398995584160215,-0.828149040096954,1.4134847615544088,-30.235485286389913,43.81298425118234,-5.403647651077247,-0.77625,-0.88116,1.44897,-30.64025,44.05488,-5.16768
632,6320,-0.6230081071356571,0.2526809023774764,0.9583999607649416,-18.307125286389912,16.67883425118234,-11.120117651077246,-0.55988,0.19366,0.98871,-18.71189,16.92073,-10.88415
633,6330,-0.38114662280360395,0.4872049707646358,0.8176604427873362,-16.386395286389913,11.663594251182344,-6.707007651077247,-0.3186,0.42688,0.84637,-16.79116,11.90549,-6.47104
634,6341,-0.46894771453372885,-0.14926410823495598,0.9612970156172277,-15.067795286389911,14.247434251182344,-4.809137651077247,-0.40619,-0.20605,0.99164,-15.47256,14.48933,-4.57317
635,6350,-0.5297037845161797,0.10623660051990837,0.9440333372141857,-14.663835286389912,10.482194251182344,-7.911267651077247,-0.4668,0.04803,0.97418,-15.0686,10.72409,-7.6753
636,6360,-0.47078212483017967,-0.007184073836440611,0.9468710667111346,-9.49615528638991,7.822124251182343,-4.8243776510772465,-0.40802,-0.06476,0.97705,-9.90092,8.06402,-4.58841
637,6370,-0.4809365381105332,-0.012704771612984249,0.9398706747813789,-7.86505528638991,6.290114251182343,-3.5515176510772464,-0.41815,-0.07025,0.96997,-8.26982,6.53201,-3.31555
638,6381,-0.48901596269490133,0.02012779348795373,0.9288262711294901,-6.302555286389911,4.171214251182343,-2.4234676510772464,-0.42621,-0.0376,0.9588,-6.70732,4.41311,-2.1875
639,6390,-0.4655796169402454,0.020680868857188523,0.9194726401047033,-5.06779528638991,2.677314251182344,-1.4783476510772464,-0.40283,-0.03705,0.94934,-5.47256,2.91921,-1.24238
640,6400,-0.46025681985054373,0.016688670282893767,0.9058376959364359,-4.38944528638991,1.9989542511823437,-1.2115776510772465,-0.39752,-0.04102,0.93555,-4.79421,2.24085,-0.97561
641,6410,-0.4454512241791892,0.016688670282893767,0.9052345548238441,-3.8482852863899106,1.6712142511823438,-0.7695076510772465,-0.38275,-0.04102,0.93494,-4.25305,1.91311,-0.53354
642,6421,-0.43945681239078704,0.02884627249025487,0.9038997343287635,-3.4671852863899106,1.9151142511823438,-0.7313976510772464,-0.37677,-0.02893,0.93359,-3.87195,2.15701,-0.49543
643,6430,-0.44123107808735423,0.03485971014120768,0.899381119763935,-3.352855286389911,1.9303642511823438,-1.0896276510772465,-0.37854,-0.02295,0.92902,-3.75762,2.17226,-0.85366
644,6440,-0.4491801893719745,0.037745757977032855,0.8982341628940882,-3.230905286389911,1.9151142511823438,-1.5088376510772463,-0.38647,-0.02008,0.92786,-3.63567,2.15701,-1.27287
645,6450,-0.4497916594707914,0.026271958044362036,0.8997963972512936,-2.8879152863899105,1.5949942511823436,-1.6231676510772464,-0.38708,-0.03149,0.92944,-3.29268,1.83689,-1.3872
646,6461,-0.44673430897670674,0.020680868857188523,0.897146531379578,-2.6287752863899105,1.5492642511823438,-1.5240776510772465,-0.38403,-0.03705,0.92676,-3.03354,1.79116,-1.28811
647,6470,-0.4419026927860548,0.017181410157302946,0.8983528136047619,-2.171455286389911,1.8541442511823436,-1.4249876510772463,-0.37921,-0.04053,0.92798,-2.57622,2.09604,-1.18902
648,6480,-0.4399479932898367,0.024492060947006438,0.89666204097766,-1.6531652863899104,2.5858442511823436,-1.2039576510772465,-0.37726,-0.03326,0.92627,-2.05793,2.82774,-0.96799
649,6490,-0.4378028358939871,0.028474203605496923,0.8978683232028439,-1.2034652863899107,3.5004842511823435,-1.1505976510772464,-0.37512,-0.0293,0.92749,-1.60823,3.74238,-0.91463
650,6500,-0.43829401679303676,0.024854073915960118,0.897265182090252,-0.9138352863899106,4.3007842511823435,-1.2039576510772465,-0.37561,-0.0329,0.92688,-1.3186,4.54268,-0.96799
651,6511,-0.4386047638924355,0.02000712249830251,0.9016058205890694,-0.7995052863899106,4.849564251182343,-1.2954176510772464,-0.37592,-0.03772,0.93127,-1.20427,5.09146,-1.05945
652,6520,-0.43756225749445254,0.024361334041550938,0.897265182090252,-0.6089552863899106,5.7565842511823435,-1.3868776510772465,-0.37488,-0.03339,0.92688,-1.01372,5.99848,-1.15091
653,6530,-0.43731165499493746,0.027006039898073663,0.895515084107813,-0.4031652863899107,6.892254251182344,-1.6765176510772464,-0.37463,-0.03076,0.92511,-0.80793,7.13415,-1.44055
654,6540,-0.4395771015905543,0.029831752239073226,0.8985901150261096,-0.2735852863899107,7.974564251182343,-2.1795676510772464,-0.37689,-0.02795,0.92822,-0.67835,8.21646,-1.9436
655,6551,-0.4413513672871215,0.03492004563603329,0.8979276485581807,0.1379947136100893,9.018774251182343,-2.8807876510772465,-0.37866,-0.02289,0.92755,-0.26677,9.26067,-2.64482
656,6560,-0.4425743074847554,0.03835916884109326,0.8937649861253739,0.38952471361008933,9.719994251182344,-3.6582276510772465,-0.37988,-0.01947,0.92334,-0.01524,9.96189,-3.42226
657,6570,-0.449370647271606,0.030746840577261694,0.895515084107813,0.6334247136100893,10.337374251182343,-4.4051776510772465,-0.38666,-0.02704,0.92511,0.22866,10.57927,-4.16921
658,6580,-0.4552447698602409,0.02289317033412768,0.8973838328009257,1.0145247136100892,10.931884251182344,-4.7176776510772465,-0.39252,-0.03485,0.927,0.60976,11.17378,-4.48171
659,6591,-0.4543225526620252,0.0146070957114101,0.8958215984437203,1.2584247136100892,11.838894251182344,-4.755787651077247,-0.3916,-0.04309,0.92542,0.85366,12.08079,-4.51982
660,6600,-0.4414716564868888,0.02252110144936973,0.8980462992688545,1.3346447136100894,13.645304251182344,-4.481397651077247,-0.37878,-0.03522,0.92767,0.92988,13.8872,-4.24543
661,6610,-0.4559163845589415,0.021052937741946474,0.8973245074455888,1.2584247136100892,16.800784251182343,-4.2679776510772465,-0.39319,-0.03668,0.92694,0.85366,17.04268,-4.03201
662,6620,-0.46711330423727804,0.008895335534585365,0.8952777826864653,1.7386047136100893,18.919694251182342,-3.8487676510772464,-0.40436,-0.04877,0.92487,1.33384,19.16159,-3.6128
663,6631,-0.46784506353586225,0.00804058269122251,0.8950305937058947,1.9367747136100895,20.299264251182343,-3.2923676510772464,-0.40509,-0.04962,0.92462,1.53201,20.54116,-3.0564
664,6640,-0.4446593202807214,0.01079590362159219,0.8961775505757418,2.2416547136100893,22.639204251182342,-2.728347651077246,-0.38196,-0.04688,0.92578,1.83689,22.8811,-2.49238
665,6650,-0.4593446267523087,0.018408231885423752,0.8926180292555269,2.5922647136100894,26.617864251182343,-2.4234676510772464,-0.39661,-0.03931,0.92218,2.1875,26.85976,-2.1875
666,6660,-0.4554252036598918,0.006260685593866914,0.8946054286593136,3.2858647136100894,28.96542425118234,-2.5301776510772465,-0.3927,-0.05139,0.92419,2.8811,29.20732,-2.29421
667,6671,-0.439025776091621,0.024854073915960118,0.8891771586459859,4.078544713610089,33.34042425118235,-2.3015176510772464,-0.37634,-0.0329,0.9187,3.67378,33.58232,-2.06555
668,6680,-0.4691882929332634,0.025718882675127244,0.8833237235860771,4.7340347136100895,38.744384251182346,-2.1871876510772466,-0.40643,-0.03204,0.91278,4.32927,38.98628,-1.95122
669,6690,-0.4655796169402454,0.024240663051899716,0.8818801399395456,5.29805471361009,42.48676425118234,-2.1185876510772466,-0.40283,-0.03351,0.91132,4.89329,42.72866,-1.88262
670,6700,-0.467724774336095,0.02006745799312812,0.8876742496441175,5.884944713610089,47.098044251182344,-1.7984676510772464,-0.40497,-0.03766,0.91718,5.48018,47.33994,-1.5625
671,6711,-0.46931860623301125,0.017985883421644453,0.8882081778421497,7.256894713610089,52.19713425118235,-1.3868776510772465,-0.40656,-0.03973,0.91772,6.85213,52.43903,-1.15091
672,6720,-0.4783703685154982,0.021666348606006875,0.878795221462026,8.872754713610089,57.82213425118235,-1.1887076510772465,-0.41559,-0.03607,0.9082,8.46799,58.06403,-0.95274
673,6730,-0.4913415538904019,0.012455129729296558,0.8732483007380245,10.442874713610088,63.538594251182346,-0.9219476510772465,-0.42853,-0.04523,0.90259,10.03811,63.78049,-0.68598
674,6740,-0.5019871480698052,0.014908773185538168,0.8701732698197279,11.746224713610088,69.88768425118235,-0.25120765107724646,-0.43915,-0.04279,0.89948,11.34146,70.12958,-0.01524
675,6750,-0.5082822828576254,0.021907690585309326,0.8708357362876566,13.674584713610088,76.69407425118234,0.28232234892275354,-0.44543,-0.03583,0.90015,13.26982,76.93597,0.51829
676,6761,-0.5135449353474435,0.032285395695314835,0.8678101431654742,15.869704713610089,84.46084425118235,0.5186023489227535,-0.45068,-0.02551,0.89709,15.46494,84.70274,0.75457
677,6770,-0.5297639291160633,0.03620720285897971,0.8667917245655238,17.69134471361009,92.84499425118234,0.14513234892275353,-0.46686,-0.02161,0.89606,17.28658,93.08689,0.3811
678,6780,-0.5421236443921501,0.038912244210328045,0.8660007198276981,17.99622471361009,101.33584425118235,-0.4951176510772465,-0.47919,-0.01892,0.89526,17.59146,101.57774,-0.25915
679,6790,-0.5583927586606732,0.019635053613544555,0.8517626345468388,17.13494471361009,109.97152425118234,-0.5865776510772465,-0.49542,-0.03809,0.88086,16.73018,110.21342,-0.35061
680,6801,-0.5763860181258602,0.016266321819114474,0.8410247452308575,17.88952471361009,119.48371425118235,0.16799234892275353,-0.51337,-0.04144,0.87,17.48476,119.72561,0.40396
681,6810,-0.5780299705226795,0.031792655820905666,0.8351020972563887,18.27824471361009,129.60566425118233,0.7167723489227535,-0.51501,-0.026,0.86401,17.87348,129.84756,0.95274
682,6820,-0.5786414406214965,0.06407214555260884,0.8358337766388775,18.156284713610088,141.23677425118234,-0.31980765107724646,-0.51562,0.0061,0.86475,17.75152,141.47867,-0.08384
683,6830,-0.5707524739367599,0.08138843256755991,0.8451280823083273,16.79196471361009,155.32213425118235,-3.7725576510772463,-0.50775,0.02332,0.87415,16.3872,155.56403,-3.53659
684,6841,-0.5752833671279936,0.10213378687176665,0.852247124948757,13.125804713610089,173.22609425118233,-9.107917651077246,-0.51227,0.04395,0.88135,12.72104,173.46799,-8.87195
685,6850,-0.5731983543320277,0.12238640130156421,0.8454840344403488,6.56330471361009,195.36786425118234,-16.950907651077245,-0.51019,0.06409,0.87451,6.15854,195.60976,-16.71494
686,6860,-0.5697099675387769,0.13496635197270462,0.8612349162822995,-2.6135252863899106,222.51726425118235,-29.732917651077244,-0.50671,0.0766,0.89044,-3.01829,222.75916,-29.49695
687,6870,-0.5804257304180442,0.1727765953967557,0.8475406467586951,-12.613525286389912,247.87549425118235,-47.38535765107724,-0.5174,0.1142,0.87659,-13.01829,248.11739,-47.14939
688,6881,-0.675374005434341,0.19346161420613683,0.8356459130136439,-18.69584528638991,249.50657425118234,-63.28474765107725,-0.61212,0.13477,0.86456,-19.10061,249.74847,-63.04878
689,6890,-0.8433177765094081,0.1394412345056043,0.8125980124652528,-21.02054528638991,249.18646425118234,-76.08200765107725,-0.77966,0.08105,0.84125,-21.42531,249.42836,-75.84604
690,6900,-1.2844483443559207,0.12379422951416187,0.9170600756543356,-18.025115286389912,249.43036425118234,-81.05151765107725,-1.21973,0.06549,0.9469,-18.42988,249.67226,-80.81555
691,6910,-1.8142220283309296,0.08408341800310395,1.3127700833107745,-8.17755528638991,249.50657425118234,-72.30151765107725,-1.74823,0.026,1.34711,-8.58232,249.74847,-72.06555
692,6921,-1.9388516633897996,-0.01994503099205786,1.2927280007661204,27.92001471361009,249.50657425118234,-51.668897651077245,-1.87256,-0.07745,1.32684,27.51525,249.74847,-51.43293
693,6930,-1.7327260954886055,0.16712517071475658,1.3373307804202568,79.0709247136101,249.50657425118234,-29.717677651077246,-1.66693,0.10858,1.37195,78.66616,249.74847,-29.48171
694,6940,-1.594944841255181,0.2871224140070974,1.3684667044129137,114.61970471361009,249.50657425118234,-17.781697651077245,-1.52948,0.22791,1.40344,114.21494,249.74847,-17.54573
695,6950,-1.7319943361900214,0.31246332183385506,1.5059433278469891,127.26452471361009,249.50657425118234,-20.845727651077247,-1.6662,0.25311,1.54248,126.85976,249.74847,-20.60976
696,6961,-1.9190239936281617,0.1727162599019301,1.8232548784256963,129.13190471361008,249.50657425118234,-37.48444765107725,-1.85278,0.11414,1.8634,128.72714,249.74847,-37.24848
697,6970,-1.6049789653357671,0.4443064339436247,1.4825889129626908,108.0953147136101,249.50657425118234,-71.88993765107725,-1.53949,0.38422,1.51886,107.69055,249.74847,-71.65397
698,6980,-1.0343971703397128,0.5504265134260744,1.5788443019968335,79.9398247136101,248.95781425118236,-106.53932765107724,-0.97028,0.48975,1.61621,79.53506,249.19971,-106.30336
699,6990,-0.39454884447767374,0.5595070053973292,1.7632670566208535,57.05872471361009,227.25810425118235,-126.89755765107725,-0.33197,0.49878,1.80273,56.65396,227.5,-126.66159
700,7000,-0.29316509727382817,0.36083227685238844,1.4129508333563765,32.16543471361009,179.59805425118233,-141.18870765107727,-0.23083,0.30121,1.44843,31.76067,179.83995,-140.95274
701,7011,-1.6367954586742095,0.21150192715899527,1.6815562672034772,33.880374713610095,126.40445425118234,-153.36096765107726,-1.57123,0.15271,1.72009,33.47561,126.64635,-153.125
702,7020,-1.5552393812320018,0.43638237228986076,1.958259612054067,63.910864713610096,11.816034251182344,-140.02255765107725,-1.48987,0.37634,1.99994,63.5061,12.05793,-139.78659
703,7030,-0.42147357702558047,0.5910524132753208,1.6413040136073813,86.1593447136101,-105.84402574881766,-114.33657765107725,-0.35883,0.53015,1.67938,85.75458,-105.60213,-114.10061
704,7040,0.16447516324074213,0.6970518217681193,0.8866459434849442,72.6379947136101,-145.88976574881767,-98.85639765107724,0.22571,0.63556,0.91614,72.23323,-145.64787,-98.62043
705,7051,0.30996495035925253,0.6364749849632034,0.5248502639627743,48.68220471361009,-142.52085574881767,-87.53017765107725,0.37085,0.57532,0.55023,48.27744,-142.27896,-87.29421
706,7060,0.3210415808378218,0.563499203971624,0.4065653929801908,20.587694713610087,-126.06506574881766,-74.24511765107725,0.3819,0.50275,0.4306,20.18293,-125.82317,-74.00915
707,7070,0.2279778366178789,0.44393436505886674,0.42280076522405957,4.756894713610089,-110.46293574881766,-53.200907651077245,0.28906,0.38385,0.44702,4.35213,-110.22104,-52.96494
708,7080,0.08359070049723516,0.35033390075273174,0.5316133544711825,6.86055471361009,-105.50866574881765,-23.894507651077245,0.14502,0.29077,0.55707,6.45579,-105.26677,-23.65854
709,7091,-0.05253657723938957,0.3564076738985102,0.6765056473223722,19.36055471361009,-112.04829574881765,10.648182348922754,0.00922,0.29681,0.70361,18.95579,-111.8064,10.88415
710,7100,-0.16762326911672304,0.4235007441445923,0.7937028867904458,26.98251471361009,-128.26019574881767,43.87226234892275,-0.10559,0.36353,0.82214,26.57775,-128.0183,44.10823
711,7110,-0.26520788242791904,0.4374281875335047,0.878132754994097,20.43525471361009,-151.11080574881765,71.48659234892276,-0.20294,0.37738,0.90753,20.03049,-150.86891,71.72256
712,7120,-0.3383838122863403,0.36905801598028043,0.8948526176398841,1.8986647136100894,-177.59708574881765,91.47135234892275,-0.27594,0.30939,0.92444,1.4939,-177.35519,91.70732
713,7131,-0.363403965837932,0.22077348153053117,0.8477186228247059,-19.00834528638991,-203.15348574881764,104.13903234892275,-0.3009,0.16193,0.87677,-19.41311,-202.91159,104.375
714,7140,-0.37509206641531817,0.03879157322067682,0.7826584831385568,-32.04950528638991,-223.55744574881766,111.42562234892276,-0.31256,-0.01904,0.81097,-32.45427,-223.31555,111.66159
715,7150,-0.41168003134452874,-0.15289429384029704,0.7345653950787652,-32.026635286389904,-238.15348574881764,115.51099234892276,-0.34906,-0.20966,0.76233,-32.4314,-237.91159,115.74696
716,7160,-0.4981880141771556,-0.34162372165481586,0.7215929173784269,-19.36657528638991,-248.45074574881767,115.08415234892276,-0.43536,-0.39734,0.74921,-19.77134,-248.20885,115.32012
717,7171,-0.590269396598999,-0.47088246340288836,0.732993273162337,1.7462247136100895,-249.99799574881766,106.34940234892275,-0.52722,-0.52588,0.76074,1.34146,-249.7561,106.58537
718,7180,-0.6846162256164594,-0.5098591930602346,0.7693893786615338,24.131894713610087,-249.92178574881765,89.55824234892276,-0.62134,-0.56464,0.79755,23.72713,-249.67989,89.79421
719,7190,-0.800003640493211,-0.4791082025307803,0.8377025253319903,41.692874713610095,-249.94463574881766,68.74269234892276,-0.73645,-0.53406,0.86664,41.28811,-249.70274,68.97866
720,7200,-0.800003640493211,-0.4791082025307803,0.8377025253319903,41.692874713610095,-249.94463574881766,68.74269234892276,-0.73645,-0.53406,0.86664,41.28811,-249.70274,68.97866
721,7211,-1.0697521709713091,-0.3109330666201871,0.9666659602752184,58.255374713610095,-249.99799574881766,31.593302348922755,-1.00555,-0.36682,0.99707,57.85061,-249.7561,31.82927
722,7220,-1.1234111781674911,-0.19745205676901253,0.9843449161656187,58.81177471361009,-249.99799574881766,19.687812348922755,-1.05908,-0.25397,1.01495,58.40701,-249.7561,19.92378
723,7230,-1.1234111781674911,-0.19745205676901253,0.9843449161656187,58.81177471361009,-249.99799574881766,19.687812348922755,-1.05908,-0.25397,1.01495,58.40701,-249.7561,19.92378
724,7240,-1.141645016032213,-0.08905934031479804,0.9844042415209556,57.630374713610095,-249.99799574881766,14.603972348922754,-1.07727,-0.14618,1.01501,57.22561,-249.7561,14.83994
725,7250,-1.149724440616581,0.023938985577771646,0.989298583336251,55.88494471361009,-249.99799574881766,16.639032348922754,-1.08533,-0.03381,1.01996,55.48018,-249.7561,16.875
726,7261,-1.170955484375504,0.14644015190537546,1.0203751819735711,53.224884713610095,-249.99799574881766,23.948482348922752,-1.10651,0.08801,1.05139,52.82012,-249.7561,24.18445
727,7270,-1.2109015227982174,0.28042517408145434,1.0730659850719737,49.11665471361009,-249.99799574881766,35.564332348922754,-1.14636,0.22125,1.10468,48.71189,-249.7561,35.8003
728,7280,-1.3021308567217091,0.42196218902653915,1.1455417941752368,43.23250471361009,-249.99799574881766,50.472872348922756,-1.23737,0.362,1.17798,42.82774,-249.7561,50.70884
729,7290,-1.4762494733848295,0.6056636589389236,1.2501225080749931,33.750804713610094,-249.99799574881766,68.19391234892275,-1.41107,0.54468,1.28375,33.34604,-249.7561,68.42988
730,7301,-1.7548091877458798,0.7739594658391679,1.3396840195152877,19.04043471361009,-249.99799574881766,90.48050234892276,-1.68896,0.71204,1.37433,18.63567,-249.7561,90.71647
731,7310,-2.035213336503362,0.8064802975501736,1.3535068273087887,3.9413547136100893,-249.99799574881766,118.63599234892276,-1.96869,0.74438,1.38831,3.53659,-249.7561,118.87196
732,7320,-2.066598793542638,0.6904853087479317,1.3282144508168177,-2.7659652863899105,-249.99799574881766,150.73965234892273,-2.0,0.62903,1.36273,-3.17073,-249.7561,150.97562
733,7330,-2.063842166047971,0.5115704547583794,1.1325693164748982,1.5175647136100894,-249.99799574881766,181.76098234892274,-1.99725,0.45111,1.16486,1.1128,-249.7561,181.99695
734,7341,-2.0654359979448875,0.2855235233942186,0.7606388887493389,10.496224713610088,-249.99799574881766,207.28690234892275,-1.99884,0.22632,0.7887,10.09146,-249.7561,207.52287
735,7350,-2.066598793542638,0.0776375759725676,0.3710196175741565,15.930684713610088,-249.99799574881766,225.45000234892274,-2.0,0.01959,0.39465,15.52592,-249.7561,225.68597
736,7360,-2.066598793542638,-0.12748299460290952,0.014177605222619002,11.02214471361009,-248.86994574881766,235.32044234892274,-2.0,-0.18439,0.03375,10.61738,-248.62805,235.55641
737,7370,-2.0665386489427546,-0.38354683464281286,-0.26650053843554383,-0.6927952863899107,-225.04372574881765,229.41343234892275,-1.99994,-0.43903,-0.25012,-1.09756,-224.80183,229.6494
738,7381,-2.066598793542638,-0.5639298523397885,-0.49691033100489485,-13.85590528638991,-180.92025574881765,200.65580234892275,-2.0,-0.61841,-0.48315,-14.26067,-180.67836,200.89177
739,7390,-2.066598793542638,-0.9413283724740005,-0.6410907195920414,-19.450415286389912,-135.20379574881767,156.13598234892274,-2.0,-0.99371,-0.62897,-19.85518,-134.9619,156.37195
740,7400,-2.066598793542638,-1.13135501342727,-0.9136215144506012,-2.9336452863899107,-115.64586574881766,97.05824234892276,-2.0,-1.18268,-0.9046,-3.33841,-115.40397,97.29421
741,7410,-2.066598793542638,-1.1820468849965895,-1.4370886748250846,25.694394713610087,-105.43244574881766,26.113122348922754,-2.0,-1.23309,-1.43402,25.28963,-105.19055,26.34909
742,7421,-2.040907025292346,-0.948447960863423,-1.5985821796113873,51.29653471361009,-61.87299574881766,-40.60944765107725,-1.97437,-1.00079,-1.59735,50.89177,-61.6311,-40.37348
743,7430,-1.8014914213555602,-0.4656031076056472,-1.1708859178691289,55.48098471361009,5.383104251182344,-95.90669765107725,-1.73553,-0.52063,-1.16479,55.07622,5.625,-95.67073
744,7440,-1.737317133279723,-0.08727944321744245,-0.39516734660208735,40.74775471361009,61.25963425118235,-136.87468765107727,-1.67151,-0.14441,-0.38025,40.34299,61.50153,-136.63872
745,7450,-0.18187753928914427,1.3806630340581239,0.6089142924751816,-30.39554528638991,105.63463425118235,-150.04541765107726,-0.11981,1.31537,0.63525,-30.80031,105.87653,-149.80945
746,7461,-0.011788610818227605,0.1491451932567238,1.9557877222483622,-221.1729752863899,151.84652425118236,-121.48596765107725,0.04987,0.0907,1.99744,-221.57774,152.08842,-121.25
747,7470,0.45178591688486125,-1.1095035083845934,1.737500077286187,-152.5296852863899,98.86633425118235,-55.97529765107725,0.51233,-1.16095,1.77667,-152.93445,99.10823,-55.73933
748,7480,0.26811433294022397,0.6251218560201839,0.4360797572603055,-16.72175528638991,78.34804425118234,50.12989234892275,0.3291,0.56403,0.46045,-17.12652,78.58994,50.36586
749,7490,0.32043011073900485,-0.18541512555130266,-0.35262117926629727,-21.043405286389913,131.29011425118236,68.27013234892276,0.38129,-0.242,-0.33722,-21.44817,131.53201,68.5061
750,7500,-0.34486940497379215,-1.289454121701986,0.7726423856458412,-32.811695286389906,220.04011425118236,36.24269234892275,-0.28241,-1.3399,0.80084,-33.21646,220.28201,36.47866
751,7511,-1.7356030121830395,-1.2134716218849297,1.958259612054067,-2.5068252863899105,234.94104425118235,17.988112348922755,-1.6698,-1.26434,1.99994,-2.91159,235.18294,18.22408
752,7520,-1.5616046847196867,-0.6051088275582697,1.8291676388409421,0.3285447136100893,181.26726425118235,-14.710057651077246,-1.49622,-0.65936,1.86938,-0.07622,181.50916,-14.47409
753,7530,-1.1737020877701896,0.35334061957820817,1.4403492599628078,-20.58608528638991,140.61938425118234,-45.182617651077244,-1.10925,0.29376,1.47614,-20.99085,140.86128,-44.94665
754,7540,-1.4835971386706135,1.7112311542918552,1.6525263933252807,-60.791885286389906,106.17579425118234,-40.86858765107725,-1.4184,1.6441,1.69073,-61.19665,106.41769,-40.63262
755,7551,-1.2679286275878825,0.16908607429658903,1.5858446939265893,-70.4641352863899,65.45170425118235,-16.562187651077245,-1.20325,0.11053,1.62329,-70.8689,65.6936,-16.32622
756,7560,-0.6283910488252423,-1.2873122116356766,1.226046301367429,-26.561695286389913,23.83584425118234,-2.4387076510772463,-0.56525,-1.33777,1.2594,-26.96646,24.07774,-2.20274
757,7570,-0.3776582360103532,0.7341883188332844,0.8363083794815729,-25.22023528638991,12.837374251182343,-12.263407651077246,-0.31512,0.67249,0.86523,-25.625,13.07927,-12.02744
758,7580,-0.4644168213424951,0.2749648117997363,0.9255732641451827,-23.025115286389912,16.419684251182343,-6.867067651077247,-0.40167,0.21582,0.95551,-23.42988,16.66158,-6.6311
759,7591,-0.5065781858609225,-0.23930477834637975,1.0200192298415496,-19.67907528638991,10.779444251182344,-8.208527651077246,-0.44373,-0.29559,1.05103,-20.08384,11.02134,-7.97256
760,7600,-0.5101868618539405,0.15019100850036773,0.9604466855240652,-16.09675528638991,4.041644251182344,-8.597247651077247,-0.44733,0.09174,0.99078,-16.50152,4.28354,-8.36128
761,7610,-0.5195493712358262,-0.13662382206898996,0.9649751876481163,-8.970235286389912,1.1605442511823436,-4.725297651077247,-0.45667,-0.19348,0.99536,-9.375,1.40244,-4.48933
762,7620,-0.5079214152583236,-0.014484668710339838,0.9257512402111935,-7.910785286389911,0.4364542511823437,-2.6368776510772465,-0.44507,-0.07202,0.95569,-8.31555,0.67835,-2.40091
763,7631,-0.4500422619703066,-0.013810922351453817,0.9244263072753356,-5.044935286389911,1.1986542511823437,-0.8685876510772464,-0.38733,-0.07135,0.95435,-5.4497,1.44055,-0.63262
764,7640,-0.4514456359675914,-0.003131539767320244,0.9209261113104578,-3.230905286389911,3.424264251182344,-0.3502976510772465,-0.38873,-0.06073,0.95081,-3.63567,3.66616,-0.11433
765,7650,-0.4370710765954029,0.042160305015106904,0.9098817076585689,-1.8132252863899105,5.268774251182344,-0.4112676510772465,-0.37439,-0.01569,0.93964,-2.21799,5.51067,-0.1753
766,7660,-0.4480173937742242,0.03031443619767813,0.9078250953402225,-0.7385252863899106,7.1285342511823435,-1.2954176510772464,-0.38531,-0.02747,0.93756,-1.14329,7.37043,-1.05945
767,7671,-0.4450201878800232,0.028353532615845695,0.9045720883559152,-0.022065286389910677,8.134624251182343,-1.7603576510772463,-0.38232,-0.02942,0.93427,-0.42683,8.37652,-1.52439
768,7680,-0.432239460404751,0.04259270939469047,0.9051060165539474,0.4657447136100893,9.163594251182344,-2.469197651077246,-0.36957,-0.01526,0.93481,0.06098,9.40549,-2.23323
769,7690,-0.4414115118870051,0.042773715879167305,0.8987779786513431,0.6943947136100893,10.489814251182343,-3.719197651077246,-0.37872,-0.01508,0.92841,0.28963,10.73171,-3.48323
770,7700,-0.4480173937742242,0.03847983983074448,0.8950899190612316,0.6486647136100894,10.924264251182343,-4.748167651077247,-0.38531,-0.01935,0.92468,0.2439,11.16616,-4.5122
771,7711,-0.4483882854735067,0.03461836816190522,0.891411747030343,0.6639147136100894,10.390724251182343,-5.9676776510772465,-0.38568,-0.02319,0.92096,0.25915,10.63262,-5.73171
772,7720,-0.4447796094804886,0.03492004563603329,0.8924993785448532,0.5953147136100894,10.093474251182343,-6.897557651077247,-0.38208,-0.02289,0.92206,0.19055,10.33537,-6.66159
773,7730,-0.44459917568083773,0.03847983983074448,0.8906306298517405,0.4276347136100893,10.367864251182343,-7.4615776510772465,-0.3819,-0.01935,0.92017,0.02287,10.60976,-7.22561
774,7740,-0.45781093945527596,0.03418596378232166,0.88519247227919,0.2675647136100893,10.687984251182344,-7.629257651077247,-0.39508,-0.02362,0.91467,-0.1372,10.92988,-7.39329
775,7750,-0.47218549882746447,0.023938985577771646,0.8805453194444648,0.1303747136100893,10.009624251182343,-7.492067651077247,-0.40942,-0.03381,0.90997,-0.27439,10.25152,-7.2561
776,7761,-0.47328814982533113,0.011600376885933697,0.8819987906502194,-0.2202352863899107,8.561454251182344,-6.615537651077247,-0.41052,-0.04608,0.91144,-0.625,8.80335,-6.37957
777,7770,-0.46699301503751073,0.006260685593866914,0.8902647901604959,-0.5098652863899107,7.5629842511823435,-5.472247651077247,-0.40424,-0.05139,0.9198,-0.91463,7.80488,-5.23628
778,7780,-0.461419615448294,0.018106554411295682,0.8889398572246383,-1.0434052863899106,7.151394251182344,-4.664317651077247,-0.39868,-0.03961,0.91846,-1.44817,7.39329,-4.42835
779,7790,-0.45353064876355736,0.035593791994919306,0.8917083738070275,-1.3863952863899107,7.410544251182344,-4.428037651077247,-0.39081,-0.02222,0.92126,-1.79116,7.65244,-4.19207
780,7801,-0.4474760923752716,0.0397669970536909,0.8935870100593631,-1.1729752863899106,7.974564251182343,-4.816757651077247,-0.38477,-0.01807,0.92316,-1.57774,8.21646,-4.58079
781,7810,-0.4482679962737394,0.04148655865622088,0.8932804957234557,-0.9214552863899106,8.835844251182344,-5.601817651077247,-0.38556,-0.01636,0.92285,-1.32622,9.07774,-5.36585
782,7820,-0.45530491446012455,0.030927847061738536,0.8918369120769243,-0.7690152863899107,9.773344251182344,-6.508837651077247,-0.39258,-0.02686,0.92139,-1.17378,10.01524,-6.27287
783,7830,-0.4593446267523087,0.02215908848041605,0.8905614169371807,-0.9366952863899107,10.809934251182344,-6.950907651077247,-0.39661,-0.03558,0.9201,-1.34146,11.05183,-6.71494
784,7841,-0.45964534975172683,0.02399932107259726,0.8885146921780571,-0.8909652863899107,11.998954251182344,-7.232917651077247,-0.39691,-0.03375,0.91803,-1.29573,12.24085,-6.99695
785,7850,-0.4625222664461607,0.021485342121530037,0.8863987545043738,-0.8757252863899105,13.569084251182344,-7.575907651077247,-0.39978,-0.03625,0.91589,-1.28049,13.81098,-7.33994
786,7860,-0.4620310855471109,0.018106554411295682,0.886339429149037,-1.0357852863899106,15.367864251182343,-8.048467651077246,-0.39929,-0.03961,0.91583,-1.44055,15.60976,-7.8125
787,7870,-0.46080814534947706,0.010926630527047685,0.8904427662265068,-1.0052952863899107,17.601094251182342,-8.139927651077246,-0.39807,-0.04675,0.91998,-1.41006,17.84299,-7.90396
788,7881,-0.45034298496972475,0.010373555157812893,0.8932211703681189,-0.7995052863899106,20.276394251182342,-8.063707651077246,-0.38763,-0.0473,0.92279,-1.20427,20.51829,-7.82774
789,7890,-0.45689874635704086,0.006622698562820594,0.8909865819837618,-0.8071252863899105,24.460854251182344,-7.972247651077247,-0.39417,-0.05103,0.92053,-1.21189,24.70275,-7.73628
790,7900,-0.48081624891076596,-0.002578464398085452,0.8854396612597603,-0.5479752863899108,28.00505425118234,-7.575907651077247,-0.41803,-0.06018,0.91492,-0.95274,28.24695,-7.33994
791,7910,-0.48589846760093297,0.0039277131272765255,0.879882852976536,-0.1287752863899107,29.76572425118234,-6.966147651077247,-0.4231,-0.05371,0.9093,-0.53354,30.00762,-6.73018
792,7921,-0.4863796244000021,0.0009209943018001237,0.8789237597319226,0.3285447136100893,31.655974251182343,-6.348767651077247,-0.42358,-0.0567,0.90833,-0.07622,31.89787,-6.1128
793,7930,-0.4856478651014179,0.00491319287609488,0.8771044488349239,0.4657447136100893,33.91969425118234,-5.7085276510772465,-0.42285,-0.05273,0.90649,0.06098,34.16159,-5.47256
794,7940,-0.4906699391917013,0.0031332957787392835,0.8771044488349239,0.12275471361008933,36.633104251182345,-5.228347651077247,-0.42786,-0.0545,0.90649,-0.28201,36.875,-4.99238
795,7950,-0.4953211215827023,0.0011623362811025745,0.8780141042834233,-0.18974528638991067,39.49896425118234,-4.778647651077247,-0.4325,-0.05646,0.90741,-0.59451,39.74086,-4.54268
796,7961,-0.4910308067910031,0.007115438437229768,0.8772329871048206,-0.19736528638991074,42.616334251182344,-4.3899276510772465,-0.42822,-0.05054,0.90662,-0.60213,42.85823,-4.15396
797,7970,-0.4871815523984505,0.02160601311118126,0.8775296138815051,-0.13639528638991066,46.71694425118235,-4.8243776510772465,-0.42438,-0.03613,0.90692,-0.54116,46.95884,-4.58841
798,7980,-0.49299553038720184,0.027247381877376117,0.8774702885261682,-0.2202352863899107,51.556884251182346,-5.990537651077247,-0.43018,-0.03052,0.90686,-0.625,51.79878,-5.75457
799,7990,-0.5059667157621056,0.025718882675127244,0.8723979706448621,-0.18974528638991067,56.59499425118234,-7.438707651077247,-0.44312,-0.03204,0.90173,-0.59451,56.83689,-7.20274
800,8000,-0.5160609844425754,0.022028361574960555,0.8660007198276981,-0.7690152863899107,61.71694425118235,-8.932617651077246,-0.45319,-0.03571,0.89526,-1.17378,61.95884,-8.69665
801,8011,-0.527739060919981,0.01528084207029612,0.8652789280044324,-1.5693252863899105,67.01420425118235,-10.274077651077246,-0.46484,-0.04242,0.89453,-1.97409,67.2561,-10.03811
802,8020,-0.542735114490967,0.003746706642799686,0.8587037011212577,-2.6135252863899106,72.72304425118234,-11.127737651077245,-0.4798,-0.05389,0.88788,-3.01829,72.96494,-10.89177
803,8030,-0.5527090939716697,-0.000919238290381084,0.8466309913101957,-4.00834528638991,78.39377425118235,-11.196337651077245,-0.48975,-0.05853,0.87567,-4.41311,78.63567,-10.96037
804,8040,-0.5639661582498898,-0.0077371492056754095,0.8399964390716842,-5.288835286389911,84.37700425118234,-10.960057651077246,-0.50098,-0.06531,0.86896,-5.6936,84.6189,-10.72409
805,8051,-0.5689180636403091,-0.00227678692395739,0.8405402548289392,-6.24919528638991,90.76420425118235,-10.609447651077247,-0.50592,-0.05988,0.86951,-6.65396,91.0061,-10.37348
806,8060,-0.5731983543320277,0.013440609478114913,0.8437932618132467,-7.369625286389911,98.37091425118234,-11.013407651077246,-0.51019,-0.04425,0.8728,-7.77439,98.61281,-10.77744
807,8070,-0.5715443778352277,0.023687587682664924,0.8440404507938173,-8.939745286389911,107.89834425118235,-12.713097651077247,-0.50854,-0.03406,0.87305,-9.34451,108.14024,-12.47713
808,8080,-0.5720355587342774,0.03731335359744929,0.8564097873815638,-9.23700528638991,119.93341425118234,-15.853347651077247,-0.50903,-0.02051,0.88556,-9.64177,120.17531,-15.61738
809,8091,-0.5834229363122454,0.018408231885423752,0.8867052688402812,-9.74005528638991,134.47609425118233,-21.051517651077248,-0.52039,-0.03931,0.9162,-10.14482,134.71799,-20.81555
810,8100,-0.5747921862289439,0.051190517407340375,0.9174259153455798,-13.36810528638991,153.53859425118233,-28.216147651077247,-0.51178,-0.00671,0.94727,-13.77287,153.78049,-27.98018
811,8110,-0.5806663088175789,0.05708328406864196,0.9238824915180806,-22.79645528638991,179.66664425118233,-36.70700765107725,-0.51764,-0.00085,0.9538,-23.20122,179.90854,-36.47104
812,8120,-0.5709329077364107,0.08445548688786192,0.9226069963783369,-32.91078528638991,212.25049425118235,-47.06523765107725,-0.50793,0.02637,0.95251,-33.31555,212.49239,-46.82927
813,8131,-0.604834413870819,0.1341015432135375,0.8903834408711698,-43.17755528638991,244.01115425118235,-62.324387651077245,-0.54175,0.07574,0.91992,-43.58232,244.25305,-62.08842
814,8140,-0.7236500709409378,0.15865808960756217,0.8420431638308077,-51.42450528638991,249.50657425118234,-78.10181765107724,-0.66028,0.10016,0.87103,-51.82927,249.74847,-77.86585
815,8150,-0.8885364915219202,0.11624223674515592,0.7990125060930994,-49.29035528638991,249.30841425118234,-85.44176765107724,-0.82477,0.05798,0.82751,-49.69512,249.55031,-85.2058
816,8160,-1.2230808042746528,0.06598276955541994,0.8594848182998605,-32.041885286389906,249.33890425118236,-85.07590765107724,-1.15851,0.008,0.88867,-32.44665,249.5808,-84.83994
817,8171,-1.6248667796972889,0.02774012175178529,1.022243930666684,3.7050647136100894,249.50657425118234,-77.43108765107725,-1.55933,-0.03003,1.05328,3.3003,249.74847,-77.19512
818,8180,-1.7772631717024365,-0.058308349785343716,1.0417421974540828,54.83312471361009,249.50657425118234,-66.75273765107724,-1.71136,-0.1156,1.073,54.42836,249.74847,-66.51677
819,8190,-1.4717887488934598,0.1131148469300283,1.017596777831959,86.65476471361009,249.50657425118234,-66.88993765107725,-1.40662,0.05487,1.04858,86.25,249.74847,-66.65397
820,8200,-1.2762486305717855,0.11004779260972627,1.1509107388332276,108.59074471361009,249.50657425118234,-67.79693765107724,-1.21155,0.05182,1.18341,108.18598,249.74847,-67.56097
821,8211,-1.4500063796356037,0.27110334013089704,1.4429398004791865,114.61970471361009,249.50657425118234,-79.22224765107724,-1.38489,0.21198,1.47876,114.21494,249.74847,-78.98628
822,8220,-1.5111233172173562,0.1251417222319339,1.2333433200738695,113.3163547136101,240.06299425118235,-98.45243765107725,-1.44586,0.06683,1.26678,112.91159,240.30489,-98.21647
823,8230,-1.1967675418255634,0.06462522092184364,0.7702298211954733,123.8575047136101,214.27031425118236,-115.69328765107724,-1.13226,0.00665,0.7984,123.45274,214.51221,-115.45732
824,8240,-0.9791443312466146,0.1155684903862699,0.8264801456140908,147.5998947136101,202.09805425118233,-126.54694765107725,-0.91516,0.05731,0.85529,147.19513,202.33995,-126.31098
825,8250,-0.9245731309521975,0.27140501760502517,1.1128930736214884,163.2782347136101,177.54774425118234,-133.29237765107726,-0.86072,0.21228,1.14496,162.87347,177.78964,-133.05641
826,8261,-0.498989942175604,0.15939217146127377,1.478426250529884,174.8331247136101,121.44256425118235,-138.34572765107725,-0.43616,0.10089,1.51465,174.42836,121.68446,-138.10976
827,8270,-1.1210855869719905,0.7737080679440612,1.7361751443503295,176.1517147136101,59.33127425118234,-133.39145765107725,-1.05676,0.71179,1.77533,175.74695,59.57317,-133.15549
828,8280,-0.6341348581141294,1.1924162902022095,1.6869944247760278,150.81635471361008,-6.590985748817657,-104.53474765107724,-0.57098,1.12817,1.72559,150.41159,-6.34909,-104.29878
829,8290,0.14373530038086907,1.1655368272573992,0.936370478816501,96.95202471361009,-53.34402574881766,-69.54999765107725,0.20502,1.10144,0.96643,96.54726,-53.10213,-69.31403
830,8301,0.22718593271941112,0.8016936816273416,0.6372223745301123,52.40933471361009,-51.60622574881766,-30.838097651077245,0.28827,0.73962,0.66388,52.00457,-51.36433,-30.60213
831,8310,0.13216748900325015,0.477450732434495,0.6743995972079118,39.12427471361009,-41.19463574881765,10.571962348922755,0.19348,0.41718,0.70148,38.71951,-40.95274,10.80793
832,8320,0.0623596567383124,0.2949760842502315,0.7560510612699509,46.61665471361009,-40.60012574881765,49.96983234892276,0.12384,0.23572,0.78406,46.21189,-40.35823,50.2058
833,8330,-0.06434496701654303,0.21106952277941168,0.90294064108415,54.54348471361009,-48.526955748817656,80.58720234892276,-0.00256,0.15228,0.93262,54.13872,-48.28506,80.82317
834,8341,-0.14437738126169852,0.1342926056138186,0.987667136064486,49.612084713610095,-63.90043574881766,98.36922234892275,-0.0824,0.07593,1.01831,49.20732,-63.65854,98.60519
835,8350,-0.18842327657647975,0.027981463731087744,1.014096581867081,32.50842471361009,-82.74951574881766,104.45915234892276,-0.12634,-0.02979,1.04504,32.10366,-82.50762,104.69512
836,8360,-0.25517375834733275,-0.12772433658221197,1.0312416095594492,12.668484713610088,-102.55897574881766,103.27013234892276,-0.19293,-0.18463,1.06238,12.26372,-102.31708,103.5061
837,8370,-0.3122008631369983,-0.3023453145233415,1.027919389660582,-0.09066528638991067,-123.61079574881765,98.74269234892276,-0.24982,-0.35828,1.05902,-0.49543,-123.3689,98.97866
838,8381,-0.3715435350221838,-0.41908444109509924,1.0119312063972838,-0.32694528638991066,-145.44007574881766,92.58415234892276,-0.30902,-0.47437,1.04285,-0.73171,-145.19818,92.82012
839,8390,-0.40659781265436173,-0.4506901844679164,0.9860950141480577,3.0343347136100896,-165.76019574881767,81.73812234892276,-0.34399,-0.5058,1.01672,2.62957,-165.5183,81.97409
840,8400,-0.4580515178548105,-0.4859160575302704,0.9395740480046944,4.9093347136100896,-183.21445574881764,66.98964234892276,-0.39532,-0.54083,0.96967,4.50457,-182.97256,67.22561
841,8410,-0.5129936098485102,-0.5023072002912287,0.890324115515833,7.48555471361009,-198.16872574881765,51.73812234892275,-0.45013,-0.55713,0.91986,7.08079,-197.92683,51.97409
842,8421,-0.5515462983739193,-0.4815618459870219,0.8291300114858062,11.723364713610088,-209.47208574881765,38.780802348922755,-0.48859,-0.5365,0.85797,11.3186,-209.23019,39.01677
843,8430,-0.5946800005904656,-0.4153939199949325,0.7849523968782509,16.15171471361009,-215.66872574881765,30.183242348922754,-0.53162,-0.4707,0.81329,15.74695,-215.42683,30.41921
844,8440,-0.6448506209933969,-0.31688616877631437,0.7836867892977302,17.920004713610087,-216.66720574881765,27.134462348922753,-0.58167,-0.37274,0.81201,17.51524,-216.42531,27.37043
845,8450,-0.7194299248491028,-0.2275896364344065,0.8222482702667241,15.503854713610089,-215.28762574881765,28.292992348922755,-0.65607,-0.28394,0.85101,15.09909,-215.04573,28.52896
846,8461,-0.8068601248799453,-0.16786755247285343,0.8744545829632084,9.977934713610088,-214.52543574881764,32.233542348922754,-0.74329,-0.22455,0.90381,9.57317,-214.28354,32.46951
847,8470,-0.8812489708360198,-0.1296852401640444,0.9149441379806522,4.337694713610089,-215.69921574881766,37.51556234892276,-0.8175,-0.18658,0.94476,3.93293,-215.45732,37.75153
848,8480,-0.9240819500531479,-0.07837995773066447,0.932988933562297,-0.022065286389910677,-217.84098574881764,42.637512348922755,-0.86023,-0.13556,0.96301,-0.42683,-217.59909,42.87348
849,8490,-0.9322816638372832,-0.017863456420574193,0.9233386757608256,-3.9549952863899103,-219.34251574881765,47.78233234892276,-0.86841,-0.07538,0.95325,-4.35976,-219.10062,48.0183
850,8500,-0.9322816638372832,-0.017863456420574193,0.9233386757608256,-3.9549952863899103,-219.34251574881765,47.78233234892276,-0.86841,-0.07538,0.95325,-4.35976,-219.10062,48.0183
851,8511,-0.9335046040349171,0.06033134487342081,0.9489276790294812,-9.076945286389911,-216.56811574881766,60.66342234892275,-0.86963,0.00238,0.97913,-9.48171,-216.32622,60.89939
852,8520,-0.9587152154861404,0.09359631435394233,0.9921363128331999,-8.695845286389911,-214.75410574881766,67.40885234892275,-0.89478,0.03546,1.02283,-9.10061,-214.51221,67.64482
853,8530,-0.9587152154861404,0.09359631435394233,0.9921363128331999,-8.695845286389911,-214.75410574881766,67.40885234892275,-0.89478,0.03546,1.02283,-9.10061,-214.51221,67.64482
854,8540,-0.9962755181134697,0.13551942734193942,1.044520601595695,-6.9504152863899105,-213.67178574881765,73.19391234892275,-0.93225,0.07715,1.07581,-7.35518,-213.42989,73.42988
855,8551,-1.1230503105681895,0.25366638212629483,1.120674582729847,-5.62419528638991,-213.64890574881767,81.10550234892276,-1.05872,0.19464,1.15283,-6.02896,-213.40701,81.34147
856,8560,-1.1230503105681895,0.25366638212629483,1.120674582729847,-5.62419528638991,-213.64890574881767,81.10550234892276,-1.05872,0.19464,1.15283,-6.02896,-213.40701,81.34147
857,8570,-1.207784027704249,0.3153493696696802,1.120674582729847,-5.159255286389911,-213.52695574881764,85.83873234892276,-1.14325,0.25598,1.15283,-5.56402,-213.28506,86.0747
858,8580,-1.3550480805193263,0.3762379398645284,1.1127744229108147,-3.2232852863899106,-212.03306574881765,92.99574234892276,-1.29016,0.31653,1.14484,-3.62805,-211.79117,93.23171
859,8591,-1.62902678118924,0.24863842422416033,0.9404738158939708,6.2812847136100896,-210.04372574881765,119.92409234892276,-1.56348,0.18964,0.97058,5.87652,-209.80183,120.16006
860,8600,-1.62902678118924,0.24863842422416033,0.9404738158939708,6.2812847136100896,-210.04372574881765,119.92409234892276,-1.56348,0.18964,0.97058,5.87652,-209.80183,120.16006
861,8610,-1.6897728270717103,0.15509829541285095,0.7689642136149526,8.987084713610088,-206.20988574881764,131.07500234892274,-1.62408,0.09662,0.79712,8.58232,-205.96799,131.31097
862,8620,-1.706783724738798,-0.02233833895347385,0.5829100117191676,9.558724713610088,-195.86689574881765,137.83569234892275,-1.64105,-0.07983,0.60895,9.15396,-195.625,138.07166
863,8631,-1.74074537547309,-0.2145772813836825,0.4561712776010737,12.782814713610088,-179.87605574881766,141.82197234892274,-1.67493,-0.271,0.48077,12.37805,-179.63416,142.05794
864,8640,-1.8227826097143667,-0.34346395424699705,0.42225694946680453,16.88342471361009,-163.22970574881765,139.42867234892273,-1.75677,-0.39917,0.44647,16.47866,-162.98781,139.66464
865,8650,-1.8935728037774038,-0.376296519347935,0.40831549096262976,15.503854713610089,-151.21751574881765,127.11159234892276,-1.82739,-0.43182,0.43237,15.09909,-150.97562,127.34756
866,8660,-1.8393724951822692,-0.3465913440621247,0.30095637292126115,4.436774713610089,-144.58640574881767,105.67104234892275,-1.77332,-0.40228,0.32379,4.03201,-144.34451,105.90701
867,8671,-1.7594002255369974,-0.4091994758595029,0.10078273645529058,-9.351335286389912,-136.08793574881764,81.84483234892275,-1.69354,-0.46454,0.12134,-9.7561,-135.84604,82.0808
868,8680,-1.8434021833744723,-0.5113876922624835,-0.11719839417097698,-11.066275286389912,-123.33640574881765,61.860072348922756,-1.77734,-0.56616,-0.09912,-11.47104,-123.09451,62.09604
869,8690,-1.935794312895715,-0.5156212328160807,-0.3853292251753825,1.5556747136100895,-110.28000574881766,45.15275234892275,-1.86951,-0.57037,-0.3703,1.15091,-110.03811,45.38872
870,8700,-1.9301006241067309,-0.483774147463961,-0.6377091743378375,18.35446471361009,-92.31506574881766,30.663422348922754,-1.86383,-0.5387,-0.62555,17.9497,-92.07317,30.89939
871,8711,-1.7779448105011177,-0.4277928641815961,-0.7861708760684644,30.36665471361009,-64.26628574881765,16.639032348922754,-1.71204,-0.48303,-0.7757,29.96189,-64.02439,16.875
872,8720,-1.527091708486461,-0.35420367232595623,-0.7909960049692003,34.41391471361009,-26.02695574881766,0.31281234892275356,-1.46179,-0.40985,-0.78058,34.00915,-25.78506,0.54878
873,8730,-1.3232315871808844,-0.25557525011768684,-0.5637798940288198,34.70354471361009,17.204754251182344,-17.370117651077248,-1.25842,-0.31177,-0.55078,34.29878,17.44665,-17.13415
874,8740,-0.9073817994854588,0.6480091203906999,-0.6062667360092729,-1.8056052863899108,82.39530425118235,-29.306087651077245,-0.84357,0.58679,-0.59375,-2.21037,82.6372,-29.07012
875,8750,-0.03810187326731743,-0.2677227964092437,0.3731948806031767,-90.04493528638992,149.65902425118236,-29.298467651077246,0.02362,-0.32385,0.39685,-90.4497,149.90092,-29.0625
876,8761,-0.4586730120536081,-0.6020417732379676,1.8148109028494088,-28.619625286389912,152.96695425118236,-0.7999876510772465,-0.39594,-0.65631,1.85486,-29.02439,153.20885,-0.56402
877,8770,-0.4362190280970514,0.2490607726879396,1.7211460543316446,10.557204713610089,113.34042425118234,30.000312348922755,-0.37354,0.19006,1.76013,10.15244,113.58232,30.23628
878,8780,-0.07798776709014732,-0.4702087170440023,0.45406522748661327,-22.743105286389913,96.83127425118235,-11.097247651077247,-0.01617,-0.52521,0.47864,-23.14787,97.07317,-10.86128
879,8790,-0.23829317397999286,-0.8021343859113104,0.4856263165258515,-23.11657528638991,148.51573425118235,-39.08505765107724,-0.17609,-0.85529,0.51056,-23.52134,148.75763,-38.84909
880,8801,-1.456912984522241,-0.16118036846301462,1.7293527284865842,-1.2415752863899105,187.00657425118234,-31.508837651077247,-1.39178,-0.2179,1.76843,-1.64634,187.24847,-31.27287
881,8810,-2.066598793542638,0.47468535558832103,1.958259612054067,-20.57846528638991,131.27487425118235,-40.060667651077246,-2.0,0.41443,1.99994,-20.98323,131.51677,-39.8247
882,8820,-1.1956648908276968,0.9507223538466067,1.2175924382319188,-55.82236528638991,42.38767425118235,-42.38535765107724,-1.13116,0.88782,1.25085,-56.22713,42.62957,-42.14939
883,8830,-0.23632845038379416,0.11937968247608782,0.7466974302451641,-33.11657528638991,30.413594251182342,-10.373167651077246,-0.17413,0.0611,0.7746,-33.52134,30.65549,-10.1372
884,8841,-0.5740604269303597,-0.40913914036467725,1.2491634148303798,-31.180605286389913,39.66664425118235,-6.493587651077247,-0.51105,-0.46448,1.28278,-31.58537,39.90854,-6.25762
885,8850,-0.6876134315106606,0.05989894049383725,1.0065523741800702,-25.84523528638991,21.381584251182343,-12.591147651077247,-0.62433,0.00195,1.03741,-26.25,21.62348,-12.35518
886,8860,-0.41853651573126305,0.27993243420704517,0.8712510137750151,-16.40925528638991,13.020304251182344,-5.540847651077247,-0.3559,0.22076,0.90057,-16.81402,13.2622,-5.30488
887,8870,-0.42317767402228346,-0.05223457663956531,0.9575496306717793,-12.186695286389911,14.864814251182343,-2.4234676510772464,-0.36053,-0.10956,0.98785,-12.59146,15.10671,-2.1875
888,8881,-0.4627628448456952,0.0651179607962528,0.9239418168734176,-12.03425528638991,13.119384251182344,-4.809137651077247,-0.40002,0.00714,0.95386,-12.43902,13.36128,-4.57317
889,8890,-0.45156592516735866,0.11802213384251152,0.8943681272379659,-10.517495286389911,11.526394251182344,-4.870117651077247,-0.38885,0.05975,0.92395,-10.92226,11.76829,-4.63415
890,8900,-0.4540819742624907,0.03473903915155645,0.9163976091864067,-8.97785528638991,10.550784251182344,-4.275597651077247,-0.39136,-0.02307,0.94623,-9.38262,10.79268,-4.03963
891,8910,-0.47598463272011404,0.030505498597959244,0.9247229340520201,-8.253775286389912,8.302314251182343,-3.978347651077246,-0.41321,-0.02728,0.95465,-8.65854,8.54421,-3.74238
892,8921,-0.47799947681621574,0.007175773932055386,0.9324451178050419,-6.904685286389911,6.3815842511823435,-3.0560876510772466,-0.41522,-0.05048,0.96246,-7.30945,6.62348,-2.82012
893,8930,-0.46851667823456283,0.0014740696710349153,0.9284703189974686,-5.63944528638991,5.527924251182344,-1.9204176510772464,-0.40576,-0.05615,0.95844,-6.04421,5.76982,-1.68445
894,8940,-0.45854269875386017,0.020680868857188523,0.9240604675840913,-4.13029528638991,5.451704251182344,-1.1963376510772463,-0.39581,-0.03705,0.95398,-4.53506,5.6936,-0.96037
895,8950,-0.4622215434467425,0.04308544926909964,0.9112659659497636,-2.987005286389911,5.261154251182344,-0.8838376510772464,-0.39948,-0.01477,0.94104,-3.39177,5.50305,-0.64787
896,8961,-0.46123918164864314,0.03995805945397201,0.9055311816005286,-2.5296852863899106,4.308404251182344,-1.0667576510772465,-0.3985,-0.01788,0.93524,-2.93445,4.5503,-0.83079
897,8970,-0.4526685761652253,0.03958599056921406,0.9037217582627527,-2.796455286389911,3.2413342511823435,-1.5698076510772463,-0.38995,-0.01825,0.93341,-3.20122,3.48323,-1.33384
898,8980,-0.4513854913677078,0.036699942733388884,0.9009433541211406,-2.849805286389911,2.6163342511823435,-2.3548676510772464,-0.38867,-0.02112,0.9306,-3.25457,2.85823,-2.1189
899,8990,-0.45132534676782415,0.02552782027484613,0.9063815116936911,-2.4915752863899105,2.364814251182344,-2.8960276510772465,-0.38861,-0.03223,0.9361,-2.89634,2.60671,-2.66006
900,9000,-0.450413153669589,0.02399932107259726,0.9045028754413554,-2.3010252863899106,2.8297542511823437,-3.0179776510772465,-0.3877,-0.03375,0.9342,-2.70579,3.07165,-2.78201
901,9011,-0.4455113687790728,0.02455239644183205,0.9016750335036291,-1.8894452863899107,3.8129842511823435,-2.9798676510772464,-0.38281,-0.0332,0.93134,-2.29421,4.05488,-2.7439
902,9020,-0.44899975557232363,0.02215908848041605,0.9010718923910371,-0.9976752863899105,4.758104251182344,-2.8579176510772464,-0.38629,-0.03558,0.93073,-1.40244,5.0,-2.62195
903,9030,-0.4502828403698412,0.022832834839302072,0.9003995383638854,-0.32694528638991066,5.581274251182344,-2.7435876510772466,-0.38757,-0.03491,0.93005,-0.73171,5.82317,-2.50762
904,9040,-0.4518165276668738,0.021052937741946474,0.9001029115872009,0.10750471361008929,6.259624251182344,-2.781697651077246,-0.3891,-0.03668,0.92975,-0.29726,6.50152,-2.54573
905,9051,-0.4533401908639259,0.023325574713711245,0.897265182090252,0.4352547136100893,7.098044251182344,-2.6521276510772465,-0.39062,-0.03442,0.92688,0.03049,7.33994,-2.41616
906,9060,-0.454021829662607,0.02362725218783931,0.8956337348184866,0.4657447136100893,7.860234251182344,-2.537797651077246,-0.3913,-0.03412,0.92523,0.06098,8.10213,-2.30183
907,9070,-0.4496713702710242,0.025960224654429695,0.8948526176398841,0.4352547136100893,8.500484251182344,-2.3777376510772466,-0.38696,-0.0318,0.92444,0.03049,8.74238,-2.14177
908,9080,-0.44850857467327393,0.029761360828443342,0.8978683232028439,0.5343347136100893,9.453224251182343,-2.3243776510772465,-0.3858,-0.02802,0.92749,0.12957,9.69512,-2.08841
909,9091,-0.4551244806604737,0.02749877977248284,0.8973245074455888,0.8163547136100893,10.779444251182344,-2.606397651077246,-0.3924,-0.03027,0.92694,0.41159,11.02134,-2.37043
910,9100,-0.4552447698602409,0.024421669536376554,0.8958215984437203,1.0907447136100894,11.854144251182344,-2.6749876510772466,-0.39252,-0.03333,0.92542,0.68598,12.09604,-2.43902
911,9110,-0.45230770856592345,0.022772499344476452,0.8990152800726907,1.2660447136100894,13.111764251182343,-2.5530376510772466,-0.38959,-0.03497,0.92865,0.86128,13.35366,-2.31707
912,9120,-0.4543225526620252,0.019635053613544555,0.8963555266417526,1.3117747136100892,14.887674251182343,-2.2557876510772465,-0.3916,-0.03809,0.92596,0.90701,15.12957,-2.01982
913,9131,-0.4665619787383447,0.017000403672826098,0.8952777826864653,1.5785447136100894,16.64072425118234,-1.9966376510772463,-0.40381,-0.04071,0.92487,1.17378,16.88262,-1.76067
914,9140,-0.45830212035432566,0.015099835585819281,0.8945461033039767,2.3483647136100894,17.806884251182343,-1.4707276510772465,-0.39557,-0.0426,0.92413,1.9436,18.04878,-1.23476
915,9150,-0.4570190355568081,0.016879732683174876,0.8915897230963538,3.0419647136100894,19.963894251182342,-0.9905376510772465,-0.39429,-0.04083,0.92114,2.6372,20.20579,-0.75457
916,9160,-0.4486388879730218,0.015160171080644892,0.8934584717894665,4.131894713610089,22.61633425118234,-0.6932876510772464,-0.38593,-0.04254,0.92303,3.72713,22.85823,-0.45732
917,9171,-0.4488794663725564,0.023134512313430132,0.8898396251139148,5.275194713610089,27.143774251182343,-0.07590765107724645,-0.38617,-0.03461,0.91937,4.87043,27.38567,0.16006
918,9180,-0.47255639052674686,0.025165807305892452,0.8807925084250354,5.892564713610089,31.09194425118234,0.3966523489227535,-0.40979,-0.03259,0.91022,5.4878,31.33384,0.63262
919,9190,-0.471764486628279,0.021052937741946474,0.8824832810521376,6.23555471361009,32.73066425118235,0.8006223489227534,-0.409,-0.03668,0.91193,5.83079,32.97256,1.03659
920,9200,-0.4871214077985669,0.02878593699542926,0.8751170494311372,6.9901347136100895,34.97914425118235,1.3646423489227537,-0.42432,-0.02899,0.90448,6.58537,35.22104,1.60061
921,9211,-0.49250434948815214,0.03369322390791248,0.8721013438681774,7.36360471361009,36.86176425118234,1.8448223489227535,-0.42969,-0.02411,0.90143,6.95884,37.10366,2.08079
922,9220,-0.49457933818413746,0.034125628287496046,0.8666038609402903,7.8590347136100895,38.691034251182344,2.1192123489227535,-0.43176,-0.02368,0.89587,7.45427,38.93293,2.35518
923,9230,-0.5041924500655384,0.03682061372304011,0.8634101793113197,8.354464713610088,40.329754251182344,2.203052348922754,-0.44135,-0.021,0.89264,7.9497,40.57165,2.43902
924,9240,-0.5118308142507598,0.03841950433591887,0.8573095552708403,8.354464713610088,41.633104251182345,2.149702348922754,-0.44897,-0.01941,0.88647,7.9497,41.875,2.38567
925,9250,-0.5228473001294455,0.042160305015106904,0.8497060222284926,8.377324713610088,42.90597425118234,2.0734823489227536,-0.45996,-0.01569,0.87878,7.97256,43.14787,2.30945
926,9261,-0.525603927624112,0.03964632606403968,0.8471748070674507,8.484034713610088,43.75200425118234,1.9134223489227535,-0.46271,-0.01819,0.87622,8.07927,43.9939,2.14939
927,9270,-0.5271275908211641,0.04351785364868321,0.8439119125239206,8.674584713610088,44.659024251182345,2.0201323489227536,-0.46423,-0.01434,0.87292,8.26982,44.90092,2.2561
928,9280,-0.5380237875000824,0.04351785364868321,0.8437339364579098,9.040434713610088,45.74896425118234,2.081102348922754,-0.4751,-0.01434,0.87274,8.63567,45.99086,2.31707
929,9290,-0.5336131835086159,0.04811340717123409,0.8399371137163473,9.246224713610088,47.395304251182345,1.9820223489227535,-0.4707,-0.00977,0.8689,8.84146,47.6372,2.21799
930,9301,-0.5400386315961841,0.05050671513265009,0.8377618506873271,10.099884713610088,49.40749425118234,1.5475723489227535,-0.47711,-0.00739,0.8667,9.69512,49.64939,1.78354
931,9310,-0.5457323203851681,0.04971229778411285,0.833955140386542,10.808724713610088,51.755054251182344,1.0978723489227535,-0.48279,-0.00818,0.86285,10.40396,51.99695,1.33384
932,9320,-0.5497720326773521,0.050939119512233656,0.8353492862369593,11.189824713610088,54.71999425118234,0.8311023489227535,-0.48682,-0.00696,0.86426,10.78506,54.96189,1.06707
933,9330,-0.5506240811757036,0.054810647096877184,0.8334805375438465,11.677634713610088,58.42426425118234,0.7091523489227535,-0.48767,-0.00311,0.86237,11.27287,58.66616,0.94512
934,9341,-0.5572901076628064,0.05671121518388401,0.8289520354197955,12.577024713610088,62.89072425118235,0.25946234892275355,-0.49432,-0.00122,0.85779,12.17226,63.13262,0.49543
935,9350,-0.5691586420398436,0.050878784017408044,0.8245421840064182,13.499274713610088,67.78402425118234,-0.02255765107724647,-0.50616,-0.00702,0.85333,13.09451,68.02592,0.21341
936,9360,-0.58035556171818,0.033512217423435645,0.8230392750045495,14.573974713610088,72.98981425118235,0.22897234892275356,-0.51733,-0.02429,0.85181,14.16921,73.23171,0.46494
937,9370,-0.5962036637875175,0.02024846447760496,0.8152478783369683,15.25994471361009,78.22609425118235,1.2655523489227536,-0.53314,-0.03748,0.84393,14.85518,78.46799,1.50152
938,9381,-0.6076511859653693,0.026201566633732153,0.8083760246771091,15.984034713610088,83.92731425118235,3.1862923489227537,-0.54456,-0.03156,0.83698,15.57927,84.16921,3.42226
939,9390,-0.6071600050663196,0.04719831883304562,0.8028192163938849,16.624274713610088,90.18493425118234,4.611592348922753,-0.54407,-0.01068,0.83136,16.21951,90.42683,4.84756
940,9400,-0.6065485349675027,0.07021631010901715,0.7980534128484861,17.005374713610088,97.13615425118235,4.268602348922753,-0.54346,0.01221,0.82654,16.60061,97.37805,4.50457
941,9410,-0.6047742692709355,0.08611471299556629,0.8000408122522727,17.06634471361009,105.53554425118234,2.4698223489227535,-0.54169,0.02802,0.82855,16.66158,105.77744,2.70579
942,9421,-0.6085032344637207,0.10316954619960633,0.7964812909320579,17.012994713610087,115.69560425118235,-0.3502976510772465,-0.54541,0.04498,0.82495,16.60823,115.9375,-0.11433
943,9430,-0.6167630928477398,0.11483440853255826,0.7976875731572418,16.38799471361009,127.02945425118234,-4.039317651077247,-0.55365,0.05658,0.82617,15.98323,127.27135,-3.80335
944,9440,-0.6193894070426585,0.1077148201431359,0.7943653532583745,14.566354713610089,140.65750425118236,-8.383837651077245,-0.55627,0.0495,0.82281,14.16159,140.8994,-8.14787
945,9450,-0.612843669755323,0.10126897811259952,0.8044506636656499,11.738604713610089,159.06451425118235,-12.827427651077246,-0.54974,0.04309,0.83301,11.33384,159.30641,-12.59146
946,9461,-0.5918030838960318,0.11900761359132987,0.809582306902293,7.698974713610089,182.55536425118234,-19.138407651077245,-0.52875,0.06073,0.8382,7.29421,182.79726,-18.90244
947,9470,-0.5992008696817187,0.1534994047999722,0.8114510555954058,4.025194713610089,210.80993425118234,-29.191757651077246,-0.53613,0.09503,0.84009,3.62043,211.05183,-28.95579
948,9480,-0.6712741485422733,0.1697095410764537,0.8024533767026406,2.8056747136100895,241.25963425118235,-39.99206765107725,-0.60803,0.11115,0.83099,2.40091,241.50153,-39.7561
949,9490,-0.7582131676740661,0.15258431646178372,0.8109072398381507,4.078544713610089,249.50657425118234,-47.857917651077244,-0.69476,0.09412,0.83954,3.67378,249.74847,-47.62195
950,9500,-0.974864040554896,0.12772609259363102,0.8400557644270212,7.333114713610089,249.46847425118236,-51.78322765107725,-0.91089,0.0694,0.86902,6.92835,249.71037,-51.54726
951,9511,-1.4065017857197752,0.1265596063603358,0.9735477014943004,13.40019471361009,249.27792425118236,-49.17651765107725,-1.34149,0.06824,1.00403,12.99543,249.51982,-48.94055
952,9520,-1.8187529215221632,0.08568230861598272,1.1570113628737069,27.31025471361009,249.50657425118234,-37.636887651077245,-1.75275,0.02759,1.18958,26.90549,249.74847,-37.40092
953,9530,-1.7353624337835047,0.0860443215849364,1.090744940962374,50.10750471361009,249.50657425118234,-24.511887651077245,-1.66956,0.02795,1.12256,49.70274,249.74847,-24.27592
954,9540,-1.521528332997225,0.08752254120816393,1.0287005068391846,76.54806471361009,249.50657425118234,-11.760357651077246,-1.45624,0.02942,1.05981,76.1433,249.74847,-11.52439
955,9551,-1.420395188292895,0.19241579896249286,1.031360260270123,101.2812947136101,249.50657425118234,-2.659747651077246,-1.35535,0.13373,1.0625,100.87653,249.74847,-2.42378
956,9560,-1.592799683859331,0.2530529712622344,1.3468030621557172,111.6623847136101,249.50657425118234,-2.6749876510772466,-1.52734,0.19403,1.38153,111.25762,249.74847,-2.43902
957,9570,-1.8158158602278456,0.32326337540763983,1.2943001226825486,110.16849471361009,249.50657425118234,-18.749687651077245,-1.74982,0.26385,1.32843,109.76373,249.74847,-18.51372
958,9580,-1.5122861128151066,0.3441997921121277,0.794128051837027,98.0038547136101,249.39226425118235,-42.81980765107725,-1.44702,0.28467,0.82257,97.59909,249.63416,-42.58384
959,9591,-1.24951435592351,0.3521137978500874,1.3124042436195302,83.40019471361009,239.84958425118234,-65.28169765107725,-1.18488,0.29254,1.34674,82.99543,240.09148,-65.04573
960,9600,-0.7751639207412703,0.4100559847142848,1.620609352154021,73.6059847136101,206.58737425118235,-79.35943765107724,-0.71167,0.35016,1.65845,73.20122,206.82927,-79.12347
961,9610,-0.3441376456752079,0.4234303527339624,1.3445091484160234,57.68372471361009,176.10719425118234,-95.51035765107724,-0.28168,0.36346,1.37921,57.27896,176.34909,-95.27439
962,9620,-0.4554853482597755,0.07395711078820517,1.0487425893838387,46.73098471361009,148.66054425118236,-111.29542765107725,-0.39276,0.01593,1.08008,46.32622,148.90244,-111.05946
963,9631,-1.6162360296139875,0.24458589015503995,1.7201177481724714,49.82549471361009,98.76725425118235,-122.78932765107724,-1.55072,0.18561,1.75909,49.42073,99.00915,-122.55336
964,9640,-1.2707353755824524,0.3971039651583865,1.958259612054067,68.0953147136101,-13.290675748817657,-109.16889765107724,-1.20605,0.33728,1.99994,67.69055,-13.04878,-108.93293
965,9650,-0.4783703685154982,0.5333012888114044,1.4411303771414108,66.2203147136101,-107.83336574881766,-91.86706765107725,-0.41559,0.47272,1.47693,65.81555,-107.59147,-91.6311
966,9660,-0.039084235065416785,0.586577530742421,0.8176604427873362,41.09074471361009,-143.72512574881765,-81.25731765107724,0.02264,0.5257,0.84637,40.68598,-143.48323,-81.02135
967,9671,0.10628526285332635,0.5270364532653449,0.5561740515806651,8.979464713610088,-148.27543574881764,-75.17499765107725,0.16766,0.46649,0.58191,8.5747,-148.03354,-74.93903
968,9680,0.19824635607540259,0.4974519489691858,0.4103721032809761,-26.500725286389912,-140.04372574881765,-68.80304765107725,0.2594,0.43707,0.43445,-26.90549,-139.80183,-68.56708
969,9690,0.1760930951182641,0.41612975786006323,0.39800276669322954,-54.00072528638991,-126.36994574881766,-57.46157765107725,0.2373,0.3562,0.42194,-54.40549,-126.12805,-57.22561
970,9700,-0.0054934760304072554,0.3013615907859422,0.5334821031642955,-64.2370052863899,-118.87756574881766,-38.703957651077246,0.05615,0.24207,0.55896,-64.64177,-118.63567,-38.46799
971,9711,-0.20072284725268288,0.2752061537790388,0.7044478896860586,-58.10133528638991,-126.04220574881765,-13.673467651077246,-0.13861,0.21606,0.73187,-58.5061,-125.80031,-13.4375
972,9720,-0.32933205000385335,0.32731590947676026,0.8092164672110488,-47.64401528638991,-146.40043574881764,12.340252348922753,-0.26691,0.26788,0.83783,-48.04878,-146.15854,12.57622
973,9730,-0.39595221847495854,0.40392187607368074,0.8130132899526112,-44.66383528638991,-172.75713574881766,34.17714234892276,-0.33337,0.34406,0.84167,-45.0686,-172.51524,34.41311
974,9740,-0.39405766357862404,0.42858903754155236,0.745184633684073,-53.21566528638991,-196.81963574881766,50.22135234892276,-0.33148,0.36859,0.77307,-53.62043,-196.57774,50.45732
975,9750,-0.3935664826795744,0.3741463093772405,0.651885624857553,-66.88944528638991,-213.37452574881766,61.57806234892276,-0.33099,0.31445,0.67871,-67.29421,-213.13263,61.81403
976,9761,-0.4514456359675914,0.2736173190819643,0.6078958738752311,-76.1424952863899,-223.09251574881765,70.51099234892276,-0.38873,0.21448,0.63422,-76.54726,-222.85062,70.74696
977,9770,-0.5104274402534751,0.18222915625276845,0.6019139005454257,-75.74615528638991,-230.28762574881765,78.30062234892276,-0.44757,0.1236,0.62817,-76.15092,-230.04573,78.53659
978,9780,-0.5843952740103642,0.11256177156079351,0.6373410252407862,-66.88182528638991,-235.36385574881766,84.75641234892275,-0.52136,0.05432,0.664,-67.28659,-235.12196,84.99238
979,9790,-0.6710335701427388,0.07536493900080282,0.6844750200559643,-54.86200528638991,-240.56963574881766,87.95000234892275,-0.60779,0.01733,0.71167,-55.26677,-240.32774,88.18597
980,9801,-0.7448209700999769,0.058370441291588374,0.7235803167822134,-43.68822528638991,-245.91262574881765,86.25793234892275,-0.6814,0.00043,0.75122,-44.09299,-245.67073,86.4939
981,9810,-0.805266292983029,0.04996369567921957,0.7740365314962588,-35.84523528638991,-249.87605574881766,80.28233234892275,-0.7417,-0.00793,0.80225,-36.25,-249.63416,80.5183
982,9820,-0.872447811053048,0.03626753835380533,0.8237017414724787,-30.525115286389912,-249.99799574881766,71.36464234892276,-0.80872,-0.02155,0.85248,-30.92988,-249.7561,71.60061
983,9830,-0.9517384418996389,0.023134512313430132,0.8687197986139733,-25.60133528638991,-249.94463574881766,60.32806234892276,-0.88782,-0.03461,0.89801,-26.0061,-249.70274,60.56403
984,9841,-0.9979294946102696,0.03885190871550243,0.8847079818772717,-20.15163528638991,-249.99036574881765,47.858542348922754,-0.9339,-0.01898,0.91418,-20.5564,-249.74847,48.09451
985,9850,-1.0112615475844753,0.09077060201294278,0.8897802997585779,-14.633345286389911,-249.99799574881766,35.32043234892275,-0.9472,0.03265,0.91931,-15.03811,-249.7561,35.5564
986,9860,-1.0370234845346316,0.17473749897858815,0.9089127268547327,-9.755295286389911,-249.99799574881766,25.427142348922754,-0.9729,0.11615,0.93866,-10.16006,-249.7561,25.66311
987,9870,-1.0370234845346316,0.17473749897858815,0.9089127268547327,-9.755295286389911,-249.99799574881766,25.427142348922754,-0.9729,0.11615,0.93866,-10.16006,-249.7561,25.66311
988,9881,-1.156941792602617,0.3740859738824149,1.0296694876430208,-1.9809052863899108,-249.99799574881766,17.347872348922753,-1.09253,0.31439,1.06079,-2.38567,-249.7561,17.58384
989,9890,-1.254095369614647,0.4513656868382214,1.112042743528326,1.7462247136100895,-249.99799574881766,19.482022348922754,-1.18945,0.39124,1.1441,1.34146,-249.7561,19.71799
990,9900,-1.254095369614647,0.4513656868382214,1.112042743528326,1.7462247136100895,-249.99799574881766,19.482022348922754,-1.18945,0.39124,1.1441,1.34146,-249.7561,19.71799
991,9910,-1.3841079463631023,0.5378968423339553,1.1848843923228336,7.371224713610089,-249.99799574881766,26.158852348922753,-1.31915,0.47729,1.21777,6.96646,-249.7561,26.39482
992,9921,-1.7263006474010374,0.7839550461486111,1.1802965648434456,15.420004713610089,-249.99799574881766,53.97135234892276,-1.66052,0.72198,1.21313,15.01524,-249.7561,54.20732
993,9930,-1.7263006474010374,0.7839550461486111,1.1802965648434456,15.420004713610089,-249.99799574881766,53.97135234892276,-1.66052,0.72198,1.21313,15.01524,-249.7561,54.20732
994,9940,-1.9242866461179795,0.8294982888261451,1.067084011742168,16.00689471361009,-249.99799574881766,76.57806234892276,-1.85803,0.76727,1.09863,15.60213,-249.7561,76.81403
995,9950,-2.066598793542638,0.7849405258974296,0.9283417807275719,18.994704713610087,-249.99799574881766,104.84788234892275,-2.0,0.72296,0.95831,18.58994,-249.7561,105.08385
996,9961,-2.066598793542638,0.6131452602972997,0.7769335863485447,27.53891471361009,-249.99799574881766,135.40427234892275,-2.0,0.55212,0.80518,27.13415,-249.7561,135.64024
997,9970,-2.064453636146788,0.37679101523376324,0.5978698888232926,41.40324471361009,-249.60165574881765,164.91648234892273,-1.99786,0.31708,0.62408,40.99848,-249.35976,165.15245
998,9980,-2.066358215143103,0.1515988367129654,0.4027092448832914,55.77062471361009,-240.08945574881764,189.64971234892275,-1.99976,0.09314,0.4267,55.36586,-239.84756,189.88568
999,9990,-2.066598793542638,0.00018691244808849222,0.1864782122394628,61.13647471361009,-219.85317574881765,207.25642234892274,-2.0,-0.05743,0.20801,60.73171,-219.61128,207.49239
1000,10000,-2.0665386489427546,-0.1790396749313962,-0.047619639919999714,50.84683471361009,-194.64738574881764,213.52927234892275,-1.99994,-0.23566,-0.02875,50.44207,-194.40549,213.76524
1001,10011,-2.066598793542638,-0.31118446451529386,-0.25769072316801206,27.355984713610088,-166.94921574881766,198.49879234892273,-2.0,-0.36707,-0.24121,26.95122,-166.70732,198.73476
1002,10020,-2.066598793542638,-0.4516656083009305,-0.4563021252767772,-4.0159652863899105,-134.66262574881765,162.87379234892273,-2.0,-0.50677,-0.44208,-4.42073,-134.42073,163.10976
1003,10030,-2.066598793542638,-0.7024500925435927,-0.6589476515484526,-27.499195286389913,-104.03762574881766,114.84026234892275,-2.0,-0.75616,-0.64703,-27.90396,-103.79573,115.07623
1004,10040,-2.066598793542638,-0.8751705023977153,-0.9045743977617219,-24.42755528638991,-84.42635574881766,60.77013234892276,-2.0,-0.92792,-0.89545,-24.83232,-84.18446,61.0061
1005,10051,-2.066598793542638,-0.9298545725413296,-1.0324502011904402,7.17305471361009,-61.179395748817655,12.302142348922754,-2.0,-0.9823,-1.02478,6.76829,-60.9375,12.53811
1006,10060,-1.9225123804214121,-0.6861293411932642,-0.9862851871790981,45.938304713610094,-26.156525748817657,-21.836577651077246,-1.85626,-0.73993,-0.97809,45.53354,-25.91463,-21.60061
1007,10070,-1.0711054244686908,0.998226500105973,-1.0805531768094545,17.668484713610088,45.070604251182345,-44.656697651077245,-1.0069,0.93506,-1.07343,17.26372,45.3125,-44.42073
1008,10080,-0.35875278344693096,-0.024188627461459337,-0.030533937582968494,-158.86353528638992,140.86328425118234,-56.973767651077246,-0.29626,-0.08167,-0.01147,-159.2683,141.10518,-56.7378
1009,10091,-0.3726461860200504,-1.2531220979011624,1.7422658808315858,-133.9473752863899,156.30536425118234,-34.077427651077244,-0.31012,-1.30377,1.78149,-134.35214,156.54726,-33.84146
1010,10100,-0.23596758278449237,0.0909616644132239,1.944377478905229,-23.35285528638991,111.84652425118234,33.55214234892276,-0.17377,0.03284,1.9859,-23.75762,112.08842,33.78811
1011,10110,-0.029531267783899605,-0.34880364553906384,0.48230409662698426,-28.291885286389913,83.24895425118234,34.00946234892275,0.03217,-0.40448,0.5072,-28.69665,83.49085,34.24543
1012,10120,0.1762835530178956,-1.1176085765228345,0.04857642375880629,-37.25529528638991,133.26420425118235,-8.536277651077246,0.23749,-1.16901,0.06854,-37.66006,133.5061,-8.30031
1013,10131,-0.6148685379514053,-0.9436613449405908,1.085553972370394,-8.482435286389912,197.43341425118234,-24.260357651077246,-0.55176,-0.99603,1.11731,-8.8872,197.67531,-24.02439
1014,10140,-1.6640810588214179,-0.2788949188677864,1.958259612054067,15.610554713610089,192.02182425118235,-29.481397651077245,-1.59845,-0.33496,1.99994,15.20579,192.26372,-29.24543
1015,10150,-1.7343199273855219,0.33530030662534976,1.9537311099300159,-9.801025286389912,137.72304425118236,-48.44480765107725,-1.66852,0.27582,1.99536,-10.20579,137.96494,-48.20884
1016,10160,-1.3726704482852312,1.5836919741463127,1.4967676728882129,-53.37572528638991,79.56756425118235,-50.39602765107725,-1.30774,1.51727,1.5332,-53.78049,79.80946,-50.16006
1017,10171,-0.6939787349983451,0.7793594926260603,0.9179005181882751,-61.37115528638991,53.660544251182344,-20.845727651077247,-0.63068,0.71741,0.94775,-61.77592,53.90244,-20.60976
1018,10180,-0.8521289603923604,-1.1403148344088734,1.5460769307324114,-41.950415286389905,43.142254251182344,-4.969197651077247,-0.78845,-1.19159,1.58307,-42.35518,43.38415,-4.73323
1019,10190,-0.5328814242100317,-0.18363522845394709,0.9878451121304965,-24.237005286389913,12.425784251182344,-10.464627651077246,-0.46997,-0.24023,1.01849,-24.64177,12.66768,-10.22866
1020,10200,-0.4288112182113838,0.7091390325648506,0.853334756463267,-21.637915286389912,9.384624251182343,-8.642977651077246,-0.36615,0.64758,0.88245,-22.04268,9.62652,-8.40701
1021,10211,-0.5172839246402093,-0.2614076812841628,0.997989747893109,-13.139445286389911,11.587374251182343,-1.8975576510772463,-0.45441,-0.31757,1.02875,-13.54421,11.82927,-1.66159
1022,10220,-0.4835728764054325,0.08598398609011079,0.9261071923432149,-14.49615528638991,7.639204251182344,-5.7771276510772465,-0.42078,0.02789,0.95605,-14.90092,7.8811,-5.54116
1023,10230,-0.43982770409006944,0.15521896640250218,0.9002808876532118,-11.325415286389912,5.6879842511823435,-4.4051776510772465,-0.37714,0.09674,0.92993,-11.73018,5.92988,-4.16921
1024,10240,-0.4830816955063828,-0.04990160417297492,0.9459712988218582,-8.711085286389912,4.392254251182344,-3.0713376510772465,-0.42029,-0.10724,0.97614,-9.11585,4.63415,-2.83537
1025,10250,-0.46644168953857745,0.04142622316139527,0.9261764052577747,-7.842185286389911,2.1361542511823437,-2.4920676510772464,-0.40369,-0.01642,0.95612,-8.24695,2.37805,-2.2561
1026,10261,-0.4538915163628592,-0.002518128903259841,0.9222510442463154,-5.6470652863899105,1.5568842511823437,-1.0134076510772465,-0.39117,-0.06012,0.95215,-6.05183,1.79878,-0.77744
1027,10270,-0.4510847683682896,0.025779218169952853,0.9174259153455798,-4.671455286389911,1.5035342511823437,-0.5255976510772464,-0.38837,-0.03198,0.94727,-5.07622,1.74543,-0.28963
1028,10280,-0.4445390310809541,0.026513300023664487,0.9096345186779983,-3.7034652863899105,1.7321942511823436,-0.44175765107724646,-0.38184,-0.03125,0.93939,-4.10823,1.97409,-0.20579
1029,10290,-0.44043917418888634,0.03363288841308688,0.9031186171501607,-3.2080352863899106,2.159014251182344,-0.6170676510772465,-0.37775,-0.02417,0.9328,-3.6128,2.40091,-0.3811
1030,10301,-0.443245922183456,0.03731335359744929,0.9056498323112023,-2.9565152863899105,2.593474251182344,-0.8762076510772465,-0.38055,-0.02051,0.93536,-3.36128,2.83537,-0.64024
1031,10310,-0.4532199016641586,0.027006039898073663,0.9050466911986104,-2.6897452863899107,2.646824251182344,-1.0896276510772465,-0.3905,-0.03076,0.93475,-3.09451,2.88872,-0.85366
1032,10320,-0.45034298496972475,0.022712163849650843,0.9072219542276305,-2.2629152863899105,2.4638942511823436,-0.9295676510772465,-0.38763,-0.03503,0.93695,-2.66768,2.70579,-0.6936
1033,10330,-0.4419026927860548,0.026513300023664487,0.9040282725986601,-1.9046852863899106,2.646824251182344,-0.6323076510772465,-0.37921,-0.03125,0.93372,-2.30945,2.88872,-0.39634
1034,10341,-0.43614885939718717,0.024300998546725325,0.9016058205890694,-1.4473652863899107,3.325174251182344,-0.5103576510772465,-0.37347,-0.03345,0.93127,-1.85213,3.56707,-0.27439
1035,10350,-0.43657989569635325,0.026513300023664487,0.8995590958299459,-1.0357852863899106,4.3693842511823435,-0.5179776510772465,-0.3739,-0.03125,0.9292,-1.44055,4.61128,-0.28201
1036,10360,-0.43896563149173734,0.024974744905611346,0.9010026794764774,-0.8071252863899105,5.4974342511823435,-0.6323076510772465,-0.37628,-0.03278,0.93066,-1.21189,5.73933,-0.39634
