seq,t_ms,ax_g,ay_g,az_g,gx_dps,gy_dps,gz_dps
0,1,-0.97070,-0.10107,-0.00293,-0.42683,0.24390,0.36585
1,6,-0.97168,-0.09863,-0.00635,-0.48780,0.24390,0.36585
2,11,-0.96924,-0.09912,-0.00586,-0.30488,0.18293,0.12195
3,16,-0.96875,-0.10059,-0.00439,-0.24390,0.24390,0.18293
4,21,-0.96924,-0.10156,-0.00586,-0.42683,0.18293,0.30488
5,26,-0.96973,-0.10059,-0.00342,-0.60976,0.12195,0.18293
6,31,-0.96973,-0.10059,-0.00732,-0.42683,0.18293,0.30488
7,35,-0.97314,-0.09863,-0.00537,-0.24390,0.24390,0.36585
8,40,-0.97217,-0.10010,-0.00537,-0.36585,0.12195,0.30488
9,46,-0.96875,-0.10010,-0.00635,-0.30488,0.18293,0.24390
10,51,-0.96875,-0.10010,-0.00928,-0.24390,0.18293,0.30488
11,56,-0.97363,-0.10059,-0.00684,-0.42683,0.06098,0.24390
12,61,-0.97168,-0.09961,-0.00635,-0.36585,0.00000,0.24390
13,66,-0.96924,-0.10059,-0.00684,-0.36585,0.24390,0.30488
14,71,-0.96924,-0.10352,-0.00732,-0.36585,0.18293,0.30488
15,76,-0.96973,-0.10254,-0.00439,-0.42683,0.24390,0.18293
16,80,-0.97119,-0.09912,-0.00586,-0.36585,0.24390,0.12195
17,86,-0.96924,-0.10010,-0.00537,-0.30488,0.12195,0.24390
18,91,-0.96680,-0.09912,-0.00537,-0.36585,0.18293,0.24390
19,96,-0.97266,-0.09863,-0.00098,-0.30488,0.18293,0.24390
20,101,-0.96973,-0.09912,-0.00293,-0.42683,0.18293,0.30488
21,106,-0.96973,-0.10010,-0.00342,-0.36585,0.00000,0.24390
22,111,-0.97119,-0.10156,-0.00195,-0.30488,0.18293,0.24390
23,116,-0.96875,-0.10156,-0.00537,-0.30488,0.18293,0.30488
24,120,-0.96875,-0.10010,-0.00732,-0.36585,0.12195,0.24390
25,125,-0.96826,-0.09717,-0.00342,-0.06098,0.06098,0.18293
26,131,-0.96875,-0.09668,-0.00732,-0.18293,0.12195,0.24390
27,136,-0.96973,-0.10205,-0.00342,-0.36585,0.30488,0.24390
28,141,-0.96924,-0.10400,-0.00195,-0.42683,0.12195,0.30488
29,146,-0.96631,-0.10449,-0.00195,-0.36585,0.18293,0.30488
30,151,-0.96826,-0.10010,-0.00879,-0.36585,0.18293,0.18293
31,156,-0.96729,-0.09912,-0.00537,-0.36585,0.18293,0.30488
32,160,-0.97070,-0.10303,-0.00098,-0.36585,0.18293,0.18293
33,165,-0.97070,-0.10107,-0.00781,-0.36585,0.06098,0.30488
34,171,-0.96826,-0.10107,-0.00195,-0.42683,0.12195,0.30488
35,176,-0.96826,-0.10059,-0.00586,-0.54878,0.18293,0.18293
36,181,-0.97314,-0.10059,-0.00684,-0.18293,0.12195,0.24390
37,186,-0.97363,-0.09961,-0.00537,-0.30488,0.30488,0.36585
38,191,-0.97021,-0.09961,-0.00830,-0.42683,0.18293,0.18293
39,196,-0.96582,-0.10205,-0.00684,-0.24390,0.12195,0.18293
40,201,-0.96777,-0.09961,-0.00439,-0.36585,0.24390,0.30488
41,205,-0.96826,-0.09814,-0.00488,-0.36585,0.18293,0.30488
42,211,-0.96826,-0.09961,-0.00684,-0.36585,0.06098,0.24390
43,216,-0.97021,-0.10059,-0.00391,-0.42683,0.06098,0.24390
44,221,-0.97314,-0.10156,-0.00879,-0.36585,0.24390,0.30488
45,226,-0.97168,-0.09961,-0.00781,-0.36585,0.18293,0.36585
46,231,-0.97412,-0.10254,-0.00146,-0.42683,0.12195,0.24390
47,236,-0.97070,-0.10156,-0.00586,-0.36585,0.18293,0.24390
48,241,-0.96875,-0.10205,-0.00977,-0.18293,0.12195,0.30488
49,245,-0.96973,-0.10352,-0.00293,-0.24390,0.06098,0.18293
50,250,-0.96973,-0.10352,-0.00293,-0.24390,0.06098,0.18293
51,256,-0.96826,-0.10205,-0.00586,-0.30488,0.12195,0.36585
52,261,-0.97070,-0.09863,-0.00537,-0.30488,0.12195,0.30488
53,266,-0.97266,-0.10107,-0.00684,-0.48780,0.24390,0.12195
54,271,-0.97021,-0.10352,-0.00635,-0.36585,0.18293,0.30488
55,276,-0.96631,-0.10205,-0.00244,-0.36585,0.24390,0.42683
56,281,-0.96582,-0.10010,-0.00732,-0.36585,0.18293,0.30488
57,285,-0.96582,-0.10010,-0.00732,-0.36585,0.18293,0.30488
58,290,-0.96875,-0.09961,-0.00732,-0.30488,0.18293,0.24390
59,296,-0.97363,-0.10156,-0.01172,-0.24390,0.12195,0.30488
60,301,-0.97070,-0.10254,-0.00830,-0.24390,0.24390,0.30488
61,306,-0.97168,-0.09814,-0.01074,-0.18293,0.18293,0.24390
62,311,-0.96924,-0.09912,-0.00439,-0.30488,0.12195,0.18293
63,316,-0.96924,-0.09912,-0.00439,-0.30488,0.12195,0.18293
64,321,-0.96973,-0.10107,-0.00732,-0.30488,0.18293,0.24390
65,326,-0.96924,-0.09961,-0.00537,-0.36585,0.12195,0.24390
66,330,-0.97168,-0.10156,-0.00391,-0.36585,0.18293,0.18293
67,336,-0.96680,-0.10303,-0.00977,-0.24390,0.18293,0.24390
68,341,-0.97070,-0.10352,-0.00928,-0.36585,0.24390,0.24390
69,346,-0.97070,-0.10352,-0.00928,-0.36585,0.24390,0.24390
70,351,-0.96826,-0.09912,-0.00537,-0.30488,0.24390,0.24390
71,356,-0.96875,-0.10303,-0.00342,-0.30488,0.30488,0.36585
72,361,-0.96826,-0.10205,-0.00732,-0.48780,0.24390,0.24390
73,366,-0.96924,-0.10059,-0.00391,-0.42683,0.12195,0.30488
74,370,-0.97314,-0.10059,-0.00635,-0.24390,0.18293,0.30488
75,375,-0.96729,-0.09863,-0.00537,-0.24390,0.06098,0.30488
76,381,-0.96777,-0.09766,-0.00781,-0.36585,0.24390,0.18293
77,386,-0.96875,-0.10156,-0.00244,-0.36585,0.12195,0.30488
78,391,-0.96777,-0.09961,-0.00391,-0.18293,0.18293,0.30488
79,396,-0.96973,-0.09717,-0.00391,-0.36585,0.12195,0.36585
80,401,-0.97070,-0.09961,-0.00977,-0.24390,0.24390,0.36585
81,406,-0.96973,-0.10059,-0.01074,-0.42683,0.18293,0.30488
82,410,-0.97119,-0.09863,-0.00830,-0.36585,0.12195,0.24390
83,415,-0.96924,-0.09814,-0.00342,-0.18293,0.12195,0.18293
84,421,-0.97070,-0.09912,-0.00635,-0.24390,0.30488,0.24390
85,426,-0.96973,-0.10107,-0.00537,-0.36585,0.18293,0.30488
86,431,-0.97021,-0.10400,-0.00537,-0.42683,0.24390,0.30488
87,436,-0.96924,-0.10010,-0.00586,-0.48780,0.42683,0.24390
88,441,-0.96777,-0.09961,-0.00977,-0.48780,0.30488,0.24390
89,446,-0.96924,-0.10205,-0.00635,-0.36585,0.12195,0.18293
90,451,-0.97021,-0.09863,-0.00635,-0.48780,0.18293,0.18293
91,455,-0.96973,-0.09814,-0.00732,-0.42683,0.36585,0.24390
92,461,-0.97119,-0.10059,-0.00635,-0.48780,0.18293,0.30488
93,466,-0.97070,-0.10059,-0.00684,-0.30488,0.18293,0.24390
94,471,-0.96826,-0.09961,-0.00439,-0.36585,0.18293,0.18293
95,476,-0.96875,-0.10010,-0.00439,-0.24390,0.12195,0.18293
96,481,-0.96924,-0.09961,-0.00488,-0.48780,0.06098,0.30488
97,486,-0.97070,-0.09814,-0.00635,-0.42683,0.30488,0.24390
98,491,-0.96973,-0.09863,-0.00391,-0.36585,0.30488,0.18293
99,495,-0.96973,-0.10059,-0.00586,-0.42683,0.18293,0.30488
100,500,-0.97217,-0.10059,-0.00781,-0.42683,0.12195,0.30488
101,506,-0.97363,-0.09961,-0.00879,-0.30488,0.30488,0.18293
102,511,-0.97070,-0.09961,-0.00537,-0.36585,0.24390,0.06098
103,516,-0.97021,-0.10107,-0.00488,-0.42683,0.18293,0.24390
104,521,-0.97021,-0.10059,-0.00830,-0.30488,0.18293,0.30488
105,526,-0.96875,-0.10107,0.00049,-0.30488,0.18293,0.30488
106,531,-0.96826,-0.10059,-0.00439,-0.36585,0.18293,0.36585
107,535,-0.96924,-0.09961,-0.00879,-0.42683,0.30488,0.24390
108,540,-0.96436,-0.10010,-0.00684,-0.36585,0.30488,0.24390
109,546,-0.97119,-0.10254,-0.00586,-0.36585,0.18293,0.18293
110,551,-0.97021,-0.10352,-0.00635,-0.42683,0.24390,0.24390
111,556,-0.96631,-0.10303,-0.00586,-0.30488,0.18293,0.12195
112,561,-0.97021,-0.09912,-0.00635,-0.18293,0.06098,0.18293
113,566,-0.97021,-0.10303,-0.00342,-0.18293,0.18293,0.24390
114,571,-0.96826,-0.09814,-0.00488,-0.30488,0.18293,0.24390
115,576,-0.96924,-0.09863,-0.00391,-0.36585,0.18293,0.30488
116,580,-0.97070,-0.09814,-0.00586,-0.18293,0.24390,0.24390
117,586,-0.96924,-0.09814,-0.00830,-0.24390,0.12195,0.36585
118,591,-0.97021,-0.09814,-0.00439,-0.36585,0.18293,0.30488
119,596,-0.96826,-0.09912,-0.00488,-0.36585,0.18293,0.24390
120,601,-0.96631,-0.10205,-0.00439,-0.30488,0.24390,0.30488
121,606,-0.97021,-0.10010,-0.00684,-0.36585,0.24390,0.24390
122,611,-0.96924,-0.09766,-0.00391,-0.24390,0.00000,0.36585
123,616,-0.96826,-0.10059,-0.00488,-0.42683,0.06098,0.24390
124,620,-0.96875,-0.10156,-0.00488,-0.36585,0.18293,0.30488
125,625,-0.97070,-0.10107,-0.00684,-0.42683,0.18293,0.30488
126,631,-0.96924,-0.10498,-0.00732,-0.30488,0.06098,0.24390
127,636,-0.97217,-0.10059,-0.00342,-0.30488,0.12195,0.30488
128,641,-0.97217,-0.09814,-0.00781,-0.36585,0.18293,0.30488
129,646,-0.97266,-0.10205,-0.00977,-0.42683,0.18293,0.36585
130,651,-0.97266,-0.10010,-0.00537,-0.30488,0.12195,0.24390
131,656,-0.96875,-0.10254,-0.00732,-0.24390,0.06098,0.36585
132,660,-0.97070,-0.10205,-0.00439,-0.18293,0.12195,0.30488
133,665,-0.96924,-0.09766,-0.00293,-0.24390,0.24390,0.06098
134,671,-0.97070,-0.09961,-0.00342,-0.24390,0.18293,0.36585
135,676,-0.96875,-0.10010,-0.00635,-0.36585,0.12195,0.42683
136,681,-0.97070,-0.10303,-0.00879,-0.36585,0.18293,0.18293
137,686,-0.97168,-0.10156,-0.00879,-0.30488,0.24390,0.30488
138,691,-0.96875,-0.10156,-0.00879,-0.36585,0.18293,0.30488
139,696,-0.96826,-0.10254,-0.00488,-0.30488,0.18293,0.30488
140,701,-0.96973,-0.09961,-0.00342,-0.12195,0.12195,0.36585
141,705,-0.96777,-0.10010,-0.00537,-0.24390,0.18293,0.30488
142,711,-0.96924,-0.09814,-0.00293,-0.36585,0.12195,0.18293
143,716,-0.97021,-0.09912,-0.00439,-0.24390,0.12195,0.18293
144,721,-0.96973,-0.09961,-0.00439,-0.18293,0.18293,0.36585
145,726,-0.96582,-0.10059,-0.00439,-0.30488,0.24390,0.36585
146,731,-0.96875,-0.10205,-0.01074,-0.30488,0.30488,0.24390
147,736,-0.96875,-0.09766,-0.00635,-0.42683,0.24390,0.36585
148,741,-0.96924,-0.09863,-0.00439,-0.36585,0.12195,0.36585
149,745,-0.96924,-0.09717,-0.00293,-0.30488,0.12195,0.24390
150,750,-0.97217,-0.10010,-0.00537,-0.42683,0.18293,0.18293
151,756,-0.96729,-0.10107,-0.00537,-0.24390,0.24390,0.18293
152,761,-0.97217,-0.10498,-0.00439,-0.30488,0.18293,0.36585
153,766,-0.97021,-0.10059,-0.00537,-0.36585,0.18293,0.36585
154,771,-0.96924,-0.10156,-0.00635,-0.36585,0.18293,0.30488
155,776,-0.97070,-0.10059,-0.00586,-0.60976,0.12195,0.36585
156,781,-0.97168,-0.10107,-0.00781,-0.36585,0.18293,0.30488
157,785,-0.96973,-0.09912,-0.00586,-0.30488,0.18293,0.24390
158,790,-0.97021,-0.10254,-0.00732,-0.48780,0.12195,0.18293
159,796,-0.96973,-0.09961,-0.01025,-0.42683,0.12195,0.06098
160,801,-0.97021,-0.09961,-0.00391,-0.48780,0.18293,0.24390
161,806,-0.96924,-0.10254,-0.00391,-0.30488,0.06098,0.24390
162,811,-0.96680,-0.10254,-0.00537,-0.24390,0.24390,0.18293
163,816,-0.97168,-0.10059,-0.00977,-0.42683,0.24390,0.24390
164,821,-0.97168,-0.10059,-0.00830,-0.48780,0.18293,0.18293
165,826,-0.97070,-0.10107,-0.00439,-0.12195,0.12195,0.18293
166,830,-0.96973,-0.10156,-0.00781,-0.24390,0.00000,0.30488
167,836,-0.97021,-0.10156,-0.00488,-0.36585,0.06098,0.30488
168,841,-0.96875,-0.10205,-0.00879,-0.30488,0.18293,0.24390
169,846,-0.96777,-0.10010,-0.00293,-0.42683,0.18293,0.18293
170,851,-0.96973,-0.09912,-0.00391,-0.36585,0.18293,0.24390
171,856,-0.96875,-0.10303,-0.00195,-0.30488,0.12195,0.24390
172,861,-0.96826,-0.10254,-0.00146,-0.42683,0.00000,0.24390
173,866,-0.96777,-0.10156,-0.00781,-0.42683,0.12195,0.30488
174,870,-0.96875,-0.10107,-0.00781,-0.36585,0.12195,0.30488
175,875,-0.97021,-0.09814,-0.00635,-0.36585,0.06098,0.18293
176,881,-0.97119,-0.09912,-0.00635,-0.42683,0.12195,0.18293
177,886,-0.96729,-0.09717,-0.00879,-0.42683,0.36585,0.30488
178,891,-0.96826,-0.10010,-0.00586,-0.36585,0.18293,0.24390
179,896,-0.96631,-0.09961,-0.00049,-0.30488,0.12195,0.18293
180,901,-0.96533,-0.10107,-0.00635,-0.36585,0.24390,0.36585
181,906,-0.96826,-0.10010,-0.00293,-0.36585,0.12195,0.30488
182,910,-0.97119,-0.10107,-0.00684,-0.30488,0.06098,0.30488
183,915,-0.96924,-0.10205,-0.00488,-0.18293,0.18293,0.24390
184,921,-0.96826,-0.10303,-0.00537,-0.30488,0.12195,0.30488
185,926,-0.96973,-0.10107,-0.00732,-0.24390,0.06098,0.30488
186,931,-0.96924,-0.10059,-0.00488,-0.24390,0.18293,0.36585
187,936,-0.96826,-0.10010,-0.00244,-0.48780,0.18293,0.30488
188,941,-0.97266,-0.10107,-0.00391,-0.48780,0.18293,0.24390
189,946,-0.97168,-0.10059,-0.00439,-0.24390,0.24390,0.18293
190,951,-0.96777,-0.09961,-0.00732,-0.18293,0.12195,0.30488
191,955,-0.96777,-0.09961,-0.00732,-0.18293,0.12195,0.30488
192,961,-0.96777,-0.10156,-0.00879,-0.36585,0.36585,0.30488
193,966,-0.96729,-0.10303,-0.00342,-0.30488,0.18293,0.36585
194,971,-0.97119,-0.09961,-0.00537,-0.30488,0.18293,0.30488
195,976,-0.96777,-0.09912,-0.00732,-0.30488,0.18293,0.24390
196,981,-0.97266,-0.10107,-0.00049,-0.30488,0.06098,0.30488
197,986,-0.97266,-0.10107,-0.00049,-0.30488,0.06098,0.30488
198,991,-0.96826,-0.10156,-0.00195,-0.42683,0.18293,0.24390
199,995,-0.96631,-0.10010,-0.00830,-0.42683,0.24390,0.30488
200,1000,-0.97021,-0.10303,-0.00732,-0.24390,0.24390,0.24390
201,1006,-0.96777,-0.09961,-0.00537,-0.42683,0.24390,0.36585
202,1011,-0.96875,-0.09912,-0.00781,-0.30488,0.30488,0.18293
203,1016,-0.96875,-0.09912,-0.00781,-0.30488,0.30488,0.18293
204,1021,-0.96973,-0.10156,-0.00439,-0.36585,0.24390,0.18293
205,1026,-0.97070,-0.10156,-0.00146,-0.42683,0.06098,0.36585
206,1031,-0.97070,-0.10010,-0.00635,-0.36585,0.12195,0.24390
207,1035,-0.96729,-0.10010,-0.01025,-0.36585,0.18293,0.18293
208,1040,-0.96973,-0.09961,0.00049,-0.36585,0.30488,0.24390
209,1046,-0.96777,-0.10205,-0.00488,-0.24390,0.18293,0.30488
210,1051,-0.96777,-0.10205,-0.00488,-0.24390,0.18293,0.30488
211,1056,-0.96777,-0.10107,0.00049,-0.24390,0.06098,0.36585
212,1061,-0.97021,-0.10205,-0.00586,-0.42683,0.18293,0.24390
213,1066,-0.96973,-0.10303,-0.00684,-0.54878,0.24390,0.30488
214,1071,-0.96973,-0.10010,-0.00342,-0.36585,0.24390,0.24390
215,1076,-0.96924,-0.09766,-0.00098,-0.30488,0.24390,0.18293
216,1080,-0.96777,-0.09766,-0.00684,-0.36585,0.18293,0.24390
217,1086,-0.96680,-0.10254,-0.00830,-0.30488,0.12195,0.30488
218,1091,-0.96875,-0.10107,-0.00293,-0.42683,0.18293,0.18293
219,1096,-0.96875,-0.10107,-0.00732,-0.42683,0.24390,0.24390
220,1101,-0.96729,-0.10059,-0.00635,-0.36585,0.24390,0.36585
221,1106,-0.96631,-0.10254,-0.00244,-0.30488,0.06098,0.18293
222,1111,-0.96924,-0.10254,-0.00781,-0.30488,0.06098,0.12195
223,1116,-0.96924,-0.09961,-0.00488,-0.42683,0.12195,0.24390
224,1120,-0.96924,-0.09912,-0.00684,-0.48780,0.24390,0.36585
225,1125,-0.97217,-0.10010,-0.00879,-0.30488,0.12195,0.18293
226,1131,-0.97266,-0.10156,-0.00928,-0.24390,0.12195,0.30488
227,1136,-0.96826,-0.10156,-0.00684,-0.36585,0.24390,0.24390
228,1141,-0.96973,-0.10059,-0.00146,-0.30488,0.24390,0.24390
229,1146,-0.97021,-0.10059,-0.00537,-0.30488,0.18293,0.48780
230,1151,-0.96826,-0.10254,-0.00488,-0.42683,0.06098,0.42683
231,1156,-0.96631,-0.10303,-0.00928,-0.48780,0.24390,0.24390
232,1160,-0.96826,-0.10205,-0.01172,-0.42683,0.24390,0.18293
233,1165,-0.97168,-0.10352,-0.01025,-0.24390,0.18293,0.18293
234,1171,-0.96924,-0.09863,-0.00586,-0.30488,0.12195,0.36585
235,1176,-0.96777,-0.09814,-0.00244,-0.42683,0.18293,0.24390
236,1181,-0.96875,-0.09814,-0.00684,-0.36585,0.24390,0.30488
237,1186,-0.96924,-0.10059,-0.00439,-0.18293,0.30488,0.24390
238,1191,-0.96826,-0.10107,-0.00781,-0.36585,0.24390,0.24390
239,1196,-0.97021,-0.10010,-0.00586,-0.36585,0.24390,0.36585
240,1201,-0.96973,-0.10010,-0.00195,-0.30488,0.18293,0.30488
241,1205,-0.96680,-0.09912,-0.00488,-0.54878,0.18293,0.24390
242,1211,-0.96924,-0.10010,-0.00488,-0.36585,0.18293,0.24390
243,1216,-0.97021,-0.10205,-0.00537,-0.30488,0.12195,0.18293
244,1221,-0.96924,-0.10352,-0.00488,-0.30488,0.06098,0.24390
245,1226,-0.97217,-0.10107,-0.00488,-0.12195,0.12195,0.30488
246,1231,-0.97070,-0.10010,-0.00342,-0.36585,0.24390,0.24390
247,1236,-0.96826,-0.10254,-0.00293,-0.30488,0.18293,0.18293
248,1241,-0.96777,-0.10205,-0.00146,-0.24390,0.18293,0.30488
249,1245,-0.96973,-0.09961,-0.00244,-0.18293,0.24390,0.42683
250,1250,-0.96826,-0.10303,-0.00586,-0.30488,0.18293,0.36585
251,1256,-0.96680,-0.10303,-0.00342,-0.36585,0.18293,0.36585
252,1261,-0.96826,-0.10107,-0.00244,-0.30488,0.18293,0.24390
253,1266,-0.97070,-0.10107,-0.00635,-0.30488,0.12195,0.24390
254,1271,-0.96875,-0.09912,-0.00537,-0.48780,0.18293,0.36585
255,1276,-0.96777,-0.10010,-0.00732,-0.36585,0.30488,0.36585
256,1281,-0.96729,-0.09961,-0.00488,-0.42683,0.18293,0.30488
257,1285,-0.96875,-0.10303,-0.00537,-0.30488,0.06098,0.30488
258,1290,-0.96875,-0.10205,-0.00439,-0.48780,0.12195,0.24390
259,1296,-0.96826,-0.10010,-0.00195,-0.24390,0.24390,0.18293
260,1301,-0.96924,-0.10254,-0.00537,-0.24390,0.24390,0.30488
261,1306,-0.96826,-0.10107,-0.00586,-0.42683,0.24390,0.30488
262,1311,-0.96973,-0.10059,-0.00488,-0.54878,0.18293,0.30488
263,1316,-0.96973,-0.10059,-0.00195,-0.48780,0.12195,0.24390
264,1321,-0.96631,-0.10059,-0.00342,-0.36585,0.12195,0.36585
265,1326,-0.96777,-0.09961,-0.00732,-0.36585,0.12195,0.18293
266,1330,-0.97070,-0.10107,-0.00244,-0.30488,0.18293,0.30488
267,1336,-0.97168,-0.10303,-0.00391,-0.18293,0.24390,0.24390
268,1341,-0.97021,-0.09961,-0.00391,-0.30488,0.12195,0.12195
269,1346,-0.96729,-0.09961,-0.00537,-0.30488,0.12195,0.30488
270,1351,-0.96924,-0.10205,-0.00244,-0.30488,0.18293,0.18293
271,1356,-0.97119,-0.10254,-0.00537,-0.24390,0.18293,0.24390
272,1361,-0.97021,-0.10156,-0.00635,-0.24390,0.30488,0.42683
273,1366,-0.97119,-0.10059,-0.00439,-0.30488,0.24390,0.36585
274,1370,-0.96777,-0.10352,-0.00391,-0.36585,0.18293,0.30488
275,1375,-0.96777,-0.10352,-0.00635,-0.24390,0.06098,0.24390
276,1381,-0.96924,-0.10010,-0.00928,-0.24390,0.18293,0.30488
277,1386,-0.96875,-0.10010,-0.00244,-0.42683,0.30488,0.30488
278,1391,-0.97021,-0.09961,-0.00342,-0.42683,0.18293,0.18293
279,1396,-0.96826,-0.09814,-0.00537,-0.18293,0.18293,0.24390
280,1401,-0.96729,-0.10059,-0.00439,-0.24390,0.18293,0.30488
281,1406,-0.96924,-0.10156,-0.00439,-0.30488,0.06098,0.36585
282,1410,-0.96875,-0.10010,-0.00586,-0.48780,0.06098,0.36585
283,1415,-0.96875,-0.10254,-0.00586,-0.30488,0.12195,0.30488
284,1421,-0.96973,-0.10205,-0.00537,-0.42683,0.12195,0.24390
285,1426,-0.96924,-0.09717,-0.00977,-0.24390,0.12195,0.24390
286,1431,-0.97168,-0.09814,-0.00586,-0.36585,0.24390,0.24390
287,1436,-0.96924,-0.10156,-0.00830,-0.36585,0.18293,0.36585
288,1441,-0.97021,-0.09912,-0.00244,-0.42683,0.18293,0.24390
289,1446,-0.96680,-0.10205,-0.00342,-0.30488,0.24390,0.30488
290,1451,-0.96826,-0.10205,-0.01367,-0.36585,0.18293,0.30488
291,1455,-0.97266,-0.09863,-0.00586,-0.36585,0.18293,0.24390
292,1461,-0.97363,-0.09961,-0.00732,-0.42683,0.30488,0.24390
293,1466,-0.97070,-0.10254,-0.01123,-0.36585,0.18293,0.24390
294,1471,-0.96680,-0.10400,-0.00781,-0.54878,0.18293,0.30488
295,1476,-0.96875,-0.10107,-0.00342,-0.36585,0.24390,0.30488
296,1481,-0.96924,-0.10205,-0.00732,-0.24390,0.18293,0.30488
297,1486,-0.97021,-0.09961,-0.00488,-0.42683,0.18293,0.24390
298,1491,-0.97119,-0.09814,-0.00049,-0.30488,0.24390,0.24390
299,1495,-0.97070,-0.10059,-0.00244,-0.36585,0.18293,0.24390
300,1500,-0.96973,-0.10156,-0.00439,-0.36585,0.18293,0.30488
301,1506,-0.96924,-0.09814,-0.00537,-0.36585,0.12195,0.36585
302,1511,-0.97119,-0.09961,-0.00537,-0.18293,0.18293,0.30488
303,1516,-0.97021,-0.10303,-0.00928,-0.36585,0.18293,0.30488
304,1521,-0.97168,-0.09814,-0.00684,-0.30488,0.18293,0.30488
305,1526,-0.96826,-0.09766,-0.00098,-0.30488,0.24390,0.18293
306,1531,-0.96777,-0.10059,-0.00635,-0.36585,0.36585,0.18293
307,1535,-0.96973,-0.10303,-0.01025,-0.60976,0.18293,0.24390
308,1540,-0.96973,-0.10059,-0.00537,-0.48780,0.30488,0.30488
309,1546,-0.96924,-0.09814,0.00000,-0.18293,0.24390,0.36585
310,1551,-0.96777,-0.09961,-0.00146,-0.24390,0.12195,0.24390
311,1556,-0.96777,-0.10107,-0.00537,-0.36585,0.00000,0.24390
312,1561,-0.97217,-0.09961,-0.00781,-0.36585,0.06098,0.18293
313,1566,-0.96973,-0.10107,-0.00537,-0.30488,0.18293,0.24390
314,1571,-0.96973,-0.09961,-0.00488,-0.30488,0.24390,0.36585
315,1576,-0.96826,-0.10059,-0.00732,-0.24390,0.12195,0.24390
316,1580,-0.97168,-0.10449,-0.00928,-0.24390,0.12195,0.24390
317,1586,-0.96729,-0.10156,-0.00732,-0.30488,0.18293,0.18293
318,1591,-0.96973,-0.09863,-0.00586,-0.18293,0.18293,0.30488
319,1596,-0.97021,-0.10059,-0.00439,-0.30488,0.18293,0.30488
320,1601,-0.97168,-0.10059,-0.00732,-0.30488,0.24390,0.30488
321,1606,-0.97266,-0.09863,-0.00732,-0.42683,0.24390,0.24390
322,1611,-0.97021,-0.09619,-0.00732,-0.30488,0.18293,0.24390
323,1616,-0.96924,-0.10010,-0.00537,-0.42683,0.18293,0.24390
324,1620,-0.96875,-0.09814,-0.00391,-0.36585,0.18293,0.30488
325,1625,-0.96875,-0.09814,-0.00391,-0.36585,0.18293,0.30488
326,1631,-0.97021,-0.10107,-0.00879,-0.30488,0.18293,0.24390
327,1636,-0.97119,-0.10352,-0.00586,-0.48780,0.18293,0.30488
328,1641,-0.96729,-0.10059,-0.00488,-0.36585,0.18293,0.24390
329,1646,-0.96924,-0.09912,-0.00342,-0.30488,0.18293,0.24390
330,1651,-0.96973,-0.10107,-0.00781,-0.36585,0.18293,0.30488
331,1656,-0.96973,-0.10107,-0.00781,-0.36585,0.18293,0.30488
332,1660,-0.97070,-0.09912,-0.00781,-0.54878,0.12195,0.30488
333,1665,-0.96973,-0.09961,-0.00732,-0.36585,0.12195,0.24390
334,1671,-0.96924,-0.10449,0.00000,-0.24390,0.18293,0.30488
335,1676,-0.97119,-0.10400,-0.00732,-0.24390,0.24390,0.24390
336,1681,-0.96924,-0.09912,-0.00537,-0.24390,0.24390,0.30488
337,1686,-0.96924,-0.09912,-0.00537,-0.24390,0.24390,0.30488
338,1691,-0.97266,-0.10205,-0.00244,-0.30488,0.18293,0.18293
339,1696,-0.96875,-0.09863,-0.00732,-0.24390,0.12195,0.24390
340,1701,-0.96826,-0.10156,-0.00781,-0.42683,0.18293,0.30488
341,1705,-0.96924,-0.10205,-0.00293,-0.42683,0.18293,0.18293
342,1711,-0.96924,-0.10156,-0.00635,-0.42683,0.18293,0.30488
343,1716,-0.97119,-0.10156,-0.00732,-0.36585,0.18293,0.24390
344,1721,-0.97119,-0.10156,-0.00732,-0.36585,0.18293,0.24390
345,1726,-0.96729,-0.09863,-0.00439,-0.36585,0.12195,0.18293
346,1731,-0.96777,-0.10010,-0.00146,-0.48780,0.18293,0.24390
347,1736,-0.97070,-0.09912,-0.00977,-0.48780,0.12195,0.18293
348,1741,-0.96680,-0.10010,-0.00635,-0.42683,0.30488,0.30488
349,1745,-0.96680,-0.09961,-0.00439,-0.42683,0.30488,0.36585
350,1750,-0.96826,-0.10010,-0.00391,-0.24390,0.18293,0.24390
351,1756,-0.96826,-0.10107,-0.01221,-0.36585,0.12195,0.24390
352,1761,-0.97217,-0.09912,-0.00879,-0.36585,0.24390,0.12195
353,1766,-0.96924,-0.10107,-0.00684,-0.42683,0.18293,0.12195
354,1771,-0.96924,-0.10254,-0.00146,-0.36585,0.24390,0.36585
355,1776,-0.96826,-0.10059,-0.00635,-0.24390,0.12195,0.36585
356,1781,-0.96631,-0.10156,-0.00439,-0.30488,0.18293,0.24390
357,1785,-0.96729,-0.10254,0.00049,-0.36585,0.24390,0.30488
358,1790,-0.96875,-0.10059,-0.00049,-0.30488,0.18293,0.24390
359,1796,-0.97119,-0.10059,-0.00879,-0.30488,0.18293,0.30488
360,1801,-0.96582,-0.09961,-0.00635,-0.36585,0.24390,0.18293
361,1806,-0.96973,-0.10010,-0.00635,-0.42683,0.30488,0.24390
362,1811,-0.96826,-0.09863,-0.00684,-0.36585,0.24390,0.18293
363,1816,-0.97021,-0.09961,-0.00586,-0.30488,0.18293,0.30488
364,1821,-0.96973,-0.09961,-0.00586,-0.24390,0.18293,0.36585
365,1826,-0.96680,-0.10205,-0.00244,-0.18293,0.24390,0.30488
366,1830,-0.96680,-0.09961,-0.00049,-0.30488,0.12195,0.42683
367,1836,-0.96777,-0.10010,-0.00684,-0.42683,0.12195,0.36585
368,1841,-0.97070,-0.10059,-0.00732,-0.48780,0.12195,0.36585
369,1846,-0.97070,-0.10107,-0.00879,-0.42683,0.18293,0.24390
370,1851,-0.97021,-0.10010,-0.00537,-0.30488,0.30488,0.24390
371,1856,-0.97021,-0.10059,-0.00439,-0.24390,0.24390,0.36585
372,1861,-0.96875,-0.10059,-0.00488,-0.48780,0.12195,0.30488
373,1866,-0.96973,-0.10059,-0.00537,-0.60976,0.24390,0.36585
374,1870,-0.96924,-0.10156,-0.00830,-0.36585,0.36585,0.30488
375,1875,-0.97168,-0.10205,-0.00537,-0.42683,0.18293,0.18293
376,1881,-0.97070,-0.10059,0.00098,-0.54878,0.06098,0.36585
377,1886,-0.96729,-0.10107,-0.00391,-0.24390,0.18293,0.30488
378,1891,-0.97021,-0.10303,-0.00391,-0.30488,0.24390,0.18293
379,1896,-0.97119,-0.09912,-0.00830,-0.36585,0.12195,0.36585
380,1901,-0.96875,-0.10254,-0.01172,-0.36585,0.18293,0.30488
381,1906,-0.97021,-0.10254,-0.00439,-0.30488,0.12195,0.18293
382,1910,-0.96924,-0.09961,-0.00684,-0.24390,0.12195,0.36585
383,1915,-0.96826,-0.09863,-0.00439,-0.24390,0.18293,0.24390
384,1921,-0.96973,-0.09814,-0.00049,-0.24390,0.12195,0.30488
385,1926,-0.96875,-0.09961,-0.00342,-0.18293,0.12195,0.12195
386,1931,-0.96875,-0.10254,-0.00684,-0.18293,0.06098,0.24390
387,1936,-0.96777,-0.10156,-0.00732,-0.24390,0.12195,0.36585
388,1941,-0.97021,-0.10400,-0.00586,-0.24390,0.12195,0.30488
389,1946,-0.96924,-0.10303,-0.00977,-0.48780,0.18293,0.24390
390,1951,-0.97168,-0.10107,-0.00781,-0.42683,0.24390,0.24390
391,1955,-0.97266,-0.10059,-0.00391,-0.36585,0.18293,0.24390
392,1961,-0.96777,-0.10107,-0.00439,-0.36585,0.12195,0.30488
393,1966,-0.96777,-0.10059,-0.00537,-0.24390,0.24390,0.24390
394,1971,-0.96631,-0.10059,-0.00293,-0.42683,0.18293,0.24390
395,1976,-0.97119,-0.10107,-0.00635,-0.36585,0.00000,0.24390
396,1981,-0.97119,-0.10303,-0.00781,-0.24390,0.12195,0.24390
397,1986,-0.96973,-0.10010,-0.00781,-0.30488,0.24390,0.30488
398,1991,-0.96875,-0.09863,-0.00879,-0.36585,0.06098,0.24390
399,1995,-0.96777,-0.10156,-0.00977,-0.36585,0.12195,0.36585
400,2000,-0.97314,-0.10010,-0.00293,-0.30488,0.18293,0.36585
401,2006,-0.97266,-0.09814,-0.00537,-0.30488,0.06098,0.36585
402,2011,-0.97070,-0.10205,-0.00684,-0.42683,0.06098,0.30488
403,2016,-0.97168,-0.09766,-0.00342,-0.36585,0.18293,0.42683
404,2021,-0.96777,-0.10303,-0.00439,-0.30488,0.30488,0.30488
405,2026,-0.96924,-0.10547,-0.00391,-0.30488,0.12195,0.18293
406,2031,-0.97070,-0.10254,-0.00244,-0.42683,0.30488,0.24390
407,2035,-0.97168,-0.10010,-0.00928,-0.30488,0.24390,0.30488
408,2040,-0.97070,-0.10156,-0.00244,-0.18293,0.12195,0.30488
409,2046,-0.97021,-0.09863,-0.00391,-0.36585,0.06098,0.24390
410,2051,-0.96777,-0.10156,-0.00537,-0.06098,0.12195,0.18293
411,2056,-0.97021,-0.10352,-0.00537,-0.18293,0.30488,0.24390
412,2061,-0.96973,-0.10107,-0.01270,-0.30488,0.36585,0.24390
413,2066,-0.96680,-0.09912,-0.01074,-0.18293,0.30488,0.24390
414,2071,-0.96582,-0.10010,-0.00586,-0.42683,0.18293,0.24390
415,2076,-0.96777,-0.09961,-0.00439,-0.36585,0.24390,0.18293
416,2080,-0.96777,-0.10059,-0.00488,-0.30488,0.24390,0.18293
417,2086,-0.96924,-0.09668,-0.00293,-0.30488,0.12195,0.18293
418,2091,-0.97021,-0.09912,-0.00635,-0.36585,0.12195,0.24390
419,2096,-0.97070,-0.10107,-0.00439,-0.24390,0.24390,0.24390
420,2101,-0.96875,-0.10107,-0.00244,-0.30488,0.12195,0.30488
421,2106,-0.96924,-0.10107,-0.00928,-0.42683,0.18293,0.30488
422,2111,-0.97070,-0.10107,-0.00879,-0.36585,0.18293,0.24390
423,2116,-0.96875,-0.09863,-0.00439,-0.30488,0.18293,0.30488
424,2120,-0.97070,-0.09961,-0.00488,-0.36585,0.30488,0.24390
425,2125,-0.97363,-0.10254,-0.00537,-0.42683,0.18293,0.18293
426,2131,-0.97363,-0.10205,-0.00684,-0.30488,0.12195,0.30488
427,2136,-0.97021,-0.10107,-0.00488,-0.24390,0.12195,0.24390
428,2141,-0.96875,-0.10059,-0.00635,-0.42683,0.06098,0.12195
429,2146,-0.96924,-0.10107,-0.01123,-0.42683,0.36585,0.30488
430,2151,-0.97168,-0.10156,-0.00635,-0.48780,0.24390,0.36585
431,2156,-0.96973,-0.10303,-0.00635,-0.36585,0.06098,0.30488
432,2160,-0.96777,-0.10107,-0.00488,-0.30488,0.18293,0.36585
433,2165,-0.96680,-0.10059,-0.00244,-0.24390,0.24390,0.36585
434,2171,-0.96826,-0.10352,-0.00342,-0.24390,0.18293,0.18293
435,2176,-0.96729,-0.10205,-0.00439,-0.42683,0.00000,0.24390
436,2181,-0.96680,-0.10303,-0.00586,-0.36585,0.18293,0.24390
437,2186,-0.97070,-0.10059,-0.00684,-0.54878,0.12195,0.18293
438,2191,-0.96826,-0.10303,-0.00342,-0.42683,0.18293,0.18293
439,2196,-0.97119,-0.10400,-0.00732,-0.18293,0.36585,0.24390
440,2201,-0.97070,-0.10107,-0.00635,-0.42683,0.18293,0.30488
441,2205,-0.96875,-0.09863,-0.00488,-0.30488,0.18293,0.36585
442,2211,-0.96826,-0.10352,-0.00488,-0.30488,0.18293,0.24390
443,2216,-0.97021,-0.10498,-0.00195,-0.36585,0.18293,0.30488
444,2221,-0.97021,-0.10010,-0.00439,-0.30488,0.24390,0.24390
445,2226,-0.96826,-0.09961,-0.00635,-0.30488,0.18293,0.24390
446,2231,-0.96973,-0.09961,-0.00684,-0.48780,0.12195,0.30488
447,2236,-0.96680,-0.10254,-0.00439,-0.30488,0.06098,0.30488
448,2241,-0.96777,-0.09912,-0.00439,-0.30488,0.18293,0.30488
449,2245,-0.96924,-0.10010,-0.00537,-0.48780,0.18293,0.30488
450,2250,-0.96777,-0.10254,-0.00391,-0.36585,0.18293,0.24390
451,2256,-0.96533,-0.10059,-0.00586,-0.30488,0.18293,0.18293
452,2261,-0.97119,-0.10010,-0.00342,-0.36585,0.06098,0.18293
453,2266,-0.97021,-0.10107,-0.00488,-0.36585,0.18293,0.12195
454,2271,-0.96777,-0.09814,-0.00830,-0.30488,0.18293,0.36585
455,2276,-0.96826,-0.10107,-0.00635,-0.36585,0.12195,0.30488
456,2281,-0.97070,-0.10059,-0.00732,-0.30488,0.24390,0.24390
457,2285,-0.97070,-0.09766,-0.00586,-0.30488,0.18293,0.24390
458,2290,-0.97070,-0.10254,-0.00684,-0.67073,0.30488,0.30488
459,2296,-0.96826,-0.10156,-0.00879,-0.48780,0.12195,0.24390
460,2301,-0.96826,-0.09863,-0.00293,-0.24390,0.12195,0.18293
461,2306,-0.97070,-0.10449,-0.00537,-0.24390,0.24390,0.24390
462,2311,-0.97021,-0.09961,-0.00684,-0.42683,0.24390,0.30488
463,2316,-0.96533,-0.09766,-0.00488,-0.36585,0.30488,0.30488
464,2321,-0.96826,-0.09961,0.00098,-0.30488,0.12195,0.30488
465,2326,-0.96826,-0.09961,0.00098,-0.30488,0.12195,0.30488
466,2330,-0.97217,-0.10059,-0.00635,-0.36585,0.24390,0.36585
467,2336,-0.97119,-0.10107,-0.00293,-0.36585,0.18293,0.24390
468,2341,-0.97070,-0.10498,-0.00781,-0.24390,0.24390,0.30488
469,2346,-0.96973,-0.10156,-0.00439,-0.12195,0.30488,0.36585
470,2351,-0.96875,-0.09814,-0.00586,-0.12195,0.30488,0.30488
471,2356,-0.96875,-0.09814,-0.00586,-0.12195,0.30488,0.30488
472,2361,-0.97070,-0.10156,-0.00391,-0.30488,0.12195,0.24390
473,2366,-0.96924,-0.09961,-0.00098,-0.36585,0.06098,0.36585
474,2370,-0.97168,-0.09717,-0.00049,-0.42683,0.12195,0.24390
475,2375,-0.96924,-0.09961,-0.00195,-0.24390,0.06098,0.24390
476,2381,-0.97266,-0.10498,-0.00586,-0.30488,0.12195,0.24390
477,2386,-0.96484,-0.10254,-0.00732,-0.30488,0.06098,0.18293
478,2391,-0.96484,-0.10254,-0.00732,-0.30488,0.06098,0.18293
479,2396,-0.97021,-0.10010,-0.00391,-0.24390,0.24390,0.18293
480,2401,-0.97021,-0.09961,-0.00879,-0.42683,0.24390,0.24390
481,2406,-0.96582,-0.10107,-0.00684,-0.42683,0.12195,0.30488
482,2410,-0.97021,-0.09961,-0.00732,-0.36585,0.18293,0.24390
483,2415,-0.96973,-0.10107,-0.00391,-0.30488,0.12195,0.30488
484,2421,-0.97119,-0.10205,-0.00439,-0.24390,0.12195,0.18293
485,2426,-0.97021,-0.10156,-0.00830,-0.18293,0.12195,0.24390
486,2431,-0.96924,-0.10010,-0.00244,-0.36585,0.24390,0.24390
487,2436,-0.96973,-0.10107,-0.00391,-0.30488,0.24390,0.36585
488,2441,-0.97021,-0.09912,-0.00586,-0.18293,0.18293,0.24390
489,2446,-0.97021,-0.10010,-0.00928,-0.30488,0.18293,0.24390
490,2451,-0.96875,-0.10010,-0.00439,-0.42683,0.18293,0.30488
491,2455,-0.96729,-0.10205,-0.00586,-0.48780,0.24390,0.24390
492,2461,-0.97070,-0.10059,-0.00244,-0.42683,0.18293,0.36585
493,2466,-0.97070,-0.09814,-0.00244,-0.42683,0.18293,0.24390
494,2471,-0.96875,-0.09717,-0.00439,-0.36585,0.18293,0.24390
495,2476,-0.96875,-0.10205,-0.00244,-0.36585,0.24390,0.18293
496,2481,-0.97266,-0.10205,-0.00391,-0.24390,0.24390,0.24390
497,2486,-0.97021,-0.09912,-0.00244,-0.36585,0.24390,0.24390
498,2491,-0.97070,-0.10156,-0.00537,-0.42683,0.18293,0.30488
499,2495,-0.97168,-0.09912,-0.00537,-0.30488,0.24390,0.12195
500,2500,-0.96729,-0.10010,-0.00635,-0.36585,0.12195,0.18293
501,2506,-0.96729,-0.10059,-0.00586,-0.42683,0.18293,0.24390
502,2511,-0.96826,-0.09863,-0.00928,-0.36585,0.12195,0.30488
503,2516,-0.97070,-0.10156,-0.00781,-0.36585,0.12195,0.24390
504,2521,-0.96875,-0.10352,-0.00781,-0.24390,0.18293,0.30488
505,2526,-0.96826,-0.09961,-0.00391,-0.30488,0.06098,0.30488
506,2531,-0.96777,-0.09766,-0.00049,-0.42683,0.06098,0.24390
507,2535,-0.97119,-0.10107,-0.00732,-0.12195,0.12195,0.18293
508,2540,-0.97021,-0.10449,-0.00488,-0.18293,0.18293,0.24390
509,2546,-0.96924,-0.10156,0.00049,-0.48780,0.18293,0.30488
510,2551,-0.96777,-0.10205,-0.00537,-0.42683,0.06098,0.24390
511,2556,-0.97021,-0.10107,-0.00684,-0.48780,0.18293,0.30488
512,2561,-0.96729,-0.09912,-0.00244,-0.42683,0.18293,0.24390
513,2566,-0.96973,-0.10107,-0.00732,-0.24390,0.18293,0.24390
514,2571,-0.97217,-0.10156,-0.00488,-0.36585,0.24390,0.30488
515,2576,-0.96924,-0.10010,-0.00439,-0.42683,0.18293,0.30488
516,2580,-0.96729,-0.10059,-0.00537,-0.36585,0.24390,0.24390
517,2586,-0.97266,-0.10156,-0.00684,-0.30488,0.24390,0.24390
518,2591,-0.96826,-0.10205,-0.01074,-0.36585,0.24390,0.30488
519,2596,-0.96631,-0.10010,-0.00391,-0.54878,0.06098,0.36585
520,2601,-0.96973,-0.10010,-0.00488,-0.30488,0.18293,0.36585
521,2606,-0.97070,-0.09863,-0.00684,-0.30488,0.18293,0.30488
522,2611,-0.96777,-0.10059,-0.00391,-0.30488,0.18293,0.24390
523,2616,-0.96777,-0.10156,-0.00488,-0.24390,0.24390,0.06098
524,2620,-0.97021,-0.10107,-0.00732,-0.24390,0.24390,0.18293
525,2625,-0.96777,-0.10156,-0.00439,-0.36585,0.18293,0.30488
526,2631,-0.96875,-0.10059,-0.00732,-0.42683,0.18293,0.18293
527,2636,-0.97021,-0.10352,-0.00684,-0.30488,0.18293,0.24390
528,2641,-0.96729,-0.10010,-0.00684,-0.42683,0.24390,0.24390
529,2646,-0.97021,-0.10156,-0.00781,-0.24390,0.12195,0.18293
530,2651,-0.97021,-0.10205,-0.00635,-0.30488,0.30488,0.30488
531,2656,-0.96777,-0.10205,-0.00439,-0.36585,0.18293,0.36585
532,2660,-0.97021,-0.10352,-0.00879,-0.24390,0.18293,0.24390
533,2665,-0.97119,-0.10156,-0.00635,-0.18293,0.18293,0.12195
534,2671,-0.96924,-0.10156,-0.00488,-0.36585,0.00000,0.18293
535,2676,-0.97266,-0.10059,-0.00049,-0.36585,0.24390,0.18293
536,2681,-0.96973,-0.10059,-0.00391,-0.36585,0.24390,0.24390
537,2686,-0.97266,-0.10449,-0.00781,-0.42683,0.18293,0.30488
538,2691,-0.97021,-0.10352,-0.00537,-0.42683,0.24390,0.30488
539,2696,-0.96875,-0.10400,-0.00293,-0.42683,0.30488,0.30488
540,2701,-0.96924,-0.10156,-0.00879,-0.36585,0.24390,0.36585
541,2705,-0.96875,-0.09863,-0.00195,-0.30488,0.30488,0.18293
542,2711,-0.96875,-0.09863,-0.00635,-0.36585,0.12195,0.18293
543,2716,-0.97021,-0.09766,-0.00781,-0.42683,0.18293,0.24390
544,2721,-0.96924,-0.10010,-0.00732,-0.42683,0.12195,0.24390
545,2726,-0.96973,-0.10156,-0.00781,-0.42683,0.12195,0.24390
546,2731,-0.96777,-0.09863,-0.00781,-0.30488,0.12195,0.24390
547,2736,-0.97070,-0.10352,-0.00732,-0.24390,0.18293,0.24390
548,2741,-0.96875,-0.10205,-0.00732,-0.36585,0.18293,0.24390
549,2745,-0.97070,-0.10205,-0.00439,-0.42683,0.12195,0.30488
550,2750,-0.97119,-0.10254,-0.00342,-0.42683,0.12195,0.30488
551,2756,-0.96680,-0.10059,-0.00781,-0.36585,0.12195,0.24390
552,2761,-0.97314,-0.10059,-0.00439,-0.42683,0.18293,0.24390
553,2766,-0.97070,-0.10059,-0.00732,-0.42683,0.18293,0.18293
554,2771,-0.96924,-0.10107,-0.00781,-0.36585,0.24390,0.18293
555,2776,-0.96924,-0.10059,-0.00781,-0.42683,0.24390,0.12195
556,2781,-0.97021,-0.09912,-0.00879,-0.48780,0.18293,0.18293
557,2785,-0.97168,-0.10352,-0.00879,-0.30488,0.18293,0.30488
558,2790,-0.96875,-0.10010,-0.00977,-0.30488,0.30488,0.36585
559,2796,-0.96875,-0.09912,-0.00488,-0.30488,0.18293,0.24390
560,2801,-0.96973,-0.09912,0.00195,-0.36585,0.18293,0.24390
561,2806,-0.97070,-0.10107,-0.00488,-0.36585,0.24390,0.30488
562,2811,-0.97217,-0.10205,-0.00830,-0.30488,0.18293,0.30488
563,2816,-0.96680,-0.09912,-0.00586,-0.30488,0.12195,0.24390
564,2821,-0.96826,-0.10107,-0.00586,-0.30488,0.18293,0.30488
565,2826,-0.96973,-0.10010,-0.00391,-0.36585,0.18293,0.18293
566,2830,-0.96924,-0.10254,-0.00439,-0.24390,0.12195,0.30488
567,2836,-0.96777,-0.09961,-0.00537,-0.30488,0.18293,0.30488
568,2841,-0.97021,-0.10156,-0.00781,-0.30488,0.12195,0.24390
569,2846,-0.96826,-0.10254,-0.00928,-0.36585,0.24390,0.12195
570,2851,-0.96973,-0.10059,-0.00732,-0.30488,0.24390,0.24390
571,2856,-0.97021,-0.10205,-0.00879,-0.36585,0.24390,0.30488
572,2861,-0.97119,-0.10010,-0.00635,-0.30488,0.24390,0.18293
573,2866,-0.96875,-0.10156,-0.00537,-0.30488,0.12195,0.24390
574,2870,-0.96680,-0.10107,-0.00439,-0.36585,0.12195,0.36585
575,2875,-0.96924,-0.09961,-0.00928,-0.30488,0.12195,0.24390
576,2881,-0.97168,-0.09912,-0.00635,-0.36585,0.24390,0.30488
577,2886,-0.97119,-0.10107,-0.00732,-0.18293,0.30488,0.36585
578,2891,-0.97119,-0.10156,-0.00684,-0.36585,0.18293,0.30488
579,2896,-0.96924,-0.10059,-0.00635,-0.30488,0.06098,0.30488
580,2901,-0.96875,-0.10205,-0.00391,-0.24390,0.12195,0.36585
581,2906,-0.96875,-0.10205,-0.00342,-0.24390,0.12195,0.18293
582,2910,-0.96826,-0.10254,-0.00879,-0.42683,0.06098,0.24390
583,2915,-0.96875,-0.10156,-0.00977,-0.30488,0.18293,0.30488
584,2921,-0.97412,-0.10156,-0.00439,-0.30488,0.18293,0.30488
585,2926,-0.96924,-0.10254,-0.00537,-0.42683,0.18293,0.24390
586,2931,-0.96924,-0.09863,-0.00146,-0.42683,0.12195,0.18293
587,2936,-0.97021,-0.10156,-0.00635,-0.42683,0.06098,0.30488
588,2941,-0.96826,-0.09961,-0.00146,-0.48780,0.12195,0.42683
589,2946,-0.97217,-0.10010,-0.00146,-0.42683,0.24390,0.30488
590,2951,-0.96875,-0.10010,-0.00537,-0.36585,0.30488,0.30488
591,2955,-0.97070,-0.10156,-0.00830,-0.42683,0.18293,0.30488
592,2961,-0.96729,-0.10156,-0.00586,-0.36585,0.12195,0.24390
593,2966,-0.97266,-0.10010,-0.00781,-0.24390,0.12195,0.36585
594,2971,-0.97021,-0.10010,-0.00586,-0.42683,0.12195,0.42683
595,2976,-0.96875,-0.10059,-0.00391,-0.36585,0.18293,0.30488
596,2981,-0.96973,-0.10107,-0.00781,-0.30488,0.24390,0.24390
597,2986,-0.96826,-0.09912,-0.00293,-0.36585,0.18293,0.30488
598,2991,-0.96875,-0.10059,-0.00830,-0.36585,0.18293,0.24390
599,2995,-0.96875,-0.10059,-0.00830,-0.36585,0.18293,0.24390
600,3000,-0.97021,-0.10352,-0.00488,-0.36585,0.18293,0.30488
601,3006,-0.96631,-0.10107,-0.00391,-0.30488,0.18293,0.24390
602,3011,-0.96875,-0.10352,-0.00586,-0.42683,0.12195,0.24390
603,3016,-0.96777,-0.09912,-0.00586,-0.24390,0.18293,0.18293
604,3021,-0.96973,-0.09912,-0.00439,-0.36585,0.18293,0.18293
605,3026,-0.96973,-0.09912,-0.00439,-0.36585,0.18293,0.18293
606,3031,-0.97070,-0.09961,-0.00586,-0.42683,0.18293,0.18293
607,3035,-0.96680,-0.10107,-0.00537,-0.42683,0.12195,0.30488
608,3040,-0.97021,-0.10059,-0.00244,-0.48780,0.12195,0.24390
609,3046,-0.97070,-0.10156,-0.00977,-0.36585,0.18293,0.30488
610,3051,-0.97070,-0.10156,-0.00342,-0.42683,0.12195,0.24390
611,3056,-0.96973,-0.10254,-0.00684,-0.30488,0.18293,0.30488
612,3061,-0.96973,-0.10254,-0.00684,-0.30488,0.18293,0.30488
613,3066,-0.96680,-0.10010,-0.00684,-0.24390,0.12195,0.18293
614,3071,-0.96875,-0.10010,-0.00879,-0.24390,0.18293,0.42683
615,3076,-0.97119,-0.09961,-0.00439,-0.36585,0.18293,0.30488
616,3080,-0.96777,-0.09863,-0.00586,-0.24390,0.18293,0.30488
617,3086,-0.96924,-0.10107,-0.00488,-0.48780,0.24390,0.36585
618,3091,-0.96924,-0.10107,-0.00488,-0.48780,0.24390,0.36585
619,3096,-0.96875,-0.09961,-0.00732,-0.42683,0.12195,0.30488
620,3101,-0.96729,-0.09863,-0.00244,-0.36585,0.12195,0.24390
621,3106,-0.96484,-0.10156,-0.00342,-0.42683,0.18293,0.24390
622,3111,-0.96484,-0.10059,-0.00391,-0.24390,0.12195,0.24390
623,3116,-0.96924,-0.10010,-0.00781,-0.12195,0.18293,0.18293
624,3120,-0.96875,-0.10059,-0.00684,-0.30488,0.18293,0.30488
625,3125,-0.96875,-0.10059,-0.00537,-0.36585,0.18293,0.24390
626,3131,-0.97119,-0.10254,-0.00293,-0.30488,0.18293,0.24390
627,3136,-0.97217,-0.10303,-0.00635,-0.24390,0.06098,0.18293
628,3141,-0.96924,-0.10205,-0.00293,-0.30488,0.18293,0.18293
629,3146,-0.96729,-0.09961,-0.00391,-0.30488,0.12195,0.24390
630,3151,-0.96729,-0.09912,-0.00342,-0.42683,0.06098,0.24390
631,3156,-0.96924,-0.10205,-0.00342,-0.30488,0.18293,0.18293
632,3160,-0.96875,-0.10254,0.00000,-0.30488,0.24390,0.24390
633,3165,-0.97070,-0.10107,-0.00586,-0.48780,0.24390,0.24390
634,3171,-0.96973,-0.09814,-0.00439,-0.18293,0.18293,0.30488
635,3176,-0.96973,-0.09814,-0.00537,-0.30488,0.12195,0.24390
636,3181,-0.97070,-0.10254,-0.00977,-0.42683,0.18293,0.24390
637,3186,-0.96875,-0.09912,-0.00635,-0.24390,0.18293,0.24390
638,3191,-0.96875,-0.09814,-0.00146,-0.24390,0.12195,0.24390
639,3196,-0.97168,-0.09912,0.00000,-0.36585,0.30488,0.30488
640,3201,-0.96973,-0.10156,-0.00586,-0.42683,0.24390,0.30488
641,3205,-0.96875,-0.10400,-0.00195,-0.42683,0.18293,0.30488
642,3211,-0.97021,-0.10156,-0.00391,-0.48780,0.30488,0.24390
643,3216,-0.97021,-0.09912,-0.00244,-0.30488,0.18293,0.18293
644,3221,-0.96875,-0.10254,-0.00244,-0.42683,0.18293,0.24390
645,3226,-0.97266,-0.09766,-0.00781,-0.42683,0.18293,0.18293
646,3231,-0.96729,-0.09814,-0.00977,-0.24390,0.24390,0.24390
647,3236,-0.96973,-0.10059,-0.00732,-0.42683,0.24390,0.30488
648,3241,-0.96875,-0.10254,-0.00146,-0.42683,0.24390,0.30488
649,3245,-0.96680,-0.09961,-0.00391,-0.30488,0.24390,0.30488
650,3250,-0.97021,-0.10156,-0.00293,-0.42683,0.12195,0.30488
651,3256,-0.97168,-0.10010,-0.00537,-0.54878,0.12195,0.24390
652,3261,-0.96973,-0.10107,-0.00537,-0.36585,0.06098,0.30488
653,3266,-0.96826,-0.10352,-0.00293,-0.24390,0.24390,0.24390
654,3271,-0.96729,-0.10547,-0.00244,-0.48780,0.18293,0.18293
655,3276,-0.96680,-0.10156,-0.00146,-0.42683,0.18293,0.24390
656,3281,-0.96631,-0.10205,-0.00391,-0.36585,0.18293,0.30488
657,3285,-0.96777,-0.10010,-0.00684,-0.30488,0.12195,0.24390
658,3290,-0.97070,-0.10156,-0.00439,-0.48780,0.18293,0.12195
659,3296,-0.96875,-0.10059,-0.00488,-0.48780,0.18293,0.24390
660,3301,-0.97363,-0.10205,-0.00391,-0.42683,0.18293,0.30488
661,3306,-0.96924,-0.10352,-0.00586,-0.36585,0.18293,0.18293
662,3311,-0.97119,-0.10400,-0.00732,-0.24390,0.12195,0.12195
663,3316,-0.97070,-0.10059,-0.00732,-0.36585,0.18293,0.18293
664,3321,-0.96875,-0.09912,-0.00488,-0.30488,0.30488,0.30488
665,3326,-0.96582,-0.10059,-0.00586,-0.24390,0.18293,0.30488
666,3330,-0.96973,-0.10010,-0.00732,-0.12195,0.18293,0.18293
667,3336,-0.97119,-0.09961,-0.00439,-0.42683,0.24390,0.30488
668,3341,-0.97119,-0.10205,-0.00732,-0.42683,0.18293,0.36585
669,3346,-0.97021,-0.09863,-0.00439,-0.36585,0.24390,0.30488
670,3351,-0.97021,-0.09912,-0.00732,-0.24390,0.18293,0.24390
671,3356,-0.97070,-0.10254,-0.00928,-0.36585,0.24390,0.30488
672,3361,-0.97168,-0.10498,-0.00586,-0.30488,0.18293,0.30488
673,3366,-0.96826,-0.10205,-0.00586,-0.30488,0.12195,0.30488
674,3370,-0.96680,-0.10059,-0.00342,-0.42683,0.18293,0.12195
675,3375,-0.97119,-0.10107,-0.00391,-0.54878,0.18293,0.18293
676,3381,-0.97314,-0.09961,-0.00195,-0.24390,0.12195,0.30488
677,3386,-0.96533,-0.09863,-0.00879,-0.30488,0.12195,0.30488
678,3391,-0.96924,-0.09912,-0.00928,-0.24390,0.12195,0.30488
679,3396,-0.97021,-0.10010,-0.00244,-0.24390,0.12195,0.30488
680,3401,-0.96777,-0.10449,-0.00293,-0.36585,0.18293,0.18293
681,3406,-0.96973,-0.10400,-0.00635,-0.30488,0.18293,0.24390
682,3410,-0.96631,-0.10352,-0.00879,-0.30488,0.18293,0.30488
683,3415,-0.97021,-0.10010,-0.00781,-0.24390,0.18293,0.24390
684,3421,-0.96777,-0.10059,-0.00293,-0.48780,0.12195,0.30488
685,3426,-0.97168,-0.09912,-0.00244,-0.48780,0.12195,0.30488
686,3431,-0.96777,-0.10156,-0.00439,-0.36585,0.00000,0.30488
687,3436,-0.96533,-0.09863,-0.00293,-0.30488,0.18293,0.30488
688,3441,-0.96973,-0.09961,-0.00537,-0.36585,0.24390,0.30488
689,3446,-0.97070,-0.10059,-0.00879,-0.42683,0.18293,0.24390
690,3451,-0.96875,-0.10205,-0.00391,-0.36585,0.24390,0.24390
691,3455,-0.96729,-0.10156,-0.00195,-0.36585,0.24390,0.30488
692,3461,-0.97021,-0.09912,-0.00684,-0.36585,0.18293,0.24390
693,3466,-0.96826,-0.09961,-0.00732,-0.36585,0.18293,0.30488
694,3471,-0.96533,-0.09912,-0.00488,-0.24390,0.18293,0.24390
695,3476,-0.97363,-0.10156,-0.00732,-0.18293,0.18293,0.24390
696,3481,-0.96924,-0.10010,-0.00732,-0.30488,0.18293,0.24390
697,3486,-0.96875,-0.10059,-0.00732,-0.36585,0.06098,0.12195
698,3491,-0.96924,-0.10059,-0.00293,-0.30488,0.12195,0.36585
699,3495,-0.96875,-0.10107,-0.00586,-0.30488,0.24390,0.24390
700,3500,-0.96875,-0.10156,-0.00586,-0.36585,0.24390,0.18293
701,3506,-0.96729,-0.09912,-0.00391,-0.24390,0.24390,0.30488
702,3511,-0.97070,-0.09961,-0.00244,-0.24390,0.18293,0.24390
703,3516,-0.96826,-0.09961,-0.00488,-0.48780,0.12195,0.24390
704,3521,-0.96777,-0.10059,-0.00586,-0.54878,0.12195,0.24390
705,3526,-0.96875,-0.09863,-0.00684,-0.48780,0.12195,0.24390
706,3531,-0.96631,-0.10059,-0.00244,-0.24390,0.18293,0.24390
707,3535,-0.96875,-0.10352,-0.00439,-0.48780,0.06098,0.24390
708,3540,-0.97314,-0.10205,-0.00635,-0.54878,0.12195,0.24390
709,3546,-0.96826,-0.09961,-0.00488,-0.42683,0.18293,0.30488
710,3551,-0.97021,-0.10107,-0.00537,-0.42683,0.18293,0.36585
711,3556,-0.97070,-0.10107,-0.00635,-0.36585,0.12195,0.42683
712,3561,-0.97021,-0.10156,-0.00537,-0.36585,0.12195,0.30488
713,3566,-0.96826,-0.10059,-0.00391,-0.48780,0.24390,0.18293
714,3571,-0.96729,-0.09961,-0.00537,-0.36585,0.18293,0.30488
715,3576,-0.96582,-0.10205,-0.00098,-0.36585,0.24390,0.30488
716,3580,-0.96875,-0.10107,-0.00342,-0.42683,0.24390,0.30488
717,3586,-0.97119,-0.10010,-0.00488,-0.42683,0.24390,0.30488
718,3591,-0.96973,-0.10156,-0.00879,-0.24390,0.18293,0.24390
719,3596,-0.96777,-0.09766,-0.00537,-0.30488,0.12195,0.24390
720,3601,-0.96826,-0.09814,-0.00684,-0.42683,0.12195,0.30488
721,3606,-0.96924,-0.10156,-0.00684,-0.30488,0.24390,0.24390
722,3611,-0.96582,-0.10107,-0.00293,-0.18293,0.24390,0.30488
723,3616,-0.96533,-0.10059,-0.00342,-0.18293,0.12195,0.36585
724,3620,-0.96777,-0.10059,-0.00244,-0.30488,0.24390,0.30488
725,3625,-0.96680,-0.09961,-0.00439,-0.42683,0.24390,0.18293
726,3631,-0.96826,-0.09717,-0.00439,-0.36585,0.18293,0.12195
727,3636,-0.97070,-0.10010,-0.00586,-0.36585,0.18293,0.18293
728,3641,-0.97168,-0.09961,-0.00977,-0.30488,0.18293,0.30488
729,3646,-0.96973,-0.10303,-0.00977,-0.30488,0.30488,0.30488
730,3651,-0.97021,-0.10303,-0.00977,-0.42683,0.12195,0.24390
731,3656,-0.97119,-0.10010,-0.00830,-0.36585,0.12195,0.18293
732,3660,-0.97021,-0.10010,-0.00537,-0.24390,0.18293,0.24390
733,3665,-0.97021,-0.10010,-0.00537,-0.24390,0.18293,0.24390
734,3671,-0.97119,-0.09961,-0.00488,-0.36585,0.18293,0.18293
735,3676,-0.96826,-0.09912,-0.00635,-0.30488,0.24390,0.30488
736,3681,-0.96826,-0.10205,-0.00244,-0.30488,0.18293,0.24390
737,3686,-0.96924,-0.10156,-0.00098,-0.30488,0.24390,0.36585
738,3691,-0.96973,-0.09814,-0.00391,-0.36585,0.24390,0.42683
739,3696,-0.96973,-0.09814,-0.00391,-0.36585,0.24390,0.42683
740,3701,-0.96875,-0.10010,-0.00635,-0.36585,0.18293,0.24390
741,3705,-0.97021,-0.09961,-0.00537,-0.42683,0.24390,0.24390
742,3711,-0.97021,-0.10352,-0.00391,-0.18293,0.06098,0.12195
743,3716,-0.96680,-0.10254,-0.00586,-0.24390,0.18293,0.24390
744,3721,-0.96582,-0.10059,-0.00146,-0.42683,0.18293,0.18293
745,3726,-0.96924,-0.10107,-0.00391,-0.24390,0.30488,0.18293
746,3731,-0.96924,-0.10107,-0.00391,-0.24390,0.30488,0.18293
747,3736,-0.97070,-0.10156,-0.00586,-0.36585,0.18293,0.24390
748,3741,-0.96777,-0.09912,-0.00146,-0.42683,0.12195,0.24390
749,3745,-0.96875,-0.10010,-0.00439,-0.42683,0.12195,0.30488
750,3750,-0.96973,-0.10303,-0.00488,-0.36585,0.18293,0.30488
751,3756,-0.97070,-0.10059,-0.00732,-0.48780,0.18293,0.36585
752,3761,-0.97070,-0.10059,-0.00732,-0.48780,0.18293,0.36585
753,3766,-0.97266,-0.09912,-0.00879,-0.24390,0.12195,0.24390
754,3771,-0.96729,-0.09961,-0.00439,-0.24390,0.30488,0.36585
755,3776,-0.96729,-0.10254,-0.00586,-0.12195,0.30488,0.24390
756,3781,-0.96680,-0.09961,-0.00293,-0.36585,0.12195,0.24390
757,3785,-0.96729,-0.09766,-0.00342,-0.36585,0.24390,0.18293
758,3790,-0.97412,-0.10254,-0.00586,-0.30488,0.24390,0.24390
759,3796,-0.96924,-0.10107,-0.00879,-0.18293,0.24390,0.18293
760,3801,-0.96826,-0.10156,-0.00488,-0.42683,0.18293,0.24390
761,3806,-0.96973,-0.10303,-0.00781,-0.36585,0.12195,0.24390
762,3811,-0.96924,-0.10059,-0.00732,-0.36585,0.18293,0.30488
763,3816,-0.96777,-0.10400,-0.00732,-0.42683,0.30488,0.36585
764,3821,-0.96875,-0.09863,-0.00586,-0.36585,0.30488,0.24390
765,3826,-0.96826,-0.10010,-0.00391,-0.48780,0.18293,0.42683
766,3830,-0.96729,-0.09961,-0.00293,-0.36585,0.12195,0.30488
767,3836,-0.96387,-0.09814,-0.00293,-0.36585,0.18293,0.42683
768,3841,-0.96973,-0.10156,-0.00244,-0.36585,0.18293,0.30488
769,3846,-0.96777,-0.10205,-0.00537,-0.24390,0.18293,0.24390
770,3851,-0.96924,-0.10303,-0.00537,-0.30488,0.30488,0.30488
771,3856,-0.96631,-0.10156,-0.00635,-0.24390,0.24390,0.24390
772,3861,-0.96875,-0.09961,-0.00977,-0.30488,0.18293,0.18293
773,3866,-0.96973,-0.10107,-0.00830,-0.30488,0.24390,0.24390
774,3870,-0.96973,-0.10254,-0.00293,-0.36585,0.18293,0.18293
775,3875,-0.97021,-0.10156,-0.00293,-0.36585,0.18293,0.18293
776,3881,-0.96826,-0.10107,-0.00635,-0.36585,0.12195,0.18293
777,3886,-0.96875,-0.10205,-0.00342,-0.24390,0.18293,0.36585
778,3891,-0.96826,-0.09814,0.00049,-0.36585,0.18293,0.36585
779,3896,-0.96631,-0.10156,-0.00537,-0.30488,0.12195,0.36585
780,3901,-0.97070,-0.10107,-0.00684,-0.36585,0.06098,0.30488
781,3906,-0.96973,-0.10400,-0.00537,-0.36585,0.12195,0.24390
782,3910,-0.96826,-0.10156,-0.00342,-0.48780,0.24390,0.24390
783,3915,-0.96924,-0.10254,-0.00488,-0.30488,0.18293,0.30488
784,3921,-0.96777,-0.09863,-0.00244,-0.24390,0.30488,0.18293
785,3926,-0.96924,-0.10205,-0.00293,-0.30488,0.18293,0.18293
786,3931,-0.97461,-0.10059,-0.00195,-0.36585,0.06098,0.24390
787,3936,-0.97070,-0.10156,-0.00391,-0.30488,0.06098,0.36585
788,3941,-0.97021,-0.09863,-0.00977,-0.42683,0.18293,0.30488
789,3946,-0.96875,-0.10107,-0.00830,-0.54878,0.24390,0.24390
790,3951,-0.96875,-0.10156,-0.00586,-0.30488,0.18293,0.24390
791,3955,-0.96729,-0.10010,-0.00293,-0.30488,0.18293,0.24390
792,3961,-0.96924,-0.10059,-0.00195,-0.30488,0.30488,0.24390
793,3966,-0.97070,-0.10059,-0.00684,-0.30488,0.06098,0.24390
794,3971,-0.96875,-0.09668,-0.00586,-0.36585,0.18293,0.30488
795,3976,-0.97021,-0.09961,-0.00781,-0.42683,0.24390,0.30488
796,3981,-0.96924,-0.10352,-0.00684,-0.42683,0.24390,0.24390
797,3986,-0.96973,-0.10254,-0.00732,-0.48780,0.18293,0.12195
798,3991,-0.96973,-0.09814,-0.00830,-0.42683,0.18293,0.18293
799,3995,-0.96875,-0.10059,-0.00439,-0.42683,0.18293,0.30488
800,4000,-0.97119,-0.10303,-0.00244,-0.42683,0.18293,0.24390
801,4006,-0.96875,-0.10205,-0.00586,-0.42683,0.18293,0.24390
802,4011,-0.96631,-0.10107,-0.00977,-0.42683,0.12195,0.30488
803,4016,-0.96924,-0.09863,-0.00732,-0.48780,0.18293,0.24390
804,4021,-0.96973,-0.09668,-0.00391,-0.30488,0.24390,0.24390
805,4026,-0.96973,-0.10010,-0.00488,-0.12195,0.24390,0.24390
806,4031,-0.96777,-0.10010,-0.00830,-0.24390,0.24390,0.30488
807,4035,-0.97119,-0.10107,-0.00830,-0.36585,0.12195,0.30488
808,4040,-0.97119,-0.10010,-0.00977,-0.36585,0.24390,0.18293
809,4046,-0.96875,-0.10107,-0.00781,-0.42683,0.06098,0.24390
810,4051,-0.96729,-0.10059,-0.00488,-0.36585,0.18293,0.36585
811,4056,-0.97119,-0.10059,-0.00391,-0.30488,0.18293,0.24390
812,4061,-0.97021,-0.09814,-0.00488,-0.36585,0.12195,0.24390
813,4066,-0.96924,-0.10107,-0.00684,-0.30488,0.12195,0.18293
814,4071,-0.96582,-0.09961,-0.00732,-0.30488,0.18293,0.18293
815,4076,-0.96680,-0.10010,-0.00488,-0.36585,0.18293,0.12195
816,4080,-0.97070,-0.09912,-0.00732,-0.42683,0.12195,0.18293
817,4086,-0.96875,-0.09961,-0.00684,-0.24390,0.12195,0.24390
818,4091,-0.96777,-0.10107,-0.00635,-0.42683,0.24390,0.18293
819,4096,-0.96777,-0.10059,-0.00244,-0.48780,0.30488,0.24390
820,4101,-0.97119,-0.10205,-0.00488,-0.36585,0.30488,0.24390
821,4106,-0.96777,-0.10205,-0.00830,-0.30488,0.24390,0.18293
822,4111,-0.96924,-0.10059,-0.00635,-0.24390,0.18293,0.24390
823,4116,-0.97021,-0.09912,-0.00635,-0.24390,0.12195,0.24390
824,4120,-0.96875,-0.10205,-0.00488,-0.30488,0.18293,0.18293
825,4125,-0.96826,-0.10254,-0.00537,-0.54878,0.18293,0.18293
826,4131,-0.97314,-0.09814,-0.00635,-0.48780,0.18293,0.30488
827,4136,-0.97021,-0.09766,-0.00635,-0.42683,0.06098,0.24390
828,4141,-0.97119,-0.10107,-0.00439,-0.42683,0.06098,0.24390
829,4146,-0.96973,-0.09766,-0.00586,-0.30488,0.18293,0.18293
830,4151,-0.96729,-0.10205,-0.00830,-0.36585,0.24390,0.36585
831,4156,-0.96680,-0.10156,-0.00830,-0.48780,0.18293,0.24390
832,4160,-0.97021,-0.09961,-0.00586,-0.30488,0.18293,0.18293
833,4165,-0.97168,-0.10010,-0.00391,-0.30488,0.12195,0.18293
834,4171,-0.96973,-0.09912,-0.00537,-0.24390,0.18293,0.30488
835,4176,-0.97070,-0.10059,-0.00049,-0.30488,0.18293,0.30488
836,4181,-0.97021,-0.10059,-0.00146,-0.36585,0.30488,0.36585
837,4186,-0.96826,-0.10107,-0.01074,-0.48780,0.30488,0.24390
838,4191,-0.97119,-0.10010,-0.00439,-0.48780,0.24390,0.30488
839,4196,-0.97070,-0.09766,-0.00146,-0.36585,0.18293,0.24390
840,4201,-0.97070,-0.09912,-0.00586,-0.30488,0.24390,0.30488
841,4205,-0.96533,-0.10205,-0.00391,-0.30488,0.24390,0.36585
842,4211,-0.96973,-0.09961,-0.00244,-0.36585,0.12195,0.24390
843,4216,-0.96973,-0.10059,-0.00928,-0.36585,0.24390,0.24390
844,4221,-0.97119,-0.10059,-0.00098,-0.24390,0.36585,0.24390
845,4226,-0.96924,-0.10059,-0.00439,-0.42683,0.24390,0.24390
846,4231,-0.97119,-0.09863,-0.00244,-0.42683,0.12195,0.30488
847,4236,-0.96875,-0.10107,-0.00195,-0.36585,0.18293,0.24390
848,4241,-0.97021,-0.10352,-0.00195,-0.36585,0.24390,0.30488
849,4245,-0.96582,-0.10010,-0.00342,-0.54878,0.12195,0.30488
850,4250,-0.97021,-0.09912,-0.00781,-0.48780,0.24390,0.24390
851,4256,-0.96973,-0.10254,-0.00391,-0.36585,0.30488,0.30488
852,4261,-0.97119,-0.09912,-0.00439,-0.24390,0.36585,0.30488
853,4266,-0.97217,-0.09814,-0.00391,-0.36585,0.30488,0.30488
854,4271,-0.97168,-0.10254,-0.00488,-0.36585,0.12195,0.18293
855,4276,-0.96826,-0.10059,-0.00830,-0.36585,0.18293,0.24390
856,4281,-0.96729,-0.09912,-0.00879,-0.24390,0.30488,0.36585
857,4285,-0.96680,-0.09961,-0.00684,-0.36585,0.12195,0.24390
858,4290,-0.97021,-0.10010,-0.00244,-0.42683,0.12195,0.30488
859,4296,-0.96826,-0.10156,-0.00391,-0.48780,0.24390,0.24390
860,4301,-0.97021,-0.10303,-0.00244,-0.36585,0.30488,0.24390
861,4306,-0.97070,-0.10156,-0.00342,-0.42683,0.12195,0.24390
862,4311,-0.96680,-0.09961,-0.00537,-0.48780,0.12195,0.36585
863,4316,-0.96777,-0.10059,-0.00439,-0.42683,0.24390,0.24390
864,4321,-0.96826,-0.09814,-0.00732,-0.36585,0.06098,0.24390
865,4326,-0.96777,-0.10010,-0.00732,-0.42683,0.24390,0.24390
866,4330,-0.96973,-0.10156,-0.00439,-0.30488,0.24390,0.24390
867,4336,-0.97021,-0.10303,-0.00684,-0.24390,0.06098,0.18293
868,4341,-0.96875,-0.10205,-0.00244,-0.48780,0.18293,0.24390
869,4346,-0.96973,-0.10547,-0.00537,-0.42683,0.30488,0.30488
870,4351,-0.97070,-0.10352,-0.00830,-0.18293,0.18293,0.18293
871,4356,-0.96777,-0.10059,-0.00439,-0.42683,0.18293,0.30488
872,4361,-0.96826,-0.10254,-0.00391,-0.48780,0.24390,0.36585
873,4366,-0.96826,-0.10254,-0.00391,-0.48780,0.24390,0.36585
874,4370,-0.96875,-0.10156,-0.00391,-0.30488,0.24390,0.30488
875,4375,-0.96729,-0.09863,-0.00586,-0.42683,0.30488,0.30488
876,4381,-0.96924,-0.09961,-0.00391,-0.30488,0.18293,0.18293
877,4386,-0.97119,-0.10107,-0.00342,-0.12195,0.12195,0.30488
878,4391,-0.96973,-0.09912,-0.00342,-0.24390,0.18293,0.30488
879,4396,-0.96777,-0.09961,-0.00391,-0.24390,0.24390,0.30488
880,4401,-0.96777,-0.09961,-0.00391,-0.24390,0.24390,0.30488
881,4406,-0.97119,-0.09961,-0.00684,-0.24390,0.30488,0.30488
882,4410,-0.96777,-0.10107,-0.00537,-0.42683,0.24390,0.30488
883,4415,-0.97266,-0.10010,-0.00635,-0.36585,0.24390,0.24390
884,4421,-0.96875,-0.10156,-0.00635,-0.24390,0.12195,0.30488
885,4426,-0.96777,-0.10059,-0.00537,-0.30488,0.12195,0.30488
886,4431,-0.96777,-0.10059,-0.00537,-0.30488,0.12195,0.30488
887,4436,-0.96484,-0.09766,-0.00635,-0.48780,0.24390,0.18293
888,4441,-0.96826,-0.10156,-0.00781,-0.48780,0.12195,0.18293
889,4446,-0.96777,-0.10205,-0.00244,-0.30488,0.18293,0.30488
890,4451,-0.96875,-0.10010,-0.00488,-0.36585,0.36585,0.24390
891,4455,-0.97168,-0.10156,-0.00439,-0.36585,0.06098,0.24390
892,4461,-0.96777,-0.09766,-0.00146,-0.24390,0.18293,0.24390
893,4466,-0.96973,-0.09961,-0.00293,-0.36585,0.12195,0.18293
894,4471,-0.96973,-0.09961,-0.00830,-0.36585,0.06098,0.18293
895,4476,-0.97217,-0.10205,-0.00439,-0.42683,0.18293,0.36585
896,4481,-0.97070,-0.10254,-0.00391,-0.30488,0.18293,0.18293
897,4486,-0.96924,-0.10010,-0.00586,-0.24390,0.24390,0.30488
898,4491,-0.96826,-0.10059,-0.00244,-0.24390,0.18293,0.30488
899,4495,-0.96826,-0.09863,-0.00732,-0.36585,0.24390,0.24390
900,4500,-0.97070,-0.10205,-0.00684,-0.36585,0.12195,0.24390
901,4506,-0.96924,-0.10205,-0.00684,-0.36585,0.18293,0.30488
902,4511,-0.96436,-0.10010,-0.00977,-0.12195,0.18293,0.24390
903,4516,-0.96973,-0.10059,-0.00879,-0.36585,0.12195,0.30488
904,4521,-0.96875,-0.10059,-0.00586,-0.42683,0.18293,0.42683
905,4526,-0.96973,-0.10156,-0.00244,-0.30488,0.18293,0.30488
906,4531,-0.96875,-0.10156,-0.00635,-0.36585,0.18293,0.30488
907,4535,-0.96631,-0.10010,-0.00684,-0.30488,0.24390,0.18293
908,4540,-0.96631,-0.10107,-0.00391,-0.36585,0.18293,0.24390
909,4546,-0.96875,-0.10156,-0.00391,-0.18293,0.12195,0.36585
910,4551,-0.96826,-0.10156,-0.00781,-0.24390,0.24390,0.24390
911,4556,-0.96924,-0.10107,-0.00537,-0.48780,0.12195,0.24390
912,4561,-0.96826,-0.09961,-0.00586,-0.42683,0.12195,0.18293
913,4566,-0.96924,-0.10205,-0.00586,-0.36585,0.18293,0.30488
914,4571,-0.97021,-0.10156,-0.00781,-0.42683,0.30488,0.30488
915,4576,-0.96729,-0.10205,-0.01074,-0.30488,0.18293,0.30488
916,4580,-0.97070,-0.10059,-0.00732,-0.18293,0.12195,0.30488
917,4586,-0.96680,-0.10059,-0.00439,-0.42683,0.18293,0.24390
918,4591,-0.96729,-0.10400,-0.00537,-0.30488,0.18293,0.30488
919,4596,-0.97070,-0.10010,-0.00195,-0.24390,0.24390,0.24390
920,4601,-0.97070,-0.09668,-0.00195,-0.36585,0.18293,0.24390
921,4606,-0.96777,-0.10352,-0.00391,-0.36585,0.18293,0.24390
922,4611,-0.96973,-0.10156,-0.00684,-0.42683,0.12195,0.24390
923,4616,-0.97021,-0.10205,-0.00488,-0.30488,0.12195,0.18293
924,4620,-0.97266,-0.10303,-0.00586,-0.42683,0.06098,0.18293
925,4625,-0.97119,-0.10107,-0.00342,-0.42683,0.18293,0.30488
926,4631,-0.97119,-0.09863,-0.00391,-0.48780,0.24390,0.18293
927,4636,-0.97021,-0.10010,-0.00195,-0.36585,0.18293,0.30488
928,4641,-0.96729,-0.09912,0.00098,-0.36585,0.18293,0.36585
929,4646,-0.97168,-0.09961,-0.00439,-0.30488,0.12195,0.18293
930,4651,-0.96924,-0.10010,-0.00439,-0.36585,0.06098,0.24390
931,4656,-0.96826,-0.10156,-0.00586,-0.30488,0.12195,0.24390
932,4660,-0.96729,-0.10059,-0.00391,-0.30488,0.24390,0.18293
933,4665,-0.97168,-0.09912,-0.00635,-0.42683,0.18293,0.24390
934,4671,-0.96582,-0.09766,-0.00781,-0.42683,0.18293,0.36585
935,4676,-0.96729,-0.10156,-0.00391,-0.42683,0.24390,0.30488
936,4681,-0.96680,-0.10059,-0.00830,-0.36585,0.24390,0.30488
937,4686,-0.96729,-0.09766,-0.00488,-0.42683,0.18293,0.24390
938,4691,-0.97119,-0.10059,-0.00146,-0.42683,0.24390,0.36585
939,4696,-0.97119,-0.10156,-0.00293,-0.36585,0.18293,0.30488
940,4701,-0.96924,-0.10205,-0.00537,-0.36585,0.18293,0.18293
941,4705,-0.96631,-0.09863,-0.00586,-0.24390,0.18293,0.36585
942,4711,-0.97021,-0.09766,-0.00586,-0.36585,0.24390,0.36585
943,4716,-0.96826,-0.09912,-0.00830,-0.42683,0.18293,0.24390
944,4721,-0.96924,-0.10107,-0.00830,-0.30488,0.12195,0.18293
945,4726,-0.96875,-0.10107,-0.00537,-0.36585,0.12195,0.12195
946,4731,-0.96729,-0.10107,-0.00488,-0.48780,0.18293,0.24390
947,4736,-0.96973,-0.09912,-0.00537,-0.30488,0.18293,0.42683
948,4741,-0.96826,-0.09814,-0.00488,-0.42683,0.18293,0.30488
949,4745,-0.96973,-0.10107,-0.00342,-0.36585,0.12195,0.30488
950,4750,-0.96875,-0.10107,-0.00635,-0.42683,0.18293,0.24390
951,4756,-0.97070,-0.10156,-0.00586,-0.48780,0.18293,0.24390
952,4761,-0.97070,-0.10205,-0.00439,-0.24390,0.12195,0.36585
953,4766,-0.96533,-0.10107,-0.00879,-0.30488,0.18293,0.36585
954,4771,-0.97217,-0.10010,-0.00879,-0.48780,0.24390,0.36585
955,4776,-0.96875,-0.10059,-0.00684,-0.48780,0.24390,0.24390
956,4781,-0.97363,-0.10010,-0.00684,-0.18293,0.18293,0.30488
957,4785,-0.97559,-0.10010,-0.00586,-0.06098,0.18293,0.30488
958,4790,-0.96924,-0.10107,-0.00293,-0.24390,0.24390,0.24390
959,4796,-0.96826,-0.10059,-0.00244,-0.12195,0.24390,0.12195
960,4801,-0.96875,-0.09668,-0.01172,-0.30488,0.24390,0.18293
961,4806,-0.97363,-0.10107,-0.00635,-0.30488,0.18293,0.24390
962,4811,-0.96680,-0.10254,-0.00732,-0.30488,0.06098,0.18293
963,4816,-0.96826,-0.10254,-0.00342,-0.30488,0.12195,0.30488
964,4821,-0.96875,-0.10498,-0.00244,-0.36585,0.18293,0.36585
965,4826,-0.96875,-0.10010,-0.00439,-0.30488,0.18293,0.18293
966,4830,-0.96680,-0.10156,-0.00684,-0.36585,0.12195,0.24390
967,4836,-0.96240,-0.09863,-0.00488,-0.30488,0.18293,0.24390
968,4841,-0.96777,-0.09863,-0.00586,-0.24390,0.24390,0.24390
969,4846,-0.97119,-0.10303,-0.00635,-0.30488,0.30488,0.24390
970,4851,-0.96973,-0.10303,-0.00537,-0.30488,0.18293,0.24390
971,4856,-0.96973,-0.10010,-0.00684,-0.36585,0.18293,0.24390
972,4861,-0.97021,-0.10010,-0.00391,-0.36585,0.24390,0.24390
973,4866,-0.96875,-0.09863,-0.00879,-0.36585,0.24390,0.36585
974,4870,-0.97021,-0.09912,-0.00586,-0.30488,0.18293,0.30488
975,4875,-0.97021,-0.10303,-0.00635,-0.30488,0.18293,0.30488
976,4881,-0.97021,-0.10059,-0.00684,-0.18293,0.24390,0.24390
977,4886,-0.97168,-0.10059,-0.00537,-0.30488,0.18293,0.30488
978,4891,-0.96631,-0.10205,-0.00488,-0.24390,0.18293,0.36585
979,4896,-0.96729,-0.10156,-0.00488,-0.30488,0.24390,0.24390
980,4901,-0.97217,-0.10059,-0.00537,-0.24390,0.18293,0.12195
981,4906,-0.96973,-0.10156,-0.00244,-0.24390,0.12195,0.18293
982,4910,-0.96826,-0.10205,-0.00732,-0.12195,0.12195,0.24390
983,4915,-0.96826,-0.10156,-0.00977,-0.30488,0.12195,0.30488
984,4921,-0.96875,-0.09863,-0.00586,-0.36585,0.12195,0.24390
985,4926,-0.96582,-0.10010,-0.00537,-0.30488,0.24390,0.30488
986,4931,-0.96631,-0.09961,-0.00146,-0.30488,0.06098,0.36585
987,4936,-0.96973,-0.10156,-0.00391,-0.30488,0.06098,0.18293
988,4941,-0.97070,-0.09912,-0.00146,-0.42683,0.24390,0.24390
989,4946,-0.96875,-0.09668,-0.00439,-0.30488,0.24390,0.36585
990,4951,-0.96729,-0.10156,-0.00488,-0.42683,0.24390,0.24390
991,4955,-0.96777,-0.10107,-0.00586,-0.42683,0.24390,0.30488
992,4961,-0.96729,-0.10010,-0.00488,-0.42683,0.12195,0.30488
993,4966,-0.96924,-0.10254,-0.00586,-0.36585,0.12195,0.30488
994,4971,-0.96777,-0.10156,-0.00635,-0.30488,0.18293,0.30488
995,4976,-0.96826,-0.10303,-0.00586,-0.36585,0.12195,0.24390
996,4981,-0.96826,-0.10303,-0.00635,-0.42683,0.24390,0.24390
997,4986,-0.97070,-0.10059,-0.00732,-0.18293,0.18293,0.18293
998,4991,-0.96973,-0.10303,-0.00781,-0.18293,0.12195,0.18293
999,4995,-0.96924,-0.10254,-0.00830,-0.36585,0.18293,0.24390
1000,5000,-0.96729,-0.10156,-0.00586,-0.48780,0.12195,0.24390
1001,5006,-0.96924,-0.09814,-0.00098,-0.36585,0.30488,0.18293
1002,5011,-0.97021,-0.09814,-0.00537,-0.30488,0.30488,0.30488
1003,5016,-0.97168,-0.10156,-0.00537,-0.36585,0.24390,0.24390
1004,5021,-0.96777,-0.09961,-0.00098,-0.42683,0.24390,0.24390
1005,5026,-0.96924,-0.09863,-0.00293,-0.48780,0.24390,0.36585
1006,5031,-0.96973,-0.10059,-0.00244,-0.42683,0.12195,0.18293
1007,5035,-0.96729,-0.10010,-0.00391,-0.36585,0.36585,0.24390
1008,5040,-0.96729,-0.10010,-0.00391,-0.36585,0.36585,0.24390
1009,5046,-0.97119,-0.10059,-0.00732,-0.42683,0.06098,0.18293
1010,5051,-0.96875,-0.10156,-0.00635,-0.36585,0.12195,0.30488
1011,5056,-0.96973,-0.10059,-0.00830,-0.30488,0.12195,0.30488
1012,5061,-0.96777,-0.10205,-0.00830,-0.42683,0.24390,0.24390
1013,5066,-0.96826,-0.10254,-0.00391,-0.30488,0.24390,0.30488
1014,5071,-0.96826,-0.10254,-0.00391,-0.30488,0.24390,0.30488
1015,5076,-0.96973,-0.10156,-0.01172,-0.30488,0.18293,0.42683
1016,5080,-0.97021,-0.10254,-0.00928,-0.24390,0.18293,0.30488
1017,5086,-0.96973,-0.09814,-0.00586,-0.30488,0.18293,0.30488
1018,5091,-0.97021,-0.10010,-0.00732,-0.54878,0.12195,0.24390
1019,5096,-0.96338,-0.09912,-0.00781,-0.42683,0.12195,0.30488
1020,5101,-0.96338,-0.09912,-0.00781,-0.42683,0.12195,0.30488
1021,5106,-0.96973,-0.09961,-0.00537,-0.42683,0.06098,0.30488
1022,5111,-0.96875,-0.10156,-0.00391,-0.42683,0.12195,0.24390
1023,5116,-0.96875,-0.10010,-0.00684,-0.42683,0.30488,0.24390
1024,5120,-0.96875,-0.10156,-0.00586,-0.24390,0.30488,0.24390
1025,5125,-0.97266,-0.09961,-0.00635,-0.36585,0.12195,0.12195
1026,5131,-0.96875,-0.10547,-0.00439,-0.36585,0.06098,0.24390
1027,5136,-0.96826,-0.10107,-0.00781,-0.30488,0.06098,0.24390
1028,5141,-0.96826,-0.09766,-0.00293,-0.24390,0.06098,0.30488
1029,5146,-0.97070,-0.09863,-0.00781,-0.42683,0.24390,0.36585
1030,5151,-0.97217,-0.09863,-0.00928,-0.30488,0.24390,0.36585
1031,5156,-0.97168,-0.10156,-0.00879,-0.24390,0.18293,0.30488
1032,5160,-0.96826,-0.09961,-0.00586,-0.30488,0.24390,0.18293
1033,5165,-0.96924,-0.10205,-0.00684,-0.18293,0.24390,0.24390
1034,5171,-0.96875,-0.10107,-0.00879,-0.30488,0.18293,0.30488
1035,5176,-0.96924,-0.10059,-0.00049,-0.24390,0.18293,0.24390
1036,5181,-0.96973,-0.10107,-0.00293,-0.36585,0.18293,0.36585
1037,5186,-0.96777,-0.10107,-0.00586,-0.42683,0.06098,0.30488
1038,5191,-0.96533,-0.10059,-0.00488,-0.30488,0.24390,0.36585
1039,5196,-0.96875,-0.09961,-0.00439,-0.36585,0.30488,0.24390
1040,5201,-0.96973,-0.10156,-0.00684,-0.36585,0.18293,0.24390
1041,5205,-0.97021,-0.09961,-0.00635,-0.24390,0.00000,0.30488
1042,5211,-0.97021,-0.09766,-0.00635,-0.18293,0.18293,0.24390
1043,5216,-0.96973,-0.10156,-0.00439,-0.36585,0.18293,0.36585
1044,5221,-0.96973,-0.10107,-0.00244,-0.36585,0.12195,0.30488
1045,5226,-0.96875,-0.10107,-0.00488,-0.30488,0.12195,0.18293
1046,5231,-0.96973,-0.09814,-0.00537,-0.24390,0.24390,0.18293
1047,5236,-0.96777,-0.09814,-0.00732,-0.30488,0.18293,0.24390
1048,5241,-0.97021,-0.09814,-0.00537,-0.30488,0.18293,0.30488
1049,5245,-0.96875,-0.10010,-0.00439,-0.42683,0.18293,0.24390
1050,5250,-0.97217,-0.10156,-0.00635,-0.48780,0.18293,0.24390
1051,5256,-0.97021,-0.10205,-0.00635,-0.30488,0.18293,0.24390
1052,5261,-0.96924,-0.10010,-0.00244,-0.18293,0.24390,0.30488
1053,5266,-0.96777,-0.10059,-0.00293,-0.24390,0.24390,0.24390
1054,5271,-0.96875,-0.10156,-0.00879,-0.36585,0.24390,0.24390
1055,5276,-0.96973,-0.10254,-0.00098,-0.36585,0.12195,0.24390
1056,5281,-0.97021,-0.10010,-0.00244,-0.24390,0.18293,0.30488
1057,5285,-0.96777,-0.09863,-0.00488,-0.36585,0.18293,0.30488
1058,5290,-0.96680,-0.10010,-0.00488,-0.36585,0.18293,0.24390
1059,5296,-0.96826,-0.10156,-0.00342,-0.42683,0.18293,0.18293
1060,5301,-0.96777,-0.09912,-0.00586,-0.36585,0.18293,0.18293
1061,5306,-0.96826,-0.09961,-0.00781,-0.48780,0.24390,0.18293
1062,5311,-0.96680,-0.10059,-0.00391,-0.48780,0.18293,0.30488
1063,5316,-0.96729,-0.09863,-0.00146,-0.30488,0.18293,0.18293
1064,5321,-0.96729,-0.10156,-0.00195,-0.36585,0.18293,0.24390
1065,5326,-0.97021,-0.10156,-0.00537,-0.30488,0.18293,0.30488
1066,5330,-0.96680,-0.10059,-0.00586,-0.24390,0.18293,0.36585
1067,5336,-0.97119,-0.09766,-0.00586,-0.42683,0.18293,0.30488
1068,5341,-0.96875,-0.09814,-0.00342,-0.36585,0.18293,0.24390
1069,5346,-0.96875,-0.10107,-0.00342,-0.36585,0.24390,0.18293
1070,5351,-0.97021,-0.10254,-0.00781,-0.30488,0.18293,0.30488
1071,5356,-0.96924,-0.10205,-0.00684,-0.42683,0.18293,0.24390
1072,5361,-0.97070,-0.09961,-0.00732,-0.30488,0.12195,0.30488
1073,5366,-0.96631,-0.09912,-0.00342,-0.30488,0.12195,0.18293
1074,5370,-0.96680,-0.09766,-0.00098,-0.36585,0.18293,0.30488
1075,5375,-0.96777,-0.09863,-0.00049,-0.36585,0.12195,0.24390
1076,5381,-0.97021,-0.09863,-0.00195,-0.36585,0.18293,0.30488
1077,5386,-0.96631,-0.09912,-0.00146,-0.48780,0.24390,0.24390
1078,5391,-0.97314,-0.10205,0.00000,-0.18293,0.24390,0.18293
1079,5396,-0.97314,-0.10352,-0.00732,-0.24390,0.18293,0.18293
1080,5401,-0.96777,-0.10254,-0.00977,-0.36585,0.18293,0.18293
1081,5406,-0.96826,-0.09912,-0.00439,-0.30488,0.24390,0.24390
1082,5410,-0.96729,-0.10107,-0.00928,-0.42683,0.18293,0.30488
1083,5415,-0.96631,-0.10156,-0.00830,-0.30488,0.18293,0.24390
1084,5421,-0.96924,-0.09961,-0.00439,-0.30488,0.18293,0.24390
1085,5426,-0.96973,-0.09863,0.00000,-0.36585,0.18293,0.12195
1086,5431,-0.96875,-0.10059,-0.00684,-0.42683,0.12195,0.24390
1087,5436,-0.97119,-0.10059,-0.00586,-0.36585,0.18293,0.24390
1088,5441,-0.96924,-0.10059,-0.00586,-0.48780,0.30488,0.12195
1089,5446,-0.96924,-0.09961,-0.00537,-0.30488,0.18293,0.24390
1090,5451,-0.97168,-0.10107,-0.00879,-0.24390,0.18293,0.18293
1091,5455,-0.96680,-0.10254,-0.01270,-0.36585,0.18293,0.12195
1092,5461,-0.97021,-0.10107,-0.00586,-0.36585,0.24390,0.30488
1093,5466,-0.97070,-0.10059,-0.00439,-0.42683,0.30488,0.30488
1094,5471,-0.96826,-0.10059,-0.00586,-0.30488,0.18293,0.30488
1095,5476,-0.96826,-0.09912,-0.00928,-0.30488,0.18293,0.24390
1096,5481,-0.97070,-0.09863,-0.00635,-0.42683,0.18293,0.30488
1097,5486,-0.96924,-0.10059,-0.00977,-0.30488,0.12195,0.30488
1098,5491,-0.97021,-0.10059,-0.00732,-0.24390,0.24390,0.30488
1099,5495,-0.97021,-0.09814,-0.00342,-0.24390,0.18293,0.30488
1100,5500,-0.97168,-0.10303,-0.00879,-0.42683,0.18293,0.30488
1101,5506,-0.96777,-0.10303,-0.00830,-0.18293,0.24390,0.24390
1102,5511,-0.96973,-0.10156,-0.00830,-0.36585,0.18293,0.30488
1103,5516,-0.97021,-0.10156,-0.00586,-0.36585,0.18293,0.24390
1104,5521,-0.96826,-0.10254,-0.00342,-0.24390,0.24390,0.24390
1105,5526,-0.96680,-0.09961,-0.00928,-0.42683,0.24390,0.36585
1106,5531,-0.96875,-0.09766,-0.00586,-0.24390,0.24390,0.36585
1107,5535,-0.97168,-0.10254,-0.00391,-0.24390,0.18293,0.42683
1108,5540,-0.97168,-0.09961,-0.00928,-0.36585,0.12195,0.24390
1109,5546,-0.96973,-0.10303,-0.01074,-0.36585,0.24390,0.12195
1110,5551,-0.96777,-0.10107,-0.00781,-0.36585,0.12195,0.30488
1111,5556,-0.96631,-0.10205,-0.00781,-0.48780,0.06098,0.24390
1112,5561,-0.96973,-0.10107,-0.00342,-0.48780,0.24390,0.24390
1113,5566,-0.97168,-0.09961,-0.00781,-0.24390,0.12195,0.30488
1114,5571,-0.96973,-0.10156,-0.00244,-0.30488,0.12195,0.30488
1115,5576,-0.97021,-0.10156,-0.00732,-0.42683,0.18293,0.24390
1116,5580,-0.97266,-0.09814,-0.00684,-0.48780,0.12195,0.30488
1117,5586,-0.97266,-0.09814,-0.00732,-0.30488,0.18293,0.36585
1118,5591,-0.97021,-0.10205,-0.01025,-0.30488,0.24390,0.24390
1119,5596,-0.97070,-0.10010,-0.00439,-0.30488,0.30488,0.24390
1120,5601,-0.97070,-0.09912,-0.00635,-0.42683,0.12195,0.30488
1121,5606,-0.97119,-0.10205,-0.01025,-0.42683,0.12195,0.12195
1122,5611,-0.96924,-0.10254,-0.00781,-0.36585,0.18293,0.24390
1123,5616,-0.96826,-0.10107,-0.00586,-0.18293,0.24390,0.30488
1124,5620,-0.97021,-0.10059,-0.00391,-0.36585,0.24390,0.24390
1125,5625,-0.97266,-0.10107,-0.00488,-0.36585,0.24390,0.18293
1126,5631,-0.97314,-0.09863,-0.00879,-0.24390,0.18293,0.24390
1127,5636,-0.97119,-0.09961,-0.00732,-0.42683,0.06098,0.30488
1128,5641,-0.96875,-0.09668,-0.00732,-0.30488,0.12195,0.36585
1129,5646,-0.96729,-0.09863,-0.00928,-0.24390,0.18293,0.30488
1130,5651,-0.97070,-0.10156,-0.00928,-0.30488,0.30488,0.24390
1131,5656,-0.96729,-0.10156,-0.00195,-0.42683,0.18293,0.30488
1132,5660,-0.96875,-0.09766,-0.00244,-0.30488,0.18293,0.30488
1133,5665,-0.96875,-0.10205,-0.00537,-0.24390,0.18293,0.30488
1134,5671,-0.96924,-0.10107,-0.00049,-0.36585,0.18293,0.24390
1135,5676,-0.96924,-0.10059,-0.00098,-0.30488,0.18293,0.24390
1136,5681,-0.97070,-0.10010,-0.00537,-0.30488,0.18293,0.24390
1137,5686,-0.97021,-0.10059,-0.00391,-0.42683,0.12195,0.30488
1138,5691,-0.97217,-0.10059,-0.00586,-0.42683,0.18293,0.24390
1139,5696,-0.96924,-0.10156,-0.00195,-0.36585,0.06098,0.12195
1140,5701,-0.96875,-0.09912,-0.00781,-0.42683,0.18293,0.24390
1141,5705,-0.97119,-0.09961,-0.00732,-0.18293,0.24390,0.24390
1142,5711,-0.96924,-0.10156,-0.00293,-0.30488,0.18293,0.30488
1143,5716,-0.97070,-0.09863,-0.00439,-0.48780,0.24390,0.30488
1144,5721,-0.96826,-0.10059,-0.00537,-0.36585,0.24390,0.24390
1145,5726,-0.96582,-0.10449,-0.00732,-0.30488,0.18293,0.24390
1146,5731,-0.97070,-0.10156,-0.00488,-0.18293,0.18293,0.36585
1147,5736,-0.97021,-0.10205,-0.00537,-0.24390,0.12195,0.18293
1148,5741,-0.97021,-0.10205,-0.00537,-0.24390,0.12195,0.18293
1149,5745,-0.97168,-0.10156,-0.01074,-0.24390,0.12195,0.24390
1150,5750,-0.96973,-0.10107,-0.00977,-0.36585,0.18293,0.36585
1151,5756,-0.96924,-0.09863,-0.00098,-0.36585,0.24390,0.30488
1152,5761,-0.97168,-0.10303,-0.00488,-0.36585,0.06098,0.30488
1153,5766,-0.96973,-0.10254,-0.00586,-0.42683,0.18293,0.24390
1154,5771,-0.96973,-0.10254,-0.00586,-0.42683,0.18293,0.24390
1155,5776,-0.96924,-0.10059,-0.00293,-0.48780,0.18293,0.18293
1156,5781,-0.96875,-0.10156,-0.00586,-0.24390,0.18293,0.36585
1157,5785,-0.96973,-0.09912,-0.00391,-0.30488,0.12195,0.36585
1158,5790,-0.97021,-0.09961,-0.00146,-0.42683,0.18293,0.24390
1159,5796,-0.97119,-0.09912,-0.00537,-0.30488,0.18293,0.36585
1160,5801,-0.97021,-0.10107,-0.00732,-0.48780,0.12195,0.30488
1161,5806,-0.97021,-0.10107,-0.00732,-0.48780,0.12195,0.30488
1162,5811,-0.97021,-0.10010,-0.00586,-0.42683,0.18293,0.36585
1163,5816,-0.96875,-0.10010,-0.00732,-0.36585,0.24390,0.30488
1164,5821,-0.96729,-0.10059,-0.00488,-0.48780,0.24390,0.24390
1165,5826,-0.96924,-0.10254,-0.00879,-0.42683,0.18293,0.30488
1166,5830,-0.96777,-0.10254,-0.01123,-0.24390,0.06098,0.36585
1167,5836,-0.97168,-0.10059,-0.00830,-0.42683,0.06098,0.36585
1168,5841,-0.97070,-0.10010,-0.00586,-0.30488,0.18293,0.30488
1169,5846,-0.96924,-0.09961,-0.00879,-0.36585,0.24390,0.24390
1170,5851,-0.96924,-0.09814,-0.00293,-0.36585,0.18293,0.24390
1171,5856,-0.97021,-0.10010,-0.00342,-0.36585,0.24390,0.18293
1172,5861,-0.96875,-0.10254,-0.00537,-0.36585,0.06098,0.30488
1173,5866,-0.96826,-0.09912,-0.00586,-0.24390,0.24390,0.36585
1174,5870,-0.96973,-0.09814,-0.00635,-0.18293,0.18293,0.36585
1175,5875,-0.97266,-0.10059,-0.00830,-0.24390,0.24390,0.30488
1176,5881,-0.97070,-0.10107,-0.00342,-0.36585,0.12195,0.42683
1177,5886,-0.96777,-0.10010,-0.00635,-0.18293,0.12195,0.36585
1178,5891,-0.97119,-0.09863,-0.01025,-0.36585,0.18293,0.30488
1179,5896,-0.96924,-0.10059,-0.00537,-0.36585,0.24390,0.24390
1180,5901,-0.96680,-0.10107,-0.00146,-0.30488,0.18293,0.36585
1181,5906,-0.96875,-0.10107,0.00146,-0.24390,0.12195,0.30488
1182,5910,-0.96436,-0.10010,-0.00684,-0.24390,0.24390,0.30488
1183,5915,-0.97021,-0.09863,-0.00732,-0.24390,0.18293,0.24390
1184,5921,-0.97070,-0.10303,-0.00830,-0.30488,0.18293,0.30488
1185,5926,-0.97070,-0.09766,-0.00830,-0.48780,0.18293,0.36585
1186,5931,-0.97070,-0.09766,-0.00879,-0.42683,0.24390,0.24390
1187,5936,-0.97217,-0.10059,-0.00684,-0.36585,0.30488,0.24390
1188,5941,-0.97021,-0.10205,-0.00293,-0.48780,0.24390,0.36585
1189,5946,-0.97168,-0.10156,-0.00488,-0.60976,0.06098,0.18293
1190,5951,-0.97070,-0.10303,-0.00537,-0.30488,0.18293,0.24390
1191,5955,-0.96973,-0.10010,-0.00684,-0.42683,0.00000,0.30488
1192,5961,-0.96729,-0.09912,-0.00684,-0.42683,0.12195,0.30488
1193,5966,-0.97021,-0.09961,-0.00293,-0.24390,0.12195,0.24390
1194,5971,-0.97266,-0.10254,-0.00586,-0.42683,0.12195,0.12195
1195,5976,-0.96973,-0.10156,-0.00977,-0.36585,0.18293,0.12195
1196,5981,-0.97021,-0.10107,-0.00732,-0.42683,0.12195,0.24390
1197,5986,-0.97070,-0.10010,-0.00635,-0.24390,0.12195,0.30488
1198,5991,-0.97070,-0.10107,-0.00830,-0.30488,0.30488,0.30488
1199,5995,-0.96826,-0.10205,-0.00488,-0.42683,0.30488,0.24390
1200,6000,-0.96582,-0.10059,-0.00635,-0.36585,0.18293,0.30488
1201,6006,-0.97168,-0.09814,-0.00928,-0.48780,0.12195,0.30488
1202,6011,-0.97070,-0.09961,-0.00342,-0.48780,0.18293,0.36585
1203,6016,-0.96973,-0.09912,-0.00439,-0.42683,0.12195,0.18293
1204,6021,-0.96826,-0.10059,-0.00732,-0.36585,0.24390,0.18293
1205,6026,-0.97266,-0.10400,-0.00684,-0.36585,0.24390,0.36585
1206,6031,-0.97119,-0.10400,-0.00586,-0.48780,0.18293,0.18293
1207,6035,-0.96875,-0.10010,-0.00732,-0.30488,0.18293,0.12195
1208,6040,-0.96729,-0.10156,-0.00537,-0.42683,0.12195,0.30488
1209,6046,-0.96924,-0.10107,-0.00732,-0.30488,0.18293,0.36585
1210,6051,-0.96875,-0.09863,-0.00732,-0.36585,0.12195,0.36585
1211,6056,-0.96924,-0.09961,-0.00488,-0.36585,0.18293,0.30488
1212,6061,-0.97070,-0.10156,-0.00928,-0.48780,0.24390,0.24390
1213,6066,-0.97314,-0.10400,-0.00830,-0.30488,0.06098,0.24390
1214,6071,-0.97266,-0.10205,-0.00391,-0.18293,0.06098,0.30488
1215,6076,-0.96729,-0.10107,-0.00635,-0.42683,0.06098,0.30488
1216,6080,-0.97168,-0.10205,-0.00391,-0.54878,0.24390,0.30488
1217,6086,-0.97168,-0.10107,-0.00684,-0.24390,0.24390,0.12195
1218,6091,-0.96875,-0.09912,-0.00781,-0.24390,0.30488,0.30488
1219,6096,-0.96875,-0.09863,-0.00146,-0.42683,0.30488,0.24390
1220,6101,-0.96924,-0.10156,-0.00439,-0.30488,0.24390,0.24390
1221,6106,-0.96875,-0.10205,-0.00537,-0.24390,0.24390,0.24390
1222,6111,-0.96875,-0.10107,-0.00586,-0.30488,0.18293,0.30488
1223,6116,-0.97168,-0.10059,-0.00684,-0.30488,0.06098,0.30488
1224,6120,-0.96631,-0.10449,-0.00732,-0.54878,0.18293,0.30488
1225,6125,-0.96826,-0.10352,-0.00439,-0.48780,0.24390,0.30488
1226,6131,-0.96875,-0.10059,-0.00586,-0.36585,0.18293,0.36585
1227,6136,-0.96826,-0.10107,-0.00537,-0.36585,0.12195,0.30488
1228,6141,-0.96680,-0.09912,-0.00684,-0.30488,0.24390,0.18293
1229,6146,-0.96924,-0.10107,-0.00781,-0.24390,0.18293,0.36585
1230,6151,-0.96777,-0.10059,-0.00342,-0.30488,0.18293,0.18293
1231,6156,-0.96875,-0.09961,-0.00244,-0.36585,0.18293,0.18293
1232,6160,-0.97070,-0.09814,-0.00635,-0.54878,0.30488,0.24390
1233,6165,-0.96973,-0.10303,-0.00586,-0.54878,0.24390,0.24390
1234,6171,-0.96826,-0.10205,-0.00537,-0.36585,0.12195,0.24390
1235,6176,-0.97070,-0.09766,-0.00732,-0.30488,0.24390,0.18293
1236,6181,-0.96924,-0.10059,-0.00781,-0.48780,0.36585,0.24390
1237,6186,-0.96631,-0.09961,-0.00244,-0.48780,0.24390,0.36585
1238,6191,-0.97021,-0.10010,-0.00977,-0.36585,0.12195,0.30488
1239,6196,-0.96826,-0.10449,-0.00781,-0.18293,0.18293,0.36585
1240,6201,-0.96924,-0.09912,-0.00439,-0.36585,0.18293,0.24390
1241,6205,-0.96973,-0.10010,-0.00439,-0.48780,0.18293,0.30488
1242,6211,-0.97168,-0.10059,-0.00781,-0.30488,0.24390,0.24390
1243,6216,-0.96826,-0.10254,-0.00488,-0.18293,0.18293,0.30488
1244,6221,-0.96924,-0.09961,-0.00684,-0.24390,0.18293,0.24390
1245,6226,-0.97021,-0.09912,-0.00488,-0.24390,0.24390,0.18293
1246,6231,-0.96729,-0.09961,-0.00244,-0.42683,0.30488,0.24390
1247,6236,-0.96875,-0.10059,-0.00293,-0.36585,0.36585,0.30488
1248,6241,-0.96826,-0.10059,-0.00439,-0.36585,0.24390,0.18293
1249,6245,-0.96631,-0.10010,-0.00391,-0.30488,0.06098,0.18293
1250,6250,-0.96924,-0.10010,-0.00439,-0.30488,0.12195,0.36585
1251,6256,-0.96826,-0.10254,-0.00830,-0.18293,0.18293,0.24390
1252,6261,-0.96680,-0.10010,-0.00537,-0.18293,0.12195,0.18293
1253,6266,-0.96680,-0.09912,-0.01172,-0.30488,0.24390,0.24390
1254,6271,-0.96582,-0.10059,-0.00488,-0.30488,0.30488,0.30488
1255,6276,-0.96924,-0.10303,-0.00146,-0.36585,0.06098,0.36585
1256,6281,-0.96582,-0.10156,-0.00537,-0.36585,0.06098,0.24390
1257,6285,-0.96826,-0.10107,-0.00781,-0.36585,0.18293,0.24390
1258,6290,-0.96729,-0.09961,-0.00781,-0.36585,0.24390,0.24390
1259,6296,-0.96826,-0.09619,-0.00293,-0.42683,0.24390,0.30488
1260,6301,-0.96826,-0.09912,-0.00391,-0.30488,0.24390,0.12195
1261,6306,-0.96973,-0.10156,-0.00391,-0.18293,0.12195,0.18293
1262,6311,-0.97266,-0.10254,-0.00342,-0.36585,0.18293,0.36585
1263,6316,-0.96973,-0.10156,-0.00537,-0.36585,0.12195,0.24390
1264,6321,-0.97021,-0.10254,-0.00977,-0.36585,0.12195,0.24390
1265,6326,-0.97168,-0.10352,-0.00879,-0.18293,0.24390,0.30488
1266,6330,-0.96826,-0.09863,-0.00830,-0.12195,0.24390,0.30488
1267,6336,-0.96924,-0.09766,-0.00684,-0.30488,0.18293,0.36585
1268,6341,-0.96680,-0.10010,-0.00244,-0.24390,0.30488,0.36585
1269,6346,-0.97021,-0.10303,-0.00488,-0.30488,0.18293,0.36585
1270,6351,-0.97070,-0.09863,-0.00635,-0.48780,0.12195,0.30488
1271,6356,-0.96973,-0.10010,-0.01172,-0.24390,0.12195,0.30488
1272,6361,-0.96973,-0.09961,-0.00635,-0.30488,0.18293,0.18293
1273,6366,-0.96924,-0.10352,-0.00049,-0.42683,0.24390,0.24390
1274,6370,-0.96729,-0.10205,-0.00537,-0.48780,0.24390,0.30488
1275,6375,-0.97070,-0.10107,-0.01025,-0.48780,0.18293,0.24390
1276,6381,-0.96484,-0.10205,-0.00439,-0.30488,0.18293,0.24390
1277,6386,-0.96875,-0.10010,-0.00439,-0.24390,0.18293,0.24390
1278,6391,-0.97168,-0.10205,-0.00439,-0.24390,0.12195,0.24390
1279,6396,-0.97217,-0.10156,-0.00488,-0.42683,0.18293,0.30488
1280,6401,-0.97119,-0.09619,-0.00537,-0.54878,0.24390,0.36585
1281,6406,-0.96973,-0.09961,-0.00586,-0.36585,0.24390,0.24390
1282,6410,-0.96973,-0.09961,-0.00586,-0.36585,0.24390,0.24390
1283,6415,-0.97070,-0.10059,-0.01025,-0.12195,0.12195,0.24390
1284,6421,-0.96973,-0.10156,-0.00732,-0.36585,0.24390,0.18293
1285,6426,-0.96729,-0.10010,-0.00586,-0.24390,0.24390,0.12195
1286,6431,-0.96924,-0.10059,-0.00537,-0.48780,0.12195,0.18293
1287,6436,-0.96924,-0.10107,-0.00195,-0.36585,0.12195,0.18293
1288,6441,-0.96924,-0.10107,-0.00195,-0.36585,0.12195,0.18293
1289,6446,-0.96924,-0.10010,-0.00488,-0.30488,0.30488,0.30488
1290,6451,-0.96875,-0.10107,-0.00293,-0.36585,0.30488,0.18293
1291,6455,-0.97070,-0.10254,-0.00293,-0.42683,0.12195,0.18293
1292,6461,-0.97070,-0.09863,-0.00830,-0.36585,0.12195,0.24390
1293,6466,-0.97021,-0.10254,-0.01074,-0.48780,0.12195,0.30488
1294,6471,-0.96924,-0.09961,-0.00928,-0.42683,0.00000,0.36585
1295,6476,-0.96924,-0.09961,-0.00928,-0.42683,0.00000,0.36585
1296,6481,-0.96973,-0.09863,-0.00635,-0.42683,0.18293,0.30488
1297,6486,-0.97021,-0.09766,-0.00879,-0.42683,0.18293,0.24390
1298,6491,-0.96631,-0.09961,-0.00830,-0.30488,0.18293,0.36585
1299,6495,-0.96826,-0.10107,-0.00342,-0.42683,0.18293,0.36585
1300,6500,-0.97021,-0.09912,-0.00586,-0.36585,0.18293,0.18293
1301,6506,-0.97119,-0.09961,-0.00488,-0.24390,0.18293,0.18293
1302,6511,-0.96875,-0.10156,-0.00488,-0.36585,0.18293,0.30488
1303,6516,-0.96680,-0.10205,-0.00781,-0.24390,0.24390,0.18293
1304,6521,-0.97266,-0.10352,-0.00781,-0.36585,0.24390,0.24390
1305,6526,-0.96924,-0.10303,-0.00098,-0.48780,0.12195,0.36585
1306,6531,-0.96924,-0.10205,-0.00488,-0.24390,0.12195,0.24390
1307,6535,-0.96777,-0.10107,-0.00391,-0.42683,0.12195,0.36585
1308,6540,-0.96582,-0.09863,-0.00586,-0.36585,0.12195,0.42683
1309,6546,-0.96826,-0.10059,-0.00781,-0.24390,0.24390,0.30488
1310,6551,-0.96729,-0.10254,-0.00439,-0.30488,0.18293,0.18293
1311,6556,-0.96973,-0.09912,-0.00781,-0.36585,0.24390,0.30488
1312,6561,-0.96826,-0.10059,-0.00586,-0.42683,0.18293,0.18293
1313,6566,-0.97266,-0.10107,-0.00586,-0.24390,0.24390,0.30488
1314,6571,-0.96924,-0.09961,0.00146,-0.30488,0.12195,0.24390
1315,6576,-0.96924,-0.10107,-0.00098,-0.36585,0.18293,0.24390
1316,6580,-0.97119,-0.10156,-0.00586,-0.42683,0.18293,0.36585
1317,6586,-0.96729,-0.10010,-0.00195,-0.30488,0.24390,0.30488
1318,6591,-0.96777,-0.10205,-0.00195,-0.36585,0.18293,0.24390
1319,6596,-0.96826,-0.10156,-0.00537,-0.42683,0.30488,0.18293
1320,6601,-0.96777,-0.10010,-0.00732,-0.36585,0.12195,0.24390
1321,6606,-0.97314,-0.10107,-0.00928,-0.30488,0.12195,0.24390
1322,6611,-0.96826,-0.10303,-0.00977,-0.18293,0.24390,0.30488
1323,6616,-0.97070,-0.10059,-0.01123,-0.24390,0.18293,0.36585
1324,6620,-0.96875,-0.09717,-0.00781,-0.24390,0.24390,0.30488
1325,6625,-0.97021,-0.10205,-0.00830,-0.18293,0.18293,0.30488
1326,6631,-0.96973,-0.10059,-0.00732,-0.30488,0.12195,0.30488
1327,6636,-0.96826,-0.10059,-0.00293,-0.36585,0.12195,0.30488
1328,6641,-0.96777,-0.10107,-0.00049,-0.30488,0.30488,0.36585
1329,6646,-0.96777,-0.10059,-0.00684,-0.36585,0.30488,0.48780
1330,6651,-0.97168,-0.09912,-0.00586,-0.30488,0.18293,0.30488
1331,6656,-0.97119,-0.10303,-0.00293,-0.24390,0.18293,0.36585
1332,6660,-0.96924,-0.10254,-0.01074,-0.48780,0.24390,0.24390
1333,6665,-0.96777,-0.09912,-0.00537,-0.36585,0.24390,0.30488
1334,6671,-0.97168,-0.10205,-0.00439,-0.36585,0.24390,0.42683
1335,6676,-0.96826,-0.10107,-0.00488,-0.30488,0.30488,0.24390
1336,6681,-0.96777,-0.09766,-0.00244,-0.36585,0.12195,0.18293
1337,6686,-0.97266,-0.10156,-0.00098,-0.30488,0.18293,0.30488
1338,6691,-0.96729,-0.09912,-0.00195,-0.24390,0.18293,0.24390
1339,6696,-0.96875,-0.09961,-0.00732,-0.24390,0.18293,0.24390
1340,6701,-0.97021,-0.10010,-0.00879,-0.24390,0.18293,0.30488
1341,6705,-0.96875,-0.10205,-0.00732,-0.30488,0.24390,0.18293
1342,6711,-0.96729,-0.10156,-0.00439,-0.48780,0.24390,0.30488
1343,6716,-0.96826,-0.10107,-0.00391,-0.48780,0.18293,0.30488
1344,6721,-0.96826,-0.10254,-0.00586,-0.36585,0.18293,0.30488
1345,6726,-0.97168,-0.10010,-0.00537,-0.24390,0.12195,0.24390
1346,6731,-0.96973,-0.10059,-0.00537,-0.36585,0.18293,0.24390
1347,6736,-0.96875,-0.09961,-0.00635,-0.24390,0.18293,0.18293
1348,6741,-0.96826,-0.10059,-0.00537,-0.24390,0.18293,0.30488
1349,6745,-0.96875,-0.10400,-0.00732,-0.36585,0.12195,0.42683
1350,6750,-0.97070,-0.09912,-0.00293,-0.42683,0.24390,0.30488
1351,6756,-0.96973,-0.10156,-0.00635,-0.24390,0.36585,0.24390
1352,6761,-0.97119,-0.10156,-0.00439,-0.36585,0.06098,0.24390
1353,6766,-0.97363,-0.10205,-0.00586,-0.42683,0.06098,0.30488
1354,6771,-0.97070,-0.10303,-0.00635,-0.36585,0.24390,0.30488
1355,6776,-0.96729,-0.10059,-0.00439,-0.18293,0.24390,0.30488
1356,6781,-0.96924,-0.10400,-0.00586,-0.30488,0.18293,0.24390
1357,6785,-0.96875,-0.10156,-0.00635,-0.24390,0.18293,0.30488
1358,6790,-0.97217,-0.10205,-0.00684,-0.30488,0.18293,0.30488
1359,6796,-0.96875,-0.10059,-0.00732,-0.30488,0.18293,0.24390
1360,6801,-0.96924,-0.09912,-0.00781,-0.42683,0.18293,0.18293
1361,6806,-0.97021,-0.10303,-0.00781,-0.30488,0.18293,0.30488
1362,6811,-0.97217,-0.10010,-0.00488,-0.24390,0.24390,0.30488
1363,6816,-0.96582,-0.09766,-0.00049,-0.24390,0.24390,0.30488
1364,6821,-0.96680,-0.10205,-0.00391,-0.24390,0.18293,0.30488
1365,6826,-0.96582,-0.10059,-0.00684,-0.30488,0.12195,0.36585
1366,6830,-0.96924,-0.10010,-0.00439,-0.30488,0.18293,0.24390
1367,6836,-0.97070,-0.09766,-0.00244,-0.18293,0.12195,0.36585
1368,6841,-0.96777,-0.10156,-0.00244,-0.12195,0.18293,0.24390
1369,6846,-0.97021,-0.10303,-0.00830,-0.24390,0.18293,0.30488
1370,6851,-0.97070,-0.09961,-0.00537,-0.36585,0.30488,0.24390
1371,6856,-0.96777,-0.09961,-0.00391,-0.30488,0.12195,0.30488
1372,6861,-0.97217,-0.09912,-0.00342,-0.30488,0.12195,0.36585
1373,6866,-0.97266,-0.09961,-0.00537,-0.24390,0.12195,0.48780
1374,6870,-0.97070,-0.10059,-0.00830,-0.24390,0.18293,0.30488
1375,6875,-0.96924,-0.10205,-0.00195,-0.30488,0.18293,0.30488
1376,6881,-0.96680,-0.10059,-0.00488,-0.30488,0.24390,0.30488
1377,6886,-0.96826,-0.09912,-0.00537,-0.36585,0.18293,0.30488
1378,6891,-0.96826,-0.09961,-0.00391,-0.24390,0.12195,0.30488
1379,6896,-0.97021,-0.10107,-0.00635,-0.42683,0.24390,0.24390
1380,6901,-0.97217,-0.10107,-0.00879,-0.48780,0.18293,0.30488
1381,6906,-0.97021,-0.10107,-0.00635,-0.42683,0.36585,0.30488
1382,6910,-0.97168,-0.09961,-0.00732,-0.24390,0.36585,0.24390
1383,6915,-0.96582,-0.09912,-0.00146,-0.30488,0.18293,0.30488
1384,6921,-0.96924,-0.10107,-0.00537,-0.36585,0.18293,0.36585
1385,6926,-0.96826,-0.09717,-0.00732,-0.36585,0.18293,0.36585
1386,6931,-0.96924,-0.09863,-0.00781,-0.36585,0.24390,0.24390
1387,6936,-0.96826,-0.10010,-0.01123,-0.30488,0.12195,0.30488
1388,6941,-0.96875,-0.09766,-0.00732,-0.36585,0.18293,0.30488
1389,6946,-0.96777,-0.09912,-0.00830,-0.24390,0.24390,0.18293
1390,6951,-0.96582,-0.10205,-0.00928,-0.30488,0.18293,0.18293
1391,6955,-0.96777,-0.09912,-0.00537,-0.24390,0.18293,0.24390
1392,6961,-0.96875,-0.10010,-0.00537,-0.24390,0.12195,0.18293
1393,6966,-0.97021,-0.10400,-0.00439,-0.30488,0.12195,0.30488
1394,6971,-0.96826,-0.10156,-0.00537,-0.42683,0.18293,0.30488
1395,6976,-0.96826,-0.10010,-0.00244,-0.30488,0.18293,0.30488
1396,6981,-0.96973,-0.10352,-0.00244,-0.18293,0.18293,0.30488
1397,6986,-0.96729,-0.10010,-0.00732,-0.30488,0.18293,0.18293
1398,6991,-0.96973,-0.10107,-0.00879,-0.24390,0.18293,0.24390
1399,6995,-0.97070,-0.09961,-0.00684,-0.36585,0.18293,0.18293
1400,7000,-0.97168,-0.10400,-0.01025,-0.42683,0.36585,0.24390
1401,7006,-0.96680,-0.10352,-0.00879,-0.24390,0.18293,0.30488
1402,7011,-0.96729,-0.10205,-0.00586,-0.36585,0.18293,0.30488
1403,7016,-0.96875,-0.09863,-0.00244,-0.36585,0.18293,0.30488
1404,7021,-0.96973,-0.09961,-0.00537,-0.30488,0.24390,0.36585
1405,7026,-0.96924,-0.10449,-0.00293,-0.24390,0.24390,0.24390
1406,7031,-0.97217,-0.10400,-0.00488,-0.24390,0.24390,0.36585
1407,7035,-0.96826,-0.09912,-0.00732,-0.36585,0.24390,0.30488
1408,7040,-0.96924,-0.10254,-0.00684,-0.42683,0.18293,0.18293
1409,7046,-0.96973,-0.10400,-0.00195,-0.36585,0.18293,0.36585
1410,7051,-0.97217,-0.10010,-0.00732,-0.30488,0.18293,0.30488
1411,7056,-0.96973,-0.10010,-0.00635,-0.36585,0.12195,0.18293
1412,7061,-0.96875,-0.10107,-0.00293,-0.30488,0.24390,0.36585
1413,7066,-0.96875,-0.10010,-0.00293,-0.36585,0.24390,0.24390
1414,7071,-0.96875,-0.10205,-0.00830,-0.24390,0.42683,0.18293
1415,7076,-0.97217,-0.10254,-0.00586,-0.30488,0.18293,0.30488
1416,7080,-0.97217,-0.10254,-0.00586,-0.30488,0.18293,0.30488
1417,7086,-0.97021,-0.10400,-0.00635,-0.48780,0.24390,0.12195
1418,7091,-0.97070,-0.09961,-0.00391,-0.36585,0.24390,0.36585
1419,7096,-0.96973,-0.10156,-0.00684,-0.30488,0.18293,0.36585
1420,7101,-0.96875,-0.10059,-0.00391,-0.24390,0.18293,0.24390
1421,7106,-0.97119,-0.09814,-0.00635,-0.24390,0.18293,0.24390
1422,7111,-0.97119,-0.09814,-0.00635,-0.24390,0.18293,0.24390
1423,7116,-0.96924,-0.10010,-0.00586,-0.18293,0.18293,0.24390
1424,7120,-0.96631,-0.10059,-0.00244,-0.24390,0.18293,0.18293
1425,7125,-0.96826,-0.10205,-0.00293,-0.24390,0.18293,0.36585
1426,7131,-0.97070,-0.10010,-0.00684,-0.42683,0.18293,0.18293
1427,7136,-0.96973,-0.10205,-0.00293,-0.24390,0.18293,0.30488
1428,7141,-0.97168,-0.09863,-0.01270,-0.24390,0.30488,0.18293
1429,7146,-0.97168,-0.09863,-0.01270,-0.24390,0.30488,0.18293
1430,7151,-0.96777,-0.09814,-0.00732,-0.30488,0.18293,0.30488
1431,7156,-0.96729,-0.10400,-0.00537,-0.36585,0.24390,0.18293
1432,7160,-0.97070,-0.10303,-0.00635,-0.30488,0.18293,0.24390
1433,7165,-0.96729,-0.10254,-0.00293,-0.30488,0.30488,0.24390
1434,7171,-0.96826,-0.10156,-0.00684,-0.42683,0.12195,0.30488
1435,7176,-0.96826,-0.10156,-0.00684,-0.42683,0.12195,0.30488
1436,7181,-0.97119,-0.10059,-0.00342,-0.30488,0.30488,0.24390
1437,7186,-0.97266,-0.09863,-0.00879,-0.30488,0.12195,0.24390
1438,7191,-0.96680,-0.10059,-0.00732,-0.30488,0.18293,0.36585
1439,7196,-0.97217,-0.09961,-0.00732,-0.30488,0.30488,0.42683
1440,7201,-0.97119,-0.09863,-0.00732,-0.24390,0.24390,0.30488
1441,7205,-0.96875,-0.10059,-0.00537,-0.24390,0.24390,0.18293
1442,7211,-0.97266,-0.10254,-0.00586,-0.24390,0.12195,0.30488
1443,7216,-0.96777,-0.10059,-0.00439,-0.36585,0.12195,0.30488
1444,7221,-0.97070,-0.09814,-0.00488,-0.36585,0.18293,0.30488
1445,7226,-0.96777,-0.09814,-0.00439,-0.36585,0.24390,0.30488
1446,7231,-0.96680,-0.10449,-0.00293,-0.30488,0.12195,0.18293
1447,7236,-0.97119,-0.10400,-0.00488,-0.42683,0.18293,0.30488
1448,7241,-0.97217,-0.10059,-0.00781,-0.30488,0.18293,0.36585
1449,7245,-0.97021,-0.09912,-0.00781,-0.30488,0.36585,0.24390
1450,7250,-0.97021,-0.09961,-0.00439,-0.18293,0.30488,0.36585
1451,7256,-0.96973,-0.10010,-0.00488,-0.30488,0.18293,0.30488
1452,7261,-0.97021,-0.10254,-0.00830,-0.24390,0.24390,0.18293
1453,7266,-0.96973,-0.10449,-0.00342,-0.42683,0.18293,0.30488
1454,7271,-0.97119,-0.10107,-0.00439,-0.42683,0.24390,0.30488
1455,7276,-0.96777,-0.10303,-0.00586,-0.42683,0.18293,0.24390
1456,7281,-0.96826,-0.10205,-0.00635,-0.36585,0.24390,0.24390
1457,7285,-0.96875,-0.10010,-0.00439,-0.24390,0.24390,0.30488
1458,7290,-0.96924,-0.10059,-0.00439,-0.18293,0.06098,0.36585
1459,7296,-0.96875,-0.09912,-0.00439,-0.30488,0.12195,0.24390
1460,7301,-0.96924,-0.10059,-0.00293,-0.36585,0.12195,0.24390
1461,7306,-0.97119,-0.09961,-0.00195,-0.30488,0.00000,0.30488
1462,7311,-0.97217,-0.10059,-0.00879,-0.24390,0.24390,0.30488
1463,7316,-0.96777,-0.10352,-0.00879,-0.36585,0.12195,0.36585
1464,7321,-0.96875,-0.10596,-0.00195,-0.30488,0.12195,0.24390
1465,7326,-0.96924,-0.10156,-0.00977,-0.24390,0.24390,0.30488
1466,7330,-0.97021,-0.09814,-0.00439,-0.30488,0.12195,0.24390
1467,7336,-0.96826,-0.10205,-0.00488,-0.42683,0.18293,0.24390
1468,7341,-0.96924,-0.10156,-0.00781,-0.42683,0.24390,0.30488
1469,7346,-0.97021,-0.10205,-0.00781,-0.42683,0.24390,0.30488
1470,7351,-0.97119,-0.10352,-0.00244,-0.30488,0.12195,0.30488
1471,7356,-0.96875,-0.10059,-0.00098,-0.48780,0.18293,0.36585
1472,7361,-0.96631,-0.09766,-0.00537,-0.48780,0.18293,0.24390
1473,7366,-0.97021,-0.09912,-0.00684,-0.36585,0.18293,0.36585
1474,7370,-0.97119,-0.10156,-0.00879,-0.36585,0.18293,0.24390
1475,7375,-0.96924,-0.09814,-0.00635,-0.42683,0.24390,0.24390
1476,7381,-0.97021,-0.10010,-0.00244,-0.36585,0.18293,0.30488
1477,7386,-0.96875,-0.10205,-0.00537,-0.30488,0.12195,0.18293
1478,7391,-0.96777,-0.10352,-0.00879,-0.24390,0.42683,0.18293
1479,7396,-0.97363,-0.10498,-0.01025,-0.24390,0.24390,0.36585
1480,7401,-0.97021,-0.09961,-0.00244,-0.36585,0.24390,0.36585
1481,7406,-0.96729,-0.10010,-0.00098,-0.42683,0.12195,0.30488
1482,7410,-0.97510,-0.10254,-0.00244,-0.24390,0.12195,0.30488
1483,7415,-0.96924,-0.09766,-0.00391,-0.48780,0.18293,0.36585
1484,7421,-0.96875,-0.10400,-0.00830,-0.36585,0.06098,0.30488
1485,7426,-0.96924,-0.09863,-0.00488,-0.36585,0.18293,0.42683
1486,7431,-0.97314,-0.09717,-0.00439,-0.42683,0.12195,0.30488
1487,7436,-0.96973,-0.10254,-0.00439,-0.42683,0.12195,0.18293
1488,7441,-0.96582,-0.10205,-0.00488,-0.30488,0.12195,0.30488
1489,7446,-0.96631,-0.09961,-0.00146,-0.36585,0.12195,0.24390
1490,7451,-0.97363,-0.10303,-0.00391,-0.54878,0.06098,0.18293
1491,7455,-0.97412,-0.10254,-0.01025,-0.54878,0.12195,0.36585
1492,7461,-0.96240,-0.10254,-0.00439,-0.24390,0.24390,0.24390
1493,7466,-0.96924,-0.10352,-0.00098,-0.42683,0.12195,0.18293
1494,7471,-0.97314,-0.09717,-0.00342,-0.36585,0.18293,0.36585
1495,7476,-0.96924,-0.09912,-0.00977,-0.42683,0.24390,0.24390
1496,7481,-0.96924,-0.10107,-0.00586,-0.36585,0.12195,0.30488
1497,7486,-0.97168,-0.09863,-0.00635,-0.42683,0.36585,0.48780
1498,7491,-0.97070,-0.10352,-0.00293,-0.30488,0.12195,0.18293
1499,7495,-0.96973,-0.10254,-0.00391,-0.12195,0.24390,0.18293
1500,7500,-0.96973,-0.09814,-0.01074,-0.24390,0.18293,0.30488
1501,7506,-0.97070,-0.10059,-0.00830,-0.42683,0.12195,0.24390
1502,7511,-0.96680,-0.10254,-0.00342,-0.48780,0.24390,0.30488
1503,7516,-0.96631,-0.10205,-0.00342,-0.36585,0.24390,0.30488
1504,7521,-0.97021,-0.10205,-0.00928,-0.30488,0.24390,0.30488
1505,7526,-0.96777,-0.10107,-0.00977,-0.24390,0.12195,0.24390
1506,7531,-0.96582,-0.10107,-0.00488,-0.30488,0.18293,0.24390
1507,7535,-0.96924,-0.10059,-0.00586,-0.30488,0.12195,0.30488
1508,7540,-0.97021,-0.09961,-0.00635,-0.30488,0.12195,0.30488
1509,7546,-0.97070,-0.09863,-0.00342,-0.48780,0.24390,0.30488
1510,7551,-0.97070,-0.10156,-0.00684,-0.48780,0.18293,0.30488
1511,7556,-0.97070,-0.09814,-0.00879,-0.36585,0.18293,0.30488
1512,7561,-0.96973,-0.09814,-0.00342,-0.42683,0.18293,0.30488
1513,7566,-0.96680,-0.10156,-0.00439,-0.48780,0.06098,0.12195
1514,7571,-0.96777,-0.10303,-0.00684,-0.36585,0.06098,0.30488
1515,7576,-0.97021,-0.09863,-0.00586,-0.42683,0.24390,0.36585
1516,7580,-0.97168,-0.10010,-0.01465,-0.30488,0.12195,0.18293
1517,7586,-0.96973,-0.09717,-0.00537,-0.42683,0.24390,0.24390
1518,7591,-0.97021,-0.09814,-0.00439,-0.42683,0.18293,0.36585
1519,7596,-0.96777,-0.10400,-0.00732,-0.24390,0.06098,0.30488
1520,7601,-0.96973,-0.09961,-0.00391,-0.18293,0.18293,0.30488
1521,7606,-0.96924,-0.09961,-0.00195,-0.24390,0.12195,0.30488
1522,7611,-0.96875,-0.10352,-0.00537,-0.36585,0.12195,0.24390
1523,7616,-0.96631,-0.10205,-0.00781,-0.42683,0.18293,0.30488
1524,7620,-0.96875,-0.09961,-0.01367,-0.36585,0.18293,0.36585
1525,7625,-0.97168,-0.10010,-0.00684,-0.42683,0.24390,0.30488
1526,7631,-0.97070,-0.09863,-0.00488,-0.30488,0.24390,0.30488
1527,7636,-0.97070,-0.10107,-0.01025,-0.42683,0.12195,0.12195
1528,7641,-0.96875,-0.10254,-0.00391,-0.36585,0.12195,0.18293
1529,7646,-0.96973,-0.09863,-0.00146,-0.30488,0.24390,0.36585
1530,7651,-0.97021,-0.09717,-0.00342,-0.36585,0.12195,0.30488
1531,7656,-0.96973,-0.09961,-0.00244,-0.36585,0.12195,0.18293
1532,7660,-0.96875,-0.10303,0.00098,-0.24390,0.06098,0.24390
1533,7665,-0.96973,-0.10010,-0.00635,-0.24390,0.18293,0.24390
1534,7671,-0.96924,-0.09863,-0.00293,-0.30488,0.24390,0.24390
1535,7676,-0.97168,-0.09814,-0.00586,-0.30488,0.12195,0.30488
1536,7681,-0.97510,-0.09912,-0.00732,-0.30488,0.18293,0.24390
1537,7686,-0.96826,-0.10010,-0.00537,-0.36585,0.24390,0.24390
1538,7691,-0.96924,-0.10059,-0.00342,-0.42683,0.18293,0.36585
1539,7696,-0.96826,-0.10107,-0.00195,-0.42683,0.24390,0.24390
1540,7701,-0.96777,-0.10303,-0.00195,-0.36585,0.18293,0.18293
1541,7705,-0.97021,-0.10254,-0.00293,-0.36585,0.18293,0.24390
1542,7711,-0.96777,-0.10107,-0.00586,-0.36585,0.24390,0.30488
1543,7716,-0.96582,-0.09863,-0.00342,-0.36585,0.30488,0.18293
1544,7721,-0.96924,-0.10010,-0.00488,-0.36585,0.30488,0.18293
1545,7726,-0.97168,-0.10156,-0.00732,-0.18293,0.12195,0.24390
1546,7731,-0.96973,-0.10400,-0.00537,-0.36585,0.18293,0.24390
1547,7736,-0.96875,-0.10010,-0.01074,-0.36585,0.24390,0.24390
1548,7741,-0.97021,-0.10156,-0.00391,-0.36585,0.18293,0.24390
1549,7745,-0.96777,-0.10352,-0.00244,-0.30488,0.18293,0.30488
1550,7750,-0.96777,-0.10352,-0.00244,-0.30488,0.18293,0.30488
1551,7756,-0.96826,-0.10010,-0.00586,-0.42683,0.30488,0.30488
1552,7761,-0.97021,-0.10352,-0.00781,-0.36585,0.24390,0.18293
1553,7766,-0.96533,-0.10254,-0.00830,-0.42683,0.18293,0.24390
1554,7771,-0.96729,-0.10010,-0.00635,-0.48780,0.12195,0.18293
1555,7776,-0.96875,-0.10107,-0.00195,-0.30488,0.12195,0.24390
1556,7781,-0.96875,-0.10107,-0.00195,-0.30488,0.12195,0.24390
1557,7785,-0.96777,-0.09717,-0.00439,-0.42683,0.12195,0.24390
1558,7790,-0.96924,-0.10156,-0.00342,-0.24390,0.24390,0.18293
1559,7796,-0.97070,-0.10010,-0.00781,-0.18293,0.30488,0.30488
1560,7801,-0.96924,-0.09863,-0.00537,-0.42683,0.24390,0.24390
1561,7806,-0.97070,-0.09961,-0.00342,-0.42683,0.18293,0.24390
1562,7811,-0.97070,-0.10107,-0.01025,-0.18293,0.18293,0.24390
1563,7816,-0.97070,-0.10107,-0.01025,-0.18293,0.18293,0.24390
1564,7821,-0.97021,-0.10010,-0.00586,-0.30488,0.24390,0.24390
1565,7826,-0.96924,-0.10254,-0.00781,-0.24390,0.30488,0.24390
1566,7830,-0.96973,-0.10303,-0.00977,-0.30488,0.24390,0.12195
1567,7836,-0.96875,-0.10205,-0.00586,-0.24390,0.18293,0.24390
1568,7841,-0.96973,-0.10303,-0.00635,-0.24390,0.30488,0.30488
1569,7846,-0.96973,-0.10303,-0.00635,-0.24390,0.30488,0.30488
1570,7851,-0.96973,-0.10156,-0.01025,-0.30488,0.24390,0.36585
1571,7856,-0.96484,-0.09766,-0.00342,-0.30488,0.12195,0.30488
1572,7861,-0.96826,-0.10059,-0.00586,-0.24390,0.18293,0.30488
1573,7866,-0.96924,-0.09912,-0.00537,-0.36585,0.24390,0.30488
1574,7870,-0.97070,-0.10205,-0.00977,-0.42683,0.24390,0.30488
1575,7875,-0.96875,-0.10010,-0.00439,-0.36585,0.30488,0.18293
1576,7881,-0.97168,-0.10205,-0.00586,-0.30488,0.24390,0.30488
1577,7886,-0.96973,-0.10010,-0.00684,-0.30488,0.24390,0.30488
1578,7891,-0.96777,-0.09912,-0.00928,-0.36585,0.30488,0.24390
1579,7896,-0.96826,-0.10010,-0.00195,-0.24390,0.18293,0.30488
1580,7901,-0.96826,-0.10547,-0.00635,-0.42683,0.12195,0.12195
1581,7906,-0.96973,-0.09814,-0.00293,-0.42683,0.24390,0.18293
1582,7910,-0.96777,-0.10107,-0.00439,-0.42683,0.18293,0.36585
1583,7915,-0.96777,-0.10498,-0.00244,-0.30488,0.18293,0.30488
1584,7921,-0.97021,-0.09961,-0.00830,-0.30488,0.18293,0.18293
1585,7926,-0.96973,-0.10010,-0.00391,-0.42683,0.24390,0.36585
1586,7931,-0.96826,-0.10010,-0.01074,-0.42683,0.24390,0.36585
1587,7936,-0.97266,-0.10059,-0.00928,-0.42683,0.12195,0.24390
1588,7941,-0.96973,-0.10107,-0.00391,-0.36585,0.24390,0.24390
1589,7946,-0.96631,-0.09961,-0.00586,-0.18293,0.36585,0.18293
1590,7951,-0.96924,-0.10059,-0.00244,-0.30488,0.24390,0.24390
1591,7955,-0.96826,-0.09912,-0.00830,-0.36585,0.06098,0.30488
1592,7961,-0.96826,-0.10010,-0.00928,-0.30488,0.24390,0.30488
1593,7966,-0.97119,-0.10352,-0.00439,-0.30488,0.24390,0.30488
1594,7971,-0.97070,-0.10205,-0.00586,-0.48780,0.18293,0.30488
1595,7976,-0.96875,-0.10107,-0.00977,-0.42683,0.18293,0.30488
1596,7981,-0.96924,-0.09961,-0.00391,-0.54878,0.12195,0.18293
1597,7986,-0.96729,-0.10059,-0.00977,-0.48780,0.06098,0.30488
1598,7991,-0.96924,-0.10107,-0.01172,-0.42683,0.24390,0.30488
1599,7995,-0.96973,-0.10156,-0.00342,-0.36585,0.18293,0.30488
1600,8000,-0.97021,-0.10107,-0.00488,-0.24390,0.18293,0.18293
1601,8006,-0.96729,-0.10010,-0.00439,-0.42683,0.06098,0.18293
1602,8011,-0.96777,-0.10205,-0.00342,-0.42683,0.06098,0.18293
1603,8016,-0.97119,-0.10254,-0.00537,-0.36585,0.24390,0.30488
1604,8021,-0.97119,-0.10254,-0.00928,-0.30488,0.24390,0.30488
1605,8026,-0.96973,-0.10107,-0.00928,-0.30488,0.12195,0.30488
1606,8031,-0.97363,-0.10205,-0.00635,-0.24390,0.18293,0.12195
1607,8035,-0.96777,-0.09912,-0.00195,-0.24390,0.30488,0.24390
1608,8040,-0.96484,-0.10107,-0.00537,-0.36585,0.30488,0.30488
1609,8046,-0.97021,-0.10059,-0.00879,-0.42683,0.18293,0.30488
1610,8051,-0.96875,-0.10547,-0.00635,-0.30488,0.12195,0.18293
1611,8056,-0.96924,-0.10156,-0.00635,-0.30488,0.18293,0.36585
1612,8061,-0.96826,-0.10156,-0.00635,-0.42683,0.18293,0.24390
1613,8066,-0.97266,-0.10254,-0.00537,-0.36585,0.18293,0.24390
1614,8071,-0.97070,-0.10010,-0.00244,-0.48780,0.12195,0.30488
1615,8076,-0.96875,-0.10254,-0.00781,-0.36585,0.24390,0.30488
1616,8080,-0.96826,-0.10352,-0.00732,-0.42683,0.18293,0.24390
1617,8086,-0.97021,-0.10059,-0.00684,-0.48780,0.18293,0.24390
1618,8091,-0.97070,-0.09766,-0.00732,-0.36585,0.24390,0.18293
1619,8096,-0.96973,-0.10205,-0.00635,-0.30488,0.18293,0.12195
1620,8101,-0.96826,-0.10010,-0.00830,-0.24390,0.12195,0.30488
1621,8106,-0.97217,-0.10303,-0.00684,-0.30488,0.30488,0.24390
1622,8111,-0.97363,-0.09766,-0.00488,-0.36585,0.18293,0.30488
1623,8116,-0.96973,-0.10059,-0.01025,-0.30488,0.18293,0.12195
1624,8120,-0.97021,-0.10254,-0.00439,-0.36585,0.30488,0.18293
1625,8125,-0.96826,-0.09961,-0.00146,-0.42683,0.24390,0.24390
1626,8131,-0.97021,-0.09912,-0.00537,-0.24390,0.24390,0.30488
1627,8136,-0.96875,-0.10010,-0.00586,-0.36585,0.24390,0.24390
1628,8141,-0.96777,-0.10205,-0.00635,-0.36585,0.18293,0.30488
1629,8146,-0.97021,-0.10059,-0.00293,-0.24390,0.18293,0.30488
1630,8151,-0.97314,-0.10156,-0.00488,-0.12195,0.30488,0.24390
1631,8156,-0.96973,-0.10156,-0.00342,-0.24390,0.24390,0.24390
1632,8160,-0.96973,-0.09961,-0.00830,-0.36585,0.24390,0.24390
1633,8165,-0.97168,-0.09961,-0.00684,-0.36585,0.24390,0.36585
1634,8171,-0.96875,-0.10254,-0.00684,-0.30488,0.12195,0.30488
1635,8176,-0.96826,-0.10156,-0.00977,-0.42683,0.06098,0.24390
1636,8181,-0.97021,-0.10107,-0.00293,-0.48780,0.18293,0.30488
1637,8186,-0.96973,-0.10059,-0.00098,-0.48780,0.18293,0.30488
1638,8191,-0.97021,-0.10107,-0.00342,-0.36585,0.12195,0.30488
1639,8196,-0.96826,-0.09863,-0.00781,-0.24390,0.24390,0.12195
1640,8201,-0.96973,-0.09912,-0.01025,-0.36585,0.18293,0.24390
1641,8205,-0.96826,-0.09863,-0.00879,-0.36585,0.30488,0.18293
1642,8211,-0.97070,-0.09912,-0.00537,-0.24390,0.30488,0.30488
1643,8216,-0.97168,-0.10059,-0.00488,-0.30488,0.24390,0.30488
1644,8221,-0.96729,-0.10352,-0.00586,-0.24390,0.12195,0.30488
1645,8226,-0.96826,-0.09863,-0.00293,-0.18293,0.24390,0.24390
1646,8231,-0.97021,-0.09912,-0.00195,-0.24390,0.24390,0.36585
1647,8236,-0.97363,-0.10107,-0.00098,-0.36585,0.18293,0.30488
1648,8241,-0.97070,-0.10107,-0.00781,-0.36585,0.24390,0.36585
1649,8245,-0.96973,-0.09912,-0.00830,-0.24390,0.12195,0.30488
1650,8250,-0.97217,-0.10156,-0.00049,-0.36585,0.06098,0.30488
1651,8256,-0.97021,-0.10059,-0.00732,-0.24390,0.12195,0.30488
1652,8261,-0.97021,-0.10010,-0.01123,-0.36585,0.30488,0.42683
1653,8266,-0.97119,-0.09912,-0.00488,-0.36585,0.30488,0.30488
1654,8271,-0.97070,-0.10303,-0.00586,-0.30488,0.06098,0.36585
1655,8276,-0.97412,-0.10107,-0.00732,-0.30488,0.18293,0.24390
1656,8281,-0.96924,-0.10107,-0.00586,-0.24390,0.30488,0.24390
1657,8285,-0.96875,-0.10303,-0.00488,-0.36585,0.06098,0.24390
1658,8290,-0.97168,-0.09961,-0.00781,-0.36585,0.06098,0.30488
1659,8296,-0.96973,-0.10107,-0.01172,-0.24390,0.24390,0.12195
1660,8301,-0.97070,-0.10303,-0.01172,-0.30488,0.24390,0.12195
1661,8306,-0.97070,-0.09863,-0.00635,-0.24390,0.24390,0.36585
1662,8311,-0.96826,-0.10156,-0.00293,-0.18293,0.18293,0.30488
1663,8316,-0.96582,-0.09814,-0.00537,-0.36585,0.12195,0.24390
1664,8321,-0.96973,-0.10010,-0.00146,-0.24390,0.18293,0.24390
1665,8326,-0.97168,-0.09961,-0.00342,-0.42683,0.12195,0.30488
1666,8330,-0.97119,-0.10254,-0.00488,-0.60976,0.36585,0.24390
1667,8336,-0.97119,-0.09814,-0.00488,-0.12195,0.24390,0.18293
1668,8341,-0.96924,-0.09961,-0.00879,-0.24390,0.24390,0.30488
1669,8346,-0.97168,-0.10303,-0.00879,-0.30488,0.30488,0.30488
1670,8351,-0.97168,-0.09912,-0.00879,-0.24390,0.18293,0.30488
1671,8356,-0.96826,-0.10205,-0.00684,-0.36585,0.12195,0.18293
1672,8361,-0.97266,-0.10059,-0.00537,-0.30488,0.12195,0.12195
1673,8366,-0.96875,-0.10107,-0.00586,-0.24390,0.12195,0.24390
1674,8370,-0.96826,-0.10205,-0.01025,-0.24390,0.06098,0.24390
1675,8375,-0.96875,-0.10156,-0.00488,-0.30488,0.24390,0.24390
1676,8381,-0.96875,-0.09961,-0.00391,-0.30488,0.24390,0.12195
1677,8386,-0.97119,-0.10059,-0.00781,-0.36585,0.24390,0.24390
1678,8391,-0.96924,-0.10059,-0.00830,-0.30488,0.24390,0.30488
1679,8396,-0.96826,-0.09863,-0.00391,-0.30488,0.24390,0.30488
1680,8401,-0.97070,-0.10254,-0.00684,-0.36585,0.18293,0.18293
1681,8406,-0.97168,-0.10303,-0.00732,-0.24390,0.24390,0.30488
1682,8410,-0.97217,-0.10254,-0.00684,-0.42683,0.18293,0.24390
1683,8415,-0.97021,-0.10254,-0.00830,-0.48780,0.24390,0.36585
1684,8421,-0.96924,-0.10254,-0.00928,-0.42683,0.18293,0.30488
1685,8426,-0.96973,-0.09863,-0.00830,-0.36585,0.12195,0.24390
1686,8431,-0.96680,-0.10156,-0.00635,-0.24390,0.18293,0.24390
1687,8436,-0.96875,-0.10254,-0.00537,-0.42683,0.30488,0.30488
1688,8441,-0.96973,-0.10254,-0.00439,-0.54878,0.24390,0.24390
1689,8446,-0.96973,-0.10352,-0.00537,-0.36585,0.24390,0.30488
1690,8451,-0.96973,-0.10352,-0.00537,-0.36585,0.24390,0.30488
1691,8455,-0.96826,-0.10205,-0.00635,-0.24390,0.18293,0.30488
1692,8461,-0.97119,-0.10107,-0.00537,-0.30488,0.24390,0.24390
1693,8466,-0.96875,-0.10156,-0.00684,-0.30488,0.06098,0.42683
1694,8471,-0.96777,-0.09863,-0.00635,-0.36585,0.06098,0.36585
1695,8476,-0.96729,-0.10059,-0.00293,-0.24390,0.18293,0.30488
1696,8481,-0.96680,-0.10156,-0.00342,-0.18293,0.18293,0.24390
1697,8486,-0.96680,-0.10156,-0.00342,-0.18293,0.18293,0.24390
1698,8491,-0.96875,-0.10254,-0.00439,-0.24390,0.12195,0.18293
1699,8495,-0.96924,-0.09912,-0.00928,-0.24390,0.18293,0.36585
1700,8500,-0.97217,-0.09912,-0.00732,-0.30488,0.24390,0.30488
1701,8506,-0.96680,-0.10254,-0.00537,-0.30488,0.18293,0.24390
1702,8511,-0.96924,-0.10107,-0.00732,-0.36585,0.18293,0.36585
1703,8516,-0.96924,-0.10107,-0.00732,-0.36585,0.18293,0.36585
1704,8521,-0.96777,-0.10059,-0.00586,-0.24390,0.12195,0.36585
1705,8526,-0.96875,-0.10303,-0.00439,-0.18293,0.06098,0.30488
1706,8531,-0.96826,-0.10254,-0.00488,-0.36585,0.12195,0.18293
1707,8535,-0.97021,-0.10449,-0.00781,-0.24390,0.24390,0.18293
1708,8540,-0.96973,-0.10107,-0.00635,-0.36585,0.24390,0.18293
1709,8546,-0.96973,-0.09912,-0.01025,-0.30488,0.24390,0.24390
1710,8551,-0.96826,-0.10352,-0.00684,-0.30488,0.18293,0.36585
1711,8556,-0.97021,-0.10107,-0.00684,-0.30488,0.30488,0.30488
1712,8561,-0.96875,-0.10352,-0.00391,-0.24390,0.18293,0.36585
1713,8566,-0.96924,-0.10205,-0.00684,-0.24390,0.24390,0.30488
1714,8571,-0.96777,-0.10010,-0.00684,-0.36585,0.12195,0.24390
1715,8576,-0.97021,-0.09912,-0.00391,-0.42683,0.24390,0.24390
1716,8580,-0.96777,-0.09912,-0.00049,-0.30488,0.30488,0.24390
1717,8586,-0.96680,-0.10010,-0.00781,-0.24390,0.24390,0.30488
1718,8591,-0.97070,-0.10107,-0.00488,-0.30488,0.12195,0.48780
1719,8596,-0.97119,-0.09961,-0.00146,-0.60976,0.18293,0.30488
1720,8601,-0.97070,-0.09766,-0.00635,-0.54878,0.30488,0.30488
1721,8606,-0.97021,-0.10205,-0.00635,-0.36585,0.24390,0.30488
1722,8611,-0.97070,-0.10205,0.00049,-0.36585,0.24390,0.24390
1723,8616,-0.97266,-0.10254,-0.00635,-0.30488,0.24390,0.18293
1724,8620,-0.96973,-0.10059,-0.00146,-0.42683,0.06098,0.24390
1725,8625,-0.96826,-0.10303,-0.00439,-0.42683,0.12195,0.30488
1726,8631,-0.96729,-0.10156,-0.00586,-0.30488,0.12195,0.18293
1727,8636,-0.97070,-0.10059,0.00000,-0.42683,0.12195,0.30488
1728,8641,-0.97217,-0.09912,-0.00391,-0.18293,0.12195,0.24390
1729,8646,-0.97021,-0.10059,-0.00635,-0.24390,0.12195,0.24390
1730,8651,-0.97168,-0.10205,-0.00781,-0.30488,0.12195,0.18293
1731,8656,-0.97119,-0.10205,-0.00732,-0.24390,0.30488,0.30488
1732,8660,-0.96875,-0.10205,-0.00586,-0.42683,0.24390,0.18293
1733,8665,-0.96924,-0.10205,-0.00830,-0.42683,0.06098,0.24390
1734,8671,-0.96973,-0.09863,-0.00488,-0.36585,0.12195,0.24390
1735,8676,-0.97168,-0.09766,-0.00488,-0.48780,0.24390,0.30488
1736,8681,-0.97168,-0.10059,-0.00391,-0.36585,0.24390,0.30488
1737,8686,-0.96826,-0.10156,-0.00781,-0.30488,0.24390,0.24390
1738,8691,-0.96924,-0.10205,-0.00293,-0.36585,0.18293,0.24390
1739,8696,-0.97314,-0.10059,-0.00391,-0.30488,0.24390,0.24390
1740,8701,-0.96924,-0.09961,-0.00488,-0.48780,0.24390,0.18293
1741,8705,-0.97070,-0.10303,-0.00439,-0.36585,0.18293,0.24390
1742,8711,-0.97021,-0.10107,-0.00391,-0.30488,0.12195,0.24390
1743,8716,-0.96484,-0.09766,-0.00391,-0.24390,0.24390,0.24390
1744,8721,-0.96826,-0.10156,-0.00732,-0.36585,0.36585,0.30488
1745,8726,-0.97070,-0.10156,-0.00635,-0.42683,0.24390,0.24390
1746,8731,-0.96680,-0.10059,-0.00244,-0.36585,0.12195,0.18293
1747,8736,-0.97021,-0.10010,-0.00244,-0.30488,0.18293,0.24390
1748,8741,-0.97021,-0.09961,-0.01025,-0.42683,0.18293,0.30488
1749,8745,-0.96729,-0.10205,-0.00830,-0.36585,0.24390,0.30488
1750,8750,-0.97021,-0.10059,-0.00684,-0.30488,0.18293,0.30488
1751,8756,-0.96729,-0.10156,-0.00342,-0.30488,0.12195,0.30488
1752,8761,-0.96680,-0.10254,-0.00635,-0.24390,0.24390,0.24390
1753,8766,-0.97314,-0.10156,-0.00928,-0.36585,0.24390,0.24390
1754,8771,-0.96973,-0.09961,-0.00391,-0.30488,0.12195,0.30488
1755,8776,-0.96680,-0.10107,-0.00391,-0.24390,0.18293,0.18293
1756,8781,-0.96973,-0.10449,-0.00781,-0.24390,0.06098,0.24390
1757,8785,-0.97021,-0.10254,-0.00830,-0.30488,0.12195,0.24390
1758,8790,-0.97021,-0.10449,-0.00879,-0.18293,0.18293,0.30488
1759,8796,-0.96826,-0.09912,-0.00586,-0.24390,0.18293,0.24390
1760,8801,-0.96875,-0.09912,-0.00635,-0.36585,0.24390,0.24390
1761,8806,-0.97021,-0.10010,-0.00488,-0.42683,0.24390,0.30488
1762,8811,-0.97021,-0.10059,-0.00391,-0.36585,0.12195,0.36585
1763,8816,-0.96924,-0.10107,-0.00781,-0.36585,0.24390,0.30488
1764,8821,-0.96924,-0.10059,-0.00098,-0.36585,0.24390,0.36585
1765,8826,-0.96973,-0.10254,-0.00830,-0.42683,0.12195,0.24390
1766,8830,-0.97021,-0.10352,-0.00732,-0.36585,0.18293,0.24390
1767,8836,-0.97021,-0.10254,-0.00391,-0.30488,0.18293,0.30488
1768,8841,-0.96875,-0.10059,-0.00488,-0.36585,0.24390,0.30488
1769,8846,-0.96582,-0.10205,-0.00391,-0.42683,0.18293,0.30488
1770,8851,-0.96875,-0.10205,0.00049,-0.36585,0.18293,0.18293
1771,8856,-0.96924,-0.10303,0.00000,-0.30488,0.18293,0.18293
1772,8861,-0.96924,-0.10156,-0.00977,-0.42683,0.24390,0.18293
1773,8866,-0.96680,-0.09863,-0.00293,-0.36585,0.18293,0.30488
1774,8870,-0.96533,-0.10254,-0.00439,-0.30488,0.24390,0.30488
1775,8875,-0.96924,-0.10156,-0.00439,-0.36585,0.18293,0.36585
1776,8881,-0.96729,-0.09863,-0.00488,-0.24390,0.12195,0.36585
1777,8886,-0.97119,-0.09814,-0.00732,-0.24390,0.18293,0.36585
1778,8891,-0.96973,-0.10205,-0.00781,-0.42683,0.18293,0.30488
1779,8896,-0.96973,-0.10156,-0.00586,-0.30488,0.24390,0.30488
1780,8901,-0.96826,-0.10205,-0.00391,-0.36585,0.18293,0.24390
1781,8906,-0.96875,-0.10156,-0.00928,-0.30488,0.12195,0.18293
1782,8910,-0.96826,-0.10107,-0.00684,-0.30488,0.30488,0.36585
1783,8915,-0.96875,-0.09766,-0.00537,-0.30488,0.24390,0.36585
1784,8921,-0.96826,-0.10156,-0.00439,-0.36585,0.18293,0.30488
1785,8926,-0.96924,-0.10205,-0.00146,-0.48780,0.30488,0.24390
1786,8931,-0.96875,-0.10010,-0.00684,-0.30488,0.24390,0.18293
1787,8936,-0.96777,-0.10107,-0.00586,-0.24390,0.24390,0.18293
1788,8941,-0.96826,-0.10059,-0.00879,-0.30488,0.18293,0.24390
1789,8946,-0.96826,-0.10059,-0.00635,-0.42683,0.18293,0.18293
1790,8951,-0.97070,-0.10107,-0.00781,-0.30488,0.18293,0.24390
1791,8955,-0.97168,-0.10156,-0.00391,-0.36585,0.18293,0.24390
1792,8961,-0.96533,-0.10010,-0.00439,-0.24390,0.12195,0.30488
1793,8966,-0.96729,-0.10059,-0.00195,-0.36585,0.18293,0.24390
1794,8971,-0.97021,-0.09863,0.00049,-0.30488,0.18293,0.24390
1795,8976,-0.96729,-0.10156,-0.00439,-0.42683,0.18293,0.24390
1796,8981,-0.96875,-0.10010,-0.00537,-0.48780,0.06098,0.30488
1797,8986,-0.97266,-0.10156,-0.00586,-0.48780,0.12195,0.24390
1798,8991,-0.96777,-0.10205,-0.00537,-0.24390,0.12195,0.24390
1799,8995,-0.97021,-0.10010,-0.00244,-0.24390,0.24390,0.36585
1800,9000,-0.96826,-0.10010,-0.00098,-0.36585,0.18293,0.18293
1801,9006,-0.97070,-0.10010,-0.00098,-0.42683,0.12195,0.24390
1802,9011,-0.96875,-0.10010,-0.00195,-0.48780,0.18293,0.30488
1803,9016,-0.97021,-0.10010,-0.00635,-0.36585,0.18293,0.30488
1804,9021,-0.96826,-0.10205,-0.00537,-0.36585,0.12195,0.18293
1805,9026,-0.96533,-0.09912,-0.00635,-0.12195,0.12195,0.36585
1806,9031,-0.96631,-0.10010,-0.01074,-0.42683,0.18293,0.30488
1807,9035,-0.96924,-0.10352,-0.00488,-0.36585,0.18293,0.18293
1808,9040,-0.97021,-0.10107,-0.00293,-0.42683,0.18293,0.24390
1809,9046,-0.96875,-0.09912,-0.00537,-0.30488,0.12195,0.30488
1810,9051,-0.96777,-0.09766,-0.00244,-0.24390,0.18293,0.30488
1811,9056,-0.96631,-0.10010,-0.00342,-0.36585,0.12195,0.30488
1812,9061,-0.97021,-0.10205,-0.00342,-0.54878,0.24390,0.30488
1813,9066,-0.97021,-0.09668,-0.00244,-0.48780,0.18293,0.30488
1814,9071,-0.96875,-0.10059,-0.00977,-0.48780,0.06098,0.12195
1815,9076,-0.96973,-0.10303,-0.00732,-0.30488,0.24390,0.12195
1816,9080,-0.96875,-0.10107,-0.00781,-0.18293,0.24390,0.42683
1817,9086,-0.96924,-0.10059,-0.00879,-0.24390,0.18293,0.36585
1818,9091,-0.97021,-0.10205,-0.00830,-0.18293,0.24390,0.30488
1819,9096,-0.96875,-0.09863,-0.00439,-0.18293,0.24390,0.30488
1820,9101,-0.96777,-0.10352,-0.00684,-0.24390,0.12195,0.30488
1821,9106,-0.97021,-0.10205,-0.00391,-0.24390,0.18293,0.18293
1822,9111,-0.97021,-0.10010,-0.00781,-0.36585,0.18293,0.30488
1823,9116,-0.97070,-0.10205,-0.00977,-0.24390,0.24390,0.30488
1824,9120,-0.97070,-0.10205,-0.00977,-0.24390,0.24390,0.30488
1825,9125,-0.97119,-0.10156,-0.00781,-0.42683,0.24390,0.30488
1826,9131,-0.97119,-0.10205,-0.00684,-0.30488,0.12195,0.36585
1827,9136,-0.97119,-0.10449,-0.00586,-0.30488,0.12195,0.30488
1828,9141,-0.96875,-0.10205,-0.00342,-0.36585,0.18293,0.18293
1829,9146,-0.96924,-0.09766,-0.00537,-0.36585,0.12195,0.30488
1830,9151,-0.96631,-0.09912,-0.00293,-0.36585,0.24390,0.18293
1831,9156,-0.96631,-0.09912,-0.00293,-0.36585,0.24390,0.18293
1832,9160,-0.96875,-0.09863,-0.00244,-0.30488,0.30488,0.30488
1833,9165,-0.96826,-0.10010,-0.00293,-0.30488,0.24390,0.18293
1834,9171,-0.97119,-0.09863,-0.00391,-0.42683,0.18293,0.18293
1835,9176,-0.96875,-0.10352,-0.00635,-0.36585,0.18293,0.30488
1836,9181,-0.96826,-0.10156,-0.00928,-0.36585,0.18293,0.30488
1837,9186,-0.96826,-0.10156,-0.00928,-0.36585,0.18293,0.30488
1838,9191,-0.96973,-0.10059,-0.01074,-0.18293,0.18293,0.24390
1839,9196,-0.97070,-0.10254,-0.01172,-0.30488,0.12195,0.30488
1840,9201,-0.96973,-0.10205,-0.00586,-0.30488,0.18293,0.30488
1841,9205,-0.96924,-0.09863,-0.00098,-0.24390,0.18293,0.30488
1842,9211,-0.97217,-0.09912,-0.00684,-0.18293,0.24390,0.30488
1843,9216,-0.97217,-0.09912,-0.00684,-0.18293,0.24390,0.30488
1844,9221,-0.96680,-0.10059,-0.00830,-0.42683,0.18293,0.36585
1845,9226,-0.96826,-0.10205,-0.00146,-0.24390,0.36585,0.24390
1846,9231,-0.96777,-0.10156,-0.00928,-0.42683,0.18293,0.12195
1847,9236,-0.97119,-0.10449,-0.00684,-0.36585,0.12195,0.36585
1848,9241,-0.97070,-0.10059,-0.00732,-0.30488,0.24390,0.30488
1849,9245,-0.97119,-0.10010,-0.00537,-0.24390,0.12195,0.24390
1850,9250,-0.96826,-0.09961,-0.00391,-0.30488,0.18293,0.18293
1851,9256,-0.96875,-0.10205,-0.00488,-0.24390,0.24390,0.30488
1852,9261,-0.96729,-0.09961,-0.00586,-0.36585,0.18293,0.30488
1853,9266,-0.96826,-0.09912,-0.00635,-0.24390,0.24390,0.30488
1854,9271,-0.96826,-0.10010,-0.00342,-0.24390,0.24390,0.24390
1855,9276,-0.97021,-0.10303,-0.00488,-0.42683,0.24390,0.30488
1856,9281,-0.96875,-0.10156,-0.00244,-0.42683,0.24390,0.18293
1857,9285,-0.96729,-0.10156,-0.00195,-0.42683,0.24390,0.24390
1858,9290,-0.96826,-0.10010,0.00049,-0.24390,0.24390,0.18293
1859,9296,-0.97070,-0.10107,-0.00879,-0.42683,0.24390,0.30488
1860,9301,-0.97070,-0.10352,-0.00830,-0.48780,0.18293,0.30488
1861,9306,-0.96729,-0.10400,-0.00391,-0.24390,0.18293,0.24390
1862,9311,-0.96777,-0.10156,-0.00488,-0.30488,0.18293,0.30488
1863,9316,-0.96777,-0.09912,-0.00439,-0.36585,0.24390,0.30488
1864,9321,-0.96582,-0.10352,-0.00879,-0.30488,0.18293,0.18293
1865,9326,-0.96777,-0.10059,-0.00537,-0.36585,0.18293,0.24390
1866,9330,-0.97168,-0.09961,-0.00439,-0.18293,0.18293,0.30488
1867,9336,-0.96973,-0.09961,-0.00830,-0.18293,0.24390,0.36585
1868,9341,-0.96924,-0.10010,-0.00781,-0.36585,0.18293,0.18293
1869,9346,-0.96973,-0.10107,-0.00488,-0.36585,0.18293,0.24390
1870,9351,-0.96680,-0.10205,-0.00635,-0.48780,0.30488,0.24390
1871,9356,-0.97119,-0.10059,-0.00732,-0.42683,0.24390,0.24390
1872,9361,-0.96924,-0.10205,-0.00879,-0.36585,0.12195,0.30488
1873,9366,-0.96729,-0.10156,-0.00830,-0.30488,0.18293,0.42683
1874,9370,-0.96973,-0.10205,-0.00488,-0.36585,0.18293,0.30488
1875,9375,-0.97168,-0.09814,-0.00879,-0.30488,0.12195,0.30488
1876,9381,-0.97021,-0.10107,-0.00830,-0.24390,0.24390,0.30488
1877,9386,-0.96875,-0.09961,-0.00635,-0.18293,0.18293,0.24390
1878,9391,-0.96875,-0.09912,-0.00732,-0.24390,0.18293,0.42683
1879,9396,-0.96875,-0.09912,-0.00781,-0.30488,0.24390,0.30488
1880,9401,-0.96973,-0.10254,-0.00439,-0.24390,0.12195,0.24390
1881,9406,-0.96875,-0.10205,-0.00635,-0.36585,0.18293,0.12195
1882,9410,-0.97021,-0.09814,-0.00293,-0.42683,0.18293,0.18293
1883,9415,-0.96924,-0.10059,0.00049,-0.30488,0.12195,0.18293
1884,9421,-0.97266,-0.10107,-0.00684,-0.48780,0.12195,0.24390
1885,9426,-0.96973,-0.10352,-0.00488,-0.48780,0.18293,0.30488
1886,9431,-0.97266,-0.10156,-0.00781,-0.42683,0.24390,0.30488
1887,9436,-0.96826,-0.10010,-0.00195,-0.30488,0.18293,0.30488
1888,9441,-0.96875,-0.10059,-0.00146,-0.42683,0.18293,0.30488
1889,9446,-0.97168,-0.10107,-0.00732,-0.42683,0.18293,0.24390
1890,9451,-0.96875,-0.10205,-0.00635,-0.24390,0.18293,0.30488
1891,9455,-0.97021,-0.10059,-0.00635,-0.30488,0.18293,0.18293
1892,9461,-0.97021,-0.10156,-0.00537,-0.12195,0.12195,0.30488
1893,9466,-0.96680,-0.10010,-0.00293,-0.30488,0.18293,0.24390
1894,9471,-0.97070,-0.10156,-0.00342,-0.36585,0.18293,0.24390
1895,9476,-0.96777,-0.10059,-0.00977,-0.42683,0.12195,0.24390
1896,9481,-0.96924,-0.10010,-0.00684,-0.48780,0.30488,0.24390
1897,9486,-0.96924,-0.10059,-0.00195,-0.24390,0.30488,0.24390
1898,9491,-0.97021,-0.10254,-0.00732,-0.24390,0.06098,0.30488
1899,9495,-0.96875,-0.09863,-0.00537,-0.36585,0.24390,0.24390
1900,9500,-0.96875,-0.10059,-0.00439,-0.42683,0.24390,0.30488
1901,9506,-0.96826,-0.10303,-0.00732,-0.48780,0.24390,0.36585
1902,9511,-0.96875,-0.10254,-0.00537,-0.30488,0.24390,0.36585
1903,9516,-0.96924,-0.10059,-0.00342,-0.24390,0.24390,0.30488
1904,9521,-0.96777,-0.10059,-0.00439,-0.30488,0.24390,0.36585
1905,9526,-0.97168,-0.10254,-0.00635,-0.36585,0.18293,0.36585
1906,9531,-0.96631,-0.10400,-0.00732,-0.42683,0.24390,0.24390
1907,9535,-0.96826,-0.10498,-0.00830,-0.36585,0.24390,0.12195
1908,9540,-0.97070,-0.09912,-0.00732,-0.24390,0.18293,0.30488
1909,9546,-0.97217,-0.09912,-0.00391,-0.36585,0.18293,0.42683
1910,9551,-0.97168,-0.09961,-0.01074,-0.48780,0.12195,0.24390
1911,9556,-0.96777,-0.10205,-0.00879,-0.30488,0.24390,0.12195
1912,9561,-0.96680,-0.10107,-0.00732,-0.18293,0.12195,0.36585
1913,9566,-0.96973,-0.10156,-0.00830,-0.18293,0.12195,0.36585
1914,9571,-0.96875,-0.09766,-0.00244,-0.24390,0.18293,0.24390
1915,9576,-0.97119,-0.10107,-0.00342,-0.30488,0.12195,0.24390
1916,9580,-0.96875,-0.10303,-0.00244,-0.30488,0.12195,0.30488
1917,9586,-0.96924,-0.10107,-0.00439,-0.42683,0.18293,0.18293
1918,9591,-0.96777,-0.10059,-0.00488,-0.30488,0.18293,0.36585
1919,9596,-0.96875,-0.10010,-0.00293,-0.42683,0.24390,0.30488
1920,9601,-0.96875,-0.10059,-0.00781,-0.48780,0.24390,0.30488
1921,9606,-0.96973,-0.10156,-0.00830,-0.48780,0.12195,0.18293
1922,9611,-0.97119,-0.10156,-0.00439,-0.30488,0.24390,0.24390
1923,9616,-0.97021,-0.10254,-0.00635,-0.36585,0.24390,0.24390
1924,9620,-0.96875,-0.10156,-0.00684,-0.24390,0.24390,0.30488
1925,9625,-0.96680,-0.09570,-0.00293,-0.36585,0.18293,0.36585
1926,9631,-0.97266,-0.09961,-0.00342,-0.36585,0.18293,0.36585
1927,9636,-0.97021,-0.09961,-0.00342,-0.42683,0.12195,0.24390
1928,9641,-0.96875,-0.10156,-0.00391,-0.36585,0.18293,0.12195
1929,9646,-0.96729,-0.10059,-0.00781,-0.18293,0.18293,0.36585
1930,9651,-0.96680,-0.09961,-0.00586,-0.36585,0.18293,0.36585
1931,9656,-0.96924,-0.10156,-0.00879,-0.36585,0.18293,0.30488
1932,9660,-0.97168,-0.10010,-0.01025,-0.30488,0.24390,0.24390
1933,9665,-0.97021,-0.10156,-0.00488,-0.36585,0.18293,0.24390
1934,9671,-0.96924,-0.10010,-0.00439,-0.30488,0.06098,0.24390
1935,9676,-0.97217,-0.09912,-0.00342,-0.48780,0.18293,0.18293
1936,9681,-0.96973,-0.10059,-0.01172,-0.18293,0.24390,0.30488
1937,9686,-0.96631,-0.09961,-0.00098,-0.18293,0.12195,0.36585
1938,9691,-0.96777,-0.10059,-0.00488,-0.36585,0.30488,0.30488
1939,9696,-0.96973,-0.10352,-0.00732,-0.36585,0.18293,0.30488
1940,9701,-0.96973,-0.10156,-0.00586,-0.48780,0.18293,0.30488
1941,9705,-0.97070,-0.09961,-0.00879,-0.36585,0.12195,0.30488
1942,9711,-0.97314,-0.10107,-0.00684,-0.30488,0.18293,0.24390
1943,9716,-0.96729,-0.10156,-0.00830,-0.24390,0.18293,0.24390
1944,9721,-0.96777,-0.09863,-0.00391,-0.30488,0.12195,0.30488
1945,9726,-0.96875,-0.10205,-0.00391,-0.30488,0.18293,0.24390
1946,9731,-0.97070,-0.10205,-0.00488,-0.24390,0.30488,0.12195
1947,9736,-0.97021,-0.10303,-0.00439,-0.30488,0.18293,0.24390
1948,9741,-0.96973,-0.10303,-0.00244,-0.36585,0.18293,0.30488
1949,9745,-0.97021,-0.10400,-0.01123,-0.36585,0.18293,0.30488
1950,9750,-0.96777,-0.09912,-0.00928,-0.24390,0.18293,0.24390
1951,9756,-0.97070,-0.10107,-0.00586,-0.36585,0.18293,0.24390
1952,9761,-0.96875,-0.10303,-0.00830,-0.42683,0.24390,0.24390
1953,9766,-0.97021,-0.09961,-0.00732,-0.42683,0.24390,0.18293
1954,9771,-0.96973,-0.10059,-0.00586,-0.36585,0.18293,0.30488
1955,9776,-0.96875,-0.10156,-0.00684,-0.48780,0.18293,0.24390
1956,9781,-0.96875,-0.10156,-0.00635,-0.48780,0.30488,0.24390
1957,9785,-0.96680,-0.09766,-0.00293,-0.42683,0.24390,0.18293
1958,9790,-0.96680,-0.09766,-0.00293,-0.42683,0.24390,0.18293
1959,9796,-0.97070,-0.10254,-0.00586,-0.30488,0.24390,0.30488
1960,9801,-0.96729,-0.10205,-0.00879,-0.12195,0.12195,0.30488
1961,9806,-0.97119,-0.10010,-0.00879,-0.30488,0.06098,0.36585
1962,9811,-0.96924,-0.09912,-0.00830,-0.36585,0.12195,0.36585
1963,9816,-0.96875,-0.10010,-0.00830,-0.30488,0.18293,0.24390
1964,9821,-0.96680,-0.10059,-0.00781,-0.24390,0.12195,0.24390
1965,9826,-0.96680,-0.10059,-0.00781,-0.24390,0.12195,0.24390
1966,9830,-0.97070,-0.10010,0.00098,-0.24390,-0.06098,0.18293
1967,9836,-0.96631,-0.09912,-0.00781,-0.36585,0.24390,0.36585
1968,9841,-0.97168,-0.09863,-0.00635,-0.36585,0.18293,0.18293
1969,9846,-0.97119,-0.09961,-0.00879,-0.30488,0.18293,0.24390
1970,9851,-0.96631,-0.10303,-0.00732,-0.36585,0.18293,0.24390
1971,9856,-0.96631,-0.10303,-0.00732,-0.36585,0.18293,0.24390
1972,9861,-0.96826,-0.10205,-0.00244,-0.42683,0.06098,0.30488
1973,9866,-0.96973,-0.09814,-0.00488,-0.30488,0.12195,0.30488
1974,9870,-0.97021,-0.10010,-0.00293,-0.42683,0.12195,0.30488
1975,9875,-0.96777,-0.09961,-0.00684,-0.30488,0.18293,0.30488
1976,9881,-0.97461,-0.10449,-0.00830,-0.42683,0.18293,0.36585
1977,9886,-0.97461,-0.10449,-0.00830,-0.42683,0.18293,0.36585
1978,9891,-0.97021,-0.10156,-0.00342,-0.30488,0.18293,0.42683
1979,9896,-0.96875,-0.09961,-0.00244,-0.30488,0.18293,0.36585
1980,9901,-0.96924,-0.10059,-0.00049,-0.30488,0.12195,0.24390
1981,9906,-0.97021,-0.10303,-0.00830,-0.30488,0.18293,0.18293
1982,9910,-0.96875,-0.09961,-0.00781,-0.24390,0.12195,0.18293
1983,9915,-0.96826,-0.10107,-0.00977,-0.42683,0.18293,0.30488
1984,9921,-0.97217,-0.09961,-0.00488,-0.36585,0.18293,0.36585
1985,9926,-0.97412,-0.10156,-0.00732,-0.30488,0.24390,0.30488
1986,9931,-0.96924,-0.10303,-0.00342,-0.36585,0.12195,0.18293
1987,9936,-0.96826,-0.10156,-0.00488,-0.30488,0.06098,0.24390
1988,9941,-0.96875,-0.10059,-0.00537,-0.24390,0.12195,0.36585
1989,9946,-0.97021,-0.10059,-0.00244,-0.36585,0.12195,0.18293
1990,9951,-0.97168,-0.10156,-0.00781,-0.36585,0.12195,0.30488
1991,9955,-0.97021,-0.10254,-0.00391,-0.42683,0.06098,0.36585
1992,9961,-0.97021,-0.10205,-0.00879,-0.42683,0.12195,0.24390
1993,9966,-0.96777,-0.09814,-0.01074,-0.24390,0.30488,0.24390
1994,9971,-0.96729,-0.09668,-0.00098,-0.30488,0.18293,0.18293
1995,9976,-0.96875,-0.09961,-0.00342,-0.36585,0.18293,0.30488
1996,9981,-0.96875,-0.10010,-0.00586,-0.36585,0.18293,0.30488
1997,9986,-0.96826,-0.10059,-0.00635,-0.24390,0.18293,0.18293
1998,9991,-0.96777,-0.09961,-0.00439,-0.36585,0.30488,0.18293
1999,9995,-0.96875,-0.09961,-0.00488,-0.36585,0.24390,0.24390
2000,10000,-0.96826,-0.09814,-0.00928,-0.24390,0.18293,0.18293
2001,10006,-0.97070,-0.10010,-0.00488,-0.48780,0.18293,0.18293
2002,10011,-0.96826,-0.10107,-0.00781,-0.36585,0.30488,0.12195
2003,10016,-0.96973,-0.09814,-0.01025,-0.42683,0.18293,0.24390
