seq,t_ms,ax_g,ay_g,az_g,gx_dps,gy_dps,gz_dps
0,1,0.01611,-0.06494,-1.02051,-0.48780,0.12195,0.36585
1,6,0.01562,-0.06104,-1.02246,-0.42683,0.18293,0.36585
2,11,0.01807,-0.06201,-1.02393,-0.24390,0.18293,0.30488
3,16,0.01465,-0.06543,-1.02148,-0.42683,0.18293,0.24390
4,21,0.01416,-0.06250,-1.02002,-0.48780,0.12195,0.24390
5,26,0.01807,-0.06055,-1.02148,-0.30488,0.18293,0.30488
6,30,0.01465,-0.06348,-1.02197,-0.24390,0.24390,0.24390
7,35,0.01514,-0.06396,-1.02490,-0.42683,0.18293,0.24390
8,40,0.01465,-0.06152,-1.02197,-0.42683,0.12195,0.36585
9,46,0.01270,-0.06445,-1.01904,-0.30488,0.12195,0.30488
10,51,0.01465,-0.06201,-1.02148,-0.54878,0.12195,0.30488
11,56,0.01270,-0.06006,-1.02051,-0.42683,0.06098,0.24390
12,61,0.01465,-0.06494,-1.01904,-0.36585,0.18293,0.18293
13,66,0.01318,-0.06396,-1.02295,-0.24390,0.18293,0.24390
14,71,0.01270,-0.06201,-1.01904,-0.36585,0.18293,0.30488
15,75,0.01514,-0.06006,-1.02100,-0.42683,0.30488,0.36585
16,80,0.01514,-0.06592,-1.02539,-0.42683,0.12195,0.30488
17,86,0.01514,-0.06299,-1.01758,-0.18293,0.12195,0.30488
18,91,0.01562,-0.05859,-1.02686,-0.24390,0.24390,0.24390
19,96,0.01123,-0.06836,-1.02148,-0.36585,0.30488,0.18293
20,101,0.01709,-0.06348,-1.02197,-0.42683,0.18293,0.24390
21,106,0.01562,-0.06494,-1.02588,-0.42683,0.18293,0.24390
22,111,0.01367,-0.06152,-1.02344,-0.24390,0.18293,0.24390
23,115,0.01660,-0.06641,-1.02295,-0.24390,0.18293,0.30488
24,120,0.01709,-0.06641,-1.01904,-0.42683,0.12195,0.36585
25,125,0.01123,-0.06348,-1.02100,-0.24390,0.12195,0.30488
26,131,0.01270,-0.06396,-1.02100,-0.30488,0.18293,0.18293
27,136,0.01318,-0.06396,-1.02197,-0.30488,0.12195,0.36585
28,141,0.01416,-0.06445,-1.02539,-0.24390,0.18293,0.30488
29,146,0.01611,-0.06250,-1.02686,-0.30488,0.18293,0.24390
30,151,0.01758,-0.06543,-1.02148,-0.42683,0.18293,0.24390
31,155,0.01416,-0.06152,-1.01758,-0.30488,0.24390,0.18293
32,160,0.01514,-0.06299,-1.02148,-0.36585,0.18293,0.24390
33,165,0.01514,-0.06396,-1.02246,-0.30488,0.18293,0.30488
34,171,0.01562,-0.06494,-1.02100,-0.30488,0.18293,0.24390
35,176,0.01367,-0.06104,-1.02197,-0.30488,0.18293,0.30488
36,181,0.01807,-0.06299,-1.02246,-0.30488,0.12195,0.30488
37,186,0.01416,-0.06445,-1.02441,-0.30488,0.12195,0.30488
38,191,0.01318,-0.06445,-1.02344,-0.30488,0.30488,0.24390
39,196,0.01514,-0.06152,-1.02100,-0.30488,0.12195,0.24390
40,200,0.01953,-0.06396,-1.01953,-0.42683,0.18293,0.30488
41,205,0.01758,-0.06543,-1.02490,-0.42683,0.18293,0.24390
42,211,0.01562,-0.06299,-1.02197,-0.36585,0.24390,0.24390
43,216,0.01416,-0.06494,-1.02637,-0.42683,0.24390,0.24390
44,221,0.01074,-0.06689,-1.02197,-0.24390,0.18293,0.30488
45,226,0.01416,-0.06445,-1.02783,-0.24390,0.24390,0.24390
46,231,0.01514,-0.06494,-1.02490,-0.48780,0.30488,0.30488
47,236,0.01611,-0.06348,-1.02734,-0.36585,0.12195,0.30488
48,240,0.01855,-0.06055,-1.02393,-0.24390,0.12195,0.30488
49,245,0.01660,-0.06348,-1.02588,-0.24390,0.18293,0.30488
50,250,0.01562,-0.06006,-1.01807,-0.36585,0.06098,0.30488
51,256,0.01758,-0.06250,-1.01611,-0.42683,0.12195,0.18293
52,261,0.01416,-0.06348,-1.02002,-0.48780,0.12195,0.36585
53,266,0.01318,-0.06152,-1.01855,-0.24390,0.12195,0.36585
54,271,0.01416,-0.06104,-1.02539,-0.18293,0.24390,0.18293
55,276,0.01611,-0.06396,-1.02295,-0.36585,0.12195,0.24390
56,280,0.01514,-0.06348,-1.02686,-0.30488,0.24390,0.36585
57,285,0.01270,-0.06348,-1.01807,-0.36585,0.24390,0.30488
58,290,0.01123,-0.06055,-1.02051,-0.48780,0.24390,0.24390
59,296,0.01416,-0.06445,-1.02490,-0.42683,0.18293,0.30488
60,301,0.01514,-0.06299,-1.02490,-0.36585,0.18293,0.30488
61,306,0.01807,-0.06152,-1.02393,-0.36585,0.24390,0.30488
62,311,0.01611,-0.06348,-1.02100,-0.48780,0.12195,0.30488
63,316,0.01709,-0.06494,-1.02148,-0.30488,0.24390,0.36585
64,321,0.01367,-0.06299,-1.01807,-0.42683,0.24390,0.30488
65,325,0.01367,-0.06299,-1.01807,-0.42683,0.24390,0.30488
66,330,0.01221,-0.06885,-1.02393,-0.60976,0.12195,0.36585
67,336,0.01465,-0.06396,-1.02197,-0.30488,0.18293,0.18293
68,341,0.01465,-0.06689,-1.02197,-0.42683,0.18293,0.18293
69,346,0.01270,-0.06494,-1.02002,-0.48780,0.12195,0.36585
70,351,0.01514,-0.06348,-1.01953,-0.36585,0.24390,0.24390
71,356,0.01514,-0.06348,-1.01953,-0.36585,0.24390,0.24390
72,361,0.01758,-0.06641,-1.01709,-0.42683,0.24390,0.18293
73,365,0.01172,-0.06299,-1.02246,-0.36585,0.12195,0.36585
74,370,0.01465,-0.06396,-1.02100,-0.24390,0.30488,0.30488
75,375,0.01172,-0.06543,-1.02051,-0.30488,0.18293,0.24390
76,381,0.01562,-0.06299,-1.02393,-0.24390,0.24390,0.30488
77,386,0.01562,-0.06348,-1.02393,-0.42683,0.12195,0.24390
78,391,0.01562,-0.06348,-1.02393,-0.42683,0.12195,0.24390
79,396,0.01514,-0.06348,-1.02393,-0.36585,0.30488,0.30488
80,401,0.01367,-0.06494,-1.01904,-0.36585,0.24390,0.30488
81,405,0.01709,-0.06299,-1.01611,-0.42683,0.12195,0.24390
82,410,0.01270,-0.06152,-1.01709,-0.42683,0.06098,0.18293
83,415,0.01270,-0.06641,-1.02441,-0.36585,0.06098,0.24390
84,421,0.01416,-0.06543,-1.02490,-0.42683,0.24390,0.24390
85,426,0.01611,-0.06006,-1.01904,-0.42683,0.18293,0.36585
86,431,0.01465,-0.06055,-1.02393,-0.36585,0.18293,0.36585
87,436,0.01416,-0.06445,-1.02490,-0.18293,0.24390,0.30488
88,441,0.01465,-0.06543,-1.01807,-0.36585,0.24390,0.30488
89,446,0.01611,-0.06494,-1.02197,-0.36585,0.24390,0.24390
90,450,0.01123,-0.06055,-1.02246,-0.48780,0.30488,0.30488
91,455,0.01367,-0.06445,-1.02588,-0.24390,0.24390,0.30488
92,461,0.01465,-0.06445,-1.02197,-0.24390,0.18293,0.24390
93,466,0.01514,-0.06445,-1.02344,-0.42683,0.12195,0.18293
94,471,0.01318,-0.06396,-1.02441,-0.54878,0.12195,0.30488
95,476,0.01660,-0.06348,-1.02393,-0.48780,0.24390,0.30488
96,481,0.01660,-0.06396,-1.01953,-0.30488,0.30488,0.12195
97,486,0.01270,-0.06152,-1.02197,-0.30488,0.18293,0.18293
98,490,0.01465,-0.06152,-1.02734,-0.30488,0.18293,0.30488
99,495,0.01270,-0.06299,-1.02490,-0.54878,0.30488,0.30488
100,500,0.01416,-0.06299,-1.02344,-0.42683,0.12195,0.24390
101,506,0.01807,-0.06201,-1.01758,-0.24390,0.12195,0.18293
102,511,0.01660,-0.06445,-1.02148,-0.48780,0.18293,0.24390
103,516,0.01709,-0.06299,-1.02441,-0.42683,0.12195,0.36585
104,521,0.01514,-0.06152,-1.02051,-0.30488,0.12195,0.36585
105,526,0.01367,-0.06201,-1.02344,-0.30488,0.24390,0.36585
106,530,0.01855,-0.06396,-1.02148,-0.30488,0.12195,0.18293
107,535,0.01758,-0.06201,-1.02197,-0.30488,0.12195,0.24390
108,540,0.01367,-0.06396,-1.02100,-0.54878,0.24390,0.30488
109,546,0.01611,-0.06445,-1.02246,-0.36585,0.18293,0.30488
110,551,0.01514,-0.06396,-1.02246,-0.42683,0.12195,0.24390
111,556,0.01562,-0.06494,-1.02246,-0.42683,0.18293,0.18293
112,561,0.01660,-0.06348,-1.01904,-0.36585,0.18293,0.24390
113,566,0.01465,-0.06152,-1.02197,-0.42683,0.12195,0.24390
114,571,0.01221,-0.06348,-1.02490,-0.36585,0.18293,0.30488
115,575,0.01318,-0.06348,-1.02246,-0.36585,0.18293,0.30488
116,580,0.01514,-0.06201,-1.02246,-0.48780,0.12195,0.30488
117,586,0.01709,-0.06250,-1.01904,-0.36585,0.18293,0.24390
118,591,0.01514,-0.06787,-1.02051,-0.30488,0.24390,0.24390
119,596,0.01660,-0.06494,-1.01758,-0.42683,0.24390,0.24390
120,601,0.01270,-0.06299,-1.01904,-0.42683,0.18293,0.30488
121,606,0.01758,-0.06006,-1.02393,-0.48780,0.18293,0.36585
122,611,0.01660,-0.06299,-1.02100,-0.42683,0.18293,0.36585
123,615,0.01416,-0.06299,-1.02344,-0.30488,0.24390,0.30488
124,620,0.01562,-0.06348,-1.02148,-0.36585,0.24390,0.24390
125,625,0.01611,-0.06348,-1.02393,-0.42683,0.18293,0.30488
126,631,0.01611,-0.06104,-1.02344,-0.42683,0.18293,0.24390
127,636,0.01807,-0.06299,-1.01709,-0.36585,0.18293,0.30488
128,641,0.01416,-0.06348,-1.01904,-0.30488,0.06098,0.24390
129,646,0.01318,-0.06006,-1.02490,-0.36585,0.12195,0.24390
130,651,0.01367,-0.06250,-1.02295,-0.42683,0.30488,0.18293
131,655,0.01514,-0.06348,-1.01904,-0.48780,0.18293,0.24390
132,660,0.01709,-0.06250,-1.02197,-0.42683,0.24390,0.12195
133,665,0.01367,-0.06250,-1.02197,-0.30488,0.18293,0.24390
134,671,0.01562,-0.06201,-1.02246,-0.36585,0.18293,0.36585
135,676,0.01514,-0.06445,-1.02246,-0.36585,0.24390,0.42683
136,681,0.01465,-0.06445,-1.02197,-0.24390,0.24390,0.36585
137,686,0.01221,-0.06641,-1.02051,-0.30488,0.24390,0.30488
138,691,0.01416,-0.06396,-1.02197,-0.36585,0.18293,0.30488
139,696,0.01562,-0.06348,-1.02197,-0.30488,0.18293,0.24390
140,700,0.01758,-0.06348,-1.01709,-0.30488,0.12195,0.30488
141,705,0.01807,-0.06250,-1.02197,-0.30488,0.12195,0.36585
142,711,0.01611,-0.06396,-1.02100,-0.24390,0.24390,0.24390
143,716,0.01367,-0.06299,-1.02002,-0.18293,0.30488,0.24390
144,721,0.01416,-0.06152,-1.02295,-0.30488,0.24390,0.18293
145,726,0.01465,-0.06445,-1.02100,-0.36585,0.18293,0.30488
146,731,0.01465,-0.06250,-1.02197,-0.30488,0.12195,0.42683
147,736,0.01416,-0.06250,-1.02051,-0.36585,0.12195,0.24390
148,740,0.01514,-0.06445,-1.02246,-0.36585,0.18293,0.24390
149,745,0.01318,-0.06348,-1.02148,-0.24390,0.12195,0.24390
150,750,0.01465,-0.06348,-1.02393,-0.42683,0.12195,0.30488
151,756,0.01465,-0.06250,-1.01855,-0.48780,0.12195,0.30488
152,761,0.01367,-0.06152,-1.02441,-0.42683,0.18293,0.30488
153,766,0.01367,-0.06299,-1.01953,-0.30488,0.24390,0.24390
154,771,0.01514,-0.06494,-1.02002,-0.36585,0.18293,0.18293
155,776,0.01709,-0.06396,-1.01758,-0.36585,0.12195,0.24390
156,780,0.01514,-0.06494,-1.01855,-0.30488,0.12195,0.30488
157,785,0.01123,-0.06299,-1.02246,-0.30488,0.00000,0.18293
158,790,0.01562,-0.06250,-1.02148,-0.36585,0.12195,0.24390
159,796,0.01416,-0.06396,-1.02148,-0.24390,0.18293,0.24390
160,801,0.01318,-0.06445,-1.01953,-0.24390,0.18293,0.24390
161,806,0.01416,-0.06348,-1.01807,-0.30488,0.30488,0.24390
162,811,0.01562,-0.06396,-1.02148,-0.30488,0.36585,0.24390
163,816,0.01807,-0.06494,-1.02295,-0.18293,0.30488,0.36585
164,821,0.01416,-0.06592,-1.02051,-0.30488,0.24390,0.24390
165,825,0.01416,-0.06299,-1.01904,-0.36585,0.06098,0.18293
166,830,0.01758,-0.06299,-1.01904,-0.36585,0.12195,0.24390
167,836,0.01172,-0.06348,-1.01758,-0.18293,0.24390,0.24390
168,841,0.01514,-0.06396,-1.01855,-0.24390,0.30488,0.30488
169,846,0.01562,-0.06299,-1.02441,-0.36585,0.18293,0.30488
170,851,0.01465,-0.06201,-1.02344,-0.30488,0.12195,0.30488
171,856,0.01367,-0.06348,-1.02100,-0.42683,0.18293,0.36585
172,861,0.01465,-0.06299,-1.01562,-0.48780,0.12195,0.36585
173,865,0.01758,-0.06641,-1.02002,-0.42683,0.00000,0.30488
174,870,0.01270,-0.06396,-1.02783,-0.36585,0.18293,0.18293
175,875,0.01611,-0.06250,-1.02441,-0.48780,0.24390,0.42683
176,881,0.01465,-0.06445,-1.02100,-0.36585,0.12195,0.30488
177,886,0.01416,-0.06348,-1.01953,-0.30488,0.24390,0.30488
178,891,0.01367,-0.06104,-1.02002,-0.36585,0.18293,0.30488
179,896,0.01367,-0.06396,-1.02197,-0.48780,0.12195,0.18293
180,901,0.01465,-0.06445,-1.02246,-0.36585,0.12195,0.24390
181,905,0.01221,-0.06494,-1.02588,-0.30488,0.18293,0.36585
182,910,0.01611,-0.06152,-1.02100,-0.30488,0.24390,0.24390
183,915,0.01172,-0.06299,-1.02100,-0.42683,0.30488,0.30488
184,921,0.01562,-0.06396,-1.02100,-0.30488,0.12195,0.30488
185,926,0.01807,-0.06299,-1.01904,-0.24390,0.30488,0.24390
186,931,0.01660,-0.06445,-1.02148,-0.30488,0.24390,0.12195
187,936,0.01367,-0.06445,-1.02100,-0.42683,0.24390,0.18293
188,941,0.01562,-0.06445,-1.02295,-0.36585,0.24390,0.30488
189,946,0.01270,-0.06348,-1.02539,-0.36585,0.24390,0.24390
190,950,0.01465,-0.06445,-1.02588,-0.36585,0.12195,0.24390
191,955,0.01416,-0.06348,-1.02246,-0.36585,0.06098,0.18293
192,961,0.01758,-0.06152,-1.01904,-0.48780,0.18293,0.24390
193,966,0.01709,-0.06494,-1.02051,-0.42683,0.30488,0.42683
194,971,0.01660,-0.06104,-1.01904,-0.30488,0.18293,0.30488
195,976,0.01709,-0.06299,-1.02197,-0.48780,0.06098,0.30488
196,981,0.01514,-0.06201,-1.02100,-0.42683,0.18293,0.30488
197,986,0.01709,-0.06299,-1.02393,-0.36585,0.24390,0.30488
198,990,0.01709,-0.06445,-1.02393,-0.36585,0.24390,0.24390
199,995,0.01709,-0.06445,-1.02393,-0.36585,0.24390,0.24390
200,1000,0.01367,-0.06787,-1.02148,-0.12195,0.18293,0.30488
201,1006,0.01221,-0.06494,-1.02100,-0.54878,0.12195,0.36585
202,1011,0.01221,-0.06152,-1.01855,-0.42683,0.18293,0.24390
203,1016,0.01514,-0.06250,-1.01904,-0.24390,0.12195,0.36585
204,1021,0.01660,-0.06152,-1.02002,-0.42683,0.12195,0.24390
205,1026,0.01660,-0.06152,-1.02002,-0.42683,0.12195,0.24390
206,1030,0.01367,-0.06055,-1.01709,-0.48780,0.18293,0.24390
207,1035,0.01318,-0.06152,-1.01904,-0.24390,0.12195,0.30488
208,1040,0.01270,-0.06201,-1.02295,-0.30488,0.18293,0.30488
209,1046,0.01660,-0.06250,-1.01758,-0.36585,0.18293,0.24390
210,1051,0.01562,-0.06348,-1.02051,-0.30488,0.12195,0.18293
211,1056,0.01465,-0.06445,-1.02197,-0.30488,0.30488,0.24390
212,1061,0.01465,-0.06445,-1.02197,-0.30488,0.30488,0.24390
213,1066,0.01758,-0.06152,-1.02295,-0.18293,0.30488,0.24390
214,1071,0.01758,-0.06396,-1.02002,-0.30488,0.24390,0.30488
215,1075,0.01660,-0.06396,-1.02148,-0.30488,0.18293,0.30488
216,1080,0.02002,-0.06396,-1.02051,-0.48780,0.24390,0.30488
217,1086,0.01709,-0.06543,-1.02197,-0.36585,0.24390,0.36585
218,1091,0.01709,-0.06543,-1.02197,-0.36585,0.24390,0.36585
219,1096,0.01270,-0.06543,-1.02100,-0.36585,0.30488,0.30488
220,1101,0.01465,-0.06152,-1.02100,-0.42683,0.18293,0.24390
221,1106,0.01611,-0.06445,-1.02051,-0.36585,0.06098,0.24390
222,1111,0.01807,-0.06543,-1.02100,-0.24390,0.24390,0.30488
223,1115,0.01562,-0.06250,-1.02295,-0.36585,0.06098,0.24390
224,1120,0.01514,-0.06592,-1.02002,-0.42683,0.12195,0.24390
225,1125,0.01562,-0.06787,-1.02002,-0.30488,0.18293,0.36585
226,1131,0.01465,-0.06348,-1.02490,-0.36585,0.24390,0.30488
227,1136,0.01660,-0.06299,-1.02344,-0.24390,0.24390,0.30488
228,1141,0.01270,-0.06445,-1.02148,-0.36585,0.12195,0.36585
229,1146,0.01318,-0.06299,-1.02539,-0.48780,0.18293,0.30488
230,1151,0.01611,-0.06299,-1.02393,-0.30488,0.12195,0.30488
231,1155,0.01416,-0.06396,-1.02246,-0.18293,0.24390,0.24390
232,1160,0.01318,-0.06201,-1.02051,-0.36585,0.24390,0.18293
233,1165,0.01318,-0.06299,-1.02100,-0.36585,0.18293,0.30488
234,1171,0.01367,-0.06250,-1.02197,-0.30488,0.24390,0.36585
235,1176,0.01221,-0.06543,-1.01953,-0.54878,0.24390,0.24390
236,1181,0.01465,-0.06299,-1.01758,-0.42683,0.18293,0.24390
237,1186,0.01514,-0.06250,-1.02490,-0.30488,0.24390,0.24390
238,1191,0.01270,-0.06445,-1.02539,-0.30488,0.24390,0.30488
239,1196,0.01221,-0.06055,-1.02246,-0.36585,0.30488,0.42683
240,1200,0.01562,-0.06396,-1.02393,-0.54878,0.18293,0.24390
241,1205,0.01465,-0.06445,-1.02295,-0.42683,0.18293,0.24390
242,1211,0.01660,-0.06396,-1.02441,-0.24390,0.12195,0.24390
243,1216,0.01270,-0.06494,-1.02197,-0.36585,0.18293,0.24390
244,1221,0.01465,-0.06494,-1.02002,-0.36585,0.18293,0.24390
245,1226,0.01562,-0.06250,-1.02100,-0.42683,0.24390,0.30488
246,1231,0.01270,-0.06201,-1.02148,-0.42683,0.24390,0.30488
247,1236,0.01514,-0.06250,-1.02588,-0.30488,0.18293,0.36585
248,1240,0.01465,-0.06592,-1.02441,-0.24390,0.18293,0.36585
249,1245,0.01416,-0.06592,-1.02002,-0.36585,0.12195,0.30488
250,1250,0.01270,-0.06543,-1.02490,-0.36585,0.18293,0.30488
251,1256,0.01074,-0.06592,-1.02393,-0.18293,0.24390,0.18293
252,1261,0.01709,-0.06445,-1.02051,-0.24390,0.18293,0.30488
253,1266,0.01172,-0.06348,-1.02246,-0.24390,0.06098,0.36585
254,1271,0.01709,-0.06396,-1.02393,-0.24390,0.12195,0.24390
255,1276,0.01807,-0.06152,-1.02295,-0.30488,0.24390,0.30488
256,1280,0.01465,-0.06494,-1.02148,-0.42683,0.18293,0.30488
257,1285,0.01514,-0.06543,-1.02246,-0.48780,0.24390,0.24390
258,1290,0.01514,-0.06445,-1.02246,-0.36585,0.24390,0.30488
259,1296,0.01318,-0.06299,-1.02197,-0.30488,0.18293,0.24390
260,1301,0.01562,-0.06396,-1.02734,-0.36585,0.12195,0.30488
261,1306,0.01660,-0.06543,-1.02051,-0.30488,0.18293,0.36585
262,1311,0.01660,-0.06250,-1.01953,-0.54878,0.24390,0.42683
263,1316,0.01514,-0.06250,-1.01709,-0.36585,0.24390,0.30488
264,1321,0.01367,-0.06299,-1.02100,-0.30488,0.24390,0.30488
265,1325,0.01367,-0.06299,-1.02295,-0.36585,0.24390,0.24390
266,1330,0.01611,-0.06104,-1.02490,-0.48780,0.18293,0.24390
267,1336,0.01660,-0.06104,-1.02197,-0.48780,0.18293,0.24390
268,1341,0.01709,-0.06494,-1.02002,-0.36585,0.18293,0.18293
269,1346,0.01562,-0.06348,-1.01953,-0.36585,0.12195,0.36585
270,1351,0.01465,-0.06104,-1.02002,-0.36585,0.12195,0.42683
271,1356,0.01807,-0.06543,-1.01807,-0.36585,0.18293,0.30488
272,1361,0.01514,-0.06396,-1.02246,-0.48780,0.18293,0.24390
273,1365,0.01514,-0.06348,-1.02295,-0.42683,0.24390,0.36585
274,1370,0.01709,-0.06104,-1.02051,-0.36585,0.12195,0.30488
275,1375,0.01562,-0.06152,-1.02002,-0.42683,0.18293,0.30488
276,1381,0.01416,-0.06396,-1.02148,-0.36585,0.12195,0.24390
277,1386,0.01221,-0.06250,-1.02051,-0.30488,0.18293,0.18293
278,1391,0.01660,-0.06055,-1.01904,-0.48780,0.18293,0.30488
279,1396,0.01416,-0.06543,-1.01855,-0.42683,0.12195,0.42683
280,1401,0.01611,-0.06396,-1.02197,-0.42683,0.18293,0.24390
281,1405,0.01416,-0.06055,-1.02344,-0.42683,0.18293,0.24390
282,1410,0.01465,-0.06592,-1.02197,-0.24390,0.18293,0.36585
283,1415,0.01367,-0.06299,-1.02393,-0.36585,0.18293,0.36585
284,1421,0.01465,-0.06592,-1.02588,-0.24390,0.18293,0.24390
285,1426,0.01514,-0.06592,-1.02344,-0.24390,0.18293,0.36585
286,1431,0.01367,-0.06348,-1.02295,-0.30488,0.24390,0.30488
287,1436,0.01709,-0.06299,-1.02441,-0.42683,0.18293,0.36585
288,1441,0.01562,-0.06445,-1.02197,-0.30488,0.24390,0.18293
289,1446,0.01367,-0.06201,-1.02441,-0.30488,0.18293,0.24390
290,1450,0.01514,-0.06299,-1.02344,-0.30488,0.18293,0.24390
291,1455,0.01367,-0.06396,-1.02051,-0.36585,0.24390,0.30488
292,1461,0.01709,-0.06689,-1.02002,-0.36585,0.24390,0.24390
293,1466,0.01318,-0.06543,-1.02441,-0.30488,0.24390,0.24390
294,1471,0.01318,-0.06006,-1.02441,-0.24390,0.12195,0.36585
295,1476,0.01367,-0.06689,-1.02344,-0.30488,0.24390,0.30488
296,1481,0.01514,-0.06494,-1.02490,-0.30488,0.30488,0.30488
297,1486,0.01709,-0.06250,-1.02490,-0.30488,0.24390,0.36585
298,1490,0.01416,-0.06543,-1.02246,-0.36585,0.30488,0.30488
299,1495,0.01709,-0.06445,-1.02344,-0.30488,0.24390,0.24390
300,1500,0.01611,-0.06348,-1.01953,-0.30488,0.18293,0.30488
301,1506,0.01367,-0.06201,-1.02002,-0.42683,0.24390,0.24390
302,1511,0.01416,-0.06152,-1.02832,-0.42683,0.06098,0.24390
303,1516,0.01318,-0.06250,-1.02295,-0.30488,0.18293,0.24390
304,1521,0.01465,-0.06348,-1.01807,-0.30488,0.18293,0.30488
305,1526,0.01367,-0.06445,-1.02100,-0.30488,0.18293,0.42683
306,1530,0.01416,-0.06201,-1.02148,-0.24390,0.12195,0.30488
307,1535,0.01367,-0.06592,-1.02637,-0.30488,0.18293,0.24390
308,1540,0.01611,-0.06250,-1.02002,-0.30488,0.06098,0.36585
309,1546,0.01416,-0.06445,-1.02393,-0.30488,0.12195,0.30488
310,1551,0.01514,-0.06445,-1.02295,-0.24390,0.24390,0.30488
311,1556,0.01562,-0.06445,-1.02051,-0.36585,0.18293,0.24390
312,1561,0.01270,-0.06494,-1.02002,-0.42683,0.12195,0.24390
313,1566,0.01172,-0.06201,-1.02100,-0.36585,0.12195,0.36585
314,1571,0.01562,-0.06055,-1.02393,-0.36585,0.30488,0.36585
315,1575,0.01367,-0.06152,-1.02539,-0.48780,0.36585,0.24390
316,1580,0.01416,-0.06152,-1.02441,-0.36585,0.30488,0.30488
317,1586,0.01660,-0.06396,-1.02295,-0.36585,0.24390,0.24390
318,1591,0.01953,-0.06299,-1.02148,-0.48780,0.18293,0.12195
319,1596,0.01562,-0.06006,-1.02197,-0.42683,0.12195,0.24390
320,1601,0.01611,-0.06445,-1.02148,-0.48780,0.24390,0.24390
321,1606,0.01465,-0.06738,-1.02344,-0.36585,0.18293,0.36585
322,1611,0.01562,-0.06348,-1.02051,-0.36585,0.18293,0.24390
323,1615,0.01611,-0.06348,-1.01807,-0.42683,0.24390,0.18293
324,1620,0.01514,-0.06494,-1.02295,-0.36585,0.18293,0.24390
325,1625,0.01562,-0.06396,-1.02197,-0.18293,0.30488,0.24390
326,1631,0.01807,-0.06348,-1.01953,-0.18293,0.18293,0.24390
327,1636,0.01367,-0.06348,-1.01904,-0.36585,0.12195,0.30488
328,1641,0.01318,-0.06543,-1.02197,-0.36585,0.24390,0.24390
329,1646,0.01318,-0.06201,-1.02100,-0.36585,0.06098,0.18293
330,1651,0.01514,-0.06348,-1.02148,-0.42683,0.18293,0.30488
331,1655,0.01709,-0.06494,-1.02539,-0.42683,0.06098,0.42683
332,1660,0.01465,-0.06396,-1.02393,-0.42683,0.18293,0.24390
333,1665,0.01465,-0.06396,-1.02393,-0.42683,0.18293,0.24390
334,1671,0.01416,-0.06348,-1.02441,-0.36585,0.12195,0.24390
335,1676,0.01465,-0.06543,-1.02539,-0.36585,0.12195,0.30488
336,1681,0.01514,-0.06396,-1.01611,-0.42683,0.24390,0.30488
337,1686,0.01562,-0.06494,-1.01611,-0.30488,0.18293,0.36585
338,1691,0.01514,-0.06348,-1.02295,-0.12195,0.18293,0.30488
339,1696,0.01514,-0.06348,-1.02295,-0.12195,0.18293,0.30488
340,1700,0.01611,-0.06250,-1.02344,-0.48780,0.18293,0.24390
341,1705,0.01562,-0.06641,-1.02197,-0.48780,0.18293,0.30488
342,1711,0.01416,-0.06445,-1.02441,-0.36585,0.30488,0.36585
343,1716,0.01367,-0.06494,-1.02295,-0.36585,0.18293,0.30488
344,1721,0.01514,-0.06299,-1.02637,-0.30488,0.18293,0.18293
345,1726,0.01758,-0.06348,-1.02100,-0.36585,0.06098,0.24390
346,1731,0.01758,-0.06348,-1.02100,-0.36585,0.06098,0.24390
347,1736,0.01660,-0.06250,-1.01953,-0.48780,0.00000,0.24390
348,1740,0.01465,-0.06348,-1.02197,-0.36585,0.24390,0.18293
349,1745,0.01416,-0.06299,-1.02490,-0.42683,0.24390,0.30488
350,1750,0.01514,-0.06250,-1.02246,-0.36585,0.18293,0.30488
351,1756,0.01416,-0.06201,-1.02051,-0.36585,0.12195,0.24390
352,1761,0.01416,-0.06201,-1.02051,-0.36585,0.12195,0.24390
353,1766,0.01318,-0.06396,-1.02100,-0.36585,0.18293,0.36585
354,1771,0.01807,-0.06543,-1.01758,-0.36585,0.12195,0.24390
355,1776,0.01465,-0.06641,-1.02002,-0.24390,0.24390,0.30488
356,1780,0.01318,-0.06543,-1.01855,-0.24390,0.24390,0.42683
357,1785,0.01465,-0.06152,-1.01855,-0.36585,0.18293,0.18293
358,1790,0.01123,-0.06543,-1.02295,-0.30488,0.18293,0.24390
359,1796,0.01318,-0.06152,-1.01855,-0.30488,0.12195,0.24390
360,1801,0.01611,-0.06201,-1.02295,-0.30488,0.12195,0.30488
361,1806,0.01172,-0.06396,-1.02588,-0.42683,0.06098,0.24390
362,1811,0.01367,-0.06201,-1.02148,-0.42683,0.24390,0.42683
363,1816,0.01660,-0.06299,-1.02148,-0.36585,0.24390,0.42683
364,1821,0.01709,-0.06738,-1.02783,-0.30488,0.12195,0.30488
365,1825,0.01465,-0.06494,-1.02100,-0.30488,0.18293,0.30488
366,1830,0.01758,-0.06299,-1.02002,-0.54878,0.18293,0.24390
367,1836,0.01416,-0.06445,-1.02197,-0.30488,0.12195,0.18293
368,1841,0.01465,-0.06250,-1.02197,-0.24390,0.18293,0.24390
369,1846,0.01123,-0.06299,-1.02441,-0.30488,0.18293,0.24390
370,1851,0.01465,-0.06494,-1.02588,-0.18293,0.18293,0.30488
371,1856,0.01465,-0.06250,-1.02295,-0.30488,0.06098,0.30488
372,1861,0.01416,-0.06201,-1.02002,-0.36585,0.12195,0.24390
373,1865,0.01758,-0.06445,-1.02148,-0.36585,0.18293,0.24390
374,1870,0.01416,-0.06543,-1.02344,-0.24390,0.18293,0.24390
375,1875,0.01367,-0.06348,-1.02148,-0.18293,0.06098,0.30488
376,1881,0.01465,-0.06348,-1.02002,-0.42683,0.06098,0.24390
377,1886,0.01514,-0.06201,-1.01904,-0.30488,0.30488,0.24390
378,1891,0.01270,-0.06348,-1.02100,-0.42683,0.30488,0.30488
379,1896,0.01562,-0.06201,-1.02148,-0.42683,0.18293,0.30488
380,1901,0.01562,-0.06201,-1.02539,-0.24390,0.18293,0.30488
381,1905,0.01855,-0.06494,-1.02246,-0.48780,0.06098,0.36585
382,1910,0.01123,-0.06348,-1.02148,-0.60976,0.12195,0.24390
383,1915,0.01660,-0.06250,-1.01904,-0.48780,0.18293,0.24390
384,1921,0.01367,-0.06152,-1.01807,-0.36585,0.24390,0.18293
385,1926,0.01465,-0.06299,-1.01953,-0.36585,0.18293,0.30488
386,1931,0.01709,-0.06738,-1.02197,-0.48780,0.06098,0.30488
387,1936,0.01611,-0.06201,-1.02148,-0.30488,0.12195,0.36585
388,1941,0.01465,-0.06348,-1.02393,-0.36585,0.06098,0.30488
389,1946,0.01318,-0.06592,-1.02441,-0.36585,0.18293,0.24390
390,1950,0.01221,-0.06201,-1.02051,-0.30488,0.06098,0.12195
391,1955,0.01367,-0.06104,-1.02344,-0.24390,0.24390,0.24390
392,1961,0.01758,-0.06348,-1.02490,-0.42683,0.24390,0.24390
393,1966,0.01709,-0.06250,-1.02344,-0.36585,0.18293,0.30488
394,1971,0.01367,-0.06250,-1.02100,-0.42683,0.24390,0.24390
395,1976,0.01172,-0.06543,-1.02051,-0.42683,0.24390,0.24390
396,1981,0.01123,-0.06445,-1.02490,-0.36585,0.24390,0.24390
397,1986,0.01465,-0.06201,-1.02002,-0.18293,0.18293,0.18293
398,1990,0.01367,-0.06348,-1.02539,-0.24390,0.18293,0.24390
399,1995,0.01465,-0.06445,-1.02441,-0.30488,0.12195,0.30488
400,2000,0.01660,-0.06055,-1.02051,-0.18293,0.12195,0.36585
401,2006,0.01807,-0.06641,-1.02197,-0.30488,0.06098,0.36585
402,2011,0.01709,-0.06494,-1.02100,-0.24390,0.24390,0.30488
403,2016,0.01709,-0.06250,-1.02002,-0.36585,0.24390,0.24390
404,2021,0.01221,-0.06104,-1.02197,-0.42683,0.06098,0.36585
405,2026,0.01416,-0.06055,-1.02197,-0.24390,0.18293,0.30488
406,2030,0.01562,-0.06250,-1.02539,-0.30488,0.30488,0.12195
407,2035,0.01660,-0.06641,-1.02197,-0.24390,0.12195,0.30488
408,2040,0.01465,-0.06445,-1.02490,-0.30488,0.18293,0.24390
409,2046,0.01416,-0.06299,-1.02393,-0.36585,0.24390,0.30488
410,2051,0.01562,-0.06152,-1.02344,-0.42683,0.30488,0.18293
411,2056,0.01611,-0.06006,-1.02051,-0.42683,0.24390,0.18293
412,2061,0.01611,-0.06348,-1.02148,-0.36585,0.12195,0.30488
413,2066,0.01562,-0.06592,-1.01904,-0.36585,0.12195,0.30488
414,2071,0.01807,-0.06250,-1.02295,-0.30488,0.12195,0.36585
415,2075,0.01514,-0.06201,-1.01855,-0.48780,0.12195,0.30488
416,2080,0.01416,-0.06445,-1.02441,-0.30488,0.18293,0.30488
417,2086,0.01611,-0.06396,-1.02588,-0.24390,0.30488,0.36585
418,2091,0.01514,-0.06104,-1.02295,-0.30488,0.30488,0.30488
419,2096,0.01465,-0.06494,-1.02539,-0.30488,0.24390,0.30488
420,2101,0.01709,-0.06348,-1.02344,-0.36585,0.24390,0.36585
421,2106,0.01611,-0.06396,-1.02148,-0.36585,0.18293,0.24390
422,2111,0.01416,-0.06396,-1.02441,-0.36585,0.18293,0.24390
423,2115,0.01562,-0.06152,-1.02002,-0.42683,0.18293,0.30488
424,2120,0.01562,-0.06299,-1.02148,-0.36585,0.12195,0.30488
425,2125,0.01709,-0.06494,-1.02344,-0.24390,0.12195,0.18293
426,2131,0.01562,-0.06299,-1.02344,-0.42683,0.18293,0.18293
427,2136,0.01318,-0.06250,-1.02100,-0.42683,0.18293,0.24390
428,2141,0.01562,-0.06201,-1.02344,-0.36585,0.24390,0.36585
429,2146,0.01562,-0.06494,-1.02100,-0.48780,0.18293,0.36585
430,2151,0.01562,-0.06055,-1.02051,-0.24390,0.24390,0.30488
431,2155,0.01465,-0.06348,-1.02197,-0.12195,0.30488,0.36585
432,2160,0.01318,-0.06543,-1.02393,-0.36585,0.12195,0.30488
433,2165,0.01611,-0.06152,-1.02539,-0.36585,0.18293,0.24390
434,2171,0.01465,-0.06055,-1.02588,-0.36585,0.24390,0.24390
435,2176,0.01611,-0.06494,-1.02051,-0.48780,0.24390,0.24390
436,2181,0.01562,-0.06250,-1.02393,-0.36585,0.12195,0.30488
437,2186,0.01611,-0.06006,-1.02344,-0.18293,0.18293,0.36585
438,2191,0.01514,-0.06494,-1.02539,-0.24390,0.18293,0.24390
439,2196,0.01660,-0.06299,-1.02344,-0.36585,0.18293,0.24390
440,2200,0.01611,-0.06201,-1.02393,-0.42683,0.12195,0.24390
441,2205,0.01514,-0.06348,-1.01953,-0.42683,0.18293,0.18293
442,2211,0.01660,-0.06445,-1.02051,-0.24390,0.18293,0.24390
443,2216,0.01514,-0.06348,-1.01953,-0.42683,0.06098,0.36585
444,2221,0.01660,-0.06055,-1.02100,-0.36585,0.18293,0.30488
445,2226,0.01367,-0.06250,-1.02295,-0.30488,0.24390,0.30488
446,2231,0.01221,-0.06348,-1.01953,-0.24390,0.18293,0.24390
447,2236,0.01221,-0.06348,-1.02100,-0.24390,0.18293,0.24390
448,2240,0.01562,-0.06104,-1.02490,-0.42683,0.06098,0.24390
449,2245,0.01318,-0.06543,-1.02490,-0.54878,0.18293,0.30488
450,2250,0.01562,-0.06787,-1.02100,-0.54878,0.18293,0.30488
451,2256,0.01611,-0.06299,-1.02148,-0.42683,0.18293,0.24390
452,2261,0.01514,-0.06152,-1.02051,-0.36585,0.18293,0.18293
453,2266,0.01514,-0.06104,-1.02246,-0.36585,0.24390,0.18293
454,2271,0.01318,-0.06592,-1.01953,-0.36585,0.06098,0.30488
455,2276,0.01514,-0.06592,-1.02246,-0.48780,0.12195,0.30488
456,2280,0.01514,-0.06494,-1.02686,-0.30488,0.36585,0.36585
457,2285,0.01465,-0.06299,-1.02344,-0.42683,0.18293,0.36585
458,2290,0.01562,-0.06299,-1.02197,-0.30488,0.06098,0.30488
459,2296,0.01660,-0.06494,-1.02295,-0.36585,0.30488,0.24390
460,2301,0.01709,-0.06201,-1.02637,-0.36585,0.36585,0.30488
461,2306,0.01514,-0.06250,-1.02100,-0.30488,0.12195,0.36585
462,2311,0.01221,-0.06152,-1.01953,-0.42683,0.00000,0.18293
463,2316,0.01514,-0.06348,-1.02197,-0.30488,0.12195,0.36585
464,2321,0.01660,-0.06201,-1.02393,-0.36585,0.24390,0.36585
465,2325,0.01416,-0.06348,-1.02344,-0.30488,0.18293,0.18293
466,2330,0.01807,-0.06104,-1.02295,-0.36585,0.18293,0.30488
467,2336,0.01465,-0.06299,-1.02393,-0.42683,0.12195,0.42683
468,2341,0.01416,-0.06592,-1.02344,-0.30488,0.18293,0.36585
469,2346,0.01270,-0.06006,-1.02393,-0.24390,0.24390,0.30488
470,2351,0.01172,-0.06201,-1.02148,-0.36585,0.24390,0.18293
471,2356,0.01416,-0.06494,-1.02637,-0.30488,0.12195,0.18293
472,2361,0.01611,-0.06152,-1.02441,-0.48780,0.18293,0.30488
473,2365,0.01611,-0.06152,-1.02441,-0.48780,0.18293,0.30488
474,2370,0.01514,-0.06592,-1.02295,-0.42683,0.18293,0.24390
475,2375,0.01367,-0.06104,-1.02295,-0.36585,0.00000,0.36585
476,2381,0.01562,-0.06543,-1.02539,-0.54878,0.24390,0.30488
477,2386,0.01514,-0.06250,-1.02734,-0.60976,0.18293,0.18293
478,2391,0.01709,-0.06494,-1.02100,-0.36585,0.12195,0.24390
479,2396,0.01465,-0.06543,-1.01807,-0.36585,0.06098,0.36585
480,2401,0.01465,-0.06543,-1.01807,-0.36585,0.06098,0.36585
481,2405,0.01221,-0.06445,-1.02100,-0.24390,0.12195,0.36585
482,2410,0.01367,-0.06348,-1.02344,-0.36585,0.18293,0.24390
483,2415,0.01465,-0.06201,-1.02002,-0.30488,0.06098,0.24390
484,2421,0.01221,-0.06396,-1.02734,-0.30488,0.30488,0.36585
485,2426,0.01318,-0.06299,-1.02539,-0.48780,0.24390,0.24390
486,2431,0.01318,-0.06299,-1.02539,-0.48780,0.24390,0.24390
487,2436,0.01416,-0.06348,-1.01855,-0.30488,0.18293,0.24390
488,2441,0.01416,-0.06445,-1.01758,-0.24390,0.24390,0.24390
489,2446,0.01465,-0.06396,-1.02441,-0.36585,0.18293,0.30488
490,2450,0.01758,-0.06250,-1.02197,-0.36585,0.18293,0.24390
491,2455,0.01416,-0.06250,-1.02393,-0.48780,0.18293,0.24390
492,2461,0.01465,-0.06348,-1.02197,-0.30488,0.18293,0.30488
493,2466,0.01709,-0.06494,-1.02002,-0.18293,0.12195,0.24390
494,2471,0.01318,-0.06348,-1.02344,-0.30488,0.12195,0.12195
495,2476,0.00928,-0.06396,-1.02197,-0.30488,0.06098,0.30488
496,2481,0.01611,-0.06396,-1.02148,-0.36585,0.18293,0.24390
497,2486,0.01562,-0.06055,-1.02148,-0.30488,0.24390,0.30488
498,2490,0.01758,-0.06494,-1.02295,-0.24390,0.18293,0.24390
499,2495,0.01465,-0.06299,-1.02100,-0.42683,0.12195,0.18293
500,2500,0.01318,-0.06543,-1.02197,-0.36585,0.30488,0.30488
501,2506,0.01514,-0.06445,-1.02197,-0.30488,0.12195,0.36585
502,2511,0.01514,-0.06250,-1.02100,-0.48780,0.24390,0.36585
503,2516,0.01318,-0.06885,-1.02246,-0.48780,0.30488,0.30488
504,2521,0.01270,-0.06201,-1.02246,-0.36585,0.18293,0.30488
505,2526,0.01318,-0.06201,-1.02100,-0.18293,0.24390,0.24390
506,2530,0.01855,-0.06445,-1.02002,-0.36585,0.18293,0.30488
507,2535,0.01611,-0.06348,-1.02490,-0.42683,0.12195,0.18293
508,2540,0.01904,-0.06104,-1.02344,-0.36585,0.18293,0.30488
509,2546,0.01758,-0.06348,-1.02246,-0.30488,0.24390,0.36585
510,2551,0.01611,-0.06299,-1.01953,-0.36585,0.18293,0.30488
511,2556,0.01611,-0.06543,-1.02246,-0.24390,0.06098,0.24390
512,2561,0.01514,-0.06396,-1.02148,-0.24390,0.12195,0.30488
513,2566,0.01465,-0.06104,-1.02197,-0.36585,0.24390,0.36585
514,2571,0.01318,-0.06592,-1.02881,-0.30488,0.18293,0.30488
515,2575,0.01367,-0.06592,-1.02344,-0.42683,0.18293,0.30488
516,2580,0.01465,-0.06396,-1.02051,-0.30488,0.24390,0.30488
517,2586,0.01709,-0.06641,-1.02002,-0.24390,0.30488,0.24390
518,2591,0.01416,-0.06494,-1.02051,-0.42683,0.24390,0.36585
519,2596,0.01514,-0.06250,-1.02490,-0.36585,0.30488,0.18293
520,2601,0.01562,-0.06299,-1.02051,-0.24390,0.12195,0.18293
521,2606,0.01416,-0.06494,-1.02344,-0.36585,0.18293,0.18293
522,2611,0.01367,-0.06396,-1.02246,-0.36585,0.24390,0.18293
523,2615,0.01514,-0.06299,-1.02441,-0.36585,0.24390,0.30488
524,2620,0.01611,-0.06104,-1.02197,-0.42683,0.24390,0.30488
525,2625,0.01514,-0.06104,-1.01807,-0.24390,0.24390,0.24390
526,2631,0.01465,-0.06445,-1.01904,-0.36585,0.12195,0.24390
527,2636,0.01514,-0.06250,-1.02393,-0.30488,0.18293,0.36585
528,2641,0.01709,-0.06055,-1.02100,-0.36585,0.18293,0.36585
529,2646,0.01514,-0.06299,-1.02002,-0.30488,0.12195,0.24390
530,2651,0.01758,-0.06592,-1.02295,-0.42683,0.24390,0.30488
531,2655,0.01562,-0.06543,-1.02539,-0.42683,0.12195,0.36585
532,2660,0.01416,-0.06104,-1.02393,-0.36585,0.06098,0.30488
533,2665,0.01758,-0.05957,-1.02148,-0.36585,0.24390,0.24390
534,2671,0.01562,-0.06250,-1.02100,-0.24390,0.18293,0.24390
535,2676,0.01514,-0.06348,-1.02832,-0.30488,0.12195,0.30488
536,2681,0.01514,-0.06299,-1.01953,-0.24390,0.12195,0.30488
537,2686,0.01318,-0.06250,-1.01855,-0.30488,0.18293,0.18293
538,2691,0.01416,-0.06445,-1.02588,-0.30488,0.12195,0.24390
539,2696,0.01270,-0.06445,-1.02246,-0.24390,0.12195,0.36585
540,2700,0.01416,-0.06348,-1.02393,-0.30488,0.00000,0.24390
541,2705,0.01465,-0.06152,-1.02344,-0.42683,0.24390,0.30488
542,2711,0.01611,-0.06250,-1.02051,-0.42683,0.42683,0.18293
543,2716,0.01855,-0.06445,-1.02686,-0.42683,0.24390,0.24390
544,2721,0.01514,-0.06250,-1.02539,-0.42683,0.00000,0.24390
545,2726,0.01807,-0.06445,-1.01855,-0.36585,0.30488,0.18293
546,2731,0.01465,-0.06396,-1.02148,-0.24390,0.24390,0.24390
547,2736,0.01611,-0.06201,-1.02393,-0.30488,0.06098,0.30488
548,2740,0.01465,-0.06348,-1.02295,-0.30488,0.06098,0.18293
549,2745,0.01953,-0.06055,-1.02441,-0.36585,0.24390,0.30488
550,2750,0.01465,-0.06201,-1.02393,-0.30488,0.30488,0.30488
551,2756,0.01318,-0.06250,-1.02344,-0.54878,0.12195,0.30488
552,2761,0.01221,-0.06445,-1.02295,-0.36585,0.12195,0.30488
553,2766,0.01562,-0.06494,-1.02246,-0.30488,0.18293,0.18293
554,2771,0.01416,-0.06494,-1.02246,-0.30488,0.12195,0.36585
555,2776,0.01562,-0.06201,-1.02441,-0.54878,0.18293,0.42683
556,2780,0.01660,-0.06348,-1.02393,-0.54878,0.36585,0.24390
557,2785,0.01416,-0.06250,-1.02344,-0.48780,0.30488,0.24390
558,2790,0.01367,-0.06494,-1.02539,-0.48780,0.06098,0.36585
559,2796,0.01562,-0.06299,-1.02295,-0.30488,0.12195,0.36585
560,2801,0.01318,-0.06396,-1.02393,-0.36585,0.18293,0.30488
561,2806,0.01221,-0.06641,-1.02246,-0.30488,0.24390,0.30488
562,2811,0.01416,-0.06543,-1.02686,-0.06098,0.18293,0.30488
563,2816,0.01367,-0.06445,-1.02393,-0.36585,0.24390,0.18293
564,2821,0.01416,-0.06445,-1.01904,-0.42683,0.30488,0.18293
565,2825,0.01611,-0.06250,-1.01855,-0.36585,0.18293,0.24390
566,2830,0.01562,-0.06104,-1.01807,-0.30488,0.12195,0.24390
567,2836,0.01562,-0.06494,-1.02197,-0.36585,0.12195,0.30488
568,2841,0.01416,-0.06445,-1.02344,-0.30488,0.12195,0.30488
569,2846,0.01514,-0.06299,-1.02490,-0.36585,0.12195,0.18293
570,2851,0.01270,-0.06299,-1.02637,-0.30488,0.18293,0.18293
571,2856,0.01758,-0.06299,-1.02246,-0.36585,0.30488,0.36585
572,2861,0.01367,-0.06250,-1.01953,-0.42683,0.24390,0.36585
573,2865,0.01611,-0.06445,-1.02148,-0.42683,0.12195,0.18293
574,2870,0.01416,-0.06641,-1.02441,-0.42683,0.18293,0.36585
575,2875,0.01611,-0.06396,-1.02344,-0.42683,0.18293,0.36585
576,2881,0.01465,-0.06445,-1.02539,-0.30488,0.12195,0.30488
577,2886,0.01562,-0.06348,-1.02686,-0.36585,0.18293,0.30488
578,2891,0.01172,-0.06543,-1.02100,-0.36585,0.12195,0.24390
579,2896,0.01367,-0.06543,-1.02588,-0.18293,0.18293,0.12195
580,2901,0.01367,-0.06396,-1.02295,-0.42683,0.18293,0.12195
581,2905,0.01416,-0.06445,-1.01904,-0.24390,0.12195,0.24390
582,2910,0.01318,-0.06396,-1.02100,-0.36585,0.12195,0.24390
583,2915,0.01562,-0.06104,-1.02197,-0.42683,0.06098,0.24390
584,2921,0.01807,-0.06592,-1.02197,-0.42683,0.12195,0.12195
585,2926,0.01270,-0.06201,-1.02344,-0.42683,0.18293,0.24390
586,2931,0.01416,-0.06396,-1.02148,-0.48780,0.18293,0.36585
587,2936,0.01514,-0.06396,-1.02197,-0.24390,0.12195,0.24390
588,2941,0.01562,-0.06445,-1.02295,-0.36585,0.18293,0.24390
589,2946,0.01562,-0.06396,-1.02002,-0.42683,0.12195,0.30488
590,2950,0.01367,-0.06445,-1.02148,-0.36585,0.18293,0.42683
591,2955,0.01318,-0.06299,-1.02490,-0.36585,0.12195,0.36585
592,2961,0.01514,-0.06396,-1.02246,-0.30488,0.18293,0.24390
593,2966,0.01465,-0.06445,-1.02197,-0.36585,0.24390,0.30488
594,2971,0.01221,-0.06592,-1.02441,-0.36585,0.18293,0.24390
595,2976,0.01172,-0.06445,-1.02783,-0.18293,0.18293,0.24390
596,2981,0.01709,-0.06543,-1.02100,-0.24390,0.24390,0.24390
597,2986,0.01660,-0.06201,-1.01904,-0.30488,0.24390,0.24390
598,2990,0.01514,-0.06396,-1.02441,-0.36585,0.06098,0.18293
599,2995,0.01367,-0.06445,-1.02051,-0.36585,0.06098,0.30488
600,3000,0.01221,-0.06348,-1.02051,-0.42683,0.12195,0.24390
601,3006,0.01709,-0.06445,-1.02393,-0.36585,0.18293,0.36585
602,3011,0.01807,-0.06543,-1.02051,-0.42683,0.30488,0.36585
603,3016,0.01709,-0.06396,-1.02441,-0.24390,0.24390,0.30488
604,3021,0.01611,-0.06396,-1.02100,-0.36585,0.24390,0.30488
605,3026,0.01074,-0.06592,-1.02246,-0.36585,0.12195,0.30488
606,3030,0.01172,-0.06250,-1.02197,-0.42683,0.06098,0.30488
607,3035,0.01172,-0.06250,-1.02197,-0.42683,0.06098,0.30488
608,3040,0.01611,-0.06299,-1.02441,-0.42683,0.18293,0.18293
609,3046,0.01465,-0.06396,-1.02197,-0.42683,0.12195,0.30488
610,3051,0.01611,-0.06396,-1.01953,-0.36585,0.18293,0.24390
611,3056,0.01855,-0.06543,-1.02148,-0.30488,0.12195,0.30488
612,3061,0.01416,-0.06201,-1.02246,-0.24390,0.12195,0.36585
613,3066,0.01221,-0.06250,-1.01904,-0.24390,0.12195,0.36585
614,3071,0.01221,-0.06250,-1.01904,-0.24390,0.12195,0.36585
615,3075,0.01416,-0.06543,-1.02246,-0.48780,0.24390,0.42683
616,3080,0.01367,-0.06641,-1.02344,-0.42683,0.24390,0.36585
617,3086,0.01416,-0.06250,-1.02051,-0.30488,0.24390,0.30488
618,3091,0.01611,-0.06445,-1.01855,-0.24390,0.24390,0.18293
619,3096,0.01758,-0.06396,-1.02051,-0.42683,0.24390,0.18293
620,3101,0.01758,-0.06396,-1.02051,-0.42683,0.24390,0.18293
621,3106,0.01611,-0.06348,-1.02539,-0.42683,0.24390,0.36585
622,3111,0.01465,-0.06592,-1.02344,-0.42683,0.18293,0.36585
623,3115,0.01221,-0.05957,-1.02100,-0.36585,0.12195,0.30488
624,3120,0.01709,-0.06104,-1.02197,-0.30488,0.30488,0.24390
625,3125,0.01270,-0.06299,-1.02246,-0.30488,0.18293,0.18293
626,3131,0.01123,-0.06445,-1.02246,-0.24390,0.12195,0.30488
627,3136,0.01611,-0.06641,-1.02197,-0.18293,0.18293,0.18293
628,3141,0.01562,-0.06494,-1.02246,-0.48780,0.24390,0.24390
629,3146,0.01367,-0.06396,-1.02393,-0.36585,0.24390,0.30488
630,3151,0.01904,-0.06250,-1.02002,-0.42683,0.30488,0.30488
631,3155,0.01611,-0.06299,-1.02344,-0.48780,0.06098,0.36585
632,3160,0.01514,-0.06201,-1.02344,-0.36585,0.06098,0.36585
633,3165,0.01416,-0.06201,-1.02246,-0.30488,0.24390,0.24390
634,3171,0.01562,-0.06201,-1.01953,-0.36585,0.24390,0.18293
635,3176,0.01562,-0.06396,-1.02393,-0.36585,0.30488,0.24390
636,3181,0.01465,-0.06445,-1.02393,-0.30488,0.24390,0.18293
637,3186,0.01709,-0.06494,-1.02783,-0.30488,0.12195,0.30488
638,3191,0.01660,-0.06348,-1.02441,-0.30488,0.12195,0.30488
639,3196,0.01660,-0.06494,-1.02295,-0.36585,0.12195,0.30488
640,3200,0.01367,-0.06348,-1.01904,-0.36585,0.06098,0.30488
641,3205,0.01465,-0.06396,-1.02637,-0.36585,0.18293,0.30488
642,3211,0.01465,-0.06104,-1.01953,-0.42683,0.24390,0.30488
643,3216,0.01270,-0.06641,-1.01709,-0.42683,0.24390,0.30488
644,3221,0.01367,-0.06250,-1.02100,-0.30488,0.18293,0.30488
645,3226,0.01562,-0.06250,-1.02637,-0.42683,0.18293,0.30488
646,3231,0.01514,-0.06689,-1.02100,-0.36585,0.30488,0.36585
647,3236,0.01758,-0.06348,-1.01904,-0.30488,0.18293,0.30488
648,3240,0.01416,-0.06006,-1.02295,-0.30488,0.06098,0.24390
649,3245,0.01514,-0.06055,-1.02051,-0.36585,0.12195,0.30488
650,3250,0.01270,-0.06152,-1.02051,-0.30488,0.12195,0.36585
651,3256,0.01270,-0.06592,-1.02002,-0.30488,0.18293,0.36585
652,3261,0.01514,-0.06592,-1.02344,-0.36585,0.24390,0.24390
653,3266,0.01416,-0.06543,-1.02588,-0.30488,0.24390,0.30488
654,3271,0.01562,-0.06348,-1.02393,-0.30488,0.06098,0.18293
655,3276,0.01562,-0.06445,-1.01660,-0.54878,0.18293,0.24390
656,3280,0.01514,-0.06445,-1.02344,-0.42683,0.24390,0.24390
657,3285,0.01367,-0.06152,-1.02490,-0.24390,0.24390,0.36585
658,3290,0.01270,-0.06348,-1.02295,-0.30488,0.12195,0.48780
659,3296,0.01270,-0.06348,-1.01953,-0.24390,0.18293,0.30488
660,3301,0.01611,-0.06396,-1.02148,-0.36585,0.12195,0.24390
661,3306,0.01611,-0.06348,-1.02051,-0.36585,0.18293,0.30488
662,3311,0.01172,-0.06250,-1.02344,-0.36585,0.30488,0.30488
663,3316,0.01514,-0.06592,-1.02344,-0.36585,0.30488,0.36585
664,3321,0.01514,-0.06348,-1.02539,-0.30488,0.30488,0.18293
665,3325,0.01270,-0.06250,-1.02539,-0.36585,0.30488,0.24390
666,3330,0.01367,-0.06396,-1.02344,-0.36585,0.24390,0.30488
667,3336,0.01465,-0.06152,-1.02246,-0.36585,0.18293,0.30488
668,3341,0.01123,-0.06494,-1.02344,-0.42683,0.24390,0.18293
669,3346,0.01318,-0.06445,-1.02490,-0.24390,0.24390,0.24390
670,3351,0.01514,-0.06250,-1.02148,-0.36585,0.24390,0.36585
671,3356,0.01660,-0.06299,-1.02490,-0.36585,0.06098,0.36585
672,3361,0.01709,-0.06396,-1.02295,-0.24390,0.12195,0.30488
673,3365,0.01562,-0.06396,-1.02686,-0.24390,0.12195,0.30488
674,3370,0.00977,-0.06689,-1.02148,-0.42683,0.18293,0.30488
675,3375,0.01367,-0.06348,-1.02197,-0.36585,0.12195,0.24390
676,3381,0.01465,-0.06348,-1.02295,-0.36585,0.18293,0.24390
677,3386,0.01416,-0.06445,-1.01758,-0.24390,0.30488,0.18293
678,3391,0.01514,-0.06299,-1.02100,-0.36585,0.18293,0.30488
679,3396,0.01709,-0.06201,-1.02197,-0.42683,0.12195,0.30488
680,3401,0.01758,-0.06689,-1.02246,-0.30488,0.24390,0.24390
681,3405,0.01709,-0.06738,-1.01855,-0.36585,0.06098,0.30488
682,3410,0.01514,-0.06543,-1.02002,-0.30488,0.12195,0.36585
683,3415,0.01465,-0.06494,-1.02197,-0.42683,0.18293,0.36585
684,3421,0.01416,-0.06299,-1.02539,-0.48780,0.30488,0.30488
685,3426,0.01318,-0.06152,-1.02588,-0.48780,0.18293,0.24390
686,3431,0.01562,-0.06299,-1.02539,-0.42683,0.06098,0.36585
687,3436,0.01807,-0.06445,-1.02148,-0.36585,0.12195,0.30488
688,3441,0.01611,-0.06055,-1.02100,-0.30488,0.24390,0.36585
689,3446,0.01367,-0.06201,-1.02295,-0.42683,0.12195,0.36585
690,3450,0.01660,-0.06689,-1.02441,-0.48780,0.18293,0.30488
691,3455,0.01611,-0.06348,-1.02197,-0.36585,0.18293,0.30488
692,3461,0.01660,-0.06396,-1.02441,-0.30488,0.06098,0.24390
693,3466,0.01562,-0.06494,-1.02148,-0.30488,0.12195,0.18293
694,3471,0.01367,-0.06445,-1.02393,-0.42683,0.18293,0.18293
695,3476,0.01367,-0.06348,-1.02197,-0.42683,0.18293,0.30488
696,3481,0.01367,-0.06738,-1.02295,-0.30488,0.18293,0.36585
697,3486,0.01562,-0.06348,-1.02197,-0.36585,0.18293,0.36585
698,3490,0.01318,-0.06201,-1.02148,-0.36585,0.12195,0.24390
699,3495,0.01514,-0.06250,-1.02148,-0.30488,0.12195,0.18293
700,3500,0.01367,-0.06348,-1.01904,-0.18293,0.12195,0.12195
701,3506,0.01660,-0.06104,-1.02295,-0.18293,0.06098,0.30488
702,3511,0.01562,-0.06396,-1.02246,-0.24390,0.06098,0.24390
703,3516,0.01367,-0.06396,-1.02197,-0.36585,0.18293,0.24390
704,3521,0.01807,-0.06592,-1.02686,-0.48780,0.12195,0.36585
705,3526,0.01465,-0.06299,-1.01904,-0.36585,0.12195,0.36585
706,3530,0.01123,-0.06445,-1.01855,-0.42683,0.18293,0.30488
707,3535,0.01562,-0.06592,-1.02246,-0.42683,0.12195,0.30488
708,3540,0.01416,-0.06250,-1.02002,-0.30488,0.12195,0.30488
709,3546,0.01465,-0.06396,-1.02100,-0.30488,0.12195,0.24390
710,3551,0.01611,-0.06396,-1.02051,-0.36585,0.18293,0.24390
711,3556,0.01562,-0.06201,-1.02393,-0.42683,0.18293,0.36585
712,3561,0.01660,-0.06396,-1.02148,-0.48780,0.18293,0.36585
713,3566,0.01562,-0.06592,-1.02197,-0.36585,0.18293,0.18293
714,3571,0.01660,-0.06494,-1.02051,-0.30488,0.30488,0.24390
715,3575,0.01709,-0.06445,-1.02393,-0.30488,0.24390,0.36585
716,3580,0.01562,-0.06543,-1.02002,-0.12195,0.18293,0.30488
717,3586,0.01562,-0.06299,-1.02100,-0.30488,0.12195,0.36585
718,3591,0.01465,-0.06494,-1.02295,-0.36585,0.18293,0.24390
719,3596,0.01611,-0.06396,-1.02002,-0.42683,0.24390,0.24390
720,3601,0.01465,-0.06250,-1.02734,-0.30488,0.12195,0.30488
721,3606,0.01465,-0.06299,-1.02441,-0.36585,0.24390,0.36585
722,3611,0.01611,-0.06104,-1.02148,-0.30488,0.18293,0.24390
723,3615,0.01514,-0.06250,-1.01904,-0.24390,0.12195,0.24390
724,3620,0.01514,-0.06494,-1.02051,-0.24390,0.12195,0.12195
725,3625,0.01709,-0.06396,-1.02295,-0.36585,0.18293,0.24390
726,3631,0.01562,-0.06299,-1.02393,-0.54878,0.24390,0.24390
727,3636,0.01758,-0.06592,-1.02783,-0.30488,0.00000,0.18293
728,3641,0.01514,-0.06494,-1.02051,-0.24390,0.24390,0.18293
729,3646,0.01416,-0.06299,-1.02197,-0.48780,0.12195,0.30488
730,3651,0.01953,-0.06396,-1.02344,-0.36585,0.18293,0.24390
731,3655,0.01465,-0.06299,-1.02100,-0.24390,0.30488,0.30488
732,3660,0.01416,-0.06396,-1.02051,-0.30488,0.18293,0.24390
733,3665,0.01172,-0.06592,-1.02881,-0.30488,0.12195,0.18293
734,3671,0.01318,-0.06396,-1.02393,-0.30488,0.24390,0.18293
735,3676,0.01660,-0.06348,-1.01904,-0.42683,0.24390,0.24390
736,3681,0.01514,-0.06592,-1.02002,-0.42683,0.12195,0.24390
737,3686,0.01270,-0.06543,-1.02295,-0.42683,0.12195,0.36585
738,3691,0.01416,-0.06250,-1.01904,-0.42683,0.12195,0.36585
739,3696,0.01562,-0.06348,-1.02246,-0.18293,0.24390,0.36585
740,3700,0.01562,-0.06348,-1.02490,-0.30488,0.24390,0.30488
741,3705,0.01562,-0.06348,-1.02490,-0.30488,0.24390,0.30488
742,3711,0.01465,-0.06250,-1.02148,-0.30488,0.12195,0.24390
743,3716,0.01270,-0.06543,-1.02197,-0.36585,0.18293,0.24390
744,3721,0.01855,-0.06396,-1.02148,-0.42683,0.24390,0.24390
745,3726,0.01514,-0.06055,-1.02100,-0.36585,0.18293,0.36585
746,3731,0.01465,-0.05908,-1.02393,-0.30488,0.24390,0.36585
747,3736,0.01270,-0.06201,-1.02246,-0.30488,0.12195,0.30488
748,3740,0.01270,-0.06201,-1.02246,-0.30488,0.12195,0.30488
749,3745,0.01855,-0.06348,-1.01660,-0.42683,0.18293,0.30488
750,3750,0.01611,-0.06201,-1.02051,-0.42683,0.18293,0.24390
751,3756,0.01758,-0.06299,-1.02100,-0.42683,0.18293,0.24390
752,3761,0.01709,-0.06641,-1.01758,-0.42683,0.18293,0.30488
753,3766,0.01758,-0.06299,-1.01807,-0.36585,0.18293,0.24390
754,3771,0.01758,-0.06299,-1.01807,-0.36585,0.18293,0.24390
755,3776,0.01514,-0.06592,-1.02637,-0.24390,0.06098,0.42683
756,3780,0.01416,-0.06494,-1.02246,-0.36585,0.12195,0.30488
757,3785,0.01562,-0.06152,-1.02295,-0.36585,0.24390,0.36585
758,3790,0.01562,-0.06201,-1.02002,-0.36585,0.24390,0.30488
759,3796,0.01465,-0.06152,-1.02344,-0.36585,0.18293,0.30488
760,3801,0.01465,-0.06152,-1.02344,-0.36585,0.18293,0.30488
761,3806,0.01416,-0.06543,-1.02051,-0.30488,0.18293,0.24390
762,3811,0.01709,-0.06494,-1.02344,-0.42683,0.24390,0.24390
763,3816,0.01611,-0.06348,-1.02490,-0.42683,0.30488,0.24390
764,3821,0.01221,-0.06445,-1.01904,-0.36585,0.30488,0.36585
765,3825,0.01514,-0.06250,-1.02148,-0.30488,0.24390,0.30488
766,3830,0.01660,-0.06494,-1.02246,-0.48780,0.30488,0.30488
767,3836,0.01709,-0.06348,-1.02295,-0.48780,0.18293,0.30488
768,3841,0.01562,-0.06494,-1.02002,-0.30488,0.18293,0.24390
769,3846,0.01416,-0.06348,-1.01904,-0.30488,0.18293,0.24390
770,3851,0.01514,-0.06445,-1.02637,-0.30488,0.30488,0.36585
771,3856,0.01514,-0.06494,-1.02295,-0.36585,0.24390,0.36585
772,3861,0.01611,-0.06104,-1.02344,-0.24390,0.12195,0.18293
773,3865,0.01318,-0.06396,-1.02393,-0.42683,0.18293,0.24390
774,3870,0.01172,-0.06104,-1.02148,-0.36585,0.18293,0.24390
775,3875,0.01562,-0.06348,-1.02539,-0.24390,0.24390,0.30488
776,3881,0.01367,-0.06348,-1.02441,-0.30488,0.18293,0.30488
777,3886,0.01514,-0.06543,-1.02344,-0.30488,0.12195,0.36585
778,3891,0.01318,-0.06494,-1.02344,-0.36585,0.18293,0.24390
779,3896,0.01123,-0.06201,-1.02490,-0.42683,0.12195,0.24390
780,3901,0.01465,-0.06201,-1.02246,-0.36585,0.12195,0.36585
781,3905,0.01611,-0.06348,-1.02344,-0.48780,0.24390,0.36585
782,3910,0.01270,-0.06396,-1.02393,-0.36585,0.18293,0.30488
783,3915,0.01465,-0.06299,-1.02246,-0.30488,0.18293,0.30488
784,3921,0.01953,-0.06445,-1.02344,-0.30488,0.18293,0.30488
785,3926,0.01904,-0.06250,-1.02148,-0.42683,0.06098,0.24390
786,3931,0.01172,-0.06250,-1.01855,-0.42683,0.12195,0.24390
787,3936,0.01562,-0.06396,-1.01758,-0.30488,0.18293,0.30488
788,3941,0.01416,-0.06787,-1.02393,-0.30488,0.18293,0.36585
789,3946,0.01318,-0.06689,-1.02588,-0.36585,0.18293,0.42683
790,3950,0.01807,-0.06250,-1.02197,-0.36585,0.12195,0.30488
791,3955,0.01709,-0.06201,-1.01611,-0.36585,0.24390,0.30488
792,3961,0.01562,-0.06445,-1.02002,-0.48780,0.18293,0.18293
793,3966,0.01807,-0.06250,-1.01904,-0.48780,0.18293,0.36585
794,3971,0.01660,-0.06445,-1.01807,-0.30488,0.18293,0.30488
795,3976,0.01904,-0.06348,-1.02100,-0.36585,0.24390,0.12195
796,3981,0.01270,-0.06055,-1.02246,-0.42683,0.18293,0.18293
797,3986,0.01562,-0.06250,-1.02295,-0.30488,0.18293,0.30488
798,3990,0.01807,-0.06689,-1.02246,-0.36585,0.24390,0.24390
799,3995,0.01074,-0.06152,-1.02197,-0.30488,0.12195,0.30488
800,4000,0.01123,-0.06348,-1.02100,-0.36585,0.24390,0.24390
801,4006,0.01270,-0.06396,-1.02148,-0.30488,0.18293,0.30488
802,4011,0.01465,-0.06250,-1.02100,-0.30488,0.06098,0.36585
803,4016,0.01416,-0.06494,-1.02344,-0.30488,0.00000,0.24390
804,4021,0.01562,-0.06348,-1.02441,-0.30488,0.06098,0.18293
805,4026,0.01611,-0.06348,-1.02197,-0.36585,0.24390,0.30488
806,4030,0.01660,-0.06299,-1.02246,-0.30488,0.24390,0.30488
807,4035,0.01855,-0.06348,-1.02490,-0.30488,0.24390,0.24390
808,4040,0.01367,-0.06494,-1.02197,-0.60976,0.18293,0.18293
809,4046,0.01611,-0.05957,-1.02148,-0.48780,0.00000,0.24390
810,4051,0.01514,-0.06299,-1.01904,-0.12195,0.18293,0.42683
811,4056,0.01270,-0.06592,-1.02100,-0.30488,0.24390,0.36585
812,4061,0.01514,-0.06250,-1.01709,-0.30488,0.12195,0.18293
813,4066,0.01660,-0.06299,-1.01904,-0.36585,0.00000,0.36585
814,4071,0.01611,-0.06396,-1.02490,-0.42683,0.12195,0.42683
815,4075,0.01367,-0.06201,-1.02441,-0.42683,0.18293,0.18293
816,4080,0.01074,-0.06152,-1.01904,-0.36585,0.12195,0.30488
817,4086,0.01270,-0.06348,-1.01904,-0.36585,0.18293,0.24390
818,4091,0.01318,-0.06445,-1.02246,-0.42683,0.30488,0.18293
819,4096,0.01367,-0.06152,-1.02051,-0.42683,0.30488,0.24390
820,4101,0.01514,-0.06396,-1.02344,-0.30488,0.18293,0.24390
821,4106,0.01660,-0.06494,-1.02246,-0.24390,0.18293,0.30488
822,4111,0.01514,-0.06104,-1.02002,-0.36585,0.12195,0.30488
823,4115,0.01416,-0.06445,-1.02490,-0.24390,0.24390,0.30488
824,4120,0.01611,-0.06348,-1.02344,-0.36585,0.24390,0.36585
825,4125,0.01514,-0.06396,-1.02246,-0.18293,0.24390,0.36585
826,4131,0.01465,-0.06348,-1.02246,-0.24390,0.24390,0.48780
827,4136,0.01514,-0.06299,-1.02734,-0.24390,0.18293,0.30488
828,4141,0.01562,-0.06543,-1.02197,-0.48780,0.18293,0.18293
829,4146,0.01416,-0.06543,-1.01709,-0.42683,0.12195,0.36585
830,4151,0.01416,-0.06494,-1.02197,-0.36585,0.30488,0.24390
831,4155,0.01318,-0.06348,-1.02734,-0.30488,0.24390,0.30488
832,4160,0.01709,-0.06348,-1.02344,-0.30488,0.18293,0.30488
833,4165,0.01514,-0.06348,-1.01709,-0.30488,0.24390,0.30488
834,4171,0.01416,-0.06299,-1.02197,-0.30488,0.24390,0.30488
835,4176,0.01855,-0.06152,-1.02148,-0.42683,0.12195,0.30488
836,4181,0.01660,-0.06592,-1.02539,-0.36585,0.18293,0.18293
837,4186,0.01318,-0.06445,-1.02051,-0.42683,0.12195,0.36585
838,4191,0.01514,-0.06494,-1.02100,-0.42683,0.12195,0.30488
839,4196,0.01270,-0.06445,-1.02441,-0.42683,0.18293,0.30488
840,4200,0.01367,-0.06543,-1.02295,-0.24390,0.24390,0.30488
841,4205,0.01611,-0.06250,-1.02344,-0.36585,0.30488,0.30488
842,4211,0.01465,-0.06201,-1.02588,-0.30488,0.24390,0.30488
843,4216,0.01416,-0.06445,-1.02344,-0.48780,0.12195,0.24390
844,4221,0.01367,-0.06396,-1.02344,-0.54878,0.24390,0.30488
845,4226,0.01709,-0.06445,-1.02344,-0.30488,0.18293,0.30488
846,4231,0.01465,-0.06299,-1.02344,-0.24390,0.18293,0.30488
847,4236,0.01465,-0.05957,-1.02441,-0.42683,0.00000,0.30488
848,4240,0.01514,-0.06396,-1.02148,-0.36585,0.12195,0.24390
849,4245,0.01416,-0.06396,-1.02051,-0.24390,0.12195,0.24390
850,4250,0.01709,-0.06201,-1.02295,-0.36585,0.24390,0.30488
851,4256,0.01416,-0.06348,-1.01709,-0.30488,0.18293,0.30488
852,4261,0.01416,-0.06592,-1.02002,-0.42683,0.12195,0.30488
853,4266,0.01172,-0.06641,-1.02246,-0.48780,0.12195,0.30488
854,4271,0.01660,-0.06055,-1.02246,-0.24390,0.12195,0.18293
855,4276,0.01709,-0.06250,-1.02246,-0.30488,0.18293,0.24390
856,4280,0.01611,-0.06543,-1.02246,-0.54878,0.24390,0.30488
857,4285,0.01611,-0.06201,-1.01855,-0.42683,0.24390,0.30488
858,4290,0.01465,-0.06445,-1.02637,-0.42683,0.24390,0.30488
859,4296,0.01660,-0.06201,-1.02393,-0.54878,0.18293,0.24390
860,4301,0.01611,-0.06348,-1.02246,-0.30488,0.24390,0.30488
861,4306,0.01562,-0.06299,-1.02344,-0.30488,0.12195,0.30488
862,4311,0.01611,-0.06445,-1.02441,-0.30488,0.18293,0.30488
863,4316,0.01270,-0.06543,-1.02148,-0.24390,0.24390,0.36585
864,4321,0.01514,-0.06152,-1.02441,-0.24390,0.18293,0.36585
865,4325,0.01465,-0.06396,-1.02295,-0.36585,0.18293,0.18293
866,4330,0.01416,-0.06445,-1.02295,-0.30488,0.06098,0.30488
867,4336,0.01514,-0.06543,-1.02100,-0.18293,0.18293,0.24390
868,4341,0.01709,-0.06738,-1.01953,-0.42683,0.18293,0.30488
869,4346,0.01611,-0.06201,-1.02002,-0.42683,0.18293,0.30488
870,4351,0.01611,-0.06543,-1.02246,-0.30488,0.30488,0.12195
871,4356,0.01465,-0.06250,-1.02441,-0.24390,0.24390,0.18293
872,4361,0.01709,-0.06201,-1.02344,-0.24390,0.12195,0.18293
873,4365,0.01465,-0.06152,-1.02051,-0.18293,0.18293,0.24390
874,4370,0.01660,-0.06592,-1.02344,-0.42683,0.18293,0.24390
875,4375,0.01562,-0.06299,-1.02197,-0.42683,0.12195,0.30488
876,4381,0.01514,-0.06543,-1.02441,-0.42683,0.06098,0.36585
877,4386,0.01758,-0.06201,-1.02197,-0.36585,0.12195,0.42683
878,4391,0.01270,-0.06250,-1.02344,-0.30488,0.24390,0.24390
879,4396,0.01367,-0.06152,-1.01904,-0.18293,0.12195,0.24390
880,4401,0.01514,-0.06152,-1.02002,-0.24390,0.12195,0.36585
881,4405,0.01270,-0.06299,-1.02344,-0.42683,0.18293,0.42683
882,4410,0.01270,-0.06299,-1.02344,-0.42683,0.18293,0.42683
883,4415,0.01514,-0.06543,-1.02100,-0.42683,0.18293,0.30488
884,4421,0.01318,-0.06104,-1.01953,-0.24390,0.24390,0.24390
885,4426,0.01416,-0.06348,-1.01807,-0.18293,0.24390,0.36585
886,4431,0.01123,-0.06348,-1.01953,-0.42683,0.18293,0.24390
887,4436,0.01611,-0.06299,-1.02344,-0.18293,0.18293,0.36585
888,4441,0.01611,-0.06299,-1.02344,-0.18293,0.18293,0.36585
889,4446,0.01416,-0.06348,-1.02393,-0.36585,0.18293,0.36585
890,4450,0.01514,-0.06396,-1.02197,-0.36585,0.12195,0.24390
891,4455,0.01318,-0.06543,-1.02295,-0.30488,0.12195,0.24390
892,4461,0.01660,-0.06006,-1.02002,-0.36585,0.18293,0.30488
893,4466,0.01562,-0.06201,-1.02100,-0.36585,0.12195,0.36585
894,4471,0.01562,-0.06201,-1.02100,-0.36585,0.12195,0.36585
895,4476,0.01611,-0.06250,-1.02393,-0.36585,0.12195,0.36585
896,4481,0.01367,-0.06299,-1.01807,-0.48780,0.24390,0.30488
897,4486,0.01025,-0.06494,-1.02295,-0.48780,0.36585,0.24390
898,4490,0.01660,-0.06348,-1.01855,-0.18293,0.18293,0.24390
899,4495,0.01758,-0.06250,-1.01709,-0.24390,0.24390,0.30488
900,4500,0.01660,-0.06250,-1.02246,-0.30488,0.12195,0.30488
901,4506,0.01562,-0.06396,-1.02393,-0.36585,0.18293,0.18293
902,4511,0.01367,-0.06299,-1.02441,-0.54878,0.12195,0.24390
903,4516,0.01367,-0.06348,-1.02148,-0.36585,0.18293,0.06098
904,4521,0.01123,-0.06543,-1.02148,-0.30488,0.18293,0.24390
905,4526,0.01709,-0.06250,-1.02295,-0.30488,0.18293,0.36585
906,4530,0.01709,-0.06250,-1.02393,-0.30488,0.12195,0.24390
907,4535,0.01270,-0.06104,-1.02344,-0.48780,0.12195,0.30488
908,4540,0.01416,-0.06299,-1.02246,-0.30488,0.18293,0.18293
909,4546,0.01416,-0.06299,-1.01807,-0.24390,0.18293,0.36585
910,4551,0.01709,-0.06152,-1.01416,-0.42683,0.12195,0.36585
911,4556,0.01416,-0.06006,-1.02344,-0.48780,0.18293,0.36585
912,4561,0.01562,-0.06201,-1.02197,-0.36585,0.30488,0.30488
913,4566,0.01025,-0.06348,-1.02148,-0.30488,0.18293,0.18293
914,4571,0.01367,-0.06250,-1.02197,-0.24390,0.06098,0.24390
915,4575,0.01367,-0.06348,-1.02197,-0.18293,0.18293,0.30488
916,4580,0.01514,-0.06494,-1.02295,-0.48780,0.18293,0.24390
917,4586,0.01660,-0.06250,-1.02393,-0.48780,0.18293,0.30488
918,4591,0.01660,-0.06152,-1.01953,-0.48780,0.30488,0.36585
919,4596,0.01465,-0.06592,-1.01855,-0.30488,0.30488,0.24390
920,4601,0.01367,-0.06592,-1.02588,-0.36585,0.18293,0.18293
921,4606,0.01270,-0.06201,-1.02441,-0.30488,0.24390,0.30488
922,4611,0.01367,-0.06494,-1.02490,-0.24390,0.24390,0.42683
923,4615,0.01074,-0.06055,-1.02441,-0.48780,0.18293,0.36585
924,4620,0.01758,-0.06152,-1.02295,-0.36585,0.18293,0.30488
925,4625,0.01562,-0.06348,-1.02441,-0.18293,0.12195,0.36585
926,4631,0.01416,-0.06689,-1.02100,-0.36585,0.12195,0.30488
927,4636,0.01416,-0.06250,-1.01709,-0.54878,0.12195,0.24390
928,4641,0.01709,-0.06250,-1.01807,-0.36585,0.24390,0.24390
929,4646,0.01514,-0.06445,-1.02148,-0.42683,0.18293,0.30488
930,4651,0.01465,-0.06494,-1.02686,-0.36585,0.18293,0.36585
931,4655,0.01611,-0.06689,-1.02197,-0.36585,0.24390,0.36585
932,4660,0.01611,-0.06348,-1.02441,-0.30488,0.18293,0.18293
933,4665,0.01318,-0.06250,-1.02734,-0.60976,0.00000,0.18293
934,4671,0.01807,-0.06494,-1.02344,-0.30488,0.18293,0.24390
935,4676,0.01855,-0.06494,-1.01709,-0.30488,0.24390,0.24390
936,4681,0.01758,-0.06494,-1.02148,-0.54878,0.06098,0.36585
937,4686,0.01514,-0.06592,-1.02295,-0.42683,0.12195,0.30488
938,4691,0.01172,-0.06494,-1.02148,-0.24390,0.24390,0.18293
939,4696,0.01270,-0.06738,-1.02344,-0.24390,0.18293,0.30488
940,4700,0.01416,-0.06494,-1.02148,-0.30488,0.12195,0.42683
941,4705,0.01514,-0.06396,-1.02295,-0.24390,0.12195,0.30488
942,4711,0.01367,-0.06445,-1.02197,-0.18293,0.24390,0.36585
943,4716,0.01367,-0.06299,-1.02100,-0.24390,0.12195,0.36585
944,4721,0.01660,-0.06104,-1.02295,-0.36585,0.06098,0.24390
945,4726,0.01416,-0.06445,-1.02832,-0.48780,0.18293,0.30488
946,4731,0.01709,-0.06152,-1.02246,-0.54878,0.12195,0.36585
947,4736,0.01416,-0.06055,-1.02051,-0.30488,0.18293,0.24390
948,4740,0.01465,-0.06396,-1.02148,-0.24390,0.24390,0.30488
949,4745,0.01562,-0.06348,-1.02588,-0.54878,0.24390,0.30488
950,4750,0.01465,-0.06201,-1.02686,-0.54878,0.18293,0.24390
951,4756,0.01416,-0.06592,-1.02295,-0.30488,0.24390,0.30488
952,4761,0.01270,-0.06250,-1.02197,-0.30488,0.12195,0.30488
953,4766,0.01367,-0.05811,-1.02490,-0.30488,0.18293,0.30488
954,4771,0.01709,-0.06348,-1.01855,-0.36585,0.18293,0.24390
955,4776,0.01562,-0.06494,-1.01807,-0.42683,0.12195,0.30488
956,4780,0.01514,-0.06494,-1.02295,-0.36585,0.18293,0.30488
957,4785,0.01074,-0.06152,-1.02539,-0.36585,0.12195,0.24390
958,4790,0.01123,-0.06689,-1.02295,-0.36585,0.18293,0.30488
959,4796,0.01367,-0.06250,-1.02051,-0.48780,0.24390,0.30488
960,4801,0.01514,-0.06396,-1.02344,-0.30488,0.24390,0.42683
961,4806,0.01318,-0.06592,-1.02051,-0.36585,0.06098,0.24390
962,4811,0.01367,-0.05957,-1.02344,-0.36585,0.12195,0.12195
963,4816,0.01758,-0.06250,-1.02344,-0.36585,0.12195,0.24390
964,4821,0.01416,-0.06494,-1.01758,-0.30488,0.18293,0.24390
965,4825,0.01562,-0.06152,-1.01953,-0.36585,0.12195,0.18293
966,4830,0.01318,-0.06250,-1.02393,-0.48780,0.12195,0.24390
967,4836,0.01855,-0.06201,-1.02344,-0.30488,0.24390,0.30488
968,4841,0.01221,-0.06201,-1.02246,-0.30488,0.18293,0.30488
969,4846,0.01172,-0.06299,-1.02148,-0.36585,0.06098,0.24390
970,4851,0.01221,-0.06445,-1.02344,-0.12195,0.12195,0.24390
971,4856,0.01270,-0.06689,-1.02393,-0.24390,0.12195,0.18293
972,4861,0.01562,-0.06641,-1.02148,-0.18293,0.18293,0.12195
973,4865,0.01221,-0.06348,-1.02100,-0.30488,0.18293,0.24390
974,4870,0.00928,-0.06543,-1.01953,-0.48780,0.12195,0.30488
975,4875,0.01318,-0.06299,-1.02002,-0.54878,0.24390,0.36585
976,4881,0.01562,-0.06543,-1.02246,-0.30488,0.30488,0.30488
977,4886,0.01562,-0.06396,-1.02197,-0.54878,0.12195,0.18293
978,4891,0.01416,-0.06396,-1.02246,-0.48780,0.06098,0.24390
979,4896,0.01270,-0.06348,-1.02344,-0.30488,0.30488,0.36585
980,4901,0.01562,-0.06836,-1.02686,-0.24390,0.30488,0.42683
981,4905,0.01611,-0.06201,-1.02441,-0.54878,0.00000,0.30488
982,4910,0.01025,-0.05566,-1.02246,-0.54878,0.12195,0.30488
983,4915,0.01660,-0.06299,-1.01660,-0.18293,0.18293,0.30488
984,4921,0.01904,-0.06787,-1.02100,-0.06098,0.18293,0.24390
985,4926,0.01904,-0.06592,-1.02246,-0.48780,0.00000,0.24390
986,4931,0.01270,-0.06396,-1.02051,-0.48780,0.06098,0.36585
987,4936,0.01221,-0.06152,-1.02441,-0.30488,0.18293,0.36585
988,4941,0.01318,-0.06348,-1.02246,-0.12195,0.24390,0.24390
989,4946,0.01611,-0.06396,-1.01660,-0.12195,0.24390,0.24390
990,4950,0.01758,-0.06592,-1.01855,-0.30488,0.06098,0.30488
991,4955,0.01367,-0.06445,-1.02246,-0.42683,0.12195,0.30488
992,4961,0.01074,-0.06348,-1.01709,-0.30488,0.12195,0.36585
993,4966,0.01709,-0.06299,-1.01660,-0.36585,0.18293,0.36585
994,4971,0.01318,-0.06592,-1.02246,-0.42683,0.18293,0.30488
995,4976,0.00781,-0.06299,-1.02539,-0.42683,0.18293,0.24390
996,4981,0.01758,-0.06299,-1.02148,-0.30488,0.12195,0.30488
997,4986,0.01318,-0.06299,-1.02441,-0.42683,0.24390,0.24390
998,4990,0.01270,-0.06641,-1.02295,-0.30488,0.18293,0.24390
999,4995,0.01807,-0.06641,-1.02393,-0.36585,0.30488,0.24390
1000,5000,0.01660,-0.06299,-1.02051,-0.54878,0.12195,0.30488
1001,5006,0.01270,-0.06055,-1.02686,-0.48780,0.12195,0.24390
1002,5011,0.01367,-0.06201,-1.02100,-0.30488,0.18293,0.24390
1003,5016,0.01514,-0.06641,-1.02393,-0.36585,0.30488,0.30488
1004,5021,0.01562,-0.06445,-1.02100,-0.54878,0.12195,0.36585
1005,5026,0.01562,-0.06201,-1.01904,-0.18293,0.18293,0.30488
1006,5030,0.01416,-0.06201,-1.02393,-0.30488,0.12195,0.30488
1007,5035,0.01807,-0.06396,-1.02490,-0.36585,0.00000,0.42683
1008,5040,0.01367,-0.06006,-1.02441,-0.24390,0.18293,0.42683
1009,5046,0.01611,-0.06201,-1.02588,-0.24390,0.06098,0.24390
1010,5051,0.01318,-0.06348,-1.02490,-0.54878,0.12195,0.30488
1011,5056,0.01611,-0.06006,-1.02246,-0.42683,0.24390,0.24390
1012,5061,0.01123,-0.06348,-1.02051,-0.42683,0.30488,0.30488
1013,5066,0.01270,-0.06348,-1.02490,-0.48780,0.18293,0.30488
1014,5071,0.01270,-0.06299,-1.02393,-0.42683,0.12195,0.24390
1015,5075,0.01416,-0.06396,-1.01904,-0.30488,0.24390,0.30488
1016,5080,0.01416,-0.06396,-1.01904,-0.30488,0.24390,0.30488
1017,5086,0.01221,-0.06201,-1.02148,-0.30488,0.12195,0.36585
1018,5091,0.01514,-0.06445,-1.02148,-0.18293,0.06098,0.18293
1019,5096,0.01660,-0.06299,-1.02197,-0.36585,0.06098,0.30488
1020,5101,0.01367,-0.06543,-1.02344,-0.54878,0.18293,0.36585
1021,5106,0.01367,-0.06494,-1.02148,-0.48780,0.12195,0.30488
1022,5111,0.01367,-0.06494,-1.02148,-0.48780,0.12195,0.30488
1023,5115,0.01514,-0.06299,-1.01953,-0.18293,0.30488,0.18293
1024,5120,0.01172,-0.06348,-1.02686,-0.30488,0.12195,0.24390
1025,5125,0.01562,-0.06250,-1.02588,-0.42683,0.12195,0.12195
1026,5131,0.01611,-0.06592,-1.02490,-0.36585,0.18293,0.24390
1027,5136,0.01318,-0.06250,-1.02686,-0.24390,0.18293,0.30488
1028,5141,0.01318,-0.06250,-1.02686,-0.24390,0.18293,0.30488
1029,5146,0.01465,-0.06250,-1.02295,-0.30488,0.12195,0.30488
1030,5151,0.01367,-0.06396,-1.02246,-0.24390,0.12195,0.30488
1031,5155,0.01367,-0.06299,-1.02246,-0.30488,0.30488,0.30488
1032,5160,0.01660,-0.06055,-1.02393,-0.36585,0.12195,0.24390
1033,5165,0.01025,-0.06348,-1.01709,-0.48780,0.00000,0.30488
1034,5171,0.01270,-0.06299,-1.02490,-0.24390,0.18293,0.18293
1035,5176,0.01270,-0.06299,-1.02490,-0.24390,0.18293,0.18293
1036,5181,0.01270,-0.06396,-1.02148,-0.24390,0.18293,0.24390
1037,5186,0.01514,-0.06299,-1.01660,-0.42683,0.18293,0.42683
1038,5191,0.01172,-0.06348,-1.02197,-0.60976,0.12195,0.42683
1039,5196,0.01367,-0.06201,-1.02246,-0.42683,0.18293,0.36585
1040,5200,0.01514,-0.06201,-1.02344,-0.30488,0.12195,0.30488
1041,5205,0.01465,-0.06689,-1.02100,-0.36585,0.12195,0.30488
1042,5211,0.01416,-0.06543,-1.01953,-0.30488,0.18293,0.18293
1043,5216,0.01270,-0.06494,-1.02197,-0.36585,0.18293,0.24390
1044,5221,0.01172,-0.06201,-1.02441,-0.36585,0.12195,0.36585
1045,5226,0.01221,-0.06104,-1.02148,-0.36585,0.18293,0.36585
1046,5231,0.01611,-0.06445,-1.01904,-0.18293,0.24390,0.24390
1047,5236,0.01367,-0.06006,-1.02344,-0.42683,0.18293,0.24390
1048,5240,0.01514,-0.06299,-1.02051,-0.48780,0.18293,0.36585
1049,5245,0.01611,-0.06396,-1.02100,-0.36585,0.12195,0.30488
1050,5250,0.01465,-0.06152,-1.02295,-0.36585,0.12195,0.24390
1051,5256,0.01416,-0.06299,-1.02295,-0.48780,0.24390,0.24390
1052,5261,0.01514,-0.06250,-1.01660,-0.36585,0.24390,0.18293
1053,5266,0.01758,-0.06348,-1.01562,-0.30488,0.18293,0.30488
1054,5271,0.01709,-0.06201,-1.02490,-0.42683,0.18293,0.24390
1055,5276,0.01270,-0.05957,-1.02393,-0.48780,0.30488,0.24390
1056,5280,0.01611,-0.06396,-1.02393,-0.36585,0.06098,0.36585
1057,5285,0.01611,-0.06445,-1.02588,-0.42683,0.06098,0.36585
1058,5290,0.01611,-0.06543,-1.02344,-0.30488,0.12195,0.24390
1059,5296,0.01367,-0.06494,-1.02100,-0.36585,0.24390,0.24390
1060,5301,0.01562,-0.06348,-1.01807,-0.36585,0.12195,0.24390
1061,5306,0.01660,-0.06299,-1.02100,-0.36585,0.30488,0.30488
1062,5311,0.01416,-0.06445,-1.02686,-0.30488,0.30488,0.30488
1063,5316,0.01709,-0.06396,-1.02441,-0.36585,0.24390,0.36585
1064,5321,0.01318,-0.06592,-1.02197,-0.12195,0.18293,0.18293
1065,5325,0.01514,-0.06543,-1.02441,-0.36585,0.12195,0.24390
1066,5330,0.01123,-0.06396,-1.02344,-0.42683,0.24390,0.36585
1067,5336,0.01465,-0.06396,-1.02197,-0.30488,0.24390,0.36585
1068,5341,0.01318,-0.06396,-1.01953,-0.48780,0.24390,0.24390
1069,5346,0.01416,-0.06201,-1.02344,-0.36585,0.18293,0.30488
1070,5351,0.01318,-0.06055,-1.02002,-0.42683,0.18293,0.36585
1071,5356,0.01611,-0.06445,-1.01514,-0.24390,0.18293,0.24390
1072,5361,0.01172,-0.06348,-1.02002,-0.36585,0.18293,0.18293
1073,5365,0.01465,-0.06104,-1.01904,-0.54878,0.18293,0.30488
1074,5370,0.01221,-0.06201,-1.02246,-0.36585,0.18293,0.30488
1075,5375,0.01367,-0.06641,-1.02393,-0.36585,0.18293,0.36585
1076,5381,0.01758,-0.06396,-1.02246,-0.48780,0.30488,0.24390
1077,5386,0.01611,-0.06104,-1.01758,-0.24390,0.18293,0.30488
1078,5391,0.01709,-0.06299,-1.02051,-0.36585,0.18293,0.30488
1079,5396,0.01660,-0.06250,-1.02441,-0.42683,0.18293,0.24390
1080,5401,0.01270,-0.06348,-1.02295,-0.36585,0.18293,0.24390
1081,5405,0.01562,-0.06348,-1.02393,-0.42683,0.18293,0.24390
1082,5410,0.01562,-0.06152,-1.02246,-0.42683,0.12195,0.18293
1083,5415,0.01514,-0.06250,-1.02051,-0.54878,0.18293,0.30488
1084,5421,0.01562,-0.06494,-1.02051,-0.42683,0.12195,0.36585
1085,5426,0.01172,-0.06104,-1.01611,-0.36585,0.18293,0.42683
1086,5431,0.01123,-0.06543,-1.02246,-0.24390,0.12195,0.36585
1087,5436,0.01221,-0.06494,-1.02148,-0.36585,0.12195,0.12195
1088,5441,0.01758,-0.06250,-1.02100,-0.42683,0.18293,0.24390
1089,5446,0.01416,-0.06104,-1.02441,-0.48780,0.18293,0.30488
1090,5450,0.01465,-0.06348,-1.02295,-0.30488,0.12195,0.36585
1091,5455,0.01465,-0.06592,-1.02393,-0.30488,0.18293,0.30488
1092,5461,0.01367,-0.06592,-1.02002,-0.42683,0.18293,0.18293
1093,5466,0.01172,-0.06201,-1.02441,-0.36585,0.18293,0.30488
1094,5471,0.01367,-0.06299,-1.02197,-0.30488,0.18293,0.18293
1095,5476,0.01855,-0.06396,-1.02002,-0.36585,0.12195,0.24390
1096,5481,0.01270,-0.06396,-1.02295,-0.54878,0.18293,0.18293
1097,5486,0.01123,-0.06299,-1.01855,-0.48780,0.12195,0.36585
1098,5490,0.01562,-0.06250,-1.01953,-0.36585,0.18293,0.48780
1099,5495,0.01172,-0.06396,-1.02344,-0.30488,0.12195,0.24390
1100,5500,0.01318,-0.06152,-1.02393,-0.42683,0.18293,0.36585
1101,5506,0.01611,-0.06152,-1.02051,-0.36585,0.30488,0.30488
1102,5511,0.01611,-0.06250,-1.01953,-0.30488,0.24390,0.18293
1103,5516,0.01416,-0.06299,-1.02393,-0.48780,0.18293,0.24390
1104,5521,0.01318,-0.06250,-1.02441,-0.30488,0.24390,0.30488
1105,5526,0.01709,-0.06152,-1.02148,-0.18293,0.12195,0.12195
1106,5530,0.01562,-0.06592,-1.02588,-0.36585,0.12195,0.18293
1107,5535,0.01221,-0.06152,-1.02002,-0.30488,0.06098,0.24390
1108,5540,0.00977,-0.06348,-1.02002,-0.36585,0.18293,0.30488
1109,5546,0.01562,-0.06641,-1.02295,-0.42683,0.24390,0.42683
1110,5551,0.01562,-0.06445,-1.02295,-0.24390,0.18293,0.36585
1111,5556,0.00977,-0.06299,-1.00977,-0.30488,0.12195,0.30488
1112,5561,0.01074,-0.05225,-0.99414,-0.42683,0.18293,0.30488
1113,5566,0.02539,-0.06641,-1.11035,0.54878,0.54878,0.24390
1114,5571,0.01855,-0.09912,-0.98047,0.18293,0.36585,0.24390
1115,5575,0.01465,-0.06396,-1.01611,-2.07317,-0.42683,0.18293
1116,5580,0.00391,-0.02539,-1.02100,-1.70732,-0.42683,0.24390
1117,5586,0.00586,-0.04980,-1.02246,0.54878,0.54878,0.30488
1118,5591,0.03027,-0.09521,-1.04199,1.58537,1.21951,0.36585
1119,5596,0.02686,-0.09619,-0.99512,-0.54878,0.24390,0.36585
1120,5601,0.00098,-0.03955,-1.02930,-2.50000,-0.97561,0.24390
1121,5606,0.00439,-0.03613,-1.04150,-0.24390,0.18293,0.18293
1122,5611,0.01953,-0.07422,-1.00732,1.40244,1.09756,0.42683
1123,5615,0.02881,-0.08105,-1.01318,-0.36585,0.24390,0.36585
1124,5620,0.01318,-0.06396,-1.04199,-1.34146,-0.30488,0.30488
1125,5625,0.01123,-0.06396,-1.02441,-0.42683,0.30488,0.30488
1126,5631,0.01514,-0.05811,-1.00391,-0.54878,0.06098,0.24390
1127,5636,0.00928,-0.05420,-1.02441,-0.54878,0.06098,0.36585
1128,5641,0.01611,-0.07178,-1.03369,0.42683,0.60976,0.30488
1129,5646,0.02393,-0.08105,-1.01074,-0.18293,0.48780,0.18293
1130,5651,0.01416,-0.05322,-1.02002,-1.40244,-0.30488,0.24390
1131,5655,0.00684,-0.04639,-1.03271,-0.54878,0.06098,0.30488
1132,5660,0.01562,-0.07520,-1.02148,0.67073,0.79268,0.30488
1133,5665,0.01904,-0.08008,-1.00732,-0.24390,0.24390,0.30488
1134,5671,0.00928,-0.05615,-1.03027,-1.09756,-0.24390,0.36585
1135,5676,0.00684,-0.05469,-1.01807,-0.12195,0.30488,0.24390
1136,5681,0.01953,-0.07031,-1.02002,0.18293,0.48780,0.36585
1137,5686,0.01807,-0.06982,-1.02051,-0.73171,-0.06098,0.24390
1138,5691,0.00830,-0.05713,-1.01367,-0.79268,-0.06098,0.24390
1139,5696,0.01758,-0.06250,-1.04053,-0.06098,0.36585,0.36585
1140,5700,0.01270,-0.07031,-1.00342,-0.18293,0.30488,0.30488
1141,5705,0.01367,-0.06152,-1.03516,-0.73171,-0.12195,0.36585
1142,5711,0.01367,-0.06299,-1.02002,-0.30488,0.24390,0.42683
1143,5716,0.01416,-0.06445,-1.01855,0.00000,0.24390,0.30488
1144,5721,0.01025,-0.06152,-1.02979,-0.48780,0.12195,0.30488
1145,5726,0.01318,-0.06592,-1.01611,-0.24390,0.24390,0.18293
1146,5731,0.01709,-0.06738,-1.02197,-0.42683,0.24390,0.18293
1147,5736,0.01172,-0.06055,-1.02393,-0.48780,0.12195,0.24390
1148,5740,0.00928,-0.06152,-1.02490,-0.36585,0.24390,0.24390
1149,5745,0.01025,-0.06592,-1.02002,-0.24390,0.24390,0.24390
1150,5750,0.01025,-0.06592,-1.02002,-0.24390,0.24390,0.24390
1151,5756,0.01562,-0.06250,-1.02246,-0.30488,0.18293,0.30488
1152,5761,0.01611,-0.06348,-1.02002,-0.30488,0.12195,0.18293
1153,5766,0.01611,-0.06348,-1.01855,-0.54878,0.18293,0.36585
1154,5771,0.01318,-0.06348,-1.02246,-0.18293,0.18293,0.24390
1155,5776,0.01465,-0.06689,-1.01807,-0.06098,0.36585,0.24390
1156,5780,0.01465,-0.06689,-1.01807,-0.06098,0.36585,0.24390
1157,5785,0.01367,-0.06836,-1.01904,-0.42683,0.18293,0.30488
1158,5790,0.01172,-0.06152,-1.01709,-0.67073,0.06098,0.24390
1159,5796,0.02295,-0.07031,-1.11279,0.60976,0.60976,0.36585
1160,5801,0.02002,-0.07812,-0.98535,-0.30488,0.06098,0.36585
1161,5806,0.01221,-0.07080,-1.01270,-1.03659,0.00000,0.42683
1162,5811,0.01221,-0.07080,-1.01270,-1.03659,0.00000,0.42683
1163,5816,0.01611,-0.04639,-1.01709,-0.79268,0.12195,0.30488
1164,5821,0.00879,-0.05713,-1.02441,-0.12195,0.18293,0.36585
1165,5825,0.01611,-0.06689,-1.03857,-0.12195,0.54878,0.36585
1166,5830,0.02588,-0.08398,-1.00000,0.24390,0.54878,0.18293
1167,5836,0.00049,-0.04102,-1.03955,-1.15854,-0.30488,0.30488
1168,5841,0.01172,-0.06250,-1.01514,0.73171,0.85366,0.24390
1169,5846,0.01172,-0.06250,-1.01514,0.73171,0.85366,0.24390
1170,5851,0.02246,-0.08057,-1.00928,0.12195,0.54878,0.30488
1171,5856,0.01416,-0.06494,-1.03564,-1.21951,-0.24390,0.24390
1172,5861,0.01123,-0.06006,-1.02930,-0.60976,0.12195,0.24390
1173,5865,0.01807,-0.06494,-1.00391,0.12195,0.48780,0.30488
1174,5870,0.01562,-0.06055,-1.01904,-0.67073,-0.12195,0.18293
1175,5875,0.01416,-0.05908,-1.02881,-0.24390,0.30488,0.30488
1176,5881,0.02246,-0.07568,-1.01465,0.36585,0.67073,0.42683
1177,5886,0.01660,-0.06885,-1.01416,-0.79268,-0.12195,0.30488
1178,5891,0.00537,-0.04980,-1.03662,-1.03659,-0.30488,0.18293
1179,5896,0.01221,-0.06641,-1.02246,0.54878,0.54878,0.24390
1180,5901,0.02295,-0.07910,-1.01074,0.24390,0.42683,0.24390
1181,5905,0.01514,-0.06006,-1.02881,-1.09756,-0.18293,0.18293
1182,5910,0.00732,-0.05371,-1.02783,-0.42683,0.24390,0.30488
1183,5915,0.01758,-0.06982,-1.01465,0.24390,0.48780,0.30488
1184,5921,0.01709,-0.06641,-1.01953,-0.60976,0.00000,0.30488
1185,5926,0.01221,-0.06055,-1.02441,-0.73171,0.06098,0.30488
1186,5931,0.01904,-0.06885,-1.02148,-0.06098,0.36585,0.30488
1187,5936,0.01758,-0.06885,-1.01465,-0.24390,0.06098,0.24390
1188,5941,0.00781,-0.05518,-1.03076,-0.85366,-0.24390,0.24390
1189,5946,0.01318,-0.06348,-1.02686,-0.18293,0.30488,0.36585
1190,5950,0.01904,-0.07666,-1.01709,0.12195,0.48780,0.30488
1191,5955,0.01367,-0.06494,-1.02539,-0.79268,-0.06098,0.36585
1192,5961,0.01025,-0.05566,-1.02637,-0.60976,0.06098,0.24390
1193,5966,0.01904,-0.06738,-1.01807,0.24390,0.42683,0.12195
1194,5971,0.01807,-0.06982,-1.01514,-0.36585,0.12195,0.24390
1195,5976,0.01367,-0.05762,-1.02637,-0.60976,-0.06098,0.30488
1196,5981,0.01270,-0.06445,-1.02734,0.00000,0.30488,0.30488
1197,5986,0.01514,-0.07129,-1.02197,-0.30488,0.12195,0.30488
1198,5990,0.01416,-0.06201,-1.02295,-0.73171,0.00000,0.30488
1199,5995,0.01172,-0.06348,-1.02051,-0.18293,0.30488,0.36585
1200,6000,0.01611,-0.06934,-1.01514,-0.12195,0.30488,0.24390
1201,6006,0.01221,-0.06055,-1.02051,-0.60976,-0.06098,0.24390
1202,6011,0.01465,-0.05762,-1.02246,-0.42683,0.12195,0.24390
1203,6016,0.01660,-0.06982,-1.01807,-0.12195,0.30488,0.24390
1204,6021,0.01416,-0.06689,-1.02051,-0.54878,0.12195,0.30488
1205,6026,0.01172,-0.06201,-1.02490,-0.54878,0.06098,0.30488
1206,6030,0.01318,-0.06201,-1.02588,-0.24390,0.30488,0.18293
1207,6035,0.01611,-0.06641,-1.02051,-0.42683,0.24390,0.18293
1208,6040,0.01221,-0.06396,-1.02344,-0.48780,0.06098,0.18293
1209,6046,0.01270,-0.06348,-1.02295,-0.36585,0.24390,0.24390
1210,6051,0.01855,-0.06836,-1.02051,-0.24390,0.24390,0.24390
1211,6056,0.01514,-0.06299,-1.02100,-0.48780,0.06098,0.24390
1212,6061,0.01123,-0.06104,-1.02051,-0.36585,0.18293,0.36585
1213,6066,0.01758,-0.06738,-1.02246,-0.06098,0.30488,0.36585
1214,6071,0.01514,-0.06787,-1.02051,-0.54878,0.06098,0.30488
1215,6075,0.01221,-0.06250,-1.02539,-0.42683,0.18293,0.30488
1216,6080,0.01318,-0.06396,-1.02002,-0.24390,0.18293,0.18293
1217,6086,0.01660,-0.06348,-1.02100,-0.24390,0.24390,0.24390
1218,6091,0.01416,-0.06445,-1.02100,-0.48780,0.00000,0.24390
1219,6096,0.01562,-0.06152,-1.01855,-0.42683,0.36585,0.36585
1220,6101,0.01709,-0.06152,-1.01953,-0.24390,0.24390,0.24390
1221,6106,0.01562,-0.06055,-1.02148,-0.42683,0.18293,0.18293
1222,6111,0.01025,-0.06445,-1.02686,-0.36585,0.24390,0.30488
1223,6115,0.01660,-0.06348,-1.02393,-0.18293,0.24390,0.30488
1224,6120,0.01562,-0.06299,-1.02100,-0.60976,0.18293,0.30488
1225,6125,0.01416,-0.06055,-1.01953,-0.48780,0.06098,0.24390
1226,6131,0.01367,-0.06445,-1.02002,-0.18293,0.24390,0.42683
1227,6136,0.01611,-0.06348,-1.02295,-0.48780,0.30488,0.36585
1228,6141,0.01416,-0.06299,-1.02295,-0.60976,0.12195,0.36585
1229,6146,0.01367,-0.06348,-1.02002,-0.42683,0.18293,0.42683
1230,6151,0.01709,-0.06299,-1.02344,-0.36585,0.24390,0.36585
1231,6155,0.01562,-0.06494,-1.02100,-0.30488,0.12195,0.30488
1232,6160,0.01660,-0.06543,-1.02246,-0.30488,0.18293,0.24390
1233,6165,0.01758,-0.06641,-1.02246,-0.42683,0.12195,0.36585
1234,6171,0.01318,-0.06250,-1.02393,-0.24390,0.12195,0.18293
1235,6176,0.01318,-0.06445,-1.02539,-0.18293,0.24390,0.24390
1236,6181,0.01270,-0.06445,-1.02539,-0.42683,0.12195,0.30488
1237,6186,0.01172,-0.06445,-1.02295,-0.30488,0.18293,0.24390
1238,6191,0.01270,-0.06104,-1.01709,-0.42683,0.12195,0.36585
1239,6196,0.01318,-0.06006,-1.02051,-0.42683,0.18293,0.30488
1240,6200,0.01514,-0.06494,-1.02100,-0.24390,0.12195,0.30488
1241,6205,0.01855,-0.06445,-1.02197,-0.24390,0.12195,0.30488
1242,6211,0.01611,-0.06152,-1.02344,-0.54878,0.12195,0.30488
1243,6216,0.01416,-0.06445,-1.02051,-0.30488,0.06098,0.24390
1244,6221,0.01611,-0.06299,-1.02344,-0.18293,0.24390,0.30488
1245,6226,0.01611,-0.06152,-1.02100,-0.36585,0.18293,0.30488
1246,6231,0.01367,-0.06250,-1.02002,-0.24390,0.24390,0.18293
1247,6236,0.01123,-0.06445,-1.02148,-0.30488,0.18293,0.30488
1248,6240,0.01416,-0.06201,-1.02246,-0.42683,0.18293,0.36585
1249,6245,0.01514,-0.06006,-1.02393,-0.30488,0.18293,0.24390
1250,6250,0.01709,-0.06445,-1.02539,-0.24390,0.24390,0.30488
1251,6256,0.01611,-0.06641,-1.02490,-0.42683,0.18293,0.36585
1252,6261,0.01270,-0.06445,-1.02002,-0.30488,0.18293,0.30488
1253,6266,0.01514,-0.06543,-1.01904,-0.24390,0.30488,0.18293
1254,6271,0.01465,-0.06201,-1.01807,-0.42683,0.24390,0.30488
1255,6276,0.01465,-0.06445,-1.02686,-0.48780,0.24390,0.30488
1256,6280,0.01855,-0.06787,-1.02393,-0.42683,0.18293,0.24390
1257,6285,0.01562,-0.06494,-1.02246,-0.30488,0.12195,0.36585
1258,6290,0.01611,-0.06006,-1.02490,-0.36585,0.12195,0.30488
1259,6296,0.01465,-0.06250,-1.02344,-0.30488,0.12195,0.30488
1260,6301,0.01367,-0.06299,-1.02734,-0.42683,0.30488,0.24390
1261,6306,0.01562,-0.06201,-1.02393,-0.30488,0.30488,0.30488
1262,6311,0.01562,-0.06250,-1.02197,-0.30488,0.18293,0.36585
1263,6316,0.01172,-0.06396,-1.02295,-0.42683,0.24390,0.18293
1264,6321,0.01221,-0.06299,-1.02344,-0.30488,0.18293,0.36585
1265,6325,0.01611,-0.06543,-1.02100,-0.42683,0.18293,0.36585
1266,6330,0.01416,-0.06348,-1.02344,-0.30488,0.30488,0.30488
1267,6336,0.01611,-0.06299,-1.02344,-0.42683,0.30488,0.24390
1268,6341,0.01660,-0.06494,-1.02295,-0.42683,0.12195,0.24390
1269,6346,0.01416,-0.06396,-1.02197,-0.36585,0.06098,0.24390
1270,6351,0.01514,-0.06494,-1.02197,-0.30488,0.12195,0.30488
1271,6356,0.01611,-0.06543,-1.02197,-0.42683,0.12195,0.36585
1272,6361,0.01367,-0.06201,-1.02246,-0.42683,0.12195,0.30488
1273,6365,0.01221,-0.06299,-1.02002,-0.30488,0.18293,0.30488
1274,6370,0.01367,-0.06592,-1.02344,-0.36585,0.12195,0.30488
1275,6375,0.01172,-0.06494,-1.02686,-0.36585,0.30488,0.18293
1276,6381,0.01807,-0.06250,-1.02100,-0.36585,0.30488,0.18293
1277,6386,0.01465,-0.06201,-1.02051,-0.30488,0.18293,0.18293
1278,6391,0.01416,-0.06250,-1.02100,-0.30488,0.18293,0.24390
1279,6396,0.01514,-0.06201,-1.02246,-0.48780,0.24390,0.18293
1280,6401,0.01270,-0.06201,-1.02148,-0.24390,0.24390,0.36585
1281,6405,0.01416,-0.06201,-1.02002,-0.30488,0.24390,0.30488
1282,6410,0.01611,-0.06299,-1.02393,-0.36585,0.24390,0.42683
1283,6415,0.01318,-0.06396,-1.02295,-0.36585,0.18293,0.36585
1284,6421,0.01318,-0.06104,-1.02246,-0.42683,0.18293,0.36585
1285,6426,0.01465,-0.06396,-1.02344,-0.30488,0.18293,0.30488
1286,6431,0.01514,-0.06348,-1.02051,-0.24390,0.24390,0.30488
1287,6436,0.01660,-0.06396,-1.01709,-0.36585,0.18293,0.42683
1288,6441,0.01660,-0.06689,-1.01953,-0.48780,0.30488,0.24390
1289,6446,0.01318,-0.06445,-1.02246,-0.30488,0.24390,0.24390
1290,6450,0.01318,-0.06445,-1.02246,-0.30488,0.24390,0.24390
1291,6455,0.01709,-0.06445,-1.02539,-0.30488,0.18293,0.24390
1292,6461,0.01660,-0.06201,-1.02588,-0.42683,0.12195,0.18293
1293,6466,0.01611,-0.06201,-1.02441,-0.36585,0.18293,0.24390
1294,6471,0.01758,-0.06201,-1.02246,-0.30488,0.18293,0.30488
1295,6476,0.01465,-0.06592,-1.02197,-0.24390,0.18293,0.36585
1296,6481,0.01465,-0.06592,-1.02197,-0.24390,0.18293,0.36585
1297,6486,0.01416,-0.06299,-1.02490,-0.36585,0.18293,0.30488
1298,6490,0.01465,-0.06152,-1.02295,-0.36585,0.24390,0.30488
1299,6495,0.01221,-0.06445,-1.02490,-0.30488,0.18293,0.24390
1300,6500,0.01562,-0.06445,-1.02197,-0.36585,0.12195,0.36585
1301,6506,0.01270,-0.06494,-1.02002,-0.30488,0.18293,0.30488
1302,6511,0.01807,-0.06494,-1.02148,-0.30488,0.06098,0.24390
1303,6516,0.01807,-0.06494,-1.02148,-0.30488,0.06098,0.24390
1304,6521,0.01611,-0.06592,-1.02100,-0.36585,0.18293,0.24390
1305,6526,0.01367,-0.06494,-1.02100,-0.30488,0.30488,0.36585
1306,6530,0.01221,-0.06445,-1.01953,-0.30488,0.18293,0.30488
1307,6535,0.01416,-0.06348,-1.02148,-0.48780,0.12195,0.24390
1308,6540,0.01172,-0.06494,-1.02441,-0.54878,0.18293,0.18293
1309,6546,0.01611,-0.06348,-1.02393,-0.42683,0.18293,0.30488
1310,6551,0.01318,-0.06396,-1.02295,-0.30488,0.24390,0.24390
1311,6556,0.01123,-0.06689,-1.02246,-0.24390,0.12195,0.30488
1312,6561,0.01514,-0.06494,-1.02246,-0.18293,0.18293,0.36585
1313,6566,0.01465,-0.06641,-1.02197,-0.42683,0.06098,0.24390
1314,6571,0.01367,-0.06348,-1.01953,-0.30488,0.12195,0.30488
1315,6575,0.01514,-0.06543,-1.01953,-0.30488,0.24390,0.36585
1316,6580,0.01953,-0.06494,-1.02051,-0.30488,0.12195,0.30488
1317,6586,0.01562,-0.06396,-1.02051,-0.30488,0.12195,0.24390
1318,6591,0.01416,-0.06396,-1.02246,-0.42683,0.12195,0.24390
1319,6596,0.01367,-0.06445,-1.02490,-0.30488,0.12195,0.24390
1320,6601,0.01514,-0.06494,-1.02100,-0.24390,0.12195,0.24390
1321,6606,0.01660,-0.06299,-1.01904,-0.18293,0.24390,0.24390
1322,6611,0.01611,-0.06396,-1.02100,-0.24390,0.12195,0.18293
1323,6615,0.01611,-0.06299,-1.01855,-0.42683,0.18293,0.18293
1324,6620,0.01270,-0.06641,-1.02197,-0.48780,0.30488,0.36585
1325,6625,0.01123,-0.06250,-1.02246,-0.30488,0.18293,0.36585
1326,6631,0.01465,-0.06396,-1.02197,-0.24390,0.06098,0.30488
1327,6636,0.01318,-0.06543,-1.01953,-0.48780,0.12195,0.24390
1328,6641,0.01270,-0.06445,-1.01904,-0.36585,0.18293,0.30488
1329,6646,0.01416,-0.06494,-1.02002,-0.24390,0.24390,0.30488
1330,6651,0.01270,-0.06494,-1.02832,-0.36585,0.24390,0.30488
1331,6655,0.01514,-0.06348,-1.02197,-0.30488,0.18293,0.24390
1332,6660,0.01514,-0.06445,-1.01904,-0.30488,0.24390,0.36585
1333,6665,0.01123,-0.06201,-1.02344,-0.36585,0.18293,0.36585
1334,6671,0.01172,-0.06250,-1.02344,-0.18293,0.24390,0.30488
1335,6676,0.01660,-0.06348,-1.02051,-0.30488,0.18293,0.30488
1336,6681,0.01318,-0.06445,-1.02246,-0.48780,0.24390,0.36585
1337,6686,0.01318,-0.06445,-1.01660,-0.48780,0.12195,0.24390
1338,6691,0.01367,-0.06445,-1.01807,-0.36585,0.00000,0.24390
1339,6696,0.01367,-0.06689,-1.02393,-0.30488,0.18293,0.30488
1340,6700,0.01611,-0.06543,-1.02344,-0.30488,0.24390,0.30488
1341,6705,0.01270,-0.06543,-1.02393,-0.42683,0.12195,0.30488
1342,6711,0.01123,-0.06396,-1.02344,-0.30488,0.12195,0.24390
1343,6716,0.01221,-0.06445,-1.02002,-0.42683,0.18293,0.24390
1344,6721,0.01367,-0.06299,-1.02344,-0.30488,0.24390,0.30488
1345,6726,0.01318,-0.06445,-1.02393,-0.18293,0.30488,0.30488
1346,6731,0.01758,-0.06494,-1.02197,-0.42683,0.18293,0.24390
1347,6736,0.01660,-0.06348,-1.02246,-0.30488,0.06098,0.30488
1348,6740,0.01514,-0.06396,-1.02100,-0.18293,0.12195,0.24390
1349,6745,0.01074,-0.06494,-1.02441,-0.36585,0.24390,0.36585
1350,6750,0.01465,-0.06299,-1.02539,-0.48780,0.30488,0.18293
1351,6756,0.01465,-0.06299,-1.02148,-0.42683,0.24390,0.18293
1352,6761,0.01514,-0.06592,-1.02051,-0.30488,0.18293,0.30488
1353,6766,0.01660,-0.06152,-1.02197,-0.36585,0.30488,0.12195
1354,6771,0.01709,-0.06006,-1.02393,-0.36585,0.24390,0.30488
1355,6776,0.01611,-0.06641,-1.02490,-0.18293,0.24390,0.36585
1356,6780,0.01416,-0.06689,-1.02344,-0.42683,0.18293,0.30488
1357,6785,0.01270,-0.06201,-1.01953,-0.30488,0.12195,0.24390
1358,6790,0.01270,-0.06055,-1.02441,-0.24390,0.24390,0.18293
1359,6796,0.01416,-0.06299,-1.02344,-0.36585,0.24390,0.24390
1360,6801,0.01514,-0.06396,-1.02344,-0.30488,0.18293,0.24390
1361,6806,0.01562,-0.06201,-1.02295,-0.18293,0.12195,0.36585
1362,6811,0.01562,-0.06689,-1.01855,-0.48780,0.12195,0.36585
1363,6816,0.01514,-0.06055,-1.01855,-0.24390,0.12195,0.30488
1364,6821,0.01807,-0.06592,-1.02246,-0.30488,0.30488,0.36585
1365,6825,0.01611,-0.06445,-1.02393,-0.42683,0.24390,0.36585
1366,6830,0.01465,-0.06494,-1.02197,-0.48780,0.06098,0.36585
1367,6836,0.01514,-0.06543,-1.02393,-0.60976,0.18293,0.36585
1368,6841,0.01221,-0.06152,-1.02148,-0.36585,0.24390,0.30488
1369,6846,0.01221,-0.06348,-1.02637,0.00000,0.30488,0.36585
1370,6851,0.01709,-0.06836,-1.02148,-0.42683,0.12195,0.30488
1371,6856,0.01562,-0.06055,-1.02148,-0.42683,0.12195,0.30488
1372,6861,0.01514,-0.06250,-1.02002,-0.48780,0.12195,0.36585
1373,6865,0.01318,-0.06445,-1.02246,-0.24390,0.30488,0.24390
1374,6870,0.01367,-0.06689,-1.02393,-0.36585,0.24390,0.30488
1375,6875,0.01221,-0.06152,-1.02344,-0.48780,0.24390,0.24390
1376,6881,0.01367,-0.06104,-1.02051,-0.30488,0.36585,0.30488
1377,6886,0.01660,-0.06299,-1.01953,-0.30488,0.12195,0.24390
1378,6891,0.01953,-0.06396,-1.02490,-0.36585,0.18293,0.30488
1379,6896,0.01514,-0.06836,-1.02246,-0.18293,0.24390,0.36585
1380,6901,0.00928,-0.06543,-1.02344,-0.30488,0.12195,0.30488
1381,6905,0.01660,-0.06299,-1.01904,-0.54878,0.12195,0.18293
1382,6910,0.01660,-0.06494,-1.02100,-0.36585,0.12195,0.30488
1383,6915,0.01758,-0.06641,-1.01611,-0.24390,0.18293,0.30488
1384,6921,0.01709,-0.06543,-1.02393,-0.30488,0.06098,0.24390
1385,6926,0.01025,-0.06299,-1.02490,-0.36585,0.12195,0.30488
1386,6931,0.01465,-0.06250,-1.02490,-0.36585,0.12195,0.24390
1387,6936,0.01514,-0.06494,-1.02148,-0.30488,0.24390,0.30488
1388,6941,0.01416,-0.06592,-1.02148,-0.12195,0.24390,0.24390
1389,6946,0.01611,-0.06104,-1.02539,-0.30488,0.12195,0.12195
1390,6950,0.01172,-0.06396,-1.02393,-0.54878,0.18293,0.12195
1391,6955,0.01562,-0.06396,-1.02344,-0.42683,0.24390,0.30488
1392,6961,0.01562,-0.06104,-1.02295,-0.30488,0.18293,0.30488
1393,6966,0.01514,-0.06396,-1.02197,-0.30488,0.24390,0.24390
1394,6971,0.01465,-0.06348,-1.02051,-0.48780,0.18293,0.30488
1395,6976,0.01807,-0.06396,-1.02344,-0.36585,0.30488,0.30488
1396,6981,0.01416,-0.06543,-1.02637,-0.18293,0.12195,0.36585
1397,6986,0.01172,-0.06152,-1.02393,-0.18293,0.12195,0.36585
1398,6990,0.01514,-0.05957,-1.02686,-0.30488,0.06098,0.36585
1399,6995,0.01611,-0.06396,-1.02295,-0.48780,0.00000,0.36585
1400,7000,0.01270,-0.06396,-1.01953,-0.54878,0.18293,0.30488
1401,7006,0.01562,-0.06201,-1.02148,-0.54878,0.18293,0.24390
1402,7011,0.01611,-0.06445,-1.01953,-0.36585,0.18293,0.24390
1403,7016,0.01562,-0.06299,-1.01807,-0.30488,0.06098,0.24390
1404,7021,0.01367,-0.06445,-1.01611,-0.36585,0.12195,0.18293
1405,7026,0.01611,-0.06543,-1.01953,-0.48780,0.18293,0.36585
1406,7030,0.01465,-0.06348,-1.02100,-0.36585,0.24390,0.24390
1407,7035,0.01514,-0.06201,-1.02197,-0.30488,0.24390,0.12195
1408,7040,0.01514,-0.06055,-1.02393,-0.30488,0.30488,0.18293
1409,7046,0.01270,-0.06201,-1.02490,-0.42683,0.18293,0.24390
1410,7051,0.01514,-0.06250,-1.02393,-0.42683,0.18293,0.36585
1411,7056,0.01270,-0.06494,-1.02295,-0.36585,0.24390,0.30488
1412,7061,0.01270,-0.06592,-1.02246,-0.42683,0.24390,0.30488
1413,7066,0.01367,-0.06396,-1.02148,-0.30488,0.18293,0.18293
1414,7071,0.01221,-0.06152,-1.02734,-0.36585,0.24390,0.18293
1415,7075,0.01367,-0.06250,-1.02734,-0.24390,0.18293,0.30488
1416,7080,0.01611,-0.06250,-1.02002,-0.36585,0.18293,0.30488
1417,7086,0.01855,-0.06445,-1.02100,-0.30488,0.18293,0.36585
1418,7091,0.01660,-0.06348,-1.02100,-0.30488,0.24390,0.30488
1419,7096,0.01221,-0.06348,-1.02051,-0.30488,0.12195,0.24390
1420,7101,0.01318,-0.06494,-1.02197,-0.30488,0.18293,0.24390
1421,7106,0.01416,-0.06494,-1.01758,-0.42683,0.18293,0.24390
1422,7111,0.01758,-0.06348,-1.02100,-0.30488,0.24390,0.30488
1423,7115,0.01416,-0.06396,-1.02295,-0.24390,0.12195,0.30488
1424,7120,0.01416,-0.06396,-1.02295,-0.24390,0.12195,0.30488
1425,7125,0.01514,-0.06396,-1.02246,-0.24390,0.12195,0.24390
1426,7131,0.01514,-0.06689,-1.02490,-0.42683,0.12195,0.30488
1427,7136,0.01367,-0.06152,-1.02197,-0.48780,0.18293,0.30488
1428,7141,0.01465,-0.06152,-1.01953,-0.48780,0.12195,0.24390
1429,7146,0.01611,-0.06299,-1.02002,-0.36585,0.12195,0.24390
1430,7151,0.01611,-0.06299,-1.02002,-0.36585,0.12195,0.24390
1431,7155,0.01270,-0.06250,-1.02490,-0.24390,0.06098,0.30488
1432,7160,0.01465,-0.06494,-1.02734,-0.24390,0.00000,0.30488
1433,7165,0.01514,-0.06348,-1.01953,-0.36585,0.06098,0.24390
1434,7171,0.01270,-0.06494,-1.02002,-0.30488,0.18293,0.24390
1435,7176,0.01367,-0.06592,-1.02197,-0.30488,0.30488,0.24390
1436,7181,0.01270,-0.06543,-1.02393,-0.48780,0.24390,0.42683
1437,7186,0.01270,-0.06543,-1.02393,-0.48780,0.24390,0.42683
1438,7191,0.01611,-0.06445,-1.02148,-0.48780,0.12195,0.36585
1439,7196,0.01514,-0.06445,-1.02441,-0.30488,0.18293,0.24390
1440,7200,0.01172,-0.06494,-1.02246,-0.30488,0.18293,0.18293
1441,7205,0.01172,-0.06445,-1.01904,-0.24390,0.18293,0.18293
1442,7211,0.01270,-0.06201,-1.02295,-0.30488,0.30488,0.30488
1443,7216,0.01270,-0.06201,-1.02295,-0.30488,0.30488,0.30488
1444,7221,0.01758,-0.06201,-1.02246,-0.48780,0.18293,0.30488
1445,7226,0.01318,-0.06592,-1.02393,-0.48780,0.12195,0.36585
1446,7231,0.01367,-0.06201,-1.02490,-0.48780,0.06098,0.30488
1447,7236,0.01514,-0.06543,-1.02393,-0.36585,0.24390,0.18293
1448,7240,0.01367,-0.06396,-1.02344,-0.30488,0.36585,0.30488
1449,7245,0.01465,-0.06299,-1.02100,-0.42683,0.24390,0.30488
1450,7250,0.01416,-0.06445,-1.02344,-0.36585,0.18293,0.30488
1451,7256,0.01318,-0.06348,-1.02100,-0.42683,0.30488,0.24390
1452,7261,0.01318,-0.06543,-1.02295,-0.67073,0.30488,0.24390
1453,7266,0.01465,-0.06494,-1.02539,-0.42683,0.30488,0.42683
1454,7271,0.01270,-0.06494,-1.02441,-0.54878,0.24390,0.30488
1455,7276,0.01270,-0.06543,-1.02441,-0.30488,0.18293,0.24390
1456,7280,0.01367,-0.06396,-1.02295,-0.30488,0.18293,0.30488
1457,7285,0.01709,-0.06152,-1.01904,-0.48780,0.24390,0.18293
1458,7290,0.01611,-0.06494,-1.02100,-0.36585,0.18293,0.18293
1459,7296,0.01562,-0.06396,-1.02344,-0.30488,0.18293,0.30488
1460,7301,0.01660,-0.06250,-1.02197,-0.36585,0.24390,0.30488
1461,7306,0.01660,-0.06152,-1.02393,-0.36585,0.24390,0.30488
1462,7311,0.01660,-0.06152,-1.01758,-0.48780,0.12195,0.24390
1463,7316,0.01611,-0.06445,-1.02246,-0.48780,0.18293,0.30488
1464,7321,0.01416,-0.06592,-1.02441,-0.30488,0.18293,0.36585
1465,7325,0.01465,-0.06055,-1.02197,-0.54878,0.12195,0.24390
1466,7330,0.01562,-0.06104,-1.02002,-0.24390,0.24390,0.24390
1467,7336,0.01465,-0.06641,-1.02441,-0.30488,0.18293,0.30488
1468,7341,0.01221,-0.06592,-1.02539,-0.36585,0.24390,0.30488
1469,7346,0.01514,-0.06201,-1.02295,-0.24390,0.24390,0.36585
1470,7351,0.01367,-0.06201,-1.02148,-0.18293,0.18293,0.30488
1471,7356,0.01367,-0.06494,-1.02002,-0.48780,0.12195,0.24390
1472,7361,0.01416,-0.06396,-1.02490,-0.48780,0.18293,0.18293
1473,7365,0.01367,-0.06543,-1.02393,-0.48780,0.18293,0.30488
1474,7370,0.01514,-0.06543,-1.02100,-0.54878,0.18293,0.30488
1475,7375,0.01611,-0.06494,-1.02002,-0.36585,0.00000,0.18293
1476,7381,0.01123,-0.06299,-1.02246,-0.36585,0.12195,0.30488
1477,7386,0.01416,-0.06592,-1.02490,-0.48780,0.30488,0.24390
1478,7391,0.01514,-0.06543,-1.02197,-0.48780,0.12195,0.24390
1479,7396,0.01758,-0.06543,-1.02295,-0.30488,0.12195,0.36585
1480,7401,0.01221,-0.06348,-1.02441,-0.30488,0.18293,0.30488
1481,7405,0.01416,-0.06445,-1.01904,-0.54878,0.18293,0.30488
1482,7410,0.01221,-0.06689,-1.02490,-0.42683,0.18293,0.24390
1483,7415,0.01123,-0.06299,-1.02637,-0.30488,0.18293,0.30488
1484,7421,0.01367,-0.06152,-1.02100,-0.42683,0.18293,0.36585
1485,7426,0.01465,-0.06348,-1.02490,-0.30488,0.12195,0.30488
1486,7431,0.01562,-0.06396,-1.02441,-0.42683,0.18293,0.18293
1487,7436,0.01514,-0.06641,-1.02295,-0.48780,0.18293,0.18293
1488,7441,0.01758,-0.06201,-1.02637,-0.36585,0.24390,0.36585
1489,7446,0.01611,-0.06348,-1.02197,-0.30488,0.12195,0.42683
1490,7450,0.01172,-0.06396,-1.02051,-0.24390,0.12195,0.36585
1491,7455,0.01416,-0.06201,-1.02295,-0.42683,0.18293,0.24390
1492,7461,0.01758,-0.06445,-1.02197,-0.48780,0.18293,0.24390
1493,7466,0.01758,-0.06152,-1.02148,-0.42683,0.12195,0.36585
1494,7471,0.01562,-0.05859,-1.02100,-0.36585,0.06098,0.30488
1495,7476,0.01270,-0.06299,-1.02051,-0.30488,0.12195,0.18293
1496,7481,0.01416,-0.06250,-1.02295,-0.36585,0.12195,0.24390
1497,7486,0.01514,-0.06250,-1.02393,-0.48780,0.12195,0.30488
1498,7490,0.01660,-0.06543,-1.02148,-0.30488,0.18293,0.36585
1499,7495,0.01660,-0.06592,-1.02295,-0.42683,0.12195,0.24390
1500,7500,0.01318,-0.06201,-1.02246,-0.36585,0.12195,0.24390
1501,7506,0.01465,-0.06104,-1.02246,-0.36585,0.24390,0.18293
1502,7511,0.01416,-0.06104,-1.02148,-0.12195,0.24390,0.30488
1503,7516,0.01758,-0.06592,-1.02441,-0.18293,0.24390,0.24390
1504,7521,0.01221,-0.06250,-1.02344,-0.36585,0.18293,0.30488
1505,7526,0.01172,-0.06348,-1.02002,-0.12195,0.24390,0.36585
1506,7530,0.01416,-0.06738,-1.02393,-0.24390,0.24390,0.30488
1507,7535,0.01660,-0.06641,-1.02441,-0.54878,0.18293,0.24390
1508,7540,0.01465,-0.06543,-1.02148,-0.42683,0.18293,0.30488
1509,7546,0.01514,-0.06348,-1.02051,-0.30488,0.18293,0.30488
1510,7551,0.01758,-0.06250,-1.02490,-0.30488,0.24390,0.30488
1511,7556,0.01465,-0.06445,-1.02539,-0.36585,0.30488,0.24390
1512,7561,0.01465,-0.06689,-1.02197,-0.30488,0.06098,0.24390
1513,7566,0.01465,-0.06299,-1.02246,-0.30488,0.12195,0.30488
1514,7571,0.01660,-0.06250,-1.01953,-0.30488,0.18293,0.18293
1515,7575,0.01660,-0.06348,-1.01904,-0.18293,0.18293,0.24390
1516,7580,0.01758,-0.06396,-1.02246,-0.36585,0.06098,0.24390
1517,7586,0.01465,-0.06396,-1.01855,-0.42683,0.06098,0.30488
1518,7591,0.01172,-0.05859,-1.02588,-0.42683,0.24390,0.30488
1519,7596,0.01807,-0.06299,-1.02441,-0.30488,0.24390,0.30488
1520,7601,0.01611,-0.06396,-1.02393,-0.36585,0.12195,0.30488
1521,7606,0.01514,-0.06055,-1.02246,-0.36585,0.12195,0.36585
1522,7611,0.01611,-0.06006,-1.02100,-0.24390,0.18293,0.24390
1523,7615,0.01172,-0.06299,-1.02002,-0.48780,0.06098,0.18293
1524,7620,0.01318,-0.06689,-1.01758,-0.48780,0.18293,0.30488
1525,7625,0.01807,-0.06396,-1.01465,-0.42683,0.30488,0.24390
1526,7631,0.01367,-0.06396,-1.02051,-0.42683,0.06098,0.24390
1527,7636,0.01465,-0.06299,-1.02393,-0.30488,0.18293,0.30488
1528,7641,0.01367,-0.06396,-1.02246,-0.30488,0.18293,0.24390
1529,7646,0.01465,-0.06201,-1.02539,-0.30488,0.18293,0.12195
1530,7651,0.01514,-0.06543,-1.02490,-0.30488,0.18293,0.30488
1531,7655,0.01758,-0.06396,-1.01660,-0.48780,0.24390,0.24390
1532,7660,0.01611,-0.06445,-1.02295,-0.36585,0.12195,0.24390
1533,7665,0.01318,-0.06738,-1.02539,-0.18293,0.06098,0.36585
1534,7671,0.01416,-0.06445,-1.01904,-0.24390,0.18293,0.30488
1535,7676,0.01465,-0.06299,-1.01953,-0.30488,0.12195,0.30488
1536,7681,0.01416,-0.06396,-1.01953,-0.30488,0.18293,0.30488
1537,7686,0.01172,-0.06299,-1.02148,-0.30488,0.24390,0.24390
1538,7691,0.01123,-0.06396,-1.02637,-0.36585,0.18293,0.30488
1539,7696,0.01562,-0.06299,-1.02393,-0.42683,0.24390,0.30488
1540,7700,0.01318,-0.06396,-1.02344,-0.48780,0.12195,0.24390
1541,7705,0.01514,-0.06592,-1.02148,-0.36585,0.12195,0.18293
1542,7711,0.01709,-0.06445,-1.01904,-0.42683,0.18293,0.36585
1543,7716,0.01514,-0.06543,-1.02051,-0.42683,0.12195,0.42683
1544,7721,0.01611,-0.06201,-1.02295,-0.42683,0.18293,0.18293
1545,7726,0.01025,-0.06299,-1.02051,-0.42683,0.18293,0.42683
1546,7731,0.01318,-0.06689,-1.02246,-0.36585,0.30488,0.36585
1547,7736,0.01465,-0.06250,-1.02295,-0.30488,0.12195,0.30488
1548,7740,0.01611,-0.06396,-1.02246,-0.36585,0.24390,0.36585
1549,7745,0.01709,-0.06494,-1.02197,-0.36585,0.24390,0.36585
1550,7750,0.01465,-0.06641,-1.02197,-0.42683,0.18293,0.30488
1551,7756,0.01514,-0.06104,-1.02441,-0.36585,0.18293,0.24390
1552,7761,0.01270,-0.06445,-1.02051,-0.48780,0.12195,0.24390
1553,7766,0.01367,-0.06543,-1.01855,-0.42683,0.00000,0.42683
1554,7771,0.01562,-0.06201,-1.01904,-0.42683,0.06098,0.24390
1555,7776,0.01709,-0.06445,-1.01611,-0.36585,0.18293,0.30488
1556,7780,0.01709,-0.06348,-1.01904,-0.30488,0.12195,0.30488
1557,7785,0.01611,-0.06494,-1.02197,-0.24390,0.12195,0.30488
1558,7790,0.01611,-0.06494,-1.02197,-0.24390,0.12195,0.30488
1559,7796,0.01270,-0.06445,-1.02246,-0.18293,0.30488,0.24390
1560,7801,0.01367,-0.06445,-1.02148,-0.30488,0.24390,0.18293
1561,7806,0.01514,-0.06592,-1.01807,-0.18293,0.18293,0.18293
1562,7811,0.01660,-0.06348,-1.02393,-0.48780,0.24390,0.24390
1563,7816,0.01416,-0.06445,-1.02197,-0.48780,0.24390,0.18293
1564,7821,0.01416,-0.06445,-1.02197,-0.48780,0.24390,0.18293
1565,7825,0.01367,-0.06299,-1.02246,-0.36585,0.24390,0.36585
1566,7830,0.01709,-0.06836,-1.02002,-0.36585,0.12195,0.36585
1567,7836,0.01465,-0.06104,-1.02246,-0.42683,0.18293,0.24390
1568,7841,0.01270,-0.06445,-1.02344,-0.30488,0.18293,0.24390
1569,7846,0.01123,-0.06543,-1.02197,-0.36585,0.24390,0.30488
1570,7851,0.01172,-0.06494,-1.02051,-0.36585,0.24390,0.36585
1571,7856,0.01172,-0.06494,-1.02051,-0.36585,0.24390,0.36585
1572,7861,0.01318,-0.06689,-1.02051,-0.24390,0.12195,0.24390
1573,7865,0.01562,-0.06445,-1.02393,-0.36585,0.18293,0.24390
1574,7870,0.01807,-0.06250,-1.02100,-0.36585,0.18293,0.30488
1575,7875,0.01514,-0.05957,-1.02344,-0.42683,0.18293,0.18293
1576,7881,0.01660,-0.06348,-1.01758,-0.42683,0.18293,0.30488
1577,7886,0.01660,-0.06348,-1.01758,-0.42683,0.18293,0.30488
1578,7891,0.01270,-0.06299,-1.02100,-0.54878,0.12195,0.42683
1579,7896,0.01416,-0.06299,-1.02197,-0.54878,0.24390,0.36585
1580,7901,0.01807,-0.06494,-1.01855,-0.30488,0.18293,0.24390
1581,7905,0.01318,-0.06299,-1.02246,-0.24390,0.18293,0.24390
1582,7910,0.01562,-0.06445,-1.01562,-0.24390,0.18293,0.24390
1583,7915,0.01465,-0.06494,-1.01562,-0.48780,0.24390,0.24390
1584,7921,0.01416,-0.06494,-1.02197,-0.48780,0.18293,0.30488
1585,7926,0.01367,-0.06299,-1.02441,-0.36585,0.12195,0.18293
1586,7931,0.01904,-0.06299,-1.01611,-0.36585,0.18293,0.18293
1587,7936,0.01611,-0.06396,-1.01953,-0.30488,0.06098,0.24390
1588,7941,0.01465,-0.06543,-1.02246,-0.42683,0.12195,0.24390
1589,7946,0.01465,-0.06348,-1.02051,-0.36585,0.12195,0.30488
1590,7950,0.01562,-0.06543,-1.02295,-0.30488,0.12195,0.24390
1591,7955,0.01318,-0.06348,-1.02100,-0.06098,0.12195,0.24390
1592,7961,0.01709,-0.06201,-1.02197,-0.24390,0.18293,0.18293
1593,7966,0.02051,-0.06201,-1.01807,-0.24390,0.18293,0.36585
1594,7971,0.01611,-0.06348,-1.01758,-0.42683,0.18293,0.24390
1595,7976,0.01660,-0.06445,-1.02246,-0.42683,0.24390,0.18293
1596,7981,0.01514,-0.06445,-1.02051,-0.24390,0.30488,0.30488
1597,7986,0.01562,-0.06299,-1.02246,-0.30488,0.18293,0.36585
1598,7990,0.01562,-0.06689,-1.02490,-0.42683,0.24390,0.30488
1599,7995,0.01562,-0.06299,-1.02246,-0.36585,0.36585,0.30488
1600,8000,0.01221,-0.06299,-1.02197,-0.36585,0.24390,0.18293
1601,8006,0.01514,-0.06445,-1.02490,-0.54878,0.18293,0.24390
1602,8011,0.01855,-0.06494,-1.02100,-0.18293,0.12195,0.36585
1603,8016,0.01611,-0.06396,-1.02246,-0.24390,0.18293,0.24390
1604,8021,0.01611,-0.06592,-1.02295,-0.24390,0.30488,0.24390
1605,8026,0.01807,-0.06152,-1.02148,-0.36585,0.24390,0.30488
1606,8030,0.01562,-0.06592,-1.02734,-0.36585,0.12195,0.30488
1607,8035,0.01318,-0.06201,-1.02539,-0.42683,0.06098,0.24390
1608,8040,0.01660,-0.06592,-1.02051,-0.30488,0.24390,0.18293
1609,8046,0.01709,-0.06348,-1.02002,-0.30488,0.24390,0.30488
1610,8051,0.01562,-0.06445,-1.02393,-0.24390,0.24390,0.36585
1611,8056,0.01562,-0.06641,-1.02441,-0.42683,0.24390,0.36585
1612,8061,0.01465,-0.06445,-1.02344,-0.36585,0.12195,0.24390
1613,8066,0.01367,-0.06299,-1.02783,-0.48780,0.12195,0.18293
1614,8071,0.01611,-0.06201,-1.02051,-0.54878,0.18293,0.30488
1615,8075,0.01416,-0.06689,-1.02246,-0.36585,0.18293,0.24390
1616,8080,0.01318,-0.06689,-1.02100,-0.18293,0.12195,0.36585
1617,8086,0.01660,-0.06299,-1.02637,-0.36585,0.12195,0.30488
1618,8091,0.01611,-0.06494,-1.02539,-0.30488,0.24390,0.24390
1619,8096,0.01416,-0.06738,-1.02246,-0.24390,0.18293,0.30488
1620,8101,0.01660,-0.06494,-1.02100,-0.24390,0.12195,0.36585
1621,8106,0.01514,-0.06152,-1.02295,-0.30488,0.12195,0.30488
1622,8111,0.01465,-0.06348,-1.02002,-0.42683,0.12195,0.30488
1623,8115,0.01465,-0.06396,-1.01660,-0.48780,0.24390,0.30488
1624,8120,0.01367,-0.06348,-1.02441,-0.36585,0.12195,0.30488
1625,8125,0.01270,-0.06348,-1.02051,-0.24390,0.24390,0.24390
1626,8131,0.01465,-0.06104,-1.02197,-0.36585,0.06098,0.18293
1627,8136,0.01611,-0.06299,-1.02100,-0.42683,0.12195,0.24390
1628,8141,0.01367,-0.06494,-1.02197,-0.54878,0.06098,0.18293
1629,8146,0.01123,-0.06250,-1.02002,-0.48780,0.18293,0.24390
1630,8151,0.01416,-0.06494,-1.02441,-0.42683,0.24390,0.36585
1631,8155,0.01270,-0.06494,-1.02051,-0.36585,0.24390,0.30488
1632,8160,0.01270,-0.06592,-1.02637,-0.36585,0.30488,0.30488
1633,8165,0.01514,-0.06689,-1.02783,-0.36585,0.18293,0.36585
1634,8171,0.01465,-0.06543,-1.02344,-0.24390,0.18293,0.30488
1635,8176,0.01221,-0.06689,-1.01904,-0.30488,0.24390,0.12195
1636,8181,0.01416,-0.06543,-1.02441,-0.36585,0.18293,0.24390
1637,8186,0.01221,-0.06299,-1.01953,-0.30488,0.18293,0.36585
1638,8191,0.01221,-0.06348,-1.02344,-0.36585,0.24390,0.42683
1639,8196,0.01562,-0.06445,-1.02002,-0.36585,0.12195,0.30488
1640,8200,0.01318,-0.06348,-1.01758,-0.36585,0.12195,0.30488
1641,8205,0.01318,-0.06494,-1.02246,-0.36585,0.18293,0.30488
1642,8211,0.01758,-0.06299,-1.02002,-0.12195,0.24390,0.30488
1643,8216,0.01514,-0.06201,-1.02295,-0.30488,0.18293,0.36585
1644,8221,0.01416,-0.06152,-1.02539,-0.42683,0.06098,0.30488
1645,8226,0.01172,-0.06299,-1.02197,-0.48780,0.06098,0.30488
1646,8231,0.01318,-0.06543,-1.02148,-0.42683,0.18293,0.30488
1647,8236,0.01709,-0.06445,-1.02148,-0.30488,0.24390,0.30488
1648,8240,0.01660,-0.06445,-1.01953,-0.36585,0.12195,0.36585
1649,8245,0.01465,-0.06348,-1.02197,-0.30488,0.18293,0.30488
1650,8250,0.01221,-0.06201,-1.02734,-0.36585,0.18293,0.36585
1651,8256,0.01172,-0.06445,-1.01807,-0.48780,0.18293,0.30488
1652,8261,0.01514,-0.06592,-1.02979,-0.42683,0.12195,0.24390
1653,8266,0.01465,-0.06494,-1.01855,-0.24390,0.30488,0.36585
1654,8271,0.01318,-0.06494,-1.02295,-0.36585,0.30488,0.36585
1655,8276,0.01660,-0.06348,-1.02393,-0.42683,0.24390,0.24390
1656,8280,0.01416,-0.06299,-1.02344,-0.24390,0.30488,0.30488
1657,8285,0.01807,-0.06396,-1.02295,-0.42683,0.24390,0.24390
1658,8290,0.01562,-0.06836,-1.01709,-0.36585,0.18293,0.24390
1659,8296,0.01562,-0.06445,-1.02002,-0.24390,0.12195,0.24390
1660,8301,0.01416,-0.06299,-1.02344,-0.42683,0.12195,0.36585
1661,8306,0.01416,-0.06348,-1.02246,-0.12195,0.18293,0.36585
1662,8311,0.01416,-0.06445,-1.02051,-0.30488,0.24390,0.36585
1663,8316,0.01514,-0.06592,-1.02783,-0.60976,0.24390,0.30488
1664,8321,0.01465,-0.06152,-1.02148,-0.36585,0.24390,0.18293
1665,8325,0.01562,-0.06055,-1.02051,-0.42683,0.18293,0.30488
1666,8330,0.01465,-0.06250,-1.02100,-0.30488,0.12195,0.42683
1667,8336,0.01416,-0.06250,-1.02490,-0.36585,0.18293,0.30488
1668,8341,0.01074,-0.06445,-1.02393,-0.30488,0.18293,0.36585
1669,8346,0.01416,-0.06250,-1.02637,-0.42683,0.18293,0.30488
1670,8351,0.01367,-0.06006,-1.02441,-0.48780,0.18293,0.30488
1671,8356,0.01318,-0.06445,-1.02393,-0.30488,0.36585,0.30488
1672,8361,0.01172,-0.06348,-1.02344,-0.30488,0.24390,0.24390
1673,8365,0.01270,-0.06055,-1.02295,-0.30488,0.18293,0.30488
1674,8370,0.01855,-0.06299,-1.02539,-0.30488,0.12195,0.30488
1675,8375,0.01611,-0.06641,-1.02002,-0.36585,0.30488,0.36585
1676,8381,0.01514,-0.06396,-1.02148,-0.42683,0.18293,0.30488
1677,8386,0.01611,-0.06152,-1.01807,-0.42683,0.06098,0.30488
1678,8391,0.01758,-0.06250,-1.02295,-0.24390,0.12195,0.18293
1679,8396,0.01514,-0.06348,-1.02344,-0.12195,0.18293,0.24390
1680,8401,0.01416,-0.06543,-1.02148,-0.12195,0.12195,0.18293
1681,8405,0.01611,-0.06445,-1.02002,-0.12195,0.12195,0.30488
1682,8410,0.01318,-0.06250,-1.02441,-0.24390,0.12195,0.30488
1683,8415,0.01465,-0.06250,-1.02686,-0.42683,0.18293,0.24390
1684,8421,0.01660,-0.06543,-1.02246,-0.24390,0.18293,0.30488
1685,8426,0.01318,-0.06348,-1.01807,-0.24390,0.18293,0.24390
1686,8431,0.01855,-0.06299,-1.01855,-0.36585,0.18293,0.18293
1687,8436,0.01562,-0.06348,-1.02441,-0.42683,0.24390,0.36585
1688,8441,0.01465,-0.06396,-1.02686,-0.42683,0.30488,0.36585
1689,8446,0.01660,-0.06494,-1.02051,-0.36585,0.18293,0.30488
1690,8450,0.01465,-0.06055,-1.02051,-0.24390,0.18293,0.42683
1691,8455,0.01221,-0.06250,-1.02490,-0.36585,0.18293,0.30488
1692,8461,0.01904,-0.06348,-1.01758,-0.36585,0.06098,0.30488
1693,8466,0.01416,-0.06299,-1.02197,-0.24390,0.06098,0.24390
1694,8471,0.01758,-0.06543,-1.02100,-0.30488,0.18293,0.30488
1695,8476,0.01758,-0.06152,-1.02295,-0.36585,0.18293,0.30488
1696,8481,0.01514,-0.06445,-1.02295,-0.36585,0.24390,0.24390
1697,8486,0.01367,-0.06348,-1.02344,-0.30488,0.12195,0.30488
1698,8490,0.01367,-0.06348,-1.02344,-0.30488,0.12195,0.30488
1699,8495,0.01709,-0.06494,-1.02197,-0.42683,0.24390,0.24390
1700,8500,0.01514,-0.06348,-1.02295,-0.30488,0.18293,0.24390
1701,8506,0.01025,-0.06641,-1.02051,-0.54878,0.18293,0.18293
1702,8511,0.01367,-0.06592,-1.01953,-0.30488,0.18293,0.24390
1703,8516,0.01221,-0.06299,-1.02295,-0.24390,0.18293,0.36585
1704,8521,0.01416,-0.06445,-1.02100,-0.24390,0.18293,0.30488
1705,8526,0.01416,-0.06445,-1.02100,-0.24390,0.18293,0.30488
1706,8530,0.01611,-0.06738,-1.02002,-0.36585,0.24390,0.30488
1707,8535,0.01465,-0.06348,-1.02002,-0.54878,0.24390,0.30488
1708,8540,0.01074,-0.06250,-1.02295,-0.48780,0.06098,0.24390
1709,8546,0.01465,-0.06494,-1.01904,-0.36585,0.24390,0.30488
1710,8551,0.01611,-0.06445,-1.02148,-0.60976,0.24390,0.24390
1711,8556,0.01611,-0.06445,-1.02148,-0.60976,0.24390,0.24390
1712,8561,0.01416,-0.06250,-1.01904,-0.24390,0.18293,0.30488
1713,8566,0.01562,-0.06396,-1.01807,-0.24390,0.18293,0.30488
1714,8571,0.01709,-0.06250,-1.02393,-0.30488,0.12195,0.24390
1715,8575,0.01416,-0.06299,-1.02197,-0.42683,0.18293,0.24390
1716,8580,0.01660,-0.06299,-1.02100,-0.42683,0.24390,0.18293
1717,8586,0.01465,-0.06055,-1.02197,-0.36585,0.06098,0.30488
1718,8591,0.01416,-0.06104,-1.01709,-0.48780,0.12195,0.30488
1719,8596,0.01611,-0.06348,-1.02002,-0.48780,0.12195,0.24390
1720,8601,0.02002,-0.06543,-1.02002,-0.36585,0.18293,0.18293
1721,8606,0.01514,-0.06445,-1.02051,-0.42683,0.18293,0.18293
1722,8611,0.01074,-0.06445,-1.02490,-0.36585,0.18293,0.24390
1723,8615,0.01465,-0.06348,-1.02197,-0.42683,0.12195,0.24390
1724,8620,0.01318,-0.06201,-1.02051,-0.36585,0.12195,0.12195
1725,8625,0.01562,-0.06250,-1.02246,-0.30488,0.12195,0.18293
1726,8631,0.01367,-0.06543,-1.02344,-0.30488,0.12195,0.24390
1727,8636,0.01367,-0.06104,-1.02100,-0.18293,0.18293,0.24390
1728,8641,0.01514,-0.06104,-1.02246,-0.42683,0.18293,0.18293
1729,8646,0.01709,-0.06445,-1.02490,-0.36585,0.24390,0.30488
1730,8651,0.01318,-0.06641,-1.02246,-0.42683,0.24390,0.30488
1731,8655,0.01270,-0.06299,-1.02295,-0.42683,0.12195,0.24390
1732,8660,0.01562,-0.06348,-1.02637,-0.24390,0.12195,0.18293
1733,8665,0.01465,-0.06250,-1.02393,-0.36585,0.12195,0.24390
1734,8671,0.01758,-0.06201,-1.01855,-0.36585,0.06098,0.30488
1735,8676,0.01611,-0.06348,-1.02295,-0.42683,0.18293,0.42683
1736,8681,0.01270,-0.06445,-1.02539,-0.36585,0.30488,0.30488
1737,8686,0.01514,-0.06250,-1.02490,-0.36585,0.30488,0.18293
1738,8691,0.01416,-0.06396,-1.02539,-0.30488,0.24390,0.24390
1739,8696,0.01514,-0.06494,-1.02197,-0.36585,0.30488,0.24390
1740,8700,0.01807,-0.06494,-1.01953,-0.42683,0.24390,0.24390
1741,8705,0.01562,-0.06543,-1.02441,-0.36585,0.18293,0.24390
1742,8711,0.01221,-0.06201,-1.02539,-0.48780,0.18293,0.30488
1743,8716,0.01514,-0.06201,-1.02148,-0.42683,0.24390,0.42683
1744,8721,0.01562,-0.06250,-1.01562,-0.30488,0.30488,0.24390
1745,8726,0.01172,-0.06787,-1.02148,-0.42683,0.30488,0.24390
1746,8731,0.01367,-0.06445,-1.02393,-0.42683,0.12195,0.30488
1747,8736,0.01465,-0.06543,-1.02197,-0.36585,0.12195,0.24390
1748,8740,0.01318,-0.06396,-1.02100,-0.36585,0.30488,0.30488
1749,8745,0.01270,-0.06104,-1.02539,-0.36585,0.18293,0.24390
1750,8750,0.01807,-0.06201,-1.02051,-0.54878,0.18293,0.24390
1751,8756,0.01855,-0.06543,-1.01758,-0.42683,0.18293,0.36585
1752,8761,0.01367,-0.06006,-1.02002,-0.24390,0.18293,0.24390
1753,8766,0.01514,-0.06299,-1.02002,-0.30488,0.12195,0.24390
1754,8771,0.01709,-0.06348,-1.02100,-0.24390,0.24390,0.24390
1755,8776,0.01758,-0.06250,-1.02295,-0.42683,0.12195,0.24390
1756,8780,0.01758,-0.06055,-1.02002,-0.42683,0.12195,0.24390
1757,8785,0.01660,-0.06348,-1.02295,-0.42683,0.18293,0.24390
1758,8790,0.01318,-0.06445,-1.02148,-0.12195,0.06098,0.24390
1759,8796,0.01367,-0.06543,-1.02344,-0.36585,0.06098,0.24390
1760,8801,0.01270,-0.06396,-1.02051,-0.42683,0.24390,0.24390
1761,8806,0.01221,-0.06543,-1.02393,-0.24390,0.18293,0.30488
1762,8811,0.01465,-0.06299,-1.02344,-0.36585,0.18293,0.30488
1763,8816,0.01709,-0.06445,-1.02197,-0.42683,0.24390,0.30488
1764,8821,0.01758,-0.06641,-1.02100,-0.42683,0.12195,0.24390
1765,8825,0.01709,-0.06592,-1.02344,-0.42683,0.12195,0.18293
1766,8830,0.01465,-0.06641,-1.02002,-0.30488,0.18293,0.18293
1767,8836,0.01465,-0.06445,-1.02246,-0.30488,0.18293,0.30488
1768,8841,0.01465,-0.06494,-1.02441,-0.54878,0.18293,0.36585
1769,8846,0.01514,-0.06396,-1.02881,-0.42683,0.12195,0.18293
1770,8851,0.01562,-0.06299,-1.02490,-0.30488,0.18293,0.24390
1771,8856,0.01758,-0.06299,-1.01953,-0.30488,0.12195,0.36585
1772,8861,0.01367,-0.06689,-1.01904,-0.42683,0.12195,0.36585
1773,8865,0.01514,-0.06543,-1.02100,-0.36585,0.12195,0.30488
1774,8870,0.01562,-0.06445,-1.02100,-0.30488,0.12195,0.24390
1775,8875,0.01270,-0.06445,-1.01953,-0.42683,0.18293,0.18293
1776,8881,0.01611,-0.06250,-1.02246,-0.42683,0.18293,0.30488
1777,8886,0.01514,-0.06592,-1.02100,-0.36585,0.18293,0.24390
1778,8891,0.01611,-0.06348,-1.02246,-0.24390,0.24390,0.30488
1779,8896,0.01611,-0.06201,-1.02344,-0.18293,0.30488,0.30488
1780,8901,0.01660,-0.06299,-1.02344,-0.36585,0.18293,0.36585
1781,8905,0.01660,-0.06348,-1.02441,-0.18293,0.12195,0.30488
1782,8910,0.01465,-0.06348,-1.02002,-0.36585,0.18293,0.30488
1783,8915,0.00879,-0.06348,-1.02197,-0.30488,0.18293,0.36585
1784,8921,0.01367,-0.06348,-1.02295,-0.36585,0.18293,0.30488
1785,8926,0.01660,-0.06445,-1.02100,-0.42683,0.18293,0.36585
1786,8931,0.01611,-0.06445,-1.02637,-0.48780,0.24390,0.24390
1787,8936,0.01416,-0.06396,-1.02490,-0.30488,0.24390,0.24390
1788,8941,0.01562,-0.06396,-1.02002,-0.30488,0.24390,0.24390
1789,8946,0.01855,-0.06348,-1.02051,-0.42683,0.12195,0.24390
1790,8950,0.01514,-0.06250,-1.02295,-0.30488,0.18293,0.12195
1791,8955,0.01562,-0.06445,-1.02393,-0.30488,0.24390,0.12195
1792,8961,0.01709,-0.06494,-1.02002,-0.36585,0.24390,0.24390
1793,8966,0.01611,-0.06494,-1.01807,-0.36585,0.18293,0.42683
1794,8971,0.01367,-0.06494,-1.02441,-0.36585,0.18293,0.30488
1795,8976,0.00928,-0.06494,-1.02393,-0.48780,0.12195,0.18293
1796,8981,0.01025,-0.06445,-1.02344,-0.36585,0.24390,0.30488
1797,8986,0.01758,-0.06592,-1.02051,-0.24390,0.24390,0.30488
1798,8990,0.01270,-0.06396,-1.02344,-0.36585,0.06098,0.24390
1799,8995,0.01514,-0.06152,-1.02051,-0.36585,0.18293,0.30488
1800,9000,0.01514,-0.06152,-1.02441,-0.24390,0.24390,0.36585
1801,9006,0.01465,-0.06592,-1.02197,-0.18293,0.24390,0.24390
1802,9011,0.01807,-0.06348,-1.02100,-0.30488,0.18293,0.18293
1803,9016,0.01660,-0.06152,-1.02002,-0.24390,0.12195,0.36585
1804,9021,0.01562,-0.06250,-1.02246,-0.24390,0.36585,0.36585
1805,9026,0.01855,-0.06201,-1.02588,-0.30488,0.06098,0.24390
1806,9030,0.01562,-0.06201,-1.02344,-0.54878,0.18293,0.24390
1807,9035,0.01367,-0.06592,-1.02246,-0.42683,0.18293,0.36585
1808,9040,0.01465,-0.06445,-1.02148,-0.36585,0.12195,0.36585
1809,9046,0.01514,-0.06250,-1.01953,-0.42683,0.12195,0.36585
1810,9051,0.01367,-0.06201,-1.02539,-0.42683,0.30488,0.18293
1811,9056,0.01318,-0.06152,-1.02588,-0.42683,0.18293,0.30488
1812,9061,0.01514,-0.06201,-1.02295,-0.36585,0.12195,0.30488
1813,9066,0.01562,-0.06494,-1.02441,-0.30488,0.18293,0.24390
1814,9071,0.01318,-0.06348,-1.02637,-0.42683,0.24390,0.18293
1815,9075,0.00977,-0.06494,-1.02637,-0.36585,0.12195,0.24390
1816,9080,0.01367,-0.06494,-1.02295,-0.42683,0.18293,0.36585
1817,9086,0.01660,-0.06445,-1.02002,-0.42683,0.24390,0.18293
1818,9091,0.01367,-0.06396,-1.02100,-0.42683,0.18293,0.30488
1819,9096,0.01709,-0.06348,-1.02051,-0.24390,0.18293,0.36585
1820,9101,0.01465,-0.06006,-1.01953,-0.30488,0.12195,0.30488
1821,9106,0.01367,-0.06494,-1.02197,-0.30488,0.18293,0.30488
1822,9111,0.01611,-0.06055,-1.01904,-0.36585,0.18293,0.24390
1823,9115,0.01465,-0.06006,-1.02002,-0.36585,0.12195,0.30488
1824,9120,0.01416,-0.06250,-1.02441,-0.42683,0.12195,0.24390
1825,9125,0.01221,-0.06299,-1.01904,-0.48780,0.18293,0.12195
1826,9131,0.01221,-0.06396,-1.02051,-0.24390,0.18293,0.24390
1827,9136,0.01465,-0.06445,-1.02393,-0.24390,0.12195,0.30488
1828,9141,0.01611,-0.06396,-1.02490,-0.36585,0.12195,0.24390
1829,9146,0.01953,-0.06299,-1.02051,-0.30488,0.06098,0.30488
1830,9151,0.01221,-0.06396,-1.02393,-0.30488,0.12195,0.24390
1831,9155,0.01172,-0.06494,-1.02734,-0.36585,0.18293,0.18293
1832,9160,0.01172,-0.06494,-1.02734,-0.36585,0.18293,0.18293
1833,9165,0.01562,-0.06494,-1.02344,-0.30488,0.36585,0.18293
1834,9171,0.01465,-0.06152,-1.02344,-0.48780,0.06098,0.36585
1835,9176,0.01465,-0.06396,-1.02344,-0.36585,0.12195,0.36585
1836,9181,0.01514,-0.06494,-1.02100,-0.42683,0.24390,0.24390
1837,9186,0.01514,-0.06201,-1.01953,-0.42683,0.18293,0.18293
1838,9191,0.01660,-0.06104,-1.02100,-0.42683,0.12195,0.30488
1839,9196,0.01660,-0.06104,-1.02100,-0.42683,0.12195,0.30488
1840,9200,0.01611,-0.06445,-1.02100,-0.18293,0.18293,0.30488
1841,9205,0.01270,-0.06543,-1.02246,-0.42683,0.36585,0.30488
1842,9211,0.01221,-0.06299,-1.02246,-0.54878,0.06098,0.24390
1843,9216,0.01416,-0.06299,-1.02441,-0.24390,0.18293,0.24390
1844,9221,0.01367,-0.06104,-1.02246,-0.30488,0.24390,0.24390
1845,9226,0.01367,-0.06104,-1.02246,-0.30488,0.24390,0.24390
1846,9231,0.01709,-0.06299,-1.02051,-0.48780,0.12195,0.24390
1847,9236,0.01953,-0.06592,-1.01855,-0.30488,0.12195,0.36585
1848,9240,0.01270,-0.06152,-1.02490,-0.42683,0.12195,0.36585
1849,9245,0.01221,-0.06299,-1.02393,-0.36585,0.18293,0.30488
1850,9250,0.01758,-0.06543,-1.01953,-0.30488,0.06098,0.30488
1851,9256,0.01660,-0.06396,-1.02051,-0.24390,0.18293,0.36585
1852,9261,0.01611,-0.06348,-1.02490,-0.42683,0.18293,0.36585
1853,9266,0.01318,-0.06152,-1.02441,-0.54878,0.30488,0.24390
1854,9271,0.01465,-0.06348,-1.02637,-0.36585,0.18293,0.12195
1855,9276,0.01270,-0.06104,-1.02490,-0.36585,0.18293,0.30488
1856,9280,0.01514,-0.06201,-1.01904,-0.42683,0.24390,0.24390
1857,9285,0.01660,-0.06348,-1.02002,-0.36585,0.30488,0.18293
1858,9290,0.01416,-0.06152,-1.02588,-0.30488,0.18293,0.36585
1859,9296,0.01660,-0.06396,-1.02148,-0.24390,0.18293,0.36585
1860,9301,0.01514,-0.06543,-1.02148,-0.30488,0.24390,0.36585
1861,9306,0.01807,-0.06152,-1.02344,-0.36585,0.18293,0.24390
1862,9311,0.01855,-0.06152,-1.02295,-0.30488,0.12195,0.24390
1863,9316,0.01465,-0.06445,-1.02393,-0.36585,0.12195,0.24390
1864,9321,0.01562,-0.06348,-1.02441,-0.54878,0.06098,0.24390
1865,9325,0.01367,-0.06445,-1.02637,-0.48780,0.24390,0.24390
1866,9330,0.01611,-0.06201,-1.02246,-0.36585,0.24390,0.30488
1867,9336,0.01611,-0.06104,-1.02148,-0.42683,0.24390,0.36585
1868,9341,0.01270,-0.06152,-1.02002,-0.36585,0.12195,0.18293
1869,9346,0.01660,-0.06494,-1.02051,-0.42683,0.18293,0.18293
1870,9351,0.01660,-0.06396,-1.02441,-0.36585,0.24390,0.36585
1871,9356,0.01611,-0.06348,-1.01709,-0.24390,0.18293,0.36585
1872,9361,0.01318,-0.06299,-1.02100,-0.18293,0.18293,0.36585
1873,9365,0.01855,-0.06152,-1.01904,-0.36585,0.24390,0.30488
1874,9370,0.01758,-0.06445,-1.02051,-0.24390,0.24390,0.30488
1875,9375,0.01367,-0.06543,-1.02148,-0.30488,0.12195,0.36585
1876,9381,0.01416,-0.06055,-1.02637,-0.36585,0.12195,0.30488
1877,9386,0.01465,-0.06250,-1.02441,-0.36585,0.30488,0.30488
1878,9391,0.01465,-0.06543,-1.02197,-0.42683,0.12195,0.30488
1879,9396,0.01611,-0.06543,-1.02246,-0.36585,0.06098,0.42683
1880,9401,0.01465,-0.06299,-1.02002,-0.36585,0.24390,0.36585
1881,9405,0.01221,-0.06738,-1.02051,-0.36585,0.24390,0.18293
1882,9410,0.01318,-0.06592,-1.02148,-0.36585,0.24390,0.18293
1883,9415,0.01514,-0.06348,-1.02197,-0.48780,0.36585,0.18293
1884,9421,0.01514,-0.06250,-1.02100,-0.42683,0.24390,0.24390
1885,9426,0.01416,-0.06055,-1.02246,-0.36585,0.06098,0.36585
1886,9431,0.01562,-0.06543,-1.01953,-0.36585,0.18293,0.18293
1887,9436,0.01416,-0.06543,-1.02100,-0.48780,0.18293,0.30488
1888,9441,0.01318,-0.06543,-1.02490,-0.36585,0.12195,0.30488
1889,9446,0.01611,-0.06250,-1.02197,-0.24390,0.12195,0.36585
1890,9450,0.01660,-0.06201,-1.01758,-0.30488,0.24390,0.36585
1891,9455,0.01416,-0.06250,-1.02148,-0.30488,0.12195,0.24390
1892,9461,0.01416,-0.06543,-1.02686,-0.30488,0.18293,0.36585
1893,9466,0.01562,-0.06348,-1.02344,-0.30488,0.12195,0.24390
1894,9471,0.01562,-0.06543,-1.02295,-0.42683,0.12195,0.30488
1895,9476,0.01709,-0.06396,-1.02197,-0.36585,0.12195,0.48780
1896,9481,0.01514,-0.06641,-1.01904,-0.36585,0.12195,0.36585
1897,9486,0.01367,-0.06592,-1.02490,-0.30488,0.24390,0.24390
1898,9490,0.01270,-0.06055,-1.02197,-0.30488,0.18293,0.30488
1899,9495,0.01270,-0.06201,-1.02148,-0.48780,0.24390,0.36585
1900,9500,0.01318,-0.06543,-1.02686,-0.36585,0.12195,0.24390
1901,9506,0.01514,-0.06445,-1.02588,-0.24390,0.18293,0.24390
1902,9511,0.01123,-0.06641,-1.02148,-0.30488,0.12195,0.36585
1903,9516,0.01416,-0.06201,-1.02100,-0.42683,0.12195,0.30488
1904,9521,0.01758,-0.06543,-1.02100,-0.42683,0.24390,0.30488
1905,9526,0.01367,-0.06689,-1.02246,-0.36585,0.24390,0.36585
1906,9530,0.01758,-0.06299,-1.02393,-0.30488,0.18293,0.24390
1907,9535,0.01465,-0.06055,-1.01562,-0.42683,0.36585,0.36585
1908,9540,0.01562,-0.06152,-1.02148,-0.42683,0.24390,0.30488
1909,9546,0.01465,-0.06396,-1.02393,-0.42683,0.12195,0.36585
1910,9551,0.01709,-0.06592,-1.02734,-0.36585,0.12195,0.30488
1911,9556,0.01270,-0.06689,-1.02344,-0.36585,0.24390,0.24390
1912,9561,0.01270,-0.06445,-1.02148,-0.30488,0.30488,0.36585
1913,9566,0.01416,-0.06348,-1.02148,-0.36585,0.18293,0.36585
1914,9571,0.01758,-0.06445,-1.02051,-0.48780,0.24390,0.24390
1915,9575,0.01465,-0.06445,-1.02100,-0.30488,0.12195,0.24390
1916,9580,0.01514,-0.06543,-1.02441,-0.24390,0.18293,0.24390
1917,9586,0.01367,-0.06250,-1.01953,-0.36585,0.18293,0.24390
1918,9591,0.01416,-0.06152,-1.02051,-0.42683,0.18293,0.30488
1919,9596,0.01514,-0.06104,-1.01514,-0.54878,0.18293,0.36585
1920,9601,0.01514,-0.06396,-1.02100,-0.36585,0.18293,0.30488
1921,9606,0.01709,-0.06689,-1.01953,-0.42683,0.24390,0.30488
1922,9611,0.01416,-0.06445,-1.02100,-0.48780,0.24390,0.24390
1923,9615,0.01709,-0.06445,-1.02393,-0.30488,0.12195,0.24390
1924,9620,0.01709,-0.06494,-1.01953,-0.30488,0.24390,0.24390
1925,9625,0.01270,-0.06348,-1.02100,-0.30488,0.18293,0.36585
1926,9631,0.01611,-0.06201,-1.02100,-0.36585,0.12195,0.36585
1927,9636,0.01514,-0.06250,-1.02051,-0.30488,0.12195,0.36585
1928,9641,0.01465,-0.06494,-1.02197,-0.42683,0.06098,0.36585
1929,9646,0.01611,-0.06396,-1.02393,-0.36585,0.36585,0.18293
1930,9651,0.01807,-0.06250,-1.02148,-0.24390,0.30488,0.24390
1931,9655,0.01758,-0.06104,-1.02295,-0.36585,0.18293,0.24390
1932,9660,0.01270,-0.06055,-1.02051,-0.36585,0.12195,0.24390
1933,9665,0.01562,-0.06299,-1.02246,-0.24390,0.30488,0.24390
1934,9671,0.01562,-0.06152,-1.02148,-0.36585,0.06098,0.30488
1935,9676,0.01416,-0.06396,-1.02002,-0.36585,0.12195,0.24390
1936,9681,0.01465,-0.06494,-1.02148,-0.36585,0.18293,0.24390
1937,9686,0.01904,-0.06494,-1.02588,-0.12195,0.12195,0.30488
1938,9691,0.01367,-0.06396,-1.02393,-0.42683,0.12195,0.24390
1939,9696,0.01270,-0.06250,-1.02148,-0.36585,0.12195,0.24390
1940,9700,0.01758,-0.06201,-1.02051,-0.30488,0.18293,0.24390
1941,9705,0.01318,-0.06396,-1.02148,-0.36585,0.18293,0.24390
1942,9711,0.01465,-0.06396,-1.02002,-0.36585,0.24390,0.30488
1943,9716,0.01904,-0.06592,-1.01953,-0.36585,0.18293,0.30488
1944,9721,0.01123,-0.06494,-1.02344,-0.36585,0.12195,0.36585
1945,9726,0.01562,-0.06396,-1.02344,-0.24390,0.18293,0.36585
1946,9731,0.01270,-0.06641,-1.02393,-0.36585,0.18293,0.30488
1947,9736,0.01367,-0.06396,-1.02295,-0.54878,0.18293,0.18293
1948,9740,0.01172,-0.06104,-1.02295,-0.42683,0.12195,0.30488
1949,9745,0.01465,-0.06494,-1.02051,-0.36585,0.12195,0.36585
1950,9750,0.01465,-0.06494,-1.02295,-0.24390,0.24390,0.30488
1951,9756,0.01318,-0.06445,-1.02051,-0.30488,0.18293,0.24390
1952,9761,0.01367,-0.06494,-1.01953,-0.42683,0.18293,0.24390
1953,9766,0.01611,-0.06299,-1.02002,-0.30488,0.18293,0.24390
1954,9771,0.01270,-0.06152,-1.02197,-0.36585,0.24390,0.30488
1955,9776,0.01416,-0.06006,-1.02441,-0.30488,0.12195,0.30488
1956,9780,0.01807,-0.06299,-1.02148,-0.30488,0.18293,0.36585
1957,9785,0.01514,-0.06445,-1.02100,-0.30488,0.12195,0.30488
1958,9790,0.01709,-0.06494,-1.02588,-0.42683,0.06098,0.12195
1959,9796,0.01611,-0.06592,-1.02539,-0.30488,0.12195,0.24390
1960,9801,0.01660,-0.06201,-1.02490,-0.30488,0.18293,0.24390
1961,9806,0.01465,-0.06348,-1.01660,-0.30488,0.18293,0.24390
1962,9811,0.01172,-0.06250,-1.01807,-0.48780,0.12195,0.24390
1963,9816,0.01025,-0.06445,-1.02295,-0.42683,0.12195,0.24390
1964,9821,0.01807,-0.06641,-1.02246,-0.30488,0.12195,0.36585
1965,9825,0.01611,-0.06738,-1.02148,-0.24390,0.18293,0.24390
1966,9830,0.01611,-0.06738,-1.02148,-0.24390,0.18293,0.24390
1967,9836,0.01611,-0.06494,-1.01953,-0.42683,0.12195,0.30488
1968,9841,0.01514,-0.06494,-1.02197,-0.42683,0.06098,0.30488
1969,9846,0.01562,-0.06348,-1.02441,-0.54878,0.12195,0.12195
1970,9851,0.01660,-0.06445,-1.02637,-0.42683,0.12195,0.24390
1971,9856,0.01416,-0.06299,-1.02295,-0.36585,0.12195,0.30488
1972,9861,0.01514,-0.06055,-1.02100,-0.36585,0.06098,0.24390
1973,9865,0.01514,-0.06055,-1.02100,-0.36585,0.06098,0.24390
1974,9870,0.01416,-0.06250,-1.01953,-0.36585,0.24390,0.30488
1975,9875,0.01465,-0.06592,-1.02490,-0.36585,0.24390,0.30488
1976,9881,0.01318,-0.06396,-1.02637,-0.24390,0.12195,0.30488
1977,9886,0.01416,-0.06348,-1.02441,-0.30488,0.18293,0.30488
1978,9891,0.01367,-0.06104,-1.02490,-0.36585,0.12195,0.24390
1979,9896,0.01367,-0.06104,-1.02490,-0.36585,0.12195,0.24390
1980,9901,0.01318,-0.06348,-1.02100,-0.42683,0.06098,0.30488
1981,9905,0.01416,-0.06543,-1.02246,-0.30488,0.06098,0.24390
1982,9910,0.01172,-0.06445,-1.02393,-0.42683,0.24390,0.18293
1983,9915,0.01465,-0.06299,-1.02246,-0.30488,0.18293,0.24390
1984,9921,0.01562,-0.06445,-1.02197,-0.24390,0.24390,0.30488
1985,9926,0.01562,-0.06445,-1.02197,-0.24390,0.24390,0.30488
1986,9931,0.01611,-0.06689,-1.02246,-0.30488,0.06098,0.24390
1987,9936,0.01660,-0.06201,-1.02002,-0.42683,0.18293,0.24390
1988,9941,0.01270,-0.06201,-1.02051,-0.42683,0.18293,0.30488
1989,9946,0.01367,-0.06494,-1.02441,-0.30488,0.18293,0.30488
1990,9950,0.01709,-0.06396,-1.02588,-0.30488,0.18293,0.18293
1991,9955,0.01660,-0.06152,-1.02148,-0.36585,0.12195,0.24390
1992,9961,0.01221,-0.06299,-1.02051,-0.30488,0.12195,0.42683
1993,9966,0.01221,-0.06738,-1.02344,-0.36585,0.18293,0.30488
1994,9971,0.01562,-0.06445,-1.02393,-0.42683,0.18293,0.30488
1995,9976,0.01611,-0.06494,-1.02734,-0.36585,0.12195,0.36585
1996,9981,0.01367,-0.06055,-1.02441,-0.36585,0.24390,0.30488
1997,9986,0.01416,-0.06152,-1.02100,-0.36585,0.18293,0.30488
1998,9990,0.01318,-0.06738,-1.02148,-0.24390,0.12195,0.42683
1999,9995,0.01123,-0.06494,-1.02490,-0.30488,0.12195,0.36585
2000,10000,0.01660,-0.06250,-1.02002,-0.42683,0.18293,0.30488
2001,10006,0.01318,-0.06592,-1.02002,-0.42683,0.18293,0.18293
2002,10011,0.01611,-0.06689,-1.02441,-0.36585,0.12195,0.24390
2003,10016,0.01709,-0.06006,-1.02344,-0.42683,0.18293,0.30488
