seq,t_ms,ax_g,ay_g,az_g,gx_dps,gy_dps,gz_dps
0,1,1.02539,-0.08838,0.00928,-0.36585,0.30488,0.18293
1,6,1.02197,-0.09033,0.00293,-0.24390,0.18293,0.30488
2,10,1.02686,-0.09570,0.00000,-0.42683,0.06098,0.42683
3,15,1.02344,-0.09473,-0.00049,-0.48780,0.06098,0.36585
4,20,1.02148,-0.09033,0.00342,-0.36585,0.24390,0.18293
5,25,1.02197,-0.09082,0.00391,-0.24390,0.18293,0.36585
6,30,1.02344,-0.09473,0.00391,-0.30488,0.12195,0.30488
7,35,1.02490,-0.09424,0.00244,-0.48780,0.18293,0.30488
8,40,1.02490,-0.09375,0.00195,-0.36585,0.24390,0.30488
9,46,1.02490,-0.09082,0.00391,-0.30488,0.12195,0.30488
10,50,1.02832,-0.09180,0.00781,-0.30488,0.24390,0.36585
11,55,1.02246,-0.09229,0.00439,-0.48780,0.18293,0.36585
12,60,1.02197,-0.09277,0.00684,-0.48780,0.18293,0.24390
13,65,1.02295,-0.09180,0.00342,-0.36585,0.18293,0.36585
14,70,1.02393,-0.09424,0.00342,-0.24390,0.18293,0.24390
15,75,1.02441,-0.09473,0.00293,-0.48780,0.24390,0.18293
16,80,1.02197,-0.09229,0.00635,-0.36585,0.18293,0.24390
17,86,1.02637,-0.09082,0.00342,-0.30488,0.12195,0.24390
18,91,1.02637,-0.09229,-0.00049,-0.36585,0.00000,0.30488
19,95,1.02246,-0.09375,0.00244,-0.42683,0.18293,0.18293
20,100,1.02441,-0.09131,0.00781,-0.36585,0.30488,0.24390
21,105,1.02393,-0.08936,0.00244,-0.54878,0.00000,0.42683
22,110,1.02393,-0.09326,0.00000,-0.36585,0.12195,0.54878
23,115,1.02197,-0.09131,0.00293,-0.48780,0.24390,0.30488
24,120,1.02148,-0.09082,0.00488,-0.36585,0.24390,0.24390
25,125,1.02832,-0.08887,0.00293,-0.36585,0.18293,0.30488
26,131,1.02051,-0.09277,0.00049,-0.36585,0.00000,0.42683
27,135,1.02393,-0.09424,0.00146,-0.36585,0.06098,0.36585
28,140,1.02783,-0.09082,0.00879,-0.48780,0.30488,0.18293
29,145,1.02441,-0.09082,0.00586,-0.36585,0.24390,0.36585
30,150,1.02490,-0.09277,0.00537,-0.24390,0.18293,0.42683
31,155,1.02539,-0.09229,0.00195,-0.30488,0.12195,0.42683
32,160,1.02441,-0.09180,0.00537,-0.30488,0.24390,0.24390
33,165,1.02246,-0.09326,0.00781,-0.24390,0.24390,0.24390
34,171,1.02197,-0.09277,0.00879,-0.36585,0.18293,0.24390
35,175,1.02295,-0.09277,0.00293,-0.30488,0.12195,0.24390
36,180,1.02100,-0.08984,0.00586,-0.48780,0.18293,0.24390
37,185,1.02734,-0.09229,0.00781,-0.42683,0.18293,0.30488
38,190,1.02295,-0.09033,0.00293,-0.30488,0.06098,0.30488
39,195,1.02344,-0.09424,0.00098,-0.36585,0.12195,0.36585
40,200,1.02295,-0.09375,0.00586,-0.42683,0.18293,0.30488
41,205,1.02539,-0.09180,0.00586,-0.30488,0.18293,0.18293
42,211,1.02686,-0.09082,0.00537,-0.30488,0.18293,0.24390
43,216,1.02686,-0.09326,0.00537,-0.36585,0.12195,0.30488
44,220,1.02441,-0.09131,0.00098,-0.30488,0.24390,0.30488
45,225,1.02100,-0.09082,0.00537,-0.30488,0.30488,0.18293
46,230,1.02197,-0.09229,0.00781,-0.30488,0.12195,0.24390
47,235,1.02539,-0.09326,0.00977,-0.42683,0.06098,0.42683
48,240,1.02441,-0.09277,0.00439,-0.36585,0.18293,0.36585
49,245,1.03027,-0.09180,0.00586,-0.30488,0.24390,0.24390
50,250,1.03027,-0.09180,0.00586,-0.30488,0.24390,0.24390
51,256,1.02148,-0.09326,0.00049,-0.24390,0.06098,0.30488
52,260,1.02197,-0.09277,0.00098,-0.36585,0.12195,0.30488
53,265,1.02051,-0.09277,0.00488,-0.36585,0.30488,0.18293
54,270,1.02490,-0.09326,0.00928,-0.30488,0.30488,0.30488
55,275,1.02686,-0.09033,0.00488,-0.24390,0.12195,0.24390
56,280,1.02100,-0.09180,0.00342,-0.30488,0.18293,0.12195
57,285,1.02100,-0.09180,0.00342,-0.30488,0.18293,0.12195
58,290,1.02637,-0.09229,0.00537,-0.48780,0.18293,0.18293
59,296,1.02490,-0.09033,0.00244,-0.36585,0.12195,0.24390
60,300,1.02637,-0.09424,0.00439,-0.54878,0.18293,0.18293
61,305,1.02197,-0.09229,0.00586,-0.48780,0.24390,0.30488
62,310,1.02344,-0.09180,-0.00098,-0.36585,0.18293,0.48780
63,315,1.02344,-0.09180,-0.00098,-0.36585,0.18293,0.48780
64,320,1.02051,-0.09277,0.00439,-0.24390,0.18293,0.36585
65,325,1.02295,-0.09033,0.00391,-0.30488,0.24390,0.24390
66,330,1.02246,-0.09131,0.00635,-0.36585,0.18293,0.18293
67,336,1.02148,-0.09375,0.00049,-0.30488,0.12195,0.42683
68,341,1.02100,-0.09375,0.00000,-0.36585,0.12195,0.24390
69,345,1.02100,-0.09375,0.00000,-0.36585,0.12195,0.24390
70,350,1.02295,-0.09180,0.00928,-0.42683,0.30488,0.18293
71,355,1.02393,-0.09277,0.01025,-0.42683,0.24390,0.24390
72,360,1.02197,-0.09424,0.00635,-0.54878,0.18293,0.24390
73,365,1.02295,-0.09277,0.00635,-0.54878,0.18293,0.18293
74,370,1.02148,-0.08936,0.00586,-0.36585,0.24390,0.24390
75,375,1.02344,-0.08887,0.00439,-0.42683,0.12195,0.30488
76,381,1.02588,-0.09570,0.00244,-0.42683,0.12195,0.30488
77,385,1.02979,-0.09375,0.00391,-0.24390,0.18293,0.24390
78,390,1.02539,-0.09033,0.00586,-0.24390,0.18293,0.24390
79,395,1.02148,-0.08984,0.00439,-0.42683,0.12195,0.24390
80,400,1.02148,-0.09277,0.00098,-0.36585,0.12195,0.30488
81,405,1.02393,-0.09229,-0.00049,-0.36585,0.18293,0.36585
82,410,1.02344,-0.09375,0.00586,-0.42683,0.18293,0.36585
83,415,1.02393,-0.09180,0.00684,-0.30488,0.18293,0.12195
84,421,1.02197,-0.09424,0.00439,-0.24390,0.06098,0.18293
85,425,1.02539,-0.09326,0.00098,-0.30488,0.12195,0.30488
86,430,1.02539,-0.09180,0.00684,-0.30488,0.24390,0.18293
87,435,1.02344,-0.09131,0.00537,-0.48780,0.18293,0.24390
88,440,1.02197,-0.09326,0.00439,-0.30488,0.06098,0.36585
89,445,1.02441,-0.09131,0.00195,-0.30488,0.18293,0.36585
90,450,1.02246,-0.09180,0.00146,-0.30488,0.24390,0.36585
91,455,1.02539,-0.09277,0.00244,-0.42683,0.30488,0.30488
92,461,1.02148,-0.09131,0.00293,-0.36585,0.18293,0.18293
93,466,1.02393,-0.09131,0.00244,-0.36585,0.12195,0.24390
94,470,1.02393,-0.09277,-0.00195,-0.42683,0.06098,0.36585
95,475,1.02588,-0.09326,0.00293,-0.30488,0.24390,0.18293
96,480,1.01953,-0.09082,0.00439,-0.30488,0.18293,0.18293
97,485,1.02295,-0.08984,0.00244,-0.42683,0.18293,0.30488
98,490,1.02734,-0.09375,0.00195,-0.30488,0.12195,0.30488
99,495,1.02148,-0.09619,0.00049,-0.42683,0.12195,0.30488
100,500,1.02393,-0.09082,0.00732,-0.48780,0.18293,0.36585
101,506,1.02295,-0.09229,0.00586,-0.30488,0.18293,0.36585
102,510,1.02197,-0.09424,0.00293,-0.30488,0.12195,0.36585
103,515,1.02344,-0.09180,-0.00049,-0.30488,0.06098,0.36585
104,520,1.02246,-0.09326,0.00293,-0.42683,0.24390,0.18293
105,525,1.02148,-0.08984,0.00195,-0.54878,0.24390,0.30488
106,530,1.02490,-0.09424,-0.00098,-0.42683,0.12195,0.36585
107,535,1.02344,-0.09229,0.00342,-0.42683,0.12195,0.24390
108,540,1.02051,-0.09326,0.00537,-0.42683,0.12195,0.24390
109,546,1.02539,-0.09277,0.00195,-0.42683,0.24390,0.30488
110,550,1.02588,-0.09229,0.00195,-0.30488,0.30488,0.30488
111,555,1.02686,-0.09180,0.00830,-0.42683,0.24390,0.30488
112,560,1.02441,-0.09326,0.00537,-0.42683,0.06098,0.30488
113,565,1.02490,-0.09131,-0.00049,-0.36585,0.12195,0.24390
114,570,1.02588,-0.09277,0.00146,-0.30488,0.24390,0.24390
115,575,1.02393,-0.09082,0.00488,-0.18293,0.36585,0.30488
116,580,1.02148,-0.09229,0.00342,-0.24390,0.24390,0.18293
117,586,1.02490,-0.09229,-0.00098,-0.24390,0.18293,0.30488
118,591,1.02441,-0.09180,0.00293,-0.18293,0.30488,0.36585
119,595,1.02588,-0.09082,0.01025,-0.30488,0.18293,0.18293
120,600,1.02588,-0.09326,0.00586,-0.42683,0.18293,0.18293
121,605,1.02295,-0.09326,0.00293,-0.54878,0.18293,0.36585
122,610,1.02295,-0.09180,0.00439,-0.30488,0.12195,0.30488
123,615,1.02539,-0.09082,0.00293,-0.24390,0.18293,0.18293
124,620,1.02246,-0.09375,-0.00049,-0.24390,0.18293,0.30488
125,625,1.02393,-0.09375,-0.00195,-0.30488,0.12195,0.42683
126,631,1.02393,-0.08984,0.00195,-0.30488,0.18293,0.36585
127,635,1.02441,-0.09180,0.00049,-0.30488,0.30488,0.36585
128,640,1.02441,-0.09180,0.00635,-0.36585,0.30488,0.36585
129,645,1.02539,-0.09033,0.00488,-0.30488,0.18293,0.30488
130,650,1.02490,-0.09326,0.00146,-0.18293,0.24390,0.18293
131,655,1.02344,-0.09180,0.00781,-0.24390,0.18293,0.24390
132,660,1.02100,-0.09229,0.00635,-0.30488,0.24390,0.24390
133,665,1.02295,-0.09375,0.00342,-0.24390,0.12195,0.36585
134,671,1.02539,-0.09277,0.00244,-0.24390,0.06098,0.42683
135,675,1.02441,-0.08838,0.00244,-0.30488,0.24390,0.24390
136,680,1.02539,-0.09229,0.00732,-0.18293,0.18293,0.18293
137,685,1.02051,-0.09277,0.00879,-0.18293,0.12195,0.36585
138,690,1.02246,-0.09326,0.00684,-0.30488,0.12195,0.30488
139,695,1.02490,-0.09473,0.00391,-0.30488,0.18293,0.18293
140,700,1.02197,-0.08936,0.00342,-0.48780,0.18293,0.18293
141,705,1.02393,-0.08936,0.00293,-0.36585,0.24390,0.36585
142,711,1.02344,-0.09229,0.00098,-0.30488,0.06098,0.12195
143,716,1.02539,-0.09424,0.00342,-0.24390,0.18293,0.18293
144,720,1.02148,-0.08936,0.00488,-0.30488,0.30488,0.24390
145,725,1.02393,-0.09131,0.00439,-0.36585,0.24390,0.30488
146,730,1.02246,-0.09375,0.00049,-0.36585,0.12195,0.30488
147,735,1.02490,-0.09277,-0.00049,-0.36585,0.18293,0.18293
148,740,1.02344,-0.08887,0.00879,-0.24390,0.24390,0.24390
149,745,1.02441,-0.09082,0.00830,-0.42683,0.18293,0.36585
150,750,1.02637,-0.09424,0.00439,-0.42683,0.06098,0.36585
151,756,1.02246,-0.09424,0.00146,-0.36585,0.24390,0.30488
152,760,1.02148,-0.09131,0.00684,-0.48780,0.24390,0.24390
153,765,1.02051,-0.09033,0.00391,-0.42683,0.12195,0.36585
154,770,1.02051,-0.09570,0.00146,-0.36585,0.18293,0.30488
155,775,1.02100,-0.09277,0.00537,-0.30488,0.24390,0.24390
156,780,1.02197,-0.09131,0.00732,-0.24390,0.24390,0.30488
157,785,1.02588,-0.09180,0.00439,-0.36585,0.12195,0.30488
158,790,1.02490,-0.09082,-0.00098,-0.42683,0.06098,0.36585
159,796,1.02393,-0.09326,0.00635,-0.36585,0.18293,0.30488
160,800,1.02344,-0.08936,0.00684,-0.30488,0.18293,0.18293
161,805,1.02295,-0.08936,0.00439,-0.30488,0.18293,0.24390
162,810,1.02100,-0.09326,0.00195,-0.24390,0.18293,0.30488
163,815,1.02393,-0.09229,0.00049,-0.36585,0.18293,0.24390
164,820,1.02588,-0.09180,0.00391,-0.24390,0.24390,0.36585
165,825,1.02588,-0.09326,0.00195,-0.24390,0.18293,0.36585
166,830,1.01953,-0.09424,-0.00098,-0.30488,0.06098,0.30488
167,836,1.02637,-0.09521,0.00586,-0.42683,0.06098,0.30488
168,841,1.02588,-0.09521,0.00830,-0.36585,0.24390,0.30488
169,845,1.02197,-0.09180,0.00195,-0.30488,0.18293,0.42683
170,850,1.02441,-0.09082,0.00635,-0.30488,0.18293,0.24390
171,855,1.02246,-0.09180,0.00439,-0.42683,0.24390,0.24390
172,860,1.02393,-0.08984,0.00586,-0.30488,0.06098,0.24390
173,865,1.02490,-0.08984,0.00342,-0.42683,0.18293,0.24390
174,870,1.02490,-0.09277,-0.00146,-0.36585,0.18293,0.30488
175,875,1.02246,-0.09033,0.00488,-0.54878,0.18293,0.24390
176,881,1.02148,-0.09229,0.00342,-0.36585,0.24390,0.24390
177,885,1.02686,-0.08740,0.00293,-0.36585,0.24390,0.24390
178,890,1.02783,-0.08936,0.00537,-0.30488,0.18293,0.24390
179,895,1.02637,-0.09375,0.00146,-0.30488,0.18293,0.24390
180,900,1.02246,-0.09033,0.00635,-0.30488,0.12195,0.18293
181,905,1.02246,-0.09131,0.00146,-0.30488,0.18293,0.24390
182,910,1.02148,-0.09521,0.00098,-0.42683,0.18293,0.30488
183,915,1.02686,-0.09229,0.00391,-0.30488,0.06098,0.36585
184,921,1.02490,-0.09229,0.00586,-0.36585,0.00000,0.30488
185,925,1.02588,-0.08984,0.00977,-0.30488,0.18293,0.18293
186,930,1.02051,-0.09326,0.00244,-0.24390,0.12195,0.30488
187,935,1.02344,-0.09180,0.00293,-0.36585,0.06098,0.36585
188,940,1.02344,-0.09326,0.00635,-0.30488,0.18293,0.18293
189,945,1.02734,-0.09375,0.00635,-0.18293,0.24390,0.30488
190,950,1.02686,-0.09180,0.00439,-0.30488,0.18293,0.48780
191,955,1.02686,-0.09180,0.00439,-0.30488,0.18293,0.48780
192,961,1.02441,-0.09277,0.00391,-0.42683,0.12195,0.24390
193,966,1.02393,-0.09229,0.00781,-0.42683,0.18293,0.30488
194,970,1.02490,-0.09082,0.00488,-0.36585,0.24390,0.24390
195,975,1.02148,-0.09033,0.00244,-0.30488,0.24390,0.30488
196,980,1.02295,-0.09375,0.00781,-0.24390,0.18293,0.36585
197,985,1.02295,-0.09375,0.00781,-0.24390,0.18293,0.36585
198,990,1.02100,-0.09277,0.00293,-0.36585,0.24390,0.24390
199,995,1.02441,-0.09180,0.00439,-0.36585,0.24390,0.36585
200,1000,1.02197,-0.09229,0.00732,-0.36585,0.18293,0.30488
201,1006,1.02832,-0.09424,0.00586,-0.36585,0.18293,0.24390
202,1010,1.02686,-0.09131,0.00000,-0.30488,0.06098,0.30488
203,1015,1.02686,-0.09131,0.00000,-0.30488,0.06098,0.30488
204,1020,1.02490,-0.08887,0.00439,-0.24390,0.12195,0.30488
205,1025,1.02295,-0.09326,0.00342,-0.36585,0.18293,0.30488
206,1030,1.02246,-0.09082,0.00049,-0.36585,0.12195,0.24390
207,1035,1.02490,-0.09131,0.00195,-0.30488,0.18293,0.24390
208,1040,1.02637,-0.09277,0.00342,-0.36585,0.12195,0.30488
209,1046,1.02393,-0.09082,0.00439,-0.30488,0.30488,0.24390
210,1050,1.02393,-0.09082,0.00439,-0.30488,0.30488,0.24390
211,1055,1.02344,-0.09131,0.00684,-0.18293,0.12195,0.36585
212,1060,1.02051,-0.09082,0.00195,-0.30488,0.06098,0.36585
213,1065,1.01904,-0.09229,0.00000,-0.36585,0.12195,0.36585
214,1070,1.02100,-0.09180,0.00781,-0.30488,0.18293,0.30488
215,1075,1.02441,-0.09082,0.00537,-0.24390,0.12195,0.42683
216,1080,1.02148,-0.09033,0.00244,-0.36585,0.12195,0.18293
217,1086,1.02295,-0.09131,0.00049,-0.36585,0.12195,0.24390
218,1091,1.02539,-0.09180,0.00342,-0.30488,0.18293,0.24390
219,1095,1.02295,-0.09180,0.00586,-0.36585,0.18293,0.36585
220,1100,1.02539,-0.09229,0.00684,-0.24390,0.06098,0.36585
221,1105,1.02344,-0.09033,0.00537,-0.30488,0.12195,0.30488
222,1110,1.02344,-0.09131,-0.00049,-0.30488,0.18293,0.18293
223,1115,1.02441,-0.09229,0.00146,-0.48780,0.12195,0.24390
224,1120,1.02246,-0.09082,0.00195,-0.42683,0.18293,0.30488
225,1125,1.02441,-0.09229,0.00439,-0.36585,0.30488,0.36585
226,1131,1.02539,-0.09033,0.00439,-0.30488,0.24390,0.24390
227,1135,1.02295,-0.09424,0.00049,-0.24390,0.18293,0.24390
228,1140,1.02197,-0.09473,0.00684,-0.24390,0.12195,0.36585
229,1145,1.02441,-0.09082,0.00488,-0.24390,0.18293,0.30488
230,1150,1.02148,-0.09326,0.00488,-0.42683,0.18293,0.24390
231,1155,1.02441,-0.09424,0.00244,-0.24390,0.12195,0.30488
232,1160,1.02100,-0.09375,0.00049,-0.18293,0.18293,0.24390
233,1165,1.01904,-0.09180,0.00391,-0.42683,0.24390,0.24390
234,1171,1.02441,-0.09375,0.00293,-0.36585,0.42683,0.30488
235,1175,1.02441,-0.09277,0.00732,-0.30488,0.12195,0.30488
236,1180,1.01953,-0.09229,0.00537,-0.36585,0.00000,0.36585
237,1185,1.02441,-0.09180,0.00293,-0.36585,0.30488,0.30488
238,1190,1.02539,-0.09180,0.00537,-0.36585,0.24390,0.24390
239,1195,1.02344,-0.09229,0.00391,-0.54878,0.12195,0.24390
240,1200,1.02148,-0.09326,0.00391,-0.48780,0.18293,0.42683
241,1205,1.01807,-0.09424,0.00098,-0.42683,0.18293,0.30488
242,1211,1.02246,-0.09082,0.00049,-0.36585,0.30488,0.36585
243,1216,1.02539,-0.08936,0.00098,-0.42683,0.24390,0.24390
244,1220,1.02051,-0.09131,0.00391,-0.36585,0.06098,0.24390
245,1225,1.02393,-0.09229,0.00146,-0.30488,0.12195,0.30488
246,1230,1.02686,-0.09229,0.00342,-0.24390,0.12195,0.30488
247,1235,1.02441,-0.08984,0.00586,-0.30488,0.18293,0.24390
248,1240,1.02393,-0.09180,0.00684,-0.36585,0.06098,0.36585
249,1245,1.02441,-0.09619,0.00537,-0.24390,0.12195,0.36585
250,1250,1.02148,-0.09375,0.00293,-0.24390,0.30488,0.18293
251,1256,1.02344,-0.09033,0.00732,-0.42683,0.36585,0.24390
252,1260,1.02490,-0.09131,0.00000,-0.48780,0.24390,0.30488
253,1265,1.02588,-0.09961,-0.00049,-0.36585,0.06098,0.30488
254,1270,1.02441,-0.09619,0.00391,-0.24390,0.24390,0.18293
255,1275,1.02246,-0.09131,0.00537,-0.18293,0.24390,0.24390
256,1280,1.02246,-0.09277,0.00391,-0.42683,0.12195,0.18293
257,1285,1.02539,-0.09277,0.00244,-0.42683,0.18293,0.30488
258,1290,1.02637,-0.09521,0.00488,-0.30488,0.30488,0.24390
259,1296,1.02588,-0.09180,0.00537,-0.42683,0.18293,0.30488
260,1300,1.02588,-0.09375,0.00342,-0.30488,0.12195,0.36585
261,1305,1.02246,-0.09082,0.00488,-0.30488,0.18293,0.30488
262,1310,1.02490,-0.09033,0.00635,-0.30488,0.36585,0.12195
263,1315,1.02441,-0.09180,0.00537,-0.24390,0.24390,0.18293
264,1320,1.02295,-0.09424,0.00684,-0.24390,0.18293,0.24390
265,1325,1.02441,-0.09180,0.00391,-0.30488,0.12195,0.36585
266,1330,1.02295,-0.09229,0.00293,-0.36585,0.06098,0.30488
267,1336,1.02637,-0.09229,0.00928,-0.42683,0.18293,0.18293
268,1341,1.02588,-0.08936,0.00342,-0.30488,0.24390,0.30488
269,1345,1.02295,-0.09277,0.00049,-0.36585,0.18293,0.30488
270,1350,1.02637,-0.09229,0.00195,-0.36585,0.24390,0.30488
271,1355,1.02393,-0.09277,0.00293,-0.42683,0.24390,0.18293
272,1360,1.02441,-0.09326,0.00342,-0.48780,0.18293,0.30488
273,1365,1.02588,-0.09180,0.00391,-0.36585,0.18293,0.36585
274,1370,1.02246,-0.09082,0.00439,-0.42683,0.24390,0.36585
275,1375,1.02441,-0.09326,0.00342,-0.24390,0.30488,0.36585
276,1381,1.02441,-0.09473,0.00439,-0.18293,0.06098,0.24390
277,1385,1.02539,-0.09326,0.00879,-0.36585,0.12195,0.24390
278,1390,1.02246,-0.09033,0.00439,-0.36585,0.18293,0.30488
279,1395,1.02148,-0.09082,0.00391,-0.24390,0.24390,0.30488
280,1400,1.02393,-0.09180,0.00537,-0.18293,0.30488,0.36585
281,1405,1.02295,-0.09473,0.00293,-0.42683,0.18293,0.36585
282,1410,1.02637,-0.09277,0.00391,-0.42683,0.18293,0.36585
283,1415,1.02441,-0.09131,0.00244,-0.42683,0.24390,0.30488
284,1421,1.02393,-0.09473,0.00146,-0.48780,0.18293,0.36585
285,1425,1.02393,-0.09180,0.00098,-0.30488,0.36585,0.30488
286,1430,1.02246,-0.09131,0.00195,-0.36585,0.24390,0.24390
287,1435,1.02344,-0.09033,0.00146,-0.42683,0.12195,0.30488
288,1440,1.02295,-0.09131,0.00537,-0.36585,0.24390,0.24390
289,1445,1.02197,-0.09473,0.00879,-0.36585,0.18293,0.24390
290,1450,1.02344,-0.09375,0.00391,-0.36585,0.36585,0.30488
291,1455,1.02441,-0.09082,0.00586,-0.42683,0.18293,0.24390
292,1461,1.02197,-0.09229,0.00293,-0.42683,0.12195,0.18293
293,1466,1.02344,-0.09229,0.00488,-0.24390,0.18293,0.24390
294,1470,1.02637,-0.09424,0.00293,-0.30488,0.06098,0.30488
295,1475,1.01953,-0.09424,0.00342,-0.30488,0.24390,0.30488
296,1480,1.02148,-0.08984,0.00439,-0.18293,0.24390,0.36585
297,1485,1.02344,-0.09180,0.00000,-0.24390,0.12195,0.36585
298,1490,1.02490,-0.09277,0.00098,-0.24390,0.12195,0.30488
299,1495,1.02441,-0.09473,0.00195,-0.24390,0.18293,0.24390
300,1500,1.02100,-0.09131,0.00049,-0.36585,0.24390,0.30488
301,1506,1.02490,-0.09082,0.00293,-0.48780,0.12195,0.30488
302,1510,1.02100,-0.09229,0.00391,-0.36585,0.00000,0.36585
303,1515,1.02197,-0.09326,0.00830,-0.30488,0.18293,0.30488
304,1520,1.02295,-0.08789,0.00195,-0.24390,0.18293,0.24390
305,1525,1.02393,-0.09131,0.00195,-0.36585,0.06098,0.30488
306,1530,1.02539,-0.09375,0.00488,-0.48780,0.12195,0.36585
307,1535,1.02490,-0.09277,0.00244,-0.36585,0.18293,0.18293
308,1540,1.02100,-0.09180,0.00586,-0.24390,0.24390,0.12195
309,1546,1.02686,-0.08936,0.00684,-0.30488,0.06098,0.12195
310,1550,1.02637,-0.09424,0.00635,-0.42683,0.12195,0.30488
311,1555,1.02246,-0.09180,0.00146,-0.60976,0.24390,0.24390
312,1560,1.02002,-0.09277,0.00488,-0.48780,0.18293,0.18293
313,1565,1.02344,-0.09180,0.00684,-0.30488,0.12195,0.12195
314,1570,1.02539,-0.09570,0.00342,-0.36585,0.24390,0.24390
315,1575,1.02734,-0.09473,0.00146,-0.36585,0.24390,0.30488
316,1580,1.02734,-0.09375,0.00049,-0.30488,0.24390,0.18293
317,1586,1.02539,-0.09180,0.00244,-0.36585,0.18293,0.18293
318,1591,1.02295,-0.09277,0.00635,-0.30488,0.12195,0.36585
319,1595,1.02588,-0.08984,0.00439,-0.24390,0.12195,0.24390
320,1600,1.02295,-0.09424,0.00244,-0.30488,0.18293,0.18293
321,1605,1.02148,-0.09229,0.00537,-0.24390,0.12195,0.18293
322,1610,1.02490,-0.08984,0.00439,-0.42683,0.12195,0.36585
323,1615,1.02441,-0.09277,0.00293,-0.24390,0.18293,0.30488
324,1620,1.02686,-0.09082,0.00781,-0.30488,0.12195,0.36585
325,1625,1.02686,-0.09082,0.00781,-0.30488,0.12195,0.36585
326,1631,1.02393,-0.09326,0.00488,-0.36585,0.06098,0.30488
327,1635,1.02002,-0.09424,0.00342,-0.30488,0.12195,0.30488
328,1640,1.02344,-0.09473,0.00635,-0.42683,0.18293,0.30488
329,1645,1.02441,-0.09229,0.00098,-0.42683,0.18293,0.24390
330,1650,1.02295,-0.09229,0.00537,-0.42683,0.18293,0.24390
331,1655,1.02295,-0.09229,0.00537,-0.42683,0.18293,0.24390
332,1660,1.02246,-0.09082,0.00781,-0.30488,0.24390,0.12195
333,1665,1.02100,-0.09180,0.00537,-0.42683,0.18293,0.24390
334,1671,1.02441,-0.09375,0.00244,-0.24390,0.18293,0.24390
335,1675,1.02588,-0.09131,0.00195,-0.36585,0.06098,0.24390
336,1680,1.02393,-0.09326,0.00049,-0.30488,0.18293,0.24390
337,1685,1.02393,-0.09326,0.00049,-0.30488,0.18293,0.24390
338,1690,1.02197,-0.09570,0.00586,-0.12195,0.24390,0.36585
339,1695,1.02441,-0.09326,0.00439,-0.30488,0.12195,0.42683
340,1700,1.02441,-0.09180,0.00195,-0.36585,0.24390,0.18293
341,1705,1.02490,-0.09277,0.00586,-0.24390,0.24390,0.12195
342,1711,1.02246,-0.09131,0.00488,-0.48780,0.12195,0.30488
343,1716,1.02344,-0.09229,-0.00049,-0.30488,0.12195,0.36585
344,1720,1.02344,-0.09229,-0.00049,-0.30488,0.12195,0.36585
345,1725,1.02197,-0.09033,0.00391,-0.42683,0.24390,0.18293
346,1730,1.02637,-0.09082,0.00537,-0.36585,0.24390,0.30488
347,1735,1.02295,-0.09277,0.00244,-0.36585,0.12195,0.42683
348,1740,1.02881,-0.09277,0.00537,-0.36585,0.24390,0.36585
349,1745,1.02490,-0.09131,0.00146,-0.30488,0.24390,0.30488
350,1750,1.02393,-0.09033,0.00244,-0.48780,0.18293,0.30488
351,1756,1.02100,-0.09131,0.00391,-0.30488,0.12195,0.36585
352,1760,1.02295,-0.09326,0.00635,-0.36585,0.18293,0.24390
353,1765,1.02490,-0.09180,0.00586,-0.36585,0.18293,0.18293
354,1770,1.02734,-0.09082,0.00586,-0.48780,0.24390,0.36585
355,1775,1.02246,-0.09131,0.00195,-0.48780,0.12195,0.30488
356,1780,1.02637,-0.09229,0.00732,-0.36585,0.18293,0.24390
357,1785,1.02441,-0.09570,0.00391,-0.48780,0.24390,0.30488
358,1790,1.02100,-0.09277,0.00195,-0.36585,0.18293,0.30488
359,1796,1.02246,-0.09229,0.00488,-0.48780,0.18293,0.30488
360,1800,1.02539,-0.09424,0.00586,-0.36585,0.24390,0.24390
361,1805,1.02490,-0.09375,0.00684,-0.24390,0.12195,0.18293
362,1810,1.02344,-0.09326,0.00781,-0.24390,0.18293,0.30488
363,1815,1.02637,-0.09521,0.00781,-0.24390,0.24390,0.24390
364,1820,1.02148,-0.09326,0.00000,-0.24390,0.24390,0.24390
365,1825,1.02344,-0.09033,-0.00098,-0.48780,0.24390,0.24390
366,1830,1.02588,-0.09277,0.00293,-0.30488,0.30488,0.30488
367,1836,1.02441,-0.09033,0.00342,-0.30488,0.24390,0.30488
368,1841,1.02539,-0.09082,0.00732,-0.42683,0.12195,0.36585
369,1845,1.02441,-0.09131,0.00391,-0.42683,0.18293,0.30488
370,1850,1.02441,-0.09131,0.00391,-0.24390,0.18293,0.18293
371,1855,1.02393,-0.09277,0.00195,-0.18293,0.18293,0.30488
372,1860,1.02344,-0.09131,0.00146,-0.36585,0.24390,0.24390
373,1865,1.02490,-0.09424,0.00244,-0.42683,0.18293,0.24390
374,1870,1.02393,-0.08887,0.00439,-0.18293,0.12195,0.18293
375,1875,1.02881,-0.08984,0.00439,-0.24390,0.12195,0.18293
376,1881,1.02344,-0.09375,0.00439,-0.36585,0.12195,0.24390
377,1885,1.02393,-0.08887,0.00391,-0.36585,0.18293,0.24390
378,1890,1.02246,-0.09277,0.00293,-0.36585,0.12195,0.24390
379,1895,1.02441,-0.09277,0.00537,-0.24390,0.24390,0.24390
380,1900,1.02783,-0.09180,0.00391,-0.30488,0.30488,0.18293
381,1905,1.02100,-0.09473,0.00195,-0.30488,0.12195,0.18293
382,1910,1.02344,-0.09375,-0.00293,-0.42683,0.00000,0.36585
383,1915,1.02490,-0.09180,0.00293,-0.42683,0.18293,0.30488
384,1921,1.02490,-0.09082,0.00195,-0.18293,0.18293,0.30488
385,1925,1.02393,-0.08936,0.00293,-0.42683,0.18293,0.18293
386,1930,1.02295,-0.09033,0.00537,-0.36585,0.18293,0.18293
387,1935,1.02539,-0.08984,0.00928,-0.30488,0.18293,0.24390
388,1940,1.02051,-0.08984,0.00732,-0.54878,0.06098,0.36585
389,1945,1.02637,-0.09131,0.00586,-0.36585,0.18293,0.24390
390,1950,1.02539,-0.09180,0.01074,-0.30488,0.12195,0.30488
391,1955,1.02344,-0.09131,0.00488,-0.18293,0.18293,0.30488
392,1961,1.02344,-0.09082,0.00537,-0.18293,0.18293,0.30488
393,1966,1.02295,-0.08984,0.00098,-0.42683,0.06098,0.24390
394,1970,1.01904,-0.09131,0.00049,-0.48780,0.12195,0.30488
395,1975,1.02002,-0.09131,0.00000,-0.42683,0.12195,0.30488
396,1980,1.02393,-0.09326,0.00342,-0.36585,0.18293,0.18293
397,1985,1.02588,-0.09277,0.00391,-0.36585,0.18293,0.30488
398,1990,1.02686,-0.09277,0.00537,-0.30488,0.24390,0.24390
399,1995,1.02344,-0.08887,0.00830,-0.30488,0.12195,0.30488
400,2000,1.02393,-0.09082,0.00439,-0.30488,0.18293,0.30488
401,2006,1.02637,-0.09375,0.00488,-0.24390,0.12195,0.18293
402,2010,1.02344,-0.09326,0.00195,-0.24390,0.12195,0.18293
403,2015,1.02148,-0.09082,0.00293,-0.36585,0.24390,0.18293
404,2020,1.02490,-0.09473,0.00391,-0.30488,0.18293,0.30488
405,2025,1.02197,-0.09424,-0.00098,-0.36585,0.18293,0.18293
406,2030,1.02148,-0.09619,0.00586,-0.24390,0.24390,0.06098
407,2035,1.02393,-0.09082,0.00684,-0.30488,0.12195,0.12195
408,2040,1.02490,-0.09375,0.00488,-0.30488,0.00000,0.30488
409,2046,1.02051,-0.09375,0.00146,-0.48780,0.24390,0.30488
410,2050,1.02734,-0.09082,0.00635,-0.42683,0.30488,0.30488
411,2055,1.02686,-0.08789,0.00732,-0.42683,0.06098,0.30488
412,2060,1.02441,-0.08984,0.00439,-0.42683,0.06098,0.30488
413,2065,1.02539,-0.09277,-0.00244,-0.30488,0.12195,0.24390
414,2070,1.02246,-0.09473,0.00537,-0.24390,0.24390,0.24390
415,2075,1.02295,-0.09424,0.00146,-0.18293,0.24390,0.24390
416,2080,1.02002,-0.09375,0.00000,-0.12195,0.18293,0.24390
417,2086,1.02539,-0.09131,0.00537,-0.42683,0.18293,0.30488
418,2091,1.02344,-0.09033,0.00537,-0.42683,0.24390,0.24390
419,2095,1.02588,-0.09131,0.00586,-0.30488,0.12195,0.24390
420,2100,1.02393,-0.09473,0.00244,-0.30488,0.30488,0.30488
421,2105,1.02100,-0.09277,0.00586,-0.36585,0.18293,0.24390
422,2110,1.02441,-0.08984,0.00732,-0.48780,0.24390,0.18293
423,2115,1.02197,-0.09033,0.00488,-0.30488,0.18293,0.30488
424,2120,1.02197,-0.08887,0.00000,-0.24390,0.12195,0.30488
425,2125,1.02539,-0.08838,-0.00049,-0.36585,0.18293,0.36585
426,2131,1.02393,-0.09375,0.00293,-0.42683,0.18293,0.36585
427,2135,1.02539,-0.09033,0.00146,-0.30488,0.18293,0.24390
428,2140,1.02344,-0.08936,0.00098,-0.24390,0.24390,0.24390
429,2145,1.02441,-0.09277,0.00195,-0.30488,0.18293,0.30488
430,2150,1.02490,-0.09326,0.00342,-0.30488,0.18293,0.18293
431,2155,1.02783,-0.09229,0.00000,-0.30488,0.24390,0.24390
432,2160,1.02686,-0.09375,0.00098,-0.48780,0.18293,0.30488
433,2165,1.02344,-0.09326,0.00537,-0.36585,0.12195,0.36585
434,2171,1.02441,-0.09277,0.00488,-0.36585,0.12195,0.30488
435,2175,1.02393,-0.09326,0.00293,-0.36585,0.18293,0.30488
436,2180,1.02539,-0.09326,0.00098,-0.24390,0.18293,0.30488
437,2185,1.02441,-0.09570,0.00684,-0.30488,0.24390,0.24390
438,2190,1.02002,-0.09082,0.00684,-0.24390,0.18293,0.30488
439,2195,1.02197,-0.08887,0.00732,-0.42683,0.24390,0.12195
440,2200,1.02783,-0.09229,0.00342,-0.36585,0.18293,0.30488
441,2205,1.02588,-0.09375,0.00146,-0.30488,0.18293,0.36585
442,2211,1.02344,-0.09229,0.00684,-0.36585,0.18293,0.18293
443,2216,1.02148,-0.09082,0.00391,-0.24390,0.18293,0.30488
444,2220,1.02148,-0.09326,-0.00098,-0.42683,0.18293,0.30488
445,2225,1.02783,-0.09180,0.00098,-0.48780,0.18293,0.30488
446,2230,1.02539,-0.09180,0.00146,-0.36585,0.18293,0.12195
447,2235,1.02393,-0.08984,0.00391,-0.24390,0.24390,0.18293
448,2240,1.02344,-0.09326,0.00488,-0.24390,0.12195,0.36585
449,2245,1.02637,-0.09326,0.00146,-0.36585,0.24390,0.42683
450,2250,1.02637,-0.09277,0.00684,-0.18293,0.24390,0.18293
451,2256,1.02441,-0.09229,0.00635,-0.42683,0.30488,0.18293
452,2260,1.02344,-0.09424,0.00342,-0.24390,0.18293,0.30488
453,2265,1.02197,-0.09326,0.00098,-0.36585,0.18293,0.24390
454,2270,1.02441,-0.09424,-0.00098,-0.48780,0.24390,0.18293
455,2275,1.02441,-0.09033,0.00244,-0.24390,0.18293,0.24390
456,2280,1.02246,-0.09131,0.00879,-0.30488,0.12195,0.36585
457,2285,1.02100,-0.09570,0.00000,-0.30488,0.18293,0.30488
458,2290,1.02393,-0.09521,0.00098,-0.36585,0.12195,0.18293
459,2296,1.02588,-0.09229,0.00391,-0.36585,0.18293,0.24390
460,2300,1.02588,-0.09229,0.00635,-0.42683,0.18293,0.18293
461,2305,1.02344,-0.09473,0.00342,-0.36585,0.18293,0.24390
462,2310,1.02051,-0.09473,0.00439,-0.36585,0.18293,0.24390
463,2315,1.02100,-0.09082,0.00732,-0.30488,0.24390,0.18293
464,2320,1.02246,-0.08887,0.00244,-0.42683,0.18293,0.18293
465,2325,1.02246,-0.08887,0.00244,-0.42683,0.18293,0.18293
466,2330,1.02051,-0.09277,0.00146,-0.42683,0.12195,0.36585
467,2336,1.02197,-0.09277,0.00195,-0.42683,0.30488,0.24390
468,2341,1.02344,-0.09375,0.00244,-0.30488,0.18293,0.18293
469,2345,1.02734,-0.09521,0.00977,-0.30488,0.30488,0.42683
470,2350,1.02637,-0.09473,0.00439,-0.36585,0.18293,0.36585
471,2355,1.02637,-0.09473,0.00439,-0.36585,0.18293,0.36585
472,2360,1.02246,-0.09180,0.00146,-0.54878,0.18293,0.30488
473,2365,1.02783,-0.09082,0.00537,-0.36585,0.18293,0.30488
474,2370,1.02393,-0.09277,0.00244,-0.42683,0.12195,0.30488
475,2375,1.01855,-0.09131,0.00342,-0.42683,0.12195,0.30488
476,2381,1.02588,-0.09180,0.00537,-0.36585,0.06098,0.24390
477,2385,1.02393,-0.08984,0.00635,-0.30488,0.06098,0.18293
478,2390,1.02393,-0.08984,0.00635,-0.30488,0.06098,0.18293
479,2395,1.02295,-0.09326,0.00195,-0.36585,0.12195,0.24390
480,2400,1.02539,-0.09375,0.00732,-0.36585,0.12195,0.24390
481,2405,1.02246,-0.09326,0.00342,-0.24390,0.12195,0.30488
482,2410,1.02393,-0.09570,0.00684,-0.36585,0.18293,0.24390
483,2415,1.02393,-0.09277,0.00586,-0.30488,0.24390,0.24390
484,2421,1.02148,-0.09424,0.00146,-0.30488,0.18293,0.18293
485,2425,1.02637,-0.09473,0.00391,-0.12195,0.12195,0.30488
486,2430,1.02246,-0.09131,-0.00244,-0.30488,0.18293,0.30488
487,2435,1.02197,-0.09131,0.00195,-0.42683,0.24390,0.18293
488,2440,1.02441,-0.09082,0.00635,-0.42683,0.12195,0.24390
489,2445,1.02393,-0.09180,0.00586,-0.48780,0.18293,0.24390
490,2450,1.02539,-0.09375,0.00098,-0.42683,0.24390,0.24390
491,2455,1.02344,-0.09180,-0.00098,-0.42683,0.12195,0.30488
492,2461,1.02490,-0.08887,0.00439,-0.42683,0.18293,0.24390
493,2466,1.02441,-0.09229,0.00488,-0.54878,0.18293,0.18293
494,2470,1.02295,-0.09277,0.00391,-0.36585,0.24390,0.18293
495,2475,1.02441,-0.09521,-0.00195,-0.18293,0.18293,0.30488
496,2480,1.02393,-0.09131,0.00586,-0.18293,0.18293,0.24390
497,2485,1.02246,-0.09131,0.00000,-0.42683,0.18293,0.24390
498,2490,1.02393,-0.09131,0.00146,-0.36585,0.12195,0.24390
499,2495,1.02344,-0.09180,0.00537,-0.42683,0.12195,0.18293
500,2500,1.02295,-0.09180,0.00537,-0.30488,0.06098,0.36585
501,2506,1.02393,-0.09180,0.00342,-0.24390,0.30488,0.36585
502,2510,1.02539,-0.09375,0.00098,-0.36585,0.12195,0.30488
503,2515,1.02393,-0.09424,0.00098,-0.24390,0.06098,0.18293
504,2520,1.02197,-0.09326,0.00391,-0.18293,0.24390,0.24390
505,2525,1.02295,-0.09180,0.00439,-0.36585,0.18293,0.24390
506,2530,1.02588,-0.08740,0.00244,-0.36585,0.18293,0.30488
507,2535,1.02197,-0.09131,0.00293,-0.24390,0.12195,0.36585
508,2540,1.02295,-0.09131,0.00391,-0.30488,0.12195,0.24390
509,2546,1.02441,-0.09082,0.00635,-0.42683,0.24390,0.24390
510,2550,1.02246,-0.09277,0.00488,-0.30488,0.12195,0.30488
511,2555,1.02148,-0.09131,0.00146,-0.30488,0.12195,0.30488
512,2560,1.02344,-0.08984,0.00342,-0.30488,0.18293,0.30488
513,2565,1.02246,-0.09033,0.00244,-0.24390,0.24390,0.18293
514,2570,1.02197,-0.09180,0.00439,-0.24390,0.06098,0.30488
515,2575,1.02344,-0.09619,0.00244,-0.42683,0.18293,0.30488
516,2580,1.02588,-0.09326,0.00342,-0.48780,0.36585,0.18293
517,2586,1.02100,-0.08984,0.00635,-0.24390,0.30488,0.30488
518,2591,1.02490,-0.09131,0.00293,-0.24390,0.12195,0.36585
519,2595,1.02539,-0.09277,0.00049,-0.30488,0.12195,0.24390
520,2600,1.02441,-0.09033,0.00488,-0.48780,0.18293,0.18293
521,2605,1.02295,-0.08887,0.00684,-0.36585,0.12195,0.30488
522,2610,1.02295,-0.08789,0.00586,-0.24390,0.12195,0.42683
523,2615,1.02295,-0.09180,0.00488,-0.30488,0.12195,0.36585
524,2620,1.02197,-0.09424,0.00146,-0.30488,0.24390,0.24390
525,2625,1.02637,-0.08887,0.00488,-0.18293,0.18293,0.24390
526,2631,1.02588,-0.08984,0.00635,-0.18293,0.12195,0.24390
527,2635,1.02393,-0.09180,-0.00244,-0.24390,0.12195,0.30488
528,2640,1.02100,-0.09326,0.00391,-0.54878,0.18293,0.24390
529,2645,1.02197,-0.09326,0.00293,-0.36585,0.18293,0.18293
530,2650,1.02148,-0.09082,0.00537,-0.18293,0.12195,0.30488
531,2655,1.02148,-0.09082,0.00732,-0.30488,0.12195,0.36585
532,2660,1.02393,-0.09180,0.00293,-0.42683,0.18293,0.24390
533,2665,1.02490,-0.09229,0.00000,-0.30488,0.18293,0.24390
534,2671,1.02686,-0.09082,0.00244,-0.36585,0.12195,0.24390
535,2675,1.02148,-0.09424,0.00049,-0.42683,0.06098,0.36585
536,2680,1.02344,-0.09131,0.00195,-0.36585,0.18293,0.30488
537,2685,1.02588,-0.09180,0.00781,-0.36585,0.36585,0.24390
538,2690,1.02637,-0.09033,0.00635,-0.36585,0.18293,0.30488
539,2695,1.02393,-0.09326,0.00439,-0.42683,0.12195,0.30488
540,2700,1.02490,-0.09424,0.00488,-0.48780,0.24390,0.24390
541,2705,1.02393,-0.09229,0.00928,-0.30488,0.18293,0.18293
542,2711,1.02295,-0.08887,0.00439,-0.24390,0.06098,0.18293
543,2716,1.02295,-0.09375,0.00098,-0.36585,0.12195,0.36585
544,2720,1.02441,-0.08984,0.00195,-0.42683,0.18293,0.24390
545,2725,1.02246,-0.09082,0.00439,-0.36585,0.18293,0.18293
546,2730,1.02100,-0.09375,0.00244,-0.30488,0.24390,0.30488
547,2735,1.02148,-0.09180,0.00146,-0.36585,0.12195,0.42683
548,2740,1.02393,-0.09180,0.00098,-0.24390,0.18293,0.24390
549,2745,1.02295,-0.09082,0.00732,-0.30488,0.30488,0.30488
550,2750,1.02393,-0.09082,0.00586,-0.24390,0.18293,0.18293
551,2756,1.02148,-0.09424,0.00146,-0.24390,0.12195,0.36585
552,2760,1.02148,-0.09375,0.00195,-0.42683,0.12195,0.18293
553,2765,1.02344,-0.09326,0.00830,-0.48780,0.24390,0.24390
554,2770,1.02344,-0.09033,0.00488,-0.48780,0.18293,0.30488
555,2775,1.02295,-0.09473,0.00000,-0.36585,0.18293,0.30488
556,2780,1.02686,-0.09424,0.00098,-0.30488,0.24390,0.30488
557,2785,1.02393,-0.08984,0.00098,-0.30488,0.18293,0.18293
558,2790,1.02734,-0.09033,0.00391,-0.30488,0.06098,0.30488
559,2796,1.02539,-0.09424,0.00732,-0.42683,0.06098,0.24390
560,2800,1.02490,-0.09180,0.00293,-0.30488,0.06098,0.24390
561,2805,1.02393,-0.08936,0.00293,-0.36585,0.18293,0.30488
562,2810,1.01807,-0.09082,0.00244,-0.54878,0.24390,0.30488
563,2815,1.01855,-0.09131,0.00195,-0.54878,0.12195,0.30488
564,2820,1.02197,-0.09424,0.00195,-0.30488,0.12195,0.30488
565,2825,1.02393,-0.09033,0.00146,-0.18293,0.30488,0.24390
566,2830,1.02002,-0.09082,0.00146,-0.36585,0.24390,0.30488
567,2836,1.02539,-0.09619,0.00000,-0.30488,0.06098,0.24390
568,2841,1.02783,-0.09375,0.00000,-0.30488,0.12195,0.24390
569,2845,1.02148,-0.09033,0.00293,-0.12195,0.24390,0.36585
570,2850,1.02148,-0.09131,0.00586,-0.30488,0.24390,0.24390
571,2855,1.02539,-0.09180,0.00684,-0.36585,0.06098,0.24390
572,2860,1.01953,-0.09473,0.00391,-0.30488,0.18293,0.36585
573,2865,1.02051,-0.09033,0.00293,-0.30488,0.30488,0.30488
574,2870,1.02588,-0.09277,0.00488,-0.30488,0.24390,0.30488
575,2875,1.02344,-0.09521,0.00244,-0.36585,0.18293,0.30488
576,2881,1.02197,-0.09229,0.00391,-0.30488,0.24390,0.24390
577,2885,1.02197,-0.09131,0.00146,-0.36585,0.30488,0.24390
578,2890,1.02344,-0.09473,0.00342,-0.36585,0.30488,0.30488
579,2895,1.02490,-0.09277,0.00830,-0.30488,0.12195,0.24390
580,2900,1.02783,-0.09326,0.00635,-0.24390,0.06098,0.42683
581,2905,1.02393,-0.09326,0.00635,-0.36585,0.30488,0.36585
582,2910,1.02100,-0.09131,0.00049,-0.18293,0.24390,0.24390
583,2915,1.02686,-0.09326,0.00244,-0.18293,0.12195,0.30488
584,2921,1.02539,-0.09424,0.00684,-0.42683,0.18293,0.30488
585,2925,1.02295,-0.09521,0.00391,-0.24390,0.18293,0.24390
586,2930,1.02539,-0.09375,0.00342,-0.36585,0.06098,0.24390
587,2935,1.02686,-0.09375,0.00537,-0.36585,0.18293,0.30488
588,2940,1.02393,-0.09375,0.00244,-0.54878,0.06098,0.36585
589,2945,1.02393,-0.09229,0.00098,-0.36585,0.00000,0.30488
590,2950,1.02295,-0.09326,0.00195,-0.18293,0.24390,0.36585
591,2955,1.02588,-0.08984,0.00391,-0.30488,0.24390,0.24390
592,2961,1.02490,-0.09082,0.00488,-0.30488,0.18293,0.24390
593,2966,1.02344,-0.09375,0.00195,-0.36585,0.12195,0.18293
594,2970,1.02002,-0.09180,0.00342,-0.36585,0.12195,0.24390
595,2975,1.02002,-0.09326,0.00049,-0.30488,0.24390,0.24390
596,2980,1.02490,-0.09277,0.00146,-0.30488,0.24390,0.42683
597,2985,1.02295,-0.09180,0.00049,-0.48780,0.18293,0.18293
598,2990,1.02148,-0.08984,0.00635,-0.48780,0.06098,0.18293
599,2995,1.02148,-0.08984,0.00635,-0.48780,0.06098,0.18293
600,3000,1.02393,-0.09180,0.00342,-0.36585,0.24390,0.24390
601,3006,1.02197,-0.09424,0.00195,-0.36585,0.18293,0.24390
602,3010,1.02344,-0.09033,0.00195,-0.48780,0.18293,0.24390
603,3015,1.02441,-0.09180,0.00391,-0.30488,0.24390,0.30488
604,3020,1.02344,-0.09277,0.00293,-0.18293,0.12195,0.30488
605,3025,1.02051,-0.09326,-0.00098,-0.18293,0.18293,0.30488
606,3030,1.02051,-0.09326,-0.00098,-0.18293,0.18293,0.30488
607,3035,1.02344,-0.08984,0.00439,-0.30488,0.18293,0.24390
608,3040,1.02148,-0.08984,0.00098,-0.30488,0.12195,0.30488
609,3046,1.02197,-0.09326,0.00342,-0.48780,0.24390,0.36585
610,3050,1.02197,-0.08984,0.00391,-0.48780,0.24390,0.30488
611,3055,1.02490,-0.08838,0.00781,-0.30488,0.30488,0.24390
612,3060,1.02490,-0.08838,0.00781,-0.30488,0.30488,0.24390
613,3065,1.02295,-0.09180,0.00293,-0.36585,0.18293,0.36585
614,3070,1.02002,-0.09229,0.00391,-0.36585,0.24390,0.18293
615,3075,1.01953,-0.09277,0.00000,-0.12195,0.18293,0.18293
616,3080,1.02441,-0.09326,-0.00195,-0.12195,0.18293,0.30488
617,3086,1.02490,-0.09473,0.00293,-0.42683,0.18293,0.24390
618,3091,1.02490,-0.09473,0.00293,-0.42683,0.18293,0.24390
619,3095,1.02344,-0.09521,0.00000,-0.30488,0.18293,0.18293
620,3100,1.02539,-0.09229,0.00195,-0.36585,0.24390,0.30488
621,3105,1.02393,-0.09326,0.00342,-0.30488,0.24390,0.36585
622,3110,1.02490,-0.09229,0.00635,-0.30488,0.18293,0.24390
623,3115,1.02344,-0.09082,0.00391,-0.30488,0.18293,0.24390
624,3120,1.02539,-0.09033,0.00635,-0.12195,0.24390,0.24390
625,3125,1.02539,-0.09229,0.00684,-0.24390,0.06098,0.24390
626,3131,1.02295,-0.09424,0.00244,-0.30488,0.24390,0.36585
627,3135,1.02490,-0.09326,-0.00244,-0.42683,0.30488,0.12195
628,3140,1.02393,-0.09131,0.00830,-0.48780,0.18293,0.30488
629,3145,1.02246,-0.09082,0.00244,-0.18293,0.12195,0.30488
630,3150,1.02490,-0.09326,-0.00146,-0.24390,0.12195,0.30488
631,3155,1.02393,-0.09375,0.00537,-0.36585,0.18293,0.24390
632,3160,1.02295,-0.09131,0.00732,-0.24390,0.18293,0.24390
633,3165,1.02539,-0.09131,0.00098,-0.36585,0.12195,0.24390
634,3171,1.02148,-0.09229,0.00537,-0.48780,0.18293,0.30488
635,3175,1.02051,-0.09424,0.00391,-0.36585,0.18293,0.30488
636,3180,1.02588,-0.09131,0.00342,-0.36585,0.18293,0.18293
637,3185,1.02490,-0.09180,0.00439,-0.30488,0.18293,0.24390
638,3190,1.02393,-0.09473,0.00439,-0.36585,0.18293,0.30488
639,3195,1.02295,-0.09277,0.00146,-0.36585,0.18293,0.24390
640,3200,1.02588,-0.09033,0.00635,-0.30488,0.30488,0.30488
641,3205,1.02344,-0.08984,0.00537,-0.36585,0.18293,0.24390
642,3211,1.02490,-0.09180,0.00537,-0.30488,0.18293,0.30488
643,3216,1.02295,-0.09326,0.00342,-0.30488,0.12195,0.36585
644,3220,1.02197,-0.09277,-0.00293,-0.36585,0.12195,0.24390
645,3225,1.02148,-0.09180,0.00293,-0.36585,0.18293,0.24390
646,3230,1.02686,-0.09668,0.00391,-0.36585,0.12195,0.24390
647,3235,1.02441,-0.09180,0.00684,-0.30488,0.12195,0.18293
648,3240,1.02539,-0.09180,0.00488,-0.30488,0.24390,0.24390
649,3245,1.02393,-0.09326,0.00439,-0.30488,0.24390,0.36585
650,3250,1.02148,-0.09082,0.00537,-0.30488,0.18293,0.30488
651,3256,1.02539,-0.09082,0.00488,-0.36585,0.00000,0.30488
652,3260,1.02490,-0.09424,0.00195,-0.42683,0.18293,0.24390
653,3265,1.02148,-0.09082,0.00488,-0.42683,0.18293,0.24390
654,3270,1.02490,-0.09180,0.00391,-0.42683,0.12195,0.30488
655,3275,1.02295,-0.09277,0.00293,-0.48780,0.18293,0.24390
656,3280,1.02539,-0.09375,0.00342,-0.36585,0.24390,0.30488
657,3285,1.02588,-0.09326,0.00537,-0.24390,0.18293,0.24390
658,3290,1.02539,-0.09180,0.00195,-0.24390,0.24390,0.24390
659,3296,1.02490,-0.09180,0.00635,-0.30488,0.30488,0.30488
660,3300,1.02734,-0.08887,0.00684,-0.42683,0.12195,0.36585
661,3305,1.02637,-0.09229,0.00244,-0.42683,0.06098,0.36585
662,3310,1.02686,-0.08984,0.00488,-0.18293,0.24390,0.24390
663,3315,1.02441,-0.09082,0.00195,-0.30488,0.18293,0.18293
664,3320,1.02295,-0.09082,0.00439,-0.48780,0.18293,0.30488
665,3325,1.02246,-0.08887,0.00342,-0.42683,0.12195,0.24390
666,3330,1.02393,-0.09180,0.00098,-0.36585,0.12195,0.24390
667,3336,1.02344,-0.09180,0.00342,-0.36585,0.30488,0.30488
668,3341,1.02246,-0.09326,0.00342,-0.42683,0.24390,0.18293
669,3345,1.02393,-0.09131,0.00537,-0.36585,0.18293,0.30488
670,3350,1.02197,-0.09424,0.00635,-0.36585,0.06098,0.24390
671,3355,1.02393,-0.09619,-0.00195,-0.36585,0.18293,0.30488
672,3360,1.02197,-0.09033,0.00586,-0.42683,0.24390,0.24390
673,3365,1.02246,-0.08936,0.00928,-0.36585,0.30488,0.30488
674,3370,1.02490,-0.09180,0.00342,-0.30488,0.30488,0.30488
675,3375,1.02441,-0.09424,0.00146,-0.24390,0.24390,0.30488
676,3381,1.02393,-0.09424,0.00391,-0.30488,0.06098,0.36585
677,3385,1.02734,-0.09131,0.00146,-0.36585,0.24390,0.30488
678,3390,1.02490,-0.09326,0.00391,-0.42683,0.24390,0.18293
679,3395,1.02539,-0.09375,0.00244,-0.24390,0.24390,0.24390
680,3400,1.02246,-0.09180,0.00195,-0.42683,0.18293,0.24390
681,3405,1.02686,-0.09082,0.00391,-0.54878,0.12195,0.24390
682,3410,1.02686,-0.09326,0.00293,-0.36585,0.12195,0.30488
683,3415,1.02246,-0.09277,0.00195,-0.42683,0.24390,0.36585
684,3421,1.02686,-0.09033,0.00635,-0.36585,0.30488,0.42683
685,3425,1.02295,-0.09326,0.00439,-0.18293,0.18293,0.36585
686,3430,1.02246,-0.09277,0.00342,-0.24390,0.12195,0.30488
687,3435,1.02197,-0.09521,0.00146,-0.36585,0.18293,0.42683
688,3440,1.02441,-0.09619,0.00439,-0.30488,0.18293,0.24390
689,3445,1.02295,-0.09277,0.00537,-0.30488,0.30488,0.30488
690,3450,1.02490,-0.09277,0.00586,-0.24390,0.12195,0.30488
691,3455,1.02344,-0.09229,0.00195,-0.36585,0.06098,0.30488
692,3461,1.02490,-0.09131,0.00146,-0.48780,0.24390,0.24390
693,3466,1.02832,-0.08789,0.00488,-0.36585,0.36585,0.18293
694,3470,1.02441,-0.08838,0.00342,-0.30488,0.12195,0.30488
695,3475,1.02539,-0.09473,-0.00049,-0.36585,0.06098,0.30488
696,3480,1.02441,-0.09326,0.00000,-0.24390,0.06098,0.24390
697,3485,1.02441,-0.09131,0.00195,-0.18293,0.18293,0.30488
698,3490,1.02246,-0.09277,0.00049,-0.30488,0.18293,0.24390
699,3495,1.02637,-0.09229,0.00195,-0.36585,0.12195,0.36585
700,3500,1.02490,-0.09277,0.00293,-0.36585,0.12195,0.24390
701,3506,1.02246,-0.09082,0.00488,-0.24390,0.24390,0.18293
702,3510,1.02295,-0.09277,0.00391,-0.36585,0.24390,0.30488
703,3515,1.02637,-0.09180,0.00244,-0.30488,0.18293,0.36585
704,3520,1.02148,-0.09131,0.00244,-0.24390,0.24390,0.30488
705,3525,1.02148,-0.09131,0.00146,-0.30488,0.12195,0.36585
706,3530,1.02441,-0.09375,0.00342,-0.42683,0.12195,0.36585
707,3535,1.02393,-0.09033,0.00293,-0.42683,0.12195,0.24390
708,3540,1.02393,-0.09570,0.00146,-0.36585,0.18293,0.18293
709,3546,1.02490,-0.09326,0.00830,-0.36585,0.12195,0.30488
710,3550,1.02539,-0.09277,0.00537,-0.42683,0.18293,0.36585
711,3555,1.02295,-0.09082,0.00488,-0.36585,0.00000,0.18293
712,3560,1.02441,-0.09570,0.00293,-0.30488,0.24390,0.18293
713,3565,1.02734,-0.09326,0.00098,-0.30488,0.24390,0.30488
714,3570,1.02539,-0.09131,0.00488,-0.30488,0.12195,0.30488
715,3575,1.02441,-0.09375,0.00244,-0.36585,0.12195,0.36585
716,3580,1.02637,-0.09521,-0.00049,-0.36585,0.24390,0.24390
717,3586,1.02295,-0.09131,0.00439,-0.30488,0.18293,0.30488
718,3591,1.02246,-0.09180,0.00635,-0.54878,0.18293,0.36585
719,3595,1.02051,-0.09277,0.00049,-0.42683,0.12195,0.18293
720,3600,1.02295,-0.09326,0.00049,-0.30488,0.18293,0.24390
721,3605,1.02783,-0.09131,0.00439,-0.36585,0.24390,0.18293
722,3610,1.02734,-0.08984,0.00488,-0.42683,0.06098,0.24390
723,3615,1.02197,-0.09277,-0.00244,-0.24390,0.12195,0.24390
724,3620,1.02197,-0.09277,0.00684,-0.36585,0.30488,0.12195
725,3625,1.02246,-0.09277,0.00488,-0.36585,0.30488,0.24390
726,3631,1.02246,-0.09180,0.00488,-0.42683,0.06098,0.30488
727,3635,1.02197,-0.09229,0.00000,-0.42683,0.06098,0.42683
728,3640,1.02246,-0.09424,0.00146,-0.30488,0.24390,0.24390
729,3645,1.02490,-0.09180,0.00830,-0.30488,0.30488,0.12195
730,3650,1.02441,-0.09131,0.00684,-0.42683,0.12195,0.30488
731,3655,1.02637,-0.09082,0.00195,-0.30488,0.06098,0.30488
732,3660,1.02295,-0.09229,0.00195,-0.24390,0.18293,0.36585
733,3665,1.02295,-0.09229,0.00195,-0.24390,0.18293,0.36585
734,3671,1.02344,-0.09082,0.00342,-0.36585,0.18293,0.24390
735,3675,1.02246,-0.09570,-0.00146,-0.48780,0.12195,0.36585
736,3680,1.02002,-0.09668,0.00146,-0.42683,0.18293,0.36585
737,3685,1.02100,-0.09229,0.00391,-0.42683,0.48780,0.36585
738,3690,1.02295,-0.09229,0.00586,-0.42683,0.42683,0.30488
739,3695,1.02246,-0.09326,0.00195,-0.24390,0.12195,0.30488
740,3700,1.02246,-0.09326,0.00195,-0.24390,0.12195,0.30488
741,3705,1.02344,-0.09229,0.00439,-0.24390,0.12195,0.36585
742,3711,1.02002,-0.09082,0.00635,-0.48780,0.12195,0.30488
743,3716,1.02002,-0.09229,-0.00049,-0.30488,0.24390,0.30488
744,3720,1.02295,-0.09229,0.00000,-0.30488,0.18293,0.24390
745,3725,1.02295,-0.09180,0.00293,-0.36585,0.12195,0.36585
746,3730,1.02295,-0.09180,0.00293,-0.36585,0.12195,0.36585
747,3735,1.02246,-0.09229,0.00439,-0.24390,0.24390,0.24390
748,3740,1.02393,-0.09033,0.00146,-0.30488,0.12195,0.36585
749,3745,1.02490,-0.09180,-0.00391,-0.48780,0.18293,0.36585
750,3750,1.02637,-0.09473,0.00146,-0.36585,0.36585,0.42683
751,3756,1.02344,-0.09180,0.00244,-0.36585,0.18293,0.24390
752,3760,1.02344,-0.09180,0.00244,-0.36585,0.18293,0.24390
753,3765,1.02588,-0.09473,0.00293,-0.36585,0.24390,0.36585
754,3770,1.02734,-0.09131,0.00342,-0.42683,0.06098,0.36585
755,3775,1.02441,-0.09229,0.00391,-0.30488,0.24390,0.18293
756,3780,1.02197,-0.09326,0.00049,-0.36585,0.36585,0.18293
757,3785,1.02344,-0.09424,0.00000,-0.42683,0.18293,0.30488
758,3790,1.02979,-0.09229,0.00146,-0.42683,0.24390,0.24390
759,3796,1.02588,-0.09033,0.00293,-0.36585,0.24390,0.18293
760,3800,1.02393,-0.09375,0.00439,-0.30488,0.24390,0.24390
761,3805,1.02344,-0.09229,0.00342,-0.36585,0.24390,0.30488
762,3810,1.02344,-0.09424,0.00342,-0.36585,0.18293,0.24390
763,3815,1.02588,-0.09326,0.00488,-0.36585,0.24390,0.24390
764,3820,1.02588,-0.08984,0.00488,-0.30488,0.24390,0.30488
765,3825,1.02393,-0.09131,0.00439,-0.24390,0.12195,0.24390
766,3830,1.02393,-0.09033,0.00000,-0.36585,0.24390,0.30488
767,3836,1.02246,-0.09180,0.00391,-0.36585,0.18293,0.36585
768,3841,1.02295,-0.09131,0.00391,-0.36585,0.12195,0.36585
769,3845,1.02393,-0.09277,0.00732,-0.18293,0.24390,0.24390
770,3850,1.02393,-0.09521,0.00586,-0.24390,0.24390,0.24390
771,3855,1.02588,-0.09229,0.00391,-0.30488,0.18293,0.30488
772,3860,1.02441,-0.09033,0.00781,-0.24390,0.12195,0.30488
773,3865,1.02490,-0.09229,0.00586,-0.36585,0.18293,0.24390
774,3870,1.02441,-0.09326,0.00293,-0.30488,0.30488,0.24390
775,3875,1.02393,-0.09229,0.00195,-0.36585,0.24390,0.24390
776,3881,1.02197,-0.09180,0.00293,-0.24390,0.12195,0.24390
777,3885,1.02295,-0.09229,0.00098,-0.36585,0.18293,0.30488
778,3890,1.02295,-0.09131,0.00098,-0.36585,0.30488,0.24390
779,3895,1.02441,-0.09277,0.00586,-0.24390,0.18293,0.18293
780,3900,1.02246,-0.09375,0.00488,-0.30488,0.06098,0.24390
781,3905,1.02441,-0.09131,0.00293,-0.42683,0.12195,0.24390
782,3910,1.02393,-0.08984,0.00537,-0.36585,0.12195,0.24390
783,3915,1.02393,-0.09229,0.00586,-0.24390,0.30488,0.18293
784,3921,1.02246,-0.09229,0.00537,-0.30488,0.18293,0.24390
785,3925,1.02100,-0.09180,0.00244,-0.30488,0.06098,0.24390
786,3930,1.02051,-0.09570,-0.00146,-0.30488,0.06098,0.18293
787,3935,1.02441,-0.09180,0.00146,-0.42683,0.24390,0.30488
788,3940,1.02246,-0.09033,0.00586,-0.42683,0.18293,0.24390
789,3945,1.02393,-0.09277,-0.00146,-0.30488,0.24390,0.42683
790,3950,1.02783,-0.09521,0.00293,-0.36585,0.12195,0.36585
791,3955,1.02344,-0.09424,0.00830,-0.30488,0.30488,0.24390
792,3961,1.02295,-0.09277,0.00537,-0.36585,0.30488,0.24390
793,3966,1.02295,-0.09033,0.00488,-0.42683,0.24390,0.30488
794,3970,1.02588,-0.09033,0.00586,-0.42683,0.12195,0.30488
795,3975,1.02441,-0.09424,0.00195,-0.42683,0.30488,0.36585
796,3980,1.02393,-0.09033,0.00439,-0.42683,0.30488,0.24390
797,3985,1.02393,-0.09082,0.00244,-0.36585,0.12195,0.30488
798,3990,1.02539,-0.09082,0.00488,-0.36585,0.18293,0.42683
799,3995,1.02295,-0.09473,0.00342,-0.48780,0.18293,0.30488
800,4000,1.02637,-0.09326,0.00342,-0.42683,0.30488,0.12195
801,4006,1.02490,-0.09033,0.00537,-0.36585,0.18293,0.24390
802,4010,1.02588,-0.09180,0.00049,-0.36585,0.12195,0.42683
803,4015,1.02686,-0.09180,0.00244,-0.36585,0.24390,0.30488
804,4020,1.02637,-0.09229,0.00342,-0.30488,0.36585,0.18293
805,4025,1.02344,-0.08691,0.00586,-0.36585,0.24390,0.24390
806,4030,1.02393,-0.08984,0.00391,-0.24390,0.06098,0.30488
807,4035,1.02637,-0.09375,0.00342,-0.18293,0.12195,0.24390
808,4040,1.02344,-0.09375,0.00195,-0.12195,0.24390,0.30488
809,4046,1.02295,-0.09229,0.00586,-0.24390,0.30488,0.30488
810,4050,1.02686,-0.09082,0.00586,-0.30488,0.18293,0.30488
811,4055,1.02490,-0.09180,0.00684,-0.18293,0.18293,0.42683
812,4060,1.02441,-0.09424,0.00732,-0.24390,0.30488,0.30488
813,4065,1.02344,-0.09082,0.01123,-0.18293,0.24390,0.18293
814,4070,1.01953,-0.08838,0.00439,-0.42683,0.18293,0.24390
815,4075,1.02246,-0.08887,-0.00049,-0.48780,0.24390,0.36585
816,4080,1.02441,-0.09180,0.00146,-0.42683,0.24390,0.12195
817,4086,1.02344,-0.09082,0.00586,-0.36585,0.18293,0.24390
818,4091,1.02295,-0.09082,0.00586,-0.30488,0.12195,0.36585
819,4095,1.02051,-0.09131,0.00000,-0.24390,0.24390,0.30488
820,4100,1.02246,-0.09326,0.00146,-0.30488,0.30488,0.24390
821,4105,1.02441,-0.09229,0.00488,-0.42683,0.18293,0.24390
822,4110,1.02002,-0.09277,0.00488,-0.30488,0.00000,0.18293
823,4115,1.02441,-0.09229,0.00439,-0.30488,0.06098,0.24390
824,4120,1.02832,-0.09033,0.00537,-0.42683,0.06098,0.30488
825,4125,1.02197,-0.09082,0.00342,-0.30488,0.12195,0.30488
826,4131,1.02539,-0.09082,0.00342,-0.36585,0.18293,0.24390
827,4135,1.02490,-0.09375,-0.00049,-0.36585,0.18293,0.24390
828,4140,1.02637,-0.09473,0.00537,-0.42683,0.24390,0.24390
829,4145,1.02490,-0.08936,0.00635,-0.30488,0.06098,0.30488
830,4150,1.02539,-0.09473,0.00781,-0.30488,0.18293,0.24390
831,4155,1.02930,-0.09619,0.00195,-0.36585,0.18293,0.24390
832,4160,1.02490,-0.09180,0.00000,-0.42683,0.24390,0.30488
833,4165,1.02051,-0.08789,0.00098,-0.30488,0.30488,0.30488
834,4171,1.02588,-0.09326,0.00342,-0.30488,0.18293,0.36585
835,4175,1.02295,-0.09326,0.00342,-0.42683,0.12195,0.42683
836,4180,1.02344,-0.09131,0.00391,-0.54878,0.12195,0.24390
837,4185,1.02295,-0.08984,0.00000,-0.36585,0.12195,0.30488
838,4190,1.02539,-0.09326,0.00439,-0.30488,0.18293,0.24390
839,4195,1.02246,-0.09473,0.00195,-0.42683,0.18293,0.18293
840,4200,1.02246,-0.09180,0.00195,-0.36585,0.24390,0.24390
841,4205,1.02637,-0.09082,0.00732,-0.42683,0.24390,0.36585
842,4211,1.02295,-0.09131,0.00684,-0.24390,0.06098,0.36585
843,4216,1.02441,-0.09131,0.00342,-0.18293,0.12195,0.30488
844,4220,1.02637,-0.08936,0.00391,-0.36585,0.24390,0.24390
845,4225,1.02393,-0.08936,0.00342,-0.30488,0.18293,0.18293
846,4230,1.02441,-0.09229,0.00244,-0.42683,0.18293,0.30488
847,4235,1.02344,-0.09277,0.00293,-0.36585,0.18293,0.18293
848,4240,1.02441,-0.09229,0.00439,-0.42683,0.12195,0.18293
849,4245,1.02197,-0.09277,0.00000,-0.36585,0.24390,0.30488
850,4250,1.02539,-0.09180,0.00586,-0.36585,0.12195,0.30488
851,4256,1.02734,-0.09033,0.00635,-0.30488,0.18293,0.24390
852,4260,1.02490,-0.08984,0.00439,-0.30488,0.24390,0.24390
853,4265,1.02588,-0.09082,0.00391,-0.18293,0.18293,0.24390
854,4270,1.02734,-0.09326,0.00488,-0.30488,0.18293,0.36585
855,4275,1.02393,-0.09277,-0.00098,-0.36585,0.12195,0.42683
856,4280,1.02295,-0.09082,0.00342,-0.48780,0.12195,0.30488
857,4285,1.02344,-0.08838,0.00488,-0.12195,0.24390,0.24390
858,4290,1.02344,-0.09229,0.00195,-0.36585,0.18293,0.30488
859,4296,1.02393,-0.09277,0.00244,-0.24390,0.18293,0.30488
860,4300,1.02148,-0.09082,0.00244,-0.30488,0.24390,0.30488
861,4305,1.02295,-0.09180,0.00488,-0.36585,0.24390,0.30488
862,4310,1.02295,-0.09082,0.00195,-0.30488,0.06098,0.30488
863,4315,1.02393,-0.09131,0.00098,-0.30488,0.12195,0.36585
864,4320,1.02393,-0.09375,0.00195,-0.30488,0.18293,0.24390
865,4325,1.02734,-0.09229,0.00635,-0.30488,0.18293,0.24390
866,4330,1.02441,-0.09131,0.00293,-0.36585,0.12195,0.24390
867,4336,1.02686,-0.09082,0.00098,-0.42683,0.06098,0.30488
868,4341,1.02832,-0.09277,0.00195,-0.30488,0.12195,0.30488
869,4345,1.02637,-0.08838,0.00293,-0.42683,0.24390,0.18293
870,4350,1.02441,-0.09033,0.00391,-0.36585,0.24390,0.30488
871,4355,1.02539,-0.09277,0.00488,-0.12195,0.06098,0.36585
872,4360,1.02539,-0.09521,0.00342,-0.24390,0.18293,0.18293
873,4365,1.02539,-0.09277,0.00098,-0.30488,0.24390,0.24390
874,4370,1.02539,-0.09277,0.00098,-0.30488,0.24390,0.24390
875,4375,1.02344,-0.09131,0.00439,-0.42683,0.24390,0.36585
876,4381,1.02295,-0.09424,0.00098,-0.30488,0.18293,0.24390
877,4385,1.02539,-0.09375,0.00000,-0.30488,0.24390,0.24390
878,4390,1.02490,-0.09082,0.00732,-0.36585,0.30488,0.30488
879,4395,1.02246,-0.09180,0.00146,-0.42683,0.06098,0.30488
880,4400,1.02246,-0.09180,0.00146,-0.42683,0.06098,0.30488
881,4405,1.02588,-0.09180,0.00342,-0.24390,0.18293,0.24390
882,4410,1.02588,-0.08887,0.00537,-0.30488,0.06098,0.30488
883,4415,1.02197,-0.08691,0.00732,-0.60976,0.12195,0.18293
884,4421,1.02246,-0.09570,-0.00098,-0.30488,0.18293,0.24390
885,4425,1.02344,-0.09229,0.00000,-0.42683,0.30488,0.24390
886,4430,1.02344,-0.09229,0.00000,-0.42683,0.30488,0.24390
887,4435,1.02246,-0.08887,0.00293,-0.54878,0.30488,0.24390
888,4440,1.02686,-0.09180,0.00293,-0.30488,0.24390,0.30488
889,4445,1.02441,-0.09521,0.00146,-0.12195,0.18293,0.36585
890,4450,1.02246,-0.09082,0.00488,-0.24390,0.24390,0.12195
891,4455,1.02344,-0.08984,0.00586,-0.48780,0.12195,0.12195
892,4461,1.02246,-0.09424,0.00146,-0.30488,0.18293,0.36585
893,4466,1.02246,-0.09424,0.00146,-0.30488,0.18293,0.36585
894,4470,1.02344,-0.09277,0.00195,-0.36585,0.24390,0.30488
895,4475,1.02344,-0.09033,0.00391,-0.48780,0.18293,0.24390
896,4480,1.02490,-0.08984,0.00244,-0.30488,0.12195,0.30488
897,4485,1.02393,-0.09229,0.00439,-0.36585,0.12195,0.36585
898,4490,1.02441,-0.09277,0.00244,-0.30488,0.18293,0.12195
899,4495,1.02148,-0.08887,0.00293,-0.36585,0.12195,0.30488
900,4500,1.02393,-0.09131,0.00781,-0.48780,0.00000,0.42683
901,4506,1.02246,-0.09277,0.00488,-0.42683,0.00000,0.36585
902,4510,1.02100,-0.09375,0.00537,-0.36585,0.24390,0.24390
903,4515,1.02246,-0.09229,0.00732,-0.36585,0.24390,0.24390
904,4520,1.02539,-0.09180,0.00684,-0.36585,0.12195,0.30488
905,4525,1.02539,-0.09131,0.00488,-0.30488,0.12195,0.30488
906,4530,1.02344,-0.09229,0.00342,-0.18293,0.12195,0.24390
907,4535,1.02441,-0.08838,0.00684,-0.12195,0.18293,0.24390
908,4540,1.02490,-0.09082,0.00293,-0.36585,0.18293,0.30488
909,4546,1.02539,-0.09326,0.00391,-0.30488,0.12195,0.30488
910,4550,1.02051,-0.09619,0.00391,-0.18293,0.12195,0.18293
911,4555,1.02393,-0.09277,0.00488,-0.24390,0.24390,0.18293
912,4560,1.02539,-0.09229,0.00977,-0.30488,0.18293,0.30488
913,4565,1.02393,-0.09033,0.00439,-0.24390,0.12195,0.30488
914,4570,1.02295,-0.09229,0.00195,-0.42683,0.30488,0.18293
915,4575,1.02441,-0.09082,0.00244,-0.36585,0.24390,0.24390
916,4580,1.02246,-0.09082,0.00977,-0.30488,0.24390,0.36585
917,4586,1.02490,-0.08984,0.00488,-0.18293,0.18293,0.36585
918,4591,1.02441,-0.09131,0.00146,-0.36585,0.18293,0.24390
919,4595,1.02441,-0.09277,0.00391,-0.30488,0.12195,0.24390
920,4600,1.02197,-0.09131,0.00439,-0.30488,0.24390,0.24390
921,4605,1.02393,-0.09229,0.00293,-0.36585,0.30488,0.30488
922,4610,1.02783,-0.09033,0.00732,-0.36585,0.18293,0.36585
923,4615,1.02490,-0.08887,0.00293,-0.42683,0.24390,0.30488
924,4620,1.02197,-0.09033,0.00244,-0.36585,0.12195,0.30488
925,4625,1.02246,-0.08936,0.00000,-0.24390,0.24390,0.24390
926,4631,1.02490,-0.08936,0.00439,-0.36585,0.24390,0.24390
927,4635,1.02490,-0.09180,0.00439,-0.30488,0.36585,0.24390
928,4640,1.02441,-0.09424,0.00342,-0.30488,0.12195,0.30488
929,4645,1.02441,-0.09277,-0.00146,-0.42683,0.06098,0.30488
930,4650,1.02686,-0.09180,0.00391,-0.24390,0.24390,0.30488
931,4655,1.02490,-0.09375,0.00537,-0.42683,0.18293,0.24390
932,4660,1.02441,-0.09814,0.00439,-0.42683,0.18293,0.42683
933,4665,1.02295,-0.09180,0.00391,-0.36585,0.12195,0.36585
934,4671,1.02197,-0.08838,0.00000,-0.48780,0.18293,0.12195
935,4675,1.02490,-0.09033,0.00342,-0.36585,0.12195,0.30488
936,4680,1.01904,-0.09326,0.00146,-0.30488,0.12195,0.42683
937,4685,1.01611,-0.09131,-0.00195,-0.24390,0.18293,0.30488
938,4690,1.02441,-0.09131,0.00488,-0.36585,0.18293,0.36585
939,4695,1.02539,-0.08838,0.00586,-0.30488,0.24390,0.30488
940,4700,1.02100,-0.09180,0.00439,-0.12195,0.18293,0.36585
941,4705,1.02393,-0.09131,0.00342,-0.36585,0.12195,0.36585
942,4711,1.02246,-0.09229,0.00244,-0.24390,0.18293,0.24390
943,4716,1.02100,-0.09180,0.00439,-0.36585,0.18293,0.18293
944,4720,1.02539,-0.09033,0.00586,-0.48780,0.24390,0.18293
945,4725,1.02197,-0.09131,0.00342,-0.42683,0.12195,0.12195
946,4730,1.02246,-0.09180,0.00049,-0.36585,0.12195,0.30488
947,4735,1.02588,-0.09033,0.00195,-0.30488,0.24390,0.24390
948,4740,1.02295,-0.09082,0.00488,-0.48780,0.12195,0.30488
949,4745,1.02441,-0.08936,0.00391,-0.24390,0.18293,0.24390
950,4750,1.02393,-0.09131,0.00537,-0.24390,0.18293,0.30488
951,4756,1.02393,-0.09082,0.00537,-0.24390,0.18293,0.24390
952,4760,1.02637,-0.08984,0.00586,-0.18293,0.24390,0.30488
953,4765,1.02588,-0.09277,0.00537,-0.24390,0.18293,0.36585
954,4770,1.02490,-0.09131,0.00781,-0.30488,0.12195,0.36585
955,4775,1.02246,-0.09277,-0.00098,-0.42683,0.12195,0.30488
956,4780,1.02490,-0.09082,0.00293,-0.24390,0.24390,0.18293
957,4785,1.02295,-0.09033,0.00391,-0.18293,0.30488,0.30488
958,4790,1.02197,-0.08936,0.00537,-0.30488,0.12195,0.30488
959,4796,1.02148,-0.09229,0.00488,-0.36585,0.18293,0.18293
960,4800,1.02246,-0.09082,-0.00342,-0.30488,0.24390,0.30488
961,4805,1.02490,-0.08838,0.00293,-0.30488,0.12195,0.30488
962,4810,1.02490,-0.09570,0.00781,-0.42683,0.18293,0.42683
963,4815,1.02295,-0.09326,0.00537,-0.30488,0.24390,0.36585
964,4820,1.02197,-0.09131,0.00879,-0.24390,0.24390,0.30488
965,4825,1.02734,-0.09326,0.00879,-0.30488,0.18293,0.30488
966,4830,1.02588,-0.09375,0.00000,-0.18293,0.00000,0.30488
967,4836,1.02588,-0.09180,-0.00293,-0.24390,0.12195,0.18293
968,4841,1.02441,-0.09277,0.00635,-0.36585,0.12195,0.24390
969,4845,1.02393,-0.09131,0.00146,-0.24390,0.18293,0.30488
970,4850,1.02637,-0.08936,-0.00049,-0.30488,0.24390,0.30488
971,4855,1.02441,-0.09277,0.00293,-0.30488,0.18293,0.30488
972,4860,1.02148,-0.09326,0.00439,-0.24390,0.30488,0.30488
973,4865,1.02490,-0.09131,0.00342,-0.36585,0.18293,0.24390
974,4870,1.02441,-0.09277,0.00342,-0.30488,0.06098,0.30488
975,4875,1.02490,-0.09473,0.00488,-0.36585,0.18293,0.30488
976,4881,1.02246,-0.09180,0.00146,-0.36585,0.24390,0.30488
977,4885,1.02686,-0.09229,0.00391,-0.60976,0.24390,0.24390
978,4890,1.02539,-0.09375,0.00537,-0.30488,0.00000,0.30488
979,4895,1.02539,-0.09033,0.00586,-0.24390,0.06098,0.18293
980,4900,1.02686,-0.09082,0.00342,-0.18293,0.24390,0.24390
981,4905,1.02295,-0.09033,0.00195,-0.30488,0.18293,0.36585
982,4910,1.02295,-0.08984,0.00391,-0.24390,0.18293,0.18293
983,4915,1.02490,-0.09180,0.00684,-0.36585,0.18293,0.24390
984,4921,1.02686,-0.09131,0.00684,-0.30488,0.18293,0.30488
985,4925,1.02441,-0.09131,0.00146,-0.42683,0.30488,0.24390
986,4930,1.02686,-0.09229,0.00439,-0.36585,0.30488,0.24390
987,4935,1.02588,-0.09082,0.00439,-0.30488,0.18293,0.24390
988,4940,1.02539,-0.08936,0.00488,-0.36585,0.18293,0.24390
989,4945,1.02588,-0.09277,0.00732,-0.36585,0.12195,0.24390
990,4950,1.02441,-0.09082,0.00195,-0.36585,0.12195,0.30488
991,4955,1.02344,-0.09082,0.00537,-0.48780,0.12195,0.24390
992,4961,1.02393,-0.09131,0.00439,-0.30488,0.18293,0.30488
993,4966,1.02539,-0.08838,0.00293,-0.30488,0.12195,0.30488
994,4970,1.02344,-0.09131,0.00586,-0.36585,0.18293,0.24390
995,4975,1.02197,-0.09180,0.00195,-0.36585,0.18293,0.30488
996,4980,1.02246,-0.08984,0.00635,-0.48780,0.24390,0.24390
997,4985,1.02490,-0.09082,0.00586,-0.36585,0.18293,0.30488
998,4990,1.02148,-0.09277,0.00488,-0.36585,0.18293,0.30488
999,4995,1.02246,-0.09326,0.00537,-0.30488,0.24390,0.36585
1000,5000,1.02588,-0.08984,0.00342,-0.42683,0.18293,0.36585
1001,5006,1.02148,-0.09082,0.00293,-0.42683,0.24390,0.24390
1002,5010,1.02197,-0.09570,0.00195,-0.36585,0.12195,0.30488
1003,5015,1.01953,-0.09326,0.00342,-0.18293,0.30488,0.30488
1004,5020,1.02295,-0.09082,0.00586,-0.24390,0.24390,0.18293
1005,5025,1.02344,-0.09229,0.00049,-0.18293,0.24390,0.24390
1006,5030,1.02051,-0.09326,0.00146,-0.30488,0.06098,0.30488
1007,5035,1.02148,-0.09424,0.00000,-0.30488,0.00000,0.24390
1008,5040,1.02148,-0.09424,0.00000,-0.30488,0.00000,0.24390
1009,5046,1.02490,-0.08838,0.00635,-0.36585,0.24390,0.18293
1010,5050,1.02441,-0.09082,0.00879,-0.36585,0.12195,0.24390
1011,5055,1.02588,-0.09229,0.00635,-0.36585,0.12195,0.36585
1012,5060,1.02441,-0.09131,0.00635,-0.30488,0.18293,0.24390
1013,5065,1.02246,-0.09473,0.00098,-0.24390,0.18293,0.24390
1014,5070,1.02246,-0.09473,0.00098,-0.24390,0.18293,0.24390
1015,5075,1.02344,-0.09375,0.00049,-0.30488,0.24390,0.30488
1016,5080,1.02539,-0.08984,-0.00049,-0.48780,0.12195,0.30488
1017,5086,1.02197,-0.09473,0.00049,-0.42683,0.12195,0.36585
1018,5091,1.02197,-0.09326,0.00586,-0.54878,0.24390,0.24390
1019,5095,1.02148,-0.09229,-0.00098,-0.36585,0.24390,0.36585
1020,5100,1.02148,-0.09229,-0.00098,-0.36585,0.24390,0.36585
1021,5105,1.02246,-0.09277,0.00244,-0.30488,0.18293,0.36585
1022,5110,1.02490,-0.09180,0.00635,-0.30488,0.12195,0.30488
1023,5115,1.02637,-0.09326,0.00195,-0.42683,0.18293,0.24390
1024,5120,1.02295,-0.09131,0.00342,-0.36585,0.12195,0.24390
1025,5125,1.02441,-0.09033,0.00732,-0.36585,0.12195,0.24390
1026,5131,1.02490,-0.09131,0.00098,-0.42683,0.06098,0.30488
1027,5135,1.02490,-0.09131,0.00098,-0.42683,0.06098,0.30488
1028,5140,1.02393,-0.09375,0.00684,-0.24390,0.12195,0.30488
1029,5145,1.02490,-0.09131,0.00000,-0.48780,0.24390,0.30488
1030,5150,1.02100,-0.09033,-0.00195,-0.42683,0.24390,0.24390
1031,5155,1.02490,-0.09229,0.00488,-0.36585,0.18293,0.24390
1032,5160,1.02490,-0.09180,0.00342,-0.42683,0.18293,0.24390
1033,5165,1.02637,-0.09131,0.00537,-0.36585,0.06098,0.24390
1034,5171,1.02686,-0.09180,0.00488,-0.24390,0.00000,0.18293
1035,5175,1.02295,-0.09180,0.00684,-0.24390,0.12195,0.24390
1036,5180,1.02295,-0.09229,0.00537,-0.30488,0.18293,0.24390
1037,5185,1.02490,-0.09131,0.00244,-0.36585,0.12195,0.36585
1038,5190,1.02295,-0.09570,0.00244,-0.48780,0.06098,0.36585
1039,5195,1.02393,-0.09229,0.00098,-0.42683,0.24390,0.18293
1040,5200,1.02393,-0.09033,0.00537,-0.12195,0.24390,0.24390
1041,5205,1.02393,-0.09082,0.00537,-0.24390,0.18293,0.18293
1042,5211,1.02490,-0.09229,0.00195,-0.36585,0.18293,0.24390
1043,5216,1.02441,-0.09277,0.00439,-0.36585,0.18293,0.30488
1044,5220,1.02393,-0.09229,0.00684,-0.30488,0.18293,0.24390
1045,5225,1.02393,-0.09082,0.00293,-0.24390,0.24390,0.24390
1046,5230,1.02930,-0.09180,0.00195,-0.30488,0.18293,0.36585
1047,5235,1.02344,-0.09082,0.00049,-0.48780,0.12195,0.30488
1048,5240,1.02637,-0.09131,-0.00195,-0.24390,0.18293,0.18293
1049,5245,1.02686,-0.09375,0.00439,-0.30488,0.06098,0.24390
1050,5250,1.02393,-0.09277,0.00537,-0.42683,0.18293,0.36585
1051,5256,1.02344,-0.09326,0.00293,-0.24390,0.12195,0.24390
1052,5260,1.02051,-0.09033,0.00586,-0.36585,0.12195,0.24390
1053,5265,1.02100,-0.09375,0.00244,-0.30488,0.30488,0.30488
1054,5270,1.02148,-0.09229,-0.00049,-0.30488,0.18293,0.30488
1055,5275,1.02393,-0.09180,0.00342,-0.18293,0.06098,0.24390
1056,5280,1.02441,-0.08936,0.00342,-0.48780,0.06098,0.24390
1057,5285,1.02246,-0.08984,0.00146,-0.42683,0.18293,0.30488
1058,5290,1.02100,-0.09277,0.00000,-0.48780,0.24390,0.36585
1059,5296,1.02441,-0.09326,0.00586,-0.42683,0.12195,0.18293
1060,5300,1.02393,-0.08984,0.00586,-0.30488,0.12195,0.36585
1061,5305,1.02393,-0.09131,0.00439,-0.48780,0.12195,0.36585
1062,5310,1.02637,-0.09424,0.00195,-0.36585,0.12195,0.24390
1063,5315,1.02490,-0.09375,0.00537,-0.42683,0.18293,0.18293
1064,5320,1.02637,-0.09082,0.00488,-0.30488,0.18293,0.24390
1065,5325,1.02490,-0.09082,0.00293,-0.42683,0.18293,0.24390
1066,5330,1.02393,-0.09229,-0.00293,-0.36585,0.12195,0.24390
1067,5336,1.02148,-0.09082,0.00781,-0.36585,0.12195,0.24390
1068,5341,1.02441,-0.09180,0.00342,-0.36585,0.24390,0.30488
1069,5345,1.02393,-0.09131,0.00146,-0.36585,0.18293,0.24390
1070,5350,1.02441,-0.09521,0.00781,-0.24390,0.12195,0.24390
1071,5355,1.02490,-0.09229,0.00146,-0.30488,0.06098,0.30488
1072,5360,1.02246,-0.09326,0.00195,-0.42683,0.12195,0.30488
1073,5365,1.02344,-0.08984,0.00342,-0.42683,0.12195,0.30488
1074,5370,1.02393,-0.09375,0.00439,-0.30488,0.30488,0.30488
1075,5375,1.02246,-0.09375,0.00537,-0.42683,0.18293,0.18293
1076,5381,1.02295,-0.09229,-0.00195,-0.36585,0.12195,0.06098
1077,5385,1.02002,-0.09473,-0.00195,-0.30488,0.24390,0.30488
1078,5390,1.02588,-0.09570,0.00537,-0.18293,0.18293,0.24390
1079,5395,1.02637,-0.09033,0.00391,-0.48780,0.12195,0.12195
1080,5400,1.02246,-0.08984,0.00537,-0.24390,0.24390,0.24390
1081,5405,1.02002,-0.09277,0.00488,-0.36585,0.18293,0.36585
1082,5410,1.02051,-0.09229,0.00391,-0.30488,0.12195,0.24390
1083,5415,1.02441,-0.09229,0.00586,-0.24390,0.24390,0.12195
1084,5421,1.02588,-0.09473,0.00684,-0.42683,0.18293,0.30488
1085,5425,1.02197,-0.09375,0.00244,-0.48780,0.06098,0.30488
1086,5430,1.01904,-0.09180,0.00537,-0.36585,0.12195,0.24390
1087,5435,1.02393,-0.09082,0.00439,-0.18293,0.24390,0.30488
1088,5440,1.02441,-0.09277,0.00244,-0.30488,0.12195,0.24390
1089,5445,1.02295,-0.09375,0.00342,-0.48780,0.18293,0.30488
1090,5450,1.02246,-0.09131,0.00244,-0.30488,0.24390,0.30488
1091,5455,1.02539,-0.09082,0.00293,-0.30488,0.24390,0.30488
1092,5461,1.02295,-0.09131,0.00537,-0.42683,0.18293,0.18293
1093,5466,1.02051,-0.09180,0.00391,-0.42683,0.18293,0.24390
1094,5470,1.02490,-0.09180,0.00781,-0.30488,0.18293,0.30488
1095,5475,1.02441,-0.09033,0.00293,-0.18293,0.12195,0.24390
1096,5480,1.02100,-0.09277,0.00293,-0.36585,0.06098,0.30488
1097,5485,1.02197,-0.09082,0.00293,-0.42683,0.18293,0.24390
1098,5490,1.02441,-0.09521,0.00635,-0.30488,0.24390,0.30488
1099,5495,1.02148,-0.09033,0.00244,-0.36585,0.30488,0.18293
1100,5500,1.02295,-0.08936,0.00439,-0.42683,0.18293,0.18293
1101,5506,1.02588,-0.09277,0.00049,-0.36585,0.12195,0.36585
1102,5510,1.02246,-0.09277,0.00195,-0.36585,0.18293,0.36585
1103,5515,1.02295,-0.08740,0.00195,-0.42683,0.18293,0.24390
1104,5520,1.02588,-0.09180,0.00537,-0.36585,0.06098,0.36585
1105,5525,1.02246,-0.09619,0.00635,-0.30488,0.18293,0.36585
1106,5530,1.02393,-0.09521,0.00439,-0.30488,0.18293,0.24390
1107,5535,1.02295,-0.09033,0.00244,-0.48780,0.12195,0.24390
1108,5540,1.02734,-0.09375,0.00635,-0.48780,0.12195,0.30488
1109,5546,1.02588,-0.09131,0.00293,-0.30488,0.12195,0.36585
1110,5550,1.02344,-0.09375,0.00293,-0.30488,0.24390,0.30488
1111,5555,1.02344,-0.09277,0.00635,-0.42683,0.24390,0.30488
1112,5560,1.02441,-0.09180,0.00342,-0.48780,0.24390,0.30488
1113,5565,1.02051,-0.09180,0.00195,-0.24390,0.18293,0.36585
1114,5570,1.02246,-0.09131,0.00000,-0.36585,0.18293,0.30488
1115,5575,1.02441,-0.09131,0.00439,-0.24390,0.18293,0.30488
1116,5580,1.02686,-0.09180,0.00684,-0.30488,0.18293,0.18293
1117,5586,1.01807,-0.09473,0.00342,-0.24390,0.06098,0.30488
1118,5591,1.02197,-0.09180,0.00488,-0.30488,0.12195,0.24390
1119,5595,1.02588,-0.09180,0.00391,-0.36585,0.24390,0.18293
1120,5600,1.02490,-0.09326,0.00781,-0.36585,0.24390,0.24390
1121,5605,1.02295,-0.09082,0.00293,-0.30488,0.36585,0.24390
1122,5610,1.02295,-0.08984,0.00439,-0.30488,0.24390,0.36585
1123,5615,1.02344,-0.09131,0.00293,-0.42683,0.24390,0.30488
1124,5620,1.02441,-0.09326,0.00342,-0.36585,0.24390,0.30488
1125,5625,1.02588,-0.09180,0.00049,-0.30488,0.18293,0.24390
1126,5631,1.02734,-0.08936,0.00195,-0.54878,0.24390,0.30488
1127,5635,1.02490,-0.09570,0.00342,-0.30488,0.30488,0.30488
1128,5640,1.02246,-0.09521,0.00537,-0.42683,0.30488,0.18293
1129,5645,1.02637,-0.09229,0.00391,-0.48780,0.18293,0.12195
1130,5650,1.02344,-0.09326,-0.00049,-0.30488,0.12195,0.12195
1131,5655,1.02295,-0.09375,0.00586,-0.18293,0.18293,0.30488
1132,5660,1.02393,-0.09424,0.00488,-0.36585,0.18293,0.42683
1133,5665,1.02393,-0.09424,0.00146,-0.54878,0.18293,0.30488
1134,5671,1.02100,-0.09277,0.00195,-0.36585,0.18293,0.30488
1135,5675,1.02344,-0.09375,0.00439,-0.30488,0.24390,0.42683
1136,5680,1.02344,-0.09326,-0.00244,-0.30488,0.12195,0.42683
1137,5685,1.02441,-0.09229,0.00244,-0.48780,0.06098,0.24390
1138,5690,1.02295,-0.09326,0.00439,-0.54878,0.12195,0.18293
1139,5695,1.02295,-0.09033,0.00684,-0.42683,0.12195,0.18293
1140,5700,1.02490,-0.09082,0.00293,-0.24390,0.06098,0.24390
1141,5705,1.02734,-0.08984,0.00342,-0.48780,0.18293,0.30488
1142,5711,1.02393,-0.09033,0.00537,-0.54878,0.18293,0.24390
1143,5716,1.02295,-0.09131,0.00488,-0.30488,0.12195,0.18293
1144,5720,1.02441,-0.08691,0.00732,-0.30488,0.18293,0.18293
1145,5725,1.02246,-0.09033,0.00293,-0.30488,0.18293,0.24390
1146,5730,1.02197,-0.09131,0.00537,-0.42683,0.06098,0.24390
1147,5735,1.02148,-0.09229,0.00391,-0.30488,0.24390,0.36585
1148,5740,1.02148,-0.09229,0.00391,-0.30488,0.24390,0.36585
1149,5745,1.02148,-0.09424,0.00244,-0.42683,0.12195,0.24390
1150,5750,1.02295,-0.09375,0.00146,-0.42683,0.18293,0.36585
1151,5756,1.02637,-0.09082,0.00244,-0.24390,0.12195,0.18293
1152,5760,1.02393,-0.09033,0.00488,-0.30488,0.18293,0.24390
1153,5765,1.02539,-0.09229,0.00439,-0.42683,0.24390,0.30488
1154,5770,1.02490,-0.09180,0.00439,-0.30488,0.18293,0.36585
1155,5775,1.02490,-0.09180,0.00439,-0.30488,0.18293,0.36585
1156,5780,1.02637,-0.09180,0.00293,-0.30488,0.18293,0.30488
1157,5785,1.02539,-0.09424,0.00586,-0.36585,0.12195,0.30488
1158,5790,1.02100,-0.09229,0.00342,-0.42683,0.12195,0.18293
1159,5796,1.02490,-0.09375,0.00439,-0.48780,0.12195,0.30488
1160,5800,1.02246,-0.09473,0.00391,-0.42683,0.18293,0.18293
1161,5805,1.02246,-0.09473,0.00391,-0.42683,0.18293,0.18293
1162,5810,1.02295,-0.09082,0.00342,-0.30488,0.12195,0.30488
1163,5815,1.02295,-0.09424,0.00293,-0.24390,0.18293,0.36585
1164,5820,1.02490,-0.09521,0.00342,-0.30488,0.06098,0.30488
1165,5825,1.02881,-0.08984,0.00684,-0.36585,0.12195,0.06098
1166,5830,1.02295,-0.09277,0.00635,-0.36585,0.18293,0.18293
1167,5836,1.02051,-0.09229,0.00342,-0.24390,0.12195,0.24390
1168,5841,1.02344,-0.09180,0.00537,-0.30488,0.12195,0.12195
1169,5845,1.02441,-0.09082,0.00586,-0.30488,0.18293,0.18293
1170,5850,1.02197,-0.09180,0.00391,-0.30488,0.12195,0.18293
1171,5855,1.02686,-0.09375,0.00439,-0.36585,0.30488,0.24390
1172,5860,1.02539,-0.09277,-0.00049,-0.30488,0.18293,0.24390
1173,5865,1.02588,-0.09033,0.00391,-0.24390,0.18293,0.24390
1174,5870,1.02441,-0.08887,0.00098,-0.30488,0.18293,0.24390
1175,5875,1.02393,-0.09033,0.00098,-0.30488,0.12195,0.24390
1176,5881,1.02344,-0.09229,0.00244,-0.24390,0.24390,0.24390
1177,5885,1.02539,-0.09180,0.00488,-0.18293,0.24390,0.18293
1178,5890,1.02783,-0.09180,0.00635,-0.42683,0.30488,0.12195
1179,5895,1.02441,-0.09180,0.00146,-0.42683,0.18293,0.24390
1180,5900,1.02393,-0.08984,0.00342,-0.30488,0.18293,0.36585
1181,5905,1.02246,-0.09131,0.00391,-0.36585,0.06098,0.30488
1182,5910,1.02246,-0.09180,0.00342,-0.18293,0.18293,0.24390
1183,5915,1.02393,-0.09180,0.00586,-0.36585,0.24390,0.18293
1184,5921,1.02344,-0.09180,0.00635,-0.42683,0.12195,0.30488
1185,5925,1.02100,-0.09131,0.00195,-0.24390,0.12195,0.24390
1186,5930,1.02100,-0.08936,0.00244,-0.24390,0.24390,0.24390
1187,5935,1.02441,-0.09180,0.00195,-0.36585,0.30488,0.30488
1188,5940,1.02246,-0.09229,0.00049,-0.36585,0.24390,0.30488
1189,5945,1.02441,-0.09424,-0.00195,-0.36585,0.24390,0.30488
1190,5950,1.02393,-0.09180,0.00537,-0.24390,0.12195,0.30488
1191,5955,1.02441,-0.09131,0.00635,-0.30488,0.24390,0.36585
1192,5961,1.02393,-0.08838,0.00586,-0.30488,0.24390,0.24390
1193,5966,1.02686,-0.08936,0.00635,-0.30488,0.12195,0.24390
1194,5970,1.02344,-0.09326,0.00342,-0.36585,0.06098,0.42683
1195,5975,1.02100,-0.09473,0.00244,-0.30488,0.12195,0.36585
1196,5980,1.02197,-0.09229,0.00049,-0.36585,0.12195,0.18293
1197,5985,1.02344,-0.09082,0.00244,-0.30488,0.24390,0.30488
1198,5990,1.02246,-0.09326,0.00586,-0.18293,0.18293,0.30488
1199,5995,1.02441,-0.09424,0.00635,-0.30488,0.18293,0.36585
1200,6000,1.02344,-0.09277,0.00439,-0.24390,0.24390,0.24390
1201,6006,1.02441,-0.08887,0.00537,-0.36585,0.30488,0.18293
1202,6010,1.02197,-0.09229,0.00146,-0.30488,0.06098,0.30488
1203,6015,1.02295,-0.09277,0.00342,-0.30488,0.06098,0.24390
1204,6020,1.02197,-0.09180,0.00488,-0.42683,0.24390,0.24390
1205,6025,1.02246,-0.09180,0.00342,-0.54878,0.18293,0.24390
1206,6030,1.02393,-0.09180,0.00635,-0.30488,0.12195,0.30488
1207,6035,1.02197,-0.09229,0.00000,-0.36585,0.12195,0.30488
1208,6040,1.02490,-0.08789,0.00439,-0.42683,0.18293,0.18293
1209,6046,1.02295,-0.09033,0.00684,-0.36585,0.18293,0.24390
1210,6050,1.02539,-0.09375,0.00195,-0.36585,0.06098,0.30488
1211,6055,1.02148,-0.09229,0.00195,-0.24390,0.12195,0.42683
1212,6060,1.02393,-0.09229,0.00732,-0.48780,0.24390,0.24390
1213,6065,1.02637,-0.09131,0.01221,-0.54878,0.18293,0.24390
1214,6070,1.02441,-0.09570,0.00635,-0.36585,0.12195,0.30488
1215,6075,1.02734,-0.09229,0.00293,-0.30488,0.18293,0.30488
1216,6080,1.02588,-0.09277,0.00342,-0.30488,0.18293,0.24390
1217,6086,1.02490,-0.09619,0.00342,-0.24390,0.12195,0.24390
1218,6091,1.02344,-0.09229,0.00488,-0.24390,0.12195,0.24390
1219,6095,1.02490,-0.09180,0.00244,-0.18293,0.24390,0.30488
1220,6100,1.02295,-0.09277,0.00049,-0.30488,0.18293,0.30488
1221,6105,1.02441,-0.09326,0.00146,-0.30488,0.24390,0.36585
1222,6110,1.02246,-0.09033,0.00049,-0.30488,0.12195,0.36585
1223,6115,1.02393,-0.09180,0.00586,-0.30488,0.18293,0.18293
1224,6120,1.02393,-0.09082,0.00635,-0.36585,0.18293,0.12195
1225,6125,1.02148,-0.09180,0.00293,-0.30488,0.24390,0.30488
1226,6131,1.02051,-0.08984,0.00195,-0.24390,0.12195,0.30488
1227,6135,1.02197,-0.09229,0.00000,-0.30488,0.06098,0.36585
1228,6140,1.02295,-0.09473,0.00293,-0.24390,0.18293,0.30488
1229,6145,1.02393,-0.09131,0.00146,-0.42683,0.18293,0.30488
1230,6150,1.02686,-0.09131,0.00293,-0.42683,0.18293,0.36585
1231,6155,1.02246,-0.09521,0.00342,-0.24390,0.12195,0.24390
1232,6160,1.02148,-0.09131,0.00293,-0.42683,0.24390,0.30488
1233,6165,1.02441,-0.09033,0.00635,-0.36585,0.12195,0.24390
1234,6171,1.02246,-0.08936,0.00488,-0.48780,0.12195,0.30488
1235,6175,1.02588,-0.09229,0.00146,-0.48780,0.24390,0.30488
1236,6180,1.02490,-0.08936,0.00195,-0.42683,0.18293,0.30488
1237,6185,1.02539,-0.09180,0.00635,-0.36585,0.18293,0.30488
1238,6190,1.02295,-0.09473,0.00049,-0.18293,0.06098,0.30488
1239,6195,1.02197,-0.09424,-0.00049,-0.30488,0.18293,0.12195
1240,6200,1.02686,-0.09326,0.00244,-0.42683,0.12195,0.24390
1241,6205,1.02637,-0.09375,0.00342,-0.36585,0.12195,0.30488
1242,6211,1.02490,-0.08984,0.00244,-0.36585,0.18293,0.24390
1243,6216,1.02393,-0.09277,0.00391,-0.12195,0.18293,0.18293
1244,6220,1.02490,-0.09082,0.00342,-0.18293,0.12195,0.30488
1245,6225,1.02539,-0.08936,0.00293,-0.36585,0.12195,0.18293
1246,6230,1.02637,-0.09180,0.00195,-0.54878,0.12195,0.24390
1247,6235,1.02588,-0.09326,0.00488,-0.36585,0.18293,0.24390
1248,6240,1.02295,-0.09229,0.00293,-0.36585,0.24390,0.30488
1249,6245,1.02686,-0.09375,0.00244,-0.42683,0.24390,0.18293
1250,6250,1.02490,-0.09229,0.00391,-0.30488,0.06098,0.24390
1251,6256,1.02441,-0.09277,0.00537,-0.30488,0.12195,0.18293
1252,6260,1.02588,-0.09229,0.00244,-0.42683,0.30488,0.24390
1253,6265,1.02197,-0.09326,0.00488,-0.30488,0.06098,0.24390
1254,6270,1.02197,-0.09082,-0.00293,-0.24390,0.06098,0.30488
1255,6275,1.02295,-0.09033,0.00293,-0.30488,0.30488,0.30488
1256,6280,1.02441,-0.09131,0.00586,-0.42683,0.24390,0.24390
1257,6285,1.02393,-0.09277,0.00293,-0.24390,0.12195,0.24390
1258,6290,1.02295,-0.09131,0.00195,-0.30488,0.18293,0.36585
1259,6296,1.02197,-0.09326,0.00244,-0.36585,0.18293,0.18293
1260,6300,1.02539,-0.09180,0.00635,-0.42683,0.30488,0.12195
1261,6305,1.02246,-0.09424,0.00293,-0.24390,0.06098,0.30488
1262,6310,1.02441,-0.09326,0.00537,-0.42683,0.24390,0.36585
1263,6315,1.02344,-0.09131,0.00684,-0.42683,0.30488,0.30488
1264,6320,1.02246,-0.09277,0.00195,-0.48780,0.18293,0.30488
1265,6325,1.02246,-0.09277,0.00000,-0.30488,0.12195,0.30488
1266,6330,1.02100,-0.09131,0.00146,-0.30488,0.24390,0.36585
1267,6336,1.01953,-0.09229,0.00439,-0.30488,0.24390,0.30488
1268,6341,1.02490,-0.09326,0.00195,-0.30488,0.12195,0.24390
1269,6345,1.02393,-0.09619,0.00098,-0.36585,0.12195,0.24390
1270,6350,1.02197,-0.09424,0.00146,-0.48780,0.36585,0.24390
1271,6355,1.02344,-0.09375,0.00342,-0.42683,0.24390,0.30488
1272,6360,1.02393,-0.08838,0.00342,-0.24390,0.12195,0.18293
1273,6365,1.02148,-0.09229,0.00635,-0.36585,0.18293,0.30488
1274,6370,1.02539,-0.09619,0.00391,-0.30488,0.18293,0.30488
1275,6375,1.02002,-0.09131,0.00098,-0.42683,0.30488,0.24390
1276,6381,1.02393,-0.09229,0.00293,-0.36585,0.24390,0.36585
1277,6385,1.02832,-0.09375,0.00293,-0.48780,0.18293,0.36585
1278,6390,1.02344,-0.09375,0.00537,-0.30488,0.24390,0.24390
1279,6395,1.02246,-0.09082,0.00244,-0.36585,0.30488,0.18293
1280,6400,1.02588,-0.09277,0.00879,-0.42683,0.18293,0.36585
1281,6405,1.02393,-0.09473,0.00342,-0.30488,0.12195,0.30488
1282,6410,1.02393,-0.09473,0.00342,-0.30488,0.12195,0.30488
1283,6415,1.02197,-0.09375,0.00049,-0.30488,0.24390,0.12195
1284,6421,1.02637,-0.08887,0.00928,-0.24390,0.18293,0.30488
1285,6425,1.02588,-0.09033,0.00635,-0.36585,0.24390,0.30488
1286,6430,1.02051,-0.09424,0.00049,-0.36585,0.18293,0.30488
1287,6435,1.02441,-0.09277,0.00537,-0.36585,0.12195,0.30488
1288,6440,1.02295,-0.09131,0.00781,-0.42683,0.24390,0.30488
1289,6445,1.02295,-0.09131,0.00781,-0.42683,0.24390,0.30488
1290,6450,1.01904,-0.09326,0.00146,-0.54878,0.18293,0.18293
1291,6455,1.02100,-0.09326,0.00488,-0.42683,0.12195,0.18293
1292,6461,1.02344,-0.09277,0.00244,-0.18293,0.30488,0.36585
1293,6466,1.02637,-0.09375,0.00342,-0.24390,0.18293,0.24390
1294,6470,1.02344,-0.09180,0.00586,-0.42683,0.24390,0.24390
1295,6475,1.02344,-0.09180,0.00586,-0.42683,0.24390,0.24390
1296,6480,1.02197,-0.09180,0.00244,-0.42683,0.30488,0.12195
1297,6485,1.02393,-0.09326,0.00000,-0.42683,0.12195,0.24390
1298,6490,1.02246,-0.09375,0.00146,-0.42683,0.12195,0.24390
1299,6495,1.02148,-0.09521,0.00488,-0.48780,0.24390,0.30488
1300,6500,1.02539,-0.08936,0.00586,-0.30488,0.12195,0.30488
1301,6506,1.02148,-0.09229,0.00293,-0.36585,0.12195,0.18293
1302,6510,1.02148,-0.09229,0.00049,-0.36585,0.12195,0.24390
1303,6515,1.02734,-0.08984,0.00342,-0.36585,0.18293,0.24390
1304,6520,1.02197,-0.09082,0.00293,-0.36585,0.24390,0.30488
1305,6525,1.02783,-0.09131,0.00195,-0.42683,0.12195,0.18293
1306,6530,1.02783,-0.09375,0.00439,-0.24390,0.12195,0.18293
1307,6535,1.02246,-0.09277,0.00098,-0.36585,0.18293,0.18293
1308,6540,1.02344,-0.09277,0.00439,-0.42683,0.24390,0.24390
1309,6546,1.02441,-0.08936,0.00195,-0.36585,0.18293,0.24390
1310,6550,1.02344,-0.09131,0.00195,-0.48780,0.18293,0.24390
1311,6555,1.02100,-0.09082,0.00684,-0.18293,0.24390,0.24390
1312,6560,1.02441,-0.09229,0.00684,-0.06098,0.18293,0.18293
1313,6565,1.02393,-0.09033,0.00146,-0.36585,0.12195,0.30488
1314,6570,1.02197,-0.09277,-0.00098,-0.36585,0.18293,0.30488
1315,6575,1.02539,-0.08838,0.00586,-0.24390,0.18293,0.24390
1316,6580,1.02441,-0.09033,0.00879,-0.36585,0.18293,0.30488
1317,6586,1.02539,-0.09082,0.00586,-0.36585,0.24390,0.30488
1318,6591,1.02100,-0.09131,0.00098,-0.42683,0.18293,0.30488
1319,6595,1.02148,-0.09424,0.00342,-0.42683,0.18293,0.18293
1320,6600,1.02344,-0.08936,0.00732,-0.24390,0.24390,0.24390
1321,6605,1.02246,-0.09277,0.00537,-0.30488,0.18293,0.30488
1322,6610,1.02344,-0.09229,0.00195,-0.36585,0.18293,0.30488
1323,6615,1.02783,-0.09277,0.00586,-0.30488,0.24390,0.30488
1324,6620,1.02539,-0.09131,0.00293,-0.48780,0.24390,0.24390
1325,6625,1.02344,-0.09033,-0.00049,-0.36585,0.18293,0.24390
1326,6631,1.02539,-0.09375,0.00244,-0.42683,0.24390,0.30488
1327,6635,1.02246,-0.09229,0.00146,-0.36585,0.18293,0.30488
1328,6640,1.02588,-0.09375,-0.00098,-0.48780,0.24390,0.30488
1329,6645,1.02637,-0.09180,0.00293,-0.42683,0.30488,0.18293
1330,6650,1.02344,-0.09082,0.00049,-0.42683,0.24390,0.30488
1331,6655,1.01953,-0.08936,0.00195,-0.48780,0.18293,0.30488
1332,6660,1.02393,-0.09229,0.00635,-0.30488,0.18293,0.30488
1333,6665,1.02588,-0.09229,0.00830,-0.36585,0.12195,0.18293
1334,6671,1.02637,-0.08936,0.00439,-0.36585,0.06098,0.24390
1335,6675,1.02686,-0.09082,0.00244,-0.42683,0.30488,0.30488
1336,6680,1.02686,-0.08984,0.00293,-0.48780,0.24390,0.30488
1337,6685,1.02393,-0.08887,0.00488,-0.36585,0.06098,0.30488
1338,6690,1.02441,-0.09082,0.00293,-0.36585,0.24390,0.42683
1339,6695,1.02539,-0.09082,0.00439,-0.24390,0.18293,0.36585
1340,6700,1.02637,-0.09277,0.00391,-0.36585,0.12195,0.24390
1341,6705,1.02344,-0.09180,0.00342,-0.30488,0.18293,0.24390
1342,6711,1.02393,-0.08887,0.00146,-0.24390,0.24390,0.36585
1343,6716,1.02539,-0.08740,0.00391,-0.36585,0.18293,0.30488
1344,6720,1.02490,-0.09229,0.00732,-0.48780,0.18293,0.12195
1345,6725,1.02637,-0.09131,0.00391,-0.30488,0.24390,0.18293
1346,6730,1.02393,-0.09082,0.00342,-0.30488,0.18293,0.36585
1347,6735,1.02588,-0.09277,0.00488,-0.36585,0.12195,0.36585
1348,6740,1.02148,-0.09082,0.00488,-0.36585,0.24390,0.30488
1349,6745,1.02588,-0.08936,0.00586,-0.24390,0.24390,0.24390
1350,6750,1.02734,-0.09131,0.00244,-0.36585,0.18293,0.36585
1351,6756,1.03027,-0.08887,0.00732,-0.36585,0.18293,0.24390
1352,6760,1.02490,-0.09375,0.00488,-0.18293,0.30488,0.30488
1353,6765,1.02148,-0.09277,0.00488,-0.30488,0.30488,0.36585
1354,6770,1.02588,-0.09229,0.00439,-0.48780,0.24390,0.30488
1355,6775,1.02246,-0.09473,0.00635,-0.30488,0.06098,0.30488
1356,6780,1.02393,-0.08887,0.00244,-0.24390,0.12195,0.30488
1357,6785,1.02295,-0.09033,0.00244,-0.24390,0.18293,0.30488
1358,6790,1.02490,-0.08984,0.00195,-0.18293,0.24390,0.36585
1359,6796,1.02441,-0.09326,0.00146,-0.24390,0.12195,0.36585
1360,6800,1.02344,-0.09229,0.00293,-0.18293,0.12195,0.24390
1361,6805,1.02637,-0.09131,0.00537,-0.18293,0.18293,0.24390
1362,6810,1.02734,-0.08887,0.00244,-0.48780,0.18293,0.24390
1363,6815,1.02686,-0.09424,0.00439,-0.36585,0.24390,0.24390
1364,6820,1.02393,-0.09326,0.00537,-0.18293,0.12195,0.24390
1365,6825,1.02441,-0.09131,0.00244,-0.36585,0.18293,0.18293
1366,6830,1.02686,-0.09131,0.00537,-0.42683,0.30488,0.30488
1367,6836,1.02686,-0.09277,0.00684,-0.36585,0.24390,0.30488
1368,6841,1.02734,-0.09326,-0.00146,-0.24390,0.06098,0.24390
1369,6845,1.02588,-0.09473,0.00342,-0.30488,0.06098,0.36585
1370,6850,1.02344,-0.09082,0.00537,-0.30488,0.24390,0.24390
1371,6855,1.02344,-0.09424,0.00098,-0.36585,0.12195,0.36585
1372,6860,1.02441,-0.08936,0.00244,-0.36585,0.24390,0.36585
1373,6865,1.02051,-0.09033,0.00439,-0.36585,0.30488,0.24390
1374,6870,1.02441,-0.09033,0.00586,-0.42683,0.12195,0.24390
1375,6875,1.02148,-0.09229,0.00049,-0.36585,0.18293,0.30488
1376,6881,1.02246,-0.09229,0.00391,-0.42683,0.24390,0.30488
1377,6885,1.02490,-0.09180,0.00830,-0.42683,0.24390,0.12195
1378,6890,1.02783,-0.09229,0.00488,-0.30488,0.18293,0.24390
1379,6895,1.02490,-0.08984,0.00439,-0.30488,0.06098,0.30488
1380,6900,1.02295,-0.09229,0.00488,-0.42683,0.18293,0.24390
1381,6905,1.02100,-0.09375,0.00342,-0.42683,0.18293,0.12195
1382,6910,1.02197,-0.09375,0.00293,-0.48780,0.24390,0.30488
1383,6915,1.02246,-0.09180,0.00000,-0.48780,0.24390,0.18293
1384,6921,1.02441,-0.09326,0.00195,-0.42683,0.18293,0.18293
1385,6925,1.02197,-0.08984,0.00439,-0.30488,0.24390,0.24390
1386,6930,1.02393,-0.09131,0.00293,-0.18293,0.12195,0.24390
1387,6935,1.02393,-0.08936,0.00146,-0.30488,-0.06098,0.36585
1388,6940,1.02051,-0.09375,0.00195,-0.54878,0.12195,0.30488
1389,6945,1.02637,-0.09082,0.00391,-0.36585,0.18293,0.30488
1390,6950,1.02490,-0.09131,0.00293,-0.24390,0.12195,0.18293
1391,6955,1.02539,-0.09131,0.00635,-0.30488,0.12195,0.30488
1392,6961,1.02539,-0.09229,0.00537,-0.48780,0.18293,0.30488
1393,6966,1.02051,-0.09131,0.00098,-0.48780,0.18293,0.18293
1394,6970,1.02393,-0.09082,0.00635,-0.42683,0.18293,0.24390
1395,6975,1.02588,-0.09131,0.00098,-0.36585,0.12195,0.30488
1396,6980,1.02246,-0.09082,0.00195,-0.36585,0.12195,0.30488
1397,6985,1.02441,-0.09229,0.00586,-0.48780,0.18293,0.24390
1398,6990,1.02441,-0.09668,-0.00391,-0.42683,0.18293,0.18293
1399,6995,1.02490,-0.09375,0.00244,-0.30488,0.30488,0.30488
1400,7000,1.02393,-0.09473,0.00684,-0.42683,0.24390,0.24390
1401,7006,1.02295,-0.09424,0.00635,-0.36585,0.18293,0.30488
1402,7010,1.02246,-0.09326,0.00781,-0.18293,0.06098,0.36585
1403,7015,1.02197,-0.09082,0.00000,-0.24390,0.18293,0.24390
1404,7020,1.02441,-0.09424,0.00146,-0.42683,0.18293,0.24390
1405,7025,1.02588,-0.09229,0.00439,-0.30488,0.24390,0.24390
1406,7030,1.02393,-0.08936,0.00732,-0.30488,0.18293,0.24390
1407,7035,1.02246,-0.09277,0.00439,-0.24390,0.06098,0.36585
1408,7040,1.02393,-0.09229,0.00049,-0.48780,0.24390,0.30488
1409,7046,1.02734,-0.08984,0.00293,-0.48780,0.30488,0.18293
1410,7050,1.02588,-0.09131,0.00195,-0.30488,0.12195,0.30488
1411,7055,1.02441,-0.09229,0.00586,-0.24390,0.06098,0.24390
1412,7060,1.02393,-0.09229,0.00195,-0.36585,0.18293,0.30488
1413,7065,1.02344,-0.09180,0.00342,-0.30488,0.18293,0.30488
1414,7070,1.02246,-0.09277,0.00684,-0.30488,0.18293,0.30488
1415,7075,1.02246,-0.09375,0.00244,-0.42683,0.18293,0.18293
1416,7080,1.02246,-0.09375,0.00244,-0.42683,0.18293,0.18293
1417,7086,1.02490,-0.09131,0.00635,-0.54878,0.18293,0.30488
1418,7091,1.02148,-0.09473,0.00342,-0.42683,0.12195,0.30488
1419,7095,1.01855,-0.09424,0.00049,-0.36585,0.12195,0.36585
1420,7100,1.02539,-0.09082,0.00293,-0.30488,0.30488,0.30488
1421,7105,1.02686,-0.09229,0.00635,-0.48780,0.18293,0.18293
1422,7110,1.02832,-0.09229,0.00342,-0.48780,0.00000,0.30488
1423,7115,1.02832,-0.09229,0.00342,-0.48780,0.00000,0.30488
1424,7120,1.02686,-0.09668,-0.00098,-0.30488,0.18293,0.30488
1425,7125,1.02783,-0.09277,0.00537,-0.30488,0.36585,0.36585
1426,7131,1.02344,-0.08984,0.00195,-0.30488,0.06098,0.24390
1427,7135,1.02051,-0.09326,0.00293,-0.24390,0.12195,0.24390
1428,7140,1.02148,-0.09424,0.00000,-0.30488,0.24390,0.24390
1429,7145,1.02148,-0.09424,0.00000,-0.30488,0.24390,0.24390
1430,7150,1.02588,-0.09229,0.00391,-0.36585,0.30488,0.24390
1431,7155,1.02539,-0.08936,0.00293,-0.30488,0.12195,0.24390
1432,7160,1.02393,-0.09082,0.00537,-0.36585,0.12195,0.30488
1433,7165,1.02246,-0.09082,0.00342,-0.30488,0.18293,0.36585
1434,7171,1.02441,-0.09131,0.00293,-0.30488,0.30488,0.18293
1435,7175,1.02441,-0.09131,0.00293,-0.30488,0.30488,0.18293
1436,7180,1.02344,-0.09375,-0.00049,-0.42683,0.18293,0.36585
1437,7185,1.02295,-0.09131,0.00439,-0.36585,0.24390,0.30488
1438,7190,1.02197,-0.09033,0.00537,-0.42683,0.30488,0.24390
1439,7195,1.02246,-0.09277,0.00146,-0.36585,0.12195,0.12195
1440,7200,1.02246,-0.09229,0.00244,-0.18293,0.12195,0.18293
1441,7205,1.02295,-0.09229,0.00342,-0.36585,0.18293,0.30488
1442,7211,1.02393,-0.09131,0.00439,-0.36585,0.12195,0.36585
1443,7216,1.02002,-0.08936,0.00537,-0.42683,0.12195,0.24390
1444,7220,1.02148,-0.09277,0.00586,-0.36585,0.30488,0.18293
1445,7225,1.02148,-0.09375,0.00146,-0.36585,0.18293,0.30488
1446,7230,1.02393,-0.09131,0.00342,-0.48780,0.24390,0.30488
1447,7235,1.02441,-0.09424,0.00537,-0.30488,0.24390,0.36585
1448,7240,1.02393,-0.09326,0.00488,-0.30488,0.18293,0.36585
1449,7245,1.02246,-0.09473,0.00293,-0.48780,0.06098,0.18293
1450,7250,1.02051,-0.09375,0.00488,-0.42683,0.12195,0.30488
1451,7256,1.02441,-0.09033,0.00439,-0.30488,0.12195,0.36585
1452,7260,1.02539,-0.09277,0.00000,-0.42683,0.12195,0.24390
1453,7265,1.02344,-0.09473,0.00732,-0.30488,0.18293,0.24390
1454,7270,1.02148,-0.08887,0.00635,-0.30488,0.12195,0.18293
1455,7275,1.01855,-0.09180,0.00391,-0.42683,0.00000,0.30488
1456,7280,1.02295,-0.09473,0.00146,-0.36585,0.12195,0.30488
1457,7285,1.02246,-0.09277,0.00146,-0.24390,0.24390,0.24390
1458,7290,1.02539,-0.09375,0.00244,-0.36585,0.12195,0.42683
1459,7296,1.02539,-0.09473,0.00049,-0.24390,0.12195,0.36585
1460,7300,1.02344,-0.09326,0.00000,-0.42683,0.24390,0.24390
1461,7305,1.02490,-0.09131,0.00635,-0.42683,0.18293,0.18293
1462,7310,1.02539,-0.09033,0.00488,-0.36585,0.18293,0.24390
1463,7315,1.02295,-0.09180,0.00488,-0.42683,0.12195,0.30488
1464,7320,1.02783,-0.09131,0.00098,-0.30488,0.24390,0.30488
1465,7325,1.02539,-0.09521,0.00195,-0.24390,0.24390,0.24390
1466,7330,1.02344,-0.09180,0.00146,-0.36585,0.12195,0.42683
1467,7336,1.02100,-0.09131,-0.00195,-0.36585,0.18293,0.30488
1468,7341,1.02197,-0.08984,0.00244,-0.24390,0.12195,0.24390
1469,7345,1.02344,-0.09180,0.00879,-0.30488,0.18293,0.36585
1470,7350,1.02441,-0.09375,0.00488,-0.36585,0.06098,0.30488
1471,7355,1.02539,-0.09229,0.00488,-0.48780,0.18293,0.24390
1472,7360,1.02051,-0.08740,0.00684,-0.36585,0.24390,0.18293
1473,7365,1.01855,-0.09082,0.00293,-0.30488,0.12195,0.24390
1474,7370,1.02051,-0.09277,0.00098,-0.30488,0.18293,0.36585
1475,7375,1.02002,-0.09229,0.00049,-0.36585,0.12195,0.24390
1476,7381,1.02344,-0.09131,0.00537,-0.36585,0.12195,0.30488
1477,7385,1.02539,-0.09229,0.00391,-0.30488,0.00000,0.24390
1478,7390,1.02393,-0.09229,0.00537,-0.48780,0.18293,0.36585
1479,7395,1.02393,-0.09570,-0.00049,-0.42683,0.30488,0.30488
1480,7400,1.02246,-0.09375,0.00293,-0.36585,0.18293,0.24390
1481,7405,1.02393,-0.09277,0.00195,-0.48780,0.24390,0.24390
1482,7410,1.02490,-0.09229,0.00342,-0.30488,0.18293,0.24390
1483,7415,1.02539,-0.09277,0.00488,-0.24390,0.12195,0.30488
1484,7421,1.02490,-0.09131,0.00342,-0.36585,0.12195,0.24390
1485,7425,1.02100,-0.09277,0.00391,-0.30488,0.18293,0.24390
1486,7430,1.02393,-0.09277,0.00439,-0.30488,0.24390,0.24390
1487,7435,1.02490,-0.09229,0.00928,-0.42683,0.12195,0.30488
1488,7440,1.02539,-0.09229,0.00391,-0.30488,0.12195,0.30488
1489,7445,1.02441,-0.09082,0.00146,-0.30488,0.24390,0.36585
1490,7450,1.02393,-0.09277,-0.00098,-0.42683,0.18293,0.24390
1491,7455,1.02197,-0.09326,0.00195,-0.36585,0.18293,0.24390
1492,7461,1.02393,-0.09229,0.00391,-0.36585,0.30488,0.18293
1493,7466,1.01904,-0.09180,0.00439,-0.48780,0.18293,0.30488
1494,7470,1.02393,-0.09473,0.00293,-0.54878,0.18293,0.30488
1495,7475,1.02734,-0.09424,0.00977,-0.18293,0.30488,0.18293
1496,7480,1.02490,-0.09033,0.00830,-0.24390,0.24390,0.12195
1497,7485,1.02393,-0.09180,0.00439,-0.42683,0.18293,0.30488
1498,7490,1.02490,-0.09277,0.00098,-0.30488,0.18293,0.24390
1499,7495,1.02539,-0.08936,0.00488,-0.30488,0.18293,0.18293
1500,7500,1.02832,-0.09131,0.00537,-0.36585,0.06098,0.18293
1501,7506,1.02588,-0.09229,0.00537,-0.30488,0.06098,0.36585
1502,7510,1.02197,-0.09326,0.00439,-0.24390,0.12195,0.36585
1503,7515,1.02344,-0.08887,0.00049,-0.48780,0.12195,0.24390
1504,7520,1.02100,-0.09033,0.00732,-0.36585,0.18293,0.30488
1505,7525,1.02441,-0.09082,0.00732,-0.48780,0.18293,0.24390
1506,7530,1.02393,-0.09229,0.00146,-0.42683,0.24390,0.36585
1507,7535,1.02148,-0.09082,0.00537,-0.30488,0.12195,0.30488
1508,7540,1.02197,-0.09180,0.00146,-0.24390,0.12195,0.30488
1509,7546,1.02783,-0.09277,0.00244,-0.36585,0.12195,0.18293
1510,7550,1.02393,-0.09277,0.00439,-0.36585,0.18293,0.24390
1511,7555,1.02100,-0.09180,0.00098,-0.30488,0.18293,0.30488
1512,7560,1.02246,-0.09180,0.00391,-0.30488,0.24390,0.24390
1513,7565,1.02637,-0.09375,0.00293,-0.30488,0.18293,0.24390
1514,7570,1.02441,-0.09326,0.00439,-0.30488,0.30488,0.24390
1515,7575,1.02344,-0.09277,0.00391,-0.30488,0.18293,0.30488
1516,7580,1.02197,-0.08936,0.00439,-0.36585,0.18293,0.30488
1517,7586,1.02393,-0.09277,0.00342,-0.36585,0.18293,0.30488
1518,7591,1.02246,-0.09082,0.00391,-0.24390,0.18293,0.24390
1519,7595,1.02197,-0.08936,0.00244,-0.30488,0.18293,0.06098
1520,7600,1.01807,-0.09082,0.00244,-0.36585,0.18293,0.30488
1521,7605,1.02393,-0.09082,0.00488,-0.36585,0.18293,0.30488
1522,7610,1.02588,-0.09033,0.00684,-0.42683,0.30488,0.12195
1523,7615,1.02246,-0.09326,0.00537,-0.30488,0.30488,0.12195
1524,7620,1.02393,-0.09277,0.00439,-0.42683,0.24390,0.24390
1525,7625,1.02832,-0.09277,0.00098,-0.30488,0.12195,0.36585
1526,7631,1.02295,-0.09229,0.00293,-0.24390,0.36585,0.30488
1527,7635,1.02197,-0.09229,0.00732,-0.24390,0.24390,0.24390
1528,7640,1.02246,-0.09229,0.00391,-0.42683,0.18293,0.24390
1529,7645,1.02393,-0.09033,0.00000,-0.30488,0.18293,0.24390
1530,7650,1.02197,-0.08984,0.00146,-0.24390,0.18293,0.36585
1531,7655,1.02539,-0.09277,0.00293,-0.18293,0.12195,0.30488
1532,7660,1.02344,-0.08887,0.00732,-0.48780,0.12195,0.18293
1533,7665,1.02441,-0.09082,0.00586,-0.36585,0.18293,0.36585
1534,7671,1.02246,-0.09521,0.00049,-0.18293,0.12195,0.30488
1535,7675,1.02344,-0.09131,0.00635,-0.36585,0.12195,0.30488
1536,7680,1.02441,-0.08936,0.00293,-0.42683,0.30488,0.12195
1537,7685,1.02344,-0.09326,0.00586,-0.36585,0.24390,0.30488
1538,7690,1.02539,-0.08887,0.00146,-0.36585,0.24390,0.30488
1539,7695,1.02490,-0.09033,0.00537,-0.36585,0.24390,0.30488
1540,7700,1.02637,-0.09082,0.00488,-0.30488,0.12195,0.36585
1541,7705,1.02197,-0.09180,0.00635,-0.36585,0.18293,0.30488
1542,7711,1.02393,-0.09033,0.00146,-0.36585,0.18293,0.30488
1543,7716,1.02393,-0.09424,0.00391,-0.30488,0.24390,0.36585
1544,7720,1.02490,-0.09033,0.00342,-0.36585,0.30488,0.24390
1545,7725,1.02588,-0.09326,0.00293,-0.30488,0.18293,0.36585
1546,7730,1.02539,-0.09180,0.00146,-0.42683,0.12195,0.36585
1547,7735,1.02344,-0.09375,0.00684,-0.24390,0.06098,0.30488
1548,7740,1.02734,-0.09375,0.00586,-0.42683,0.12195,0.36585
1549,7745,1.02490,-0.09473,0.00537,-0.36585,0.18293,0.42683
1550,7750,1.02344,-0.09229,0.00488,-0.36585,0.18293,0.30488
1551,7756,1.02148,-0.09229,0.00439,-0.18293,0.18293,0.24390
1552,7760,1.02441,-0.09375,0.00195,-0.24390,0.12195,0.24390
1553,7765,1.02344,-0.09277,-0.00293,-0.30488,0.24390,0.18293
1554,7770,1.02295,-0.09082,0.00488,-0.30488,0.24390,0.18293
1555,7775,1.02588,-0.08936,0.00879,-0.18293,0.18293,0.18293
1556,7780,1.02344,-0.09131,0.00195,-0.18293,0.06098,0.36585
1557,7785,1.02344,-0.09131,0.00195,-0.18293,0.06098,0.36585
1558,7790,1.02441,-0.09619,-0.00049,-0.42683,0.18293,0.30488
1559,7796,1.02490,-0.09229,0.00244,-0.42683,0.18293,0.12195
1560,7800,1.02588,-0.09326,0.00146,-0.42683,0.12195,0.36585
1561,7805,1.02344,-0.09033,-0.00146,-0.36585,0.18293,0.30488
1562,7810,1.01953,-0.09277,0.00342,-0.42683,0.18293,0.30488
1563,7815,1.01953,-0.09277,0.00342,-0.42683,0.18293,0.30488
1564,7820,1.02100,-0.09277,0.00098,-0.30488,0.18293,0.12195
1565,7825,1.02148,-0.09424,0.00488,-0.30488,0.24390,0.30488
1566,7830,1.02393,-0.09473,-0.00244,-0.36585,0.12195,0.30488
1567,7836,1.02441,-0.09180,0.00537,-0.42683,0.24390,0.36585
1568,7841,1.02637,-0.09326,0.00391,-0.30488,0.18293,0.42683
1569,7845,1.02637,-0.09375,0.00098,-0.30488,0.12195,0.24390
1570,7850,1.02637,-0.09375,0.00098,-0.30488,0.12195,0.24390
1571,7855,1.02539,-0.09277,0.00342,-0.36585,0.18293,0.24390
1572,7860,1.02344,-0.09473,0.00439,-0.36585,0.18293,0.24390
1573,7865,1.02539,-0.09521,0.00488,-0.36585,0.18293,0.18293
1574,7870,1.02490,-0.09033,0.00293,-0.36585,0.30488,0.30488
1575,7875,1.02295,-0.09375,0.00391,-0.24390,0.18293,0.18293
1576,7881,1.02393,-0.09326,0.00439,-0.30488,0.12195,0.30488
1577,7885,1.02393,-0.09033,0.00439,-0.30488,0.12195,0.24390
1578,7890,1.02832,-0.09082,0.00293,-0.36585,0.24390,0.24390
1579,7895,1.02295,-0.09180,0.00195,-0.42683,0.18293,0.24390
1580,7900,1.02393,-0.09131,-0.00098,-0.36585,0.18293,0.24390
1581,7905,1.02197,-0.09375,-0.00098,-0.24390,0.24390,0.30488
1582,7910,1.02344,-0.09277,0.00439,-0.18293,0.24390,0.18293
1583,7915,1.02197,-0.09326,0.00537,-0.36585,0.12195,0.30488
1584,7921,1.02344,-0.09277,0.00439,-0.42683,0.18293,0.30488
1585,7925,1.02246,-0.09326,0.00439,-0.42683,0.18293,0.18293
1586,7930,1.02197,-0.09229,0.00293,-0.36585,0.30488,0.18293
1587,7935,1.02539,-0.09082,0.00000,-0.36585,0.36585,0.30488
1588,7940,1.02344,-0.09424,0.00439,-0.36585,0.24390,0.24390
1589,7945,1.02637,-0.09131,0.00439,-0.42683,0.12195,0.24390
1590,7950,1.02490,-0.09180,0.00439,-0.36585,0.36585,0.30488
1591,7955,1.02490,-0.09473,0.00391,-0.30488,0.18293,0.36585
1592,7961,1.02295,-0.09326,0.00684,-0.36585,-0.06098,0.24390
1593,7966,1.02686,-0.09229,0.00781,-0.48780,0.18293,0.24390
1594,7970,1.02295,-0.09180,0.00195,-0.36585,0.12195,0.24390
1595,7975,1.02539,-0.09326,0.00488,-0.24390,0.06098,0.30488
1596,7980,1.02441,-0.09326,0.00000,-0.36585,0.06098,0.36585
1597,7985,1.02441,-0.09131,0.00244,-0.42683,0.18293,0.36585
1598,7990,1.02441,-0.09229,0.00342,-0.24390,0.18293,0.30488
1599,7995,1.02295,-0.09229,0.00098,-0.18293,0.18293,0.42683
1600,8000,1.02002,-0.09375,0.00293,-0.36585,0.12195,0.24390
1601,8006,1.02197,-0.09229,0.00293,-0.42683,0.12195,0.24390
1602,8010,1.02295,-0.09570,0.00342,-0.36585,0.18293,0.24390
1603,8015,1.02148,-0.09570,0.00586,-0.36585,0.18293,0.24390
1604,8020,1.02051,-0.09424,0.00537,-0.42683,0.12195,0.36585
1605,8025,1.02490,-0.09180,0.00537,-0.48780,0.24390,0.24390
1606,8030,1.02686,-0.09424,0.00391,-0.48780,0.24390,0.30488
1607,8035,1.02783,-0.09082,0.00537,-0.30488,0.24390,0.24390
1608,8040,1.02197,-0.09570,0.00635,-0.30488,0.18293,0.18293
1609,8046,1.02393,-0.09277,-0.00098,-0.36585,0.18293,0.24390
1610,8050,1.02441,-0.09326,0.00488,-0.30488,0.18293,0.24390
1611,8055,1.02637,-0.09326,0.00488,-0.42683,0.18293,0.36585
1612,8060,1.02588,-0.09326,0.00537,-0.36585,0.12195,0.36585
1613,8065,1.02393,-0.09180,0.00928,-0.30488,0.24390,0.24390
1614,8070,1.02295,-0.09326,0.00537,-0.42683,0.24390,0.18293
1615,8075,1.02197,-0.09375,0.00439,-0.36585,0.24390,0.18293
1616,8080,1.02051,-0.09619,0.00342,-0.48780,0.18293,0.18293
1617,8086,1.02344,-0.09082,0.00586,-0.36585,0.24390,0.12195
1618,8091,1.02832,-0.09180,0.00488,-0.30488,0.24390,0.24390
1619,8095,1.02441,-0.09277,0.00488,-0.30488,0.18293,0.36585
1620,8100,1.02441,-0.09326,0.00146,-0.24390,0.18293,0.24390
1621,8105,1.02441,-0.09229,0.00098,-0.36585,0.30488,0.24390
1622,8110,1.02539,-0.09229,0.00537,-0.36585,0.18293,0.30488
1623,8115,1.02393,-0.09277,0.00098,-0.30488,0.12195,0.42683
1624,8120,1.02539,-0.09277,0.00684,-0.36585,0.06098,0.36585
1625,8125,1.02393,-0.09277,0.00439,-0.36585,0.18293,0.24390
1626,8131,1.02246,-0.08984,0.00391,-0.30488,0.18293,0.36585
1627,8135,1.02197,-0.09082,0.00342,-0.24390,0.12195,0.30488
1628,8140,1.02246,-0.09375,-0.00098,-0.24390,0.18293,0.30488
1629,8145,1.02295,-0.09180,0.00049,-0.18293,0.18293,0.24390
1630,8150,1.02783,-0.09473,0.00098,-0.24390,0.30488,0.24390
1631,8155,1.02441,-0.09180,0.00342,-0.18293,0.24390,0.24390
1632,8160,1.02100,-0.09229,0.00195,-0.36585,0.18293,0.30488
1633,8165,1.02148,-0.09033,0.00342,-0.30488,0.18293,0.24390
1634,8171,1.02490,-0.09131,0.00244,-0.12195,0.12195,0.24390
1635,8175,1.02246,-0.09229,0.00439,-0.30488,0.18293,0.30488
1636,8180,1.02148,-0.09277,0.00391,-0.42683,0.24390,0.24390
1637,8185,1.02490,-0.09326,0.00195,-0.48780,0.06098,0.30488
1638,8190,1.02539,-0.09180,0.00244,-0.36585,0.18293,0.30488
1639,8195,1.02246,-0.09131,0.00244,-0.36585,0.24390,0.24390
1640,8200,1.02539,-0.08984,0.00732,-0.30488,0.30488,0.12195
1641,8205,1.02344,-0.09033,0.00732,-0.18293,0.18293,0.30488
1642,8211,1.02295,-0.09131,0.00342,-0.24390,0.00000,0.36585
1643,8216,1.02588,-0.09326,0.00586,-0.42683,0.06098,0.36585
1644,8220,1.02441,-0.09277,0.00732,-0.36585,0.24390,0.24390
1645,8225,1.02246,-0.09033,0.00879,-0.24390,0.18293,0.18293
1646,8230,1.02637,-0.08984,0.00586,-0.54878,0.06098,0.36585
1647,8235,1.02490,-0.09570,0.00195,-0.48780,0.12195,0.42683
1648,8240,1.02344,-0.09326,0.00000,-0.42683,0.24390,0.30488
1649,8245,1.02344,-0.09180,0.00684,-0.36585,0.42683,0.18293
1650,8250,1.02441,-0.09180,0.00195,-0.24390,0.18293,0.30488
1651,8256,1.02588,-0.09375,0.00244,-0.36585,0.12195,0.42683
1652,8260,1.02539,-0.08984,0.00146,-0.36585,0.30488,0.18293
1653,8265,1.02197,-0.08887,0.00195,-0.30488,0.18293,0.06098
1654,8270,1.02197,-0.09180,0.00391,-0.24390,0.12195,0.24390
1655,8275,1.02539,-0.09717,0.00586,-0.42683,0.00000,0.30488
1656,8280,1.02295,-0.09131,0.00195,-0.36585,0.24390,0.30488
1657,8285,1.02344,-0.09131,-0.00049,-0.48780,0.36585,0.24390
1658,8290,1.02295,-0.09033,0.00391,-0.36585,0.18293,0.12195
1659,8296,1.02393,-0.09082,0.00293,-0.42683,0.24390,0.24390
1660,8300,1.02637,-0.09229,0.00439,-0.30488,0.24390,0.30488
1661,8305,1.02490,-0.09180,0.00537,-0.18293,0.12195,0.24390
1662,8310,1.02490,-0.08691,-0.00049,-0.30488,0.24390,0.24390
1663,8315,1.02344,-0.09326,0.00439,-0.48780,0.24390,0.18293
1664,8320,1.02295,-0.09229,0.00146,-0.48780,0.18293,0.24390
1665,8325,1.02344,-0.09180,0.00830,-0.42683,0.18293,0.30488
1666,8330,1.02246,-0.09180,0.00342,-0.30488,0.18293,0.30488
1667,8336,1.02148,-0.09131,0.00098,-0.24390,0.12195,0.24390
1668,8341,1.02637,-0.09277,0.00342,-0.24390,0.12195,0.18293
1669,8345,1.02441,-0.09131,0.00537,-0.42683,0.24390,0.24390
1670,8350,1.02441,-0.09277,0.00244,-0.42683,0.12195,0.30488
1671,8355,1.02441,-0.09131,0.00098,-0.18293,0.18293,0.24390
1672,8360,1.02393,-0.09375,0.00293,-0.48780,0.12195,0.18293
1673,8365,1.02344,-0.09229,0.00586,-0.54878,0.06098,0.30488
1674,8370,1.02393,-0.09326,0.00342,-0.30488,0.12195,0.30488
1675,8375,1.02246,-0.09326,0.00732,-0.18293,0.24390,0.24390
1676,8381,1.02246,-0.08984,0.00684,-0.42683,0.30488,0.30488
1677,8385,1.02295,-0.09180,0.00586,-0.36585,0.18293,0.18293
1678,8390,1.02393,-0.09229,0.00195,-0.42683,0.12195,0.30488
1679,8395,1.02441,-0.09229,0.00342,-0.30488,0.18293,0.30488
1680,8400,1.02734,-0.09424,0.00537,-0.24390,0.24390,0.24390
1681,8405,1.02295,-0.09229,0.00293,-0.24390,0.18293,0.30488
1682,8410,1.02197,-0.09229,0.00293,-0.30488,0.18293,0.42683
1683,8415,1.02539,-0.09180,0.00537,-0.36585,0.36585,0.36585
1684,8421,1.02783,-0.09277,0.01025,-0.42683,0.24390,0.24390
1685,8425,1.02344,-0.09277,0.00049,-0.30488,0.12195,0.24390
1686,8430,1.02051,-0.09277,0.00098,-0.12195,0.12195,0.24390
1687,8435,1.02539,-0.09326,0.00342,-0.30488,0.12195,0.24390
1688,8440,1.02832,-0.09131,0.00977,-0.42683,0.18293,0.30488
1689,8445,1.02197,-0.09229,0.00195,-0.36585,0.24390,0.42683
1690,8450,1.02100,-0.09277,0.00049,-0.36585,0.12195,0.36585
1691,8455,1.02100,-0.09277,0.00049,-0.36585,0.12195,0.36585
1692,8461,1.02393,-0.09229,0.00146,-0.48780,0.24390,0.24390
1693,8466,1.02588,-0.09180,0.00635,-0.42683,0.12195,0.42683
1694,8470,1.02246,-0.09521,0.00244,-0.54878,0.12195,0.36585
1695,8475,1.02490,-0.09131,0.00439,-0.36585,0.18293,0.12195
1696,8480,1.02539,-0.09033,0.00146,-0.42683,0.18293,0.18293
1697,8485,1.02539,-0.09033,0.00146,-0.42683,0.18293,0.18293
1698,8490,1.02295,-0.09131,0.00000,-0.24390,0.12195,0.24390
1699,8495,1.02441,-0.09424,0.00146,-0.42683,0.18293,0.36585
1700,8500,1.02490,-0.09033,0.00195,-0.54878,0.30488,0.18293
1701,8506,1.02637,-0.09082,0.00244,-0.24390,0.12195,0.24390
1702,8510,1.02393,-0.08936,0.00439,-0.30488,0.18293,0.24390
1703,8515,1.02588,-0.09082,0.00928,-0.42683,0.12195,0.18293
1704,8520,1.02588,-0.09082,0.00928,-0.42683,0.12195,0.18293
1705,8525,1.02588,-0.09131,0.00830,-0.36585,0.24390,0.24390
1706,8530,1.02393,-0.09033,0.00586,-0.36585,0.18293,0.30488
1707,8535,1.02441,-0.09082,0.00342,-0.36585,0.12195,0.30488
1708,8540,1.02490,-0.08789,0.00098,-0.30488,0.24390,0.18293
1709,8546,1.02393,-0.09033,0.00391,-0.36585,0.18293,0.24390
1710,8550,1.02393,-0.09033,0.00391,-0.36585,0.18293,0.24390
1711,8555,1.02344,-0.09375,0.00244,-0.36585,0.12195,0.24390
1712,8560,1.02588,-0.09277,0.00488,-0.36585,0.18293,0.24390
1713,8565,1.02490,-0.09082,0.00391,-0.36585,0.12195,0.24390
1714,8570,1.02148,-0.09277,0.00098,-0.42683,0.18293,0.18293
1715,8575,1.02051,-0.09131,0.00342,-0.30488,0.24390,0.30488
1716,8580,1.02637,-0.08838,0.00439,-0.24390,0.24390,0.18293
1717,8586,1.02490,-0.08984,0.00586,-0.36585,0.12195,0.24390
1718,8591,1.02441,-0.09180,0.00537,-0.30488,0.12195,0.30488
1719,8595,1.02441,-0.09326,0.00146,-0.36585,0.18293,0.18293
1720,8600,1.02197,-0.09473,0.00098,-0.30488,0.24390,0.30488
1721,8605,1.02100,-0.08984,0.00537,-0.36585,0.18293,0.18293
1722,8610,1.02197,-0.09082,0.00391,-0.24390,0.12195,0.30488
1723,8615,1.02344,-0.09229,0.00244,-0.24390,0.24390,0.36585
1724,8620,1.02588,-0.09424,0.00391,-0.36585,0.18293,0.36585
1725,8625,1.02393,-0.09326,0.00732,-0.36585,0.06098,0.24390
1726,8631,1.02539,-0.09180,0.00439,-0.30488,0.18293,0.24390
1727,8635,1.02393,-0.09326,0.00391,-0.30488,0.24390,0.36585
1728,8640,1.02295,-0.09424,0.00342,-0.42683,0.30488,0.18293
1729,8645,1.02539,-0.09277,0.00537,-0.42683,0.24390,0.18293
1730,8650,1.02783,-0.09131,0.00342,-0.42683,0.12195,0.30488
1731,8655,1.02539,-0.09131,0.00293,-0.30488,0.12195,0.18293
1732,8660,1.02539,-0.09131,0.00488,-0.36585,0.24390,0.24390
1733,8665,1.02393,-0.08936,0.00684,-0.36585,0.12195,0.24390
1734,8671,1.01855,-0.09180,0.00195,-0.30488,0.06098,0.18293
1735,8675,1.02393,-0.08789,0.00439,-0.12195,0.24390,0.30488
1736,8680,1.02539,-0.08936,0.00293,-0.24390,0.36585,0.06098
1737,8685,1.02051,-0.09277,0.00391,-0.36585,0.36585,0.24390
1738,8690,1.02637,-0.09180,0.00488,-0.36585,0.06098,0.36585
1739,8695,1.02588,-0.09180,0.00049,-0.42683,0.24390,0.30488
1740,8700,1.02393,-0.09326,0.00293,-0.42683,0.24390,0.24390
1741,8705,1.02588,-0.09082,0.00537,-0.42683,0.30488,0.24390
1742,8711,1.02295,-0.09131,0.00439,-0.30488,0.12195,0.30488
1743,8716,1.02588,-0.09375,0.00391,-0.36585,0.06098,0.24390
1744,8720,1.02295,-0.09180,0.00293,-0.42683,0.12195,0.18293
1745,8725,1.02441,-0.09082,0.00195,-0.42683,0.24390,0.30488
1746,8730,1.02441,-0.08984,0.00098,-0.12195,0.12195,0.30488
1747,8735,1.02246,-0.09033,0.00000,-0.24390,0.18293,0.24390
1748,8740,1.02344,-0.09131,0.00195,-0.36585,0.18293,0.24390
1749,8745,1.02539,-0.09326,0.00098,-0.30488,0.24390,0.30488
1750,8750,1.02539,-0.09033,0.00537,-0.48780,0.24390,0.24390
1751,8756,1.02441,-0.08984,0.00684,-0.30488,0.12195,0.24390
1752,8760,1.02637,-0.09131,0.00830,-0.24390,0.18293,0.24390
1753,8765,1.02246,-0.09229,0.00439,-0.48780,0.30488,0.18293
1754,8770,1.02051,-0.09570,0.00342,-0.36585,0.24390,0.18293
1755,8775,1.01904,-0.09277,0.00439,-0.30488,0.18293,0.24390
1756,8780,1.02197,-0.09033,0.00146,-0.36585,0.12195,0.36585
1757,8785,1.02344,-0.09375,0.00342,-0.36585,0.06098,0.30488
1758,8790,1.02637,-0.09375,0.00146,-0.36585,0.24390,0.18293
1759,8796,1.02393,-0.09229,0.00342,-0.36585,0.12195,0.24390
1760,8800,1.02393,-0.08887,0.00391,-0.36585,0.12195,0.36585
1761,8805,1.02100,-0.09277,0.00586,-0.48780,0.18293,0.24390
1762,8810,1.02441,-0.09326,0.00586,-0.42683,0.30488,0.24390
1763,8815,1.02148,-0.08936,0.00244,-0.30488,0.24390,0.24390
1764,8820,1.02344,-0.09424,0.00391,-0.48780,0.18293,0.36585
1765,8825,1.02295,-0.09424,0.00293,-0.48780,0.12195,0.30488
1766,8830,1.02441,-0.09131,0.00586,-0.36585,0.12195,0.24390
1767,8836,1.02490,-0.09424,0.00342,-0.36585,0.18293,0.30488
1768,8841,1.02295,-0.09131,0.00391,-0.48780,0.18293,0.24390
1769,8845,1.02246,-0.09277,0.00488,-0.48780,0.18293,0.36585
1770,8850,1.02295,-0.09375,-0.00293,-0.36585,0.18293,0.18293
1771,8855,1.02197,-0.09326,0.00049,-0.30488,0.24390,0.24390
1772,8860,1.02539,-0.09375,0.00586,-0.36585,0.24390,0.24390
1773,8865,1.02051,-0.09668,0.00488,-0.30488,0.30488,0.24390
1774,8870,1.02490,-0.09229,0.00342,-0.30488,0.30488,0.24390
1775,8875,1.02246,-0.09424,0.00439,-0.42683,0.18293,0.30488
1776,8881,1.02295,-0.09473,0.00098,-0.42683,0.18293,0.36585
1777,8885,1.02441,-0.09277,0.00000,-0.42683,0.18293,0.24390
1778,8890,1.02295,-0.08984,0.00244,-0.30488,0.18293,0.12195
1779,8895,1.02686,-0.09180,0.00293,-0.12195,0.12195,0.30488
1780,8900,1.02588,-0.09277,0.00293,-0.18293,0.18293,0.36585
1781,8905,1.02539,-0.09521,0.00146,-0.42683,0.30488,0.24390
1782,8910,1.02246,-0.08984,0.00439,-0.36585,0.36585,0.18293
1783,8915,1.02539,-0.09180,0.00244,-0.42683,0.30488,0.30488
1784,8921,1.02539,-0.09277,0.00439,-0.42683,0.18293,0.30488
1785,8925,1.02197,-0.09131,0.00488,-0.42683,0.30488,0.30488
1786,8930,1.02832,-0.09375,0.00635,-0.30488,0.42683,0.18293
1787,8935,1.02393,-0.09033,0.00391,-0.30488,0.24390,0.24390
1788,8940,1.02295,-0.09180,0.00146,-0.42683,0.18293,0.36585
1789,8945,1.02344,-0.09375,0.00049,-0.42683,0.18293,0.18293
1790,8950,1.02344,-0.09131,0.00293,-0.36585,0.24390,0.24390
1791,8955,1.02246,-0.09180,0.00244,-0.36585,0.30488,0.42683
1792,8961,1.02295,-0.09375,0.00537,-0.24390,0.12195,0.42683
1793,8966,1.02490,-0.09326,0.00000,-0.18293,0.06098,0.30488
1794,8970,1.02295,-0.09082,0.00781,-0.36585,0.24390,0.12195
1795,8975,1.02734,-0.09033,0.00391,-0.36585,0.12195,0.30488
1796,8980,1.02588,-0.09619,-0.00195,-0.48780,0.06098,0.36585
1797,8985,1.02490,-0.09229,-0.00439,-0.54878,0.24390,0.36585
1798,8990,1.02441,-0.09033,0.00635,-0.42683,0.18293,0.30488
1799,8995,1.02295,-0.09229,0.00684,-0.42683,0.00000,0.30488
1800,9000,1.02295,-0.09424,0.00293,-0.36585,0.06098,0.48780
1801,9006,1.02344,-0.09424,0.00146,-0.36585,0.12195,0.42683
1802,9010,1.02344,-0.09326,0.00879,-0.30488,0.24390,0.24390
1803,9015,1.02539,-0.09277,0.00342,-0.42683,0.18293,0.30488
1804,9020,1.02441,-0.09375,0.00195,-0.42683,0.12195,0.30488
1805,9025,1.02490,-0.09570,-0.00146,-0.42683,0.18293,0.18293
1806,9030,1.01953,-0.08838,-0.00244,-0.42683,0.24390,0.30488
1807,9035,1.01807,-0.08887,0.00098,-0.30488,0.18293,0.30488
1808,9040,1.02002,-0.09375,-0.00342,-0.36585,0.00000,0.36585
1809,9046,1.02246,-0.09375,-0.00049,-0.30488,0.12195,0.36585
1810,9050,1.02539,-0.09277,0.00391,-0.36585,0.30488,0.12195
1811,9055,1.02588,-0.09375,0.00879,-0.30488,0.24390,0.18293
1812,9060,1.02393,-0.09131,0.00635,-0.30488,0.18293,0.42683
1813,9065,1.02002,-0.09375,0.00488,-0.30488,0.12195,0.30488
1814,9070,1.02051,-0.09180,-0.00244,-0.36585,0.12195,0.24390
1815,9075,1.02686,-0.09082,0.00977,-0.42683,0.24390,0.12195
1816,9080,1.02295,-0.09180,0.00439,-0.36585,0.24390,0.24390
1817,9086,1.02832,-0.09619,0.00098,-0.36585,0.12195,0.24390
1818,9091,1.02393,-0.09082,0.00098,-0.30488,0.18293,0.12195
1819,9095,1.02344,-0.08838,0.00293,-0.30488,0.18293,0.30488
1820,9100,1.02539,-0.09033,0.00537,-0.30488,0.18293,0.30488
1821,9105,1.02490,-0.08984,0.00830,-0.36585,0.12195,0.30488
1822,9110,1.02490,-0.08936,0.00586,-0.36585,0.06098,0.30488
1823,9115,1.02295,-0.09473,0.00488,-0.18293,0.18293,0.30488
1824,9120,1.02686,-0.09131,0.00195,-0.24390,0.12195,0.30488
1825,9125,1.02686,-0.09131,0.00195,-0.24390,0.12195,0.30488
1826,9131,1.02100,-0.09326,0.00732,-0.36585,0.24390,0.24390
1827,9135,1.02148,-0.09521,0.00293,-0.24390,0.12195,0.30488
1828,9140,1.02734,-0.09180,-0.00244,-0.30488,0.12195,0.24390
1829,9145,1.02393,-0.09326,0.00293,-0.30488,0.30488,0.24390
1830,9150,1.02637,-0.09082,0.00928,-0.24390,0.30488,0.18293
1831,9155,1.02637,-0.09082,0.00928,-0.24390,0.30488,0.18293
1832,9160,1.02441,-0.09229,0.00781,-0.18293,0.24390,0.30488
1833,9165,1.02539,-0.09277,0.00195,-0.24390,0.12195,0.30488
1834,9171,1.02393,-0.09131,0.00586,-0.48780,0.24390,0.30488
1835,9175,1.02637,-0.09082,0.00879,-0.30488,0.24390,0.36585
1836,9180,1.02051,-0.09277,0.00098,-0.36585,0.18293,0.36585
1837,9185,1.02393,-0.09229,-0.00391,-0.42683,0.24390,0.30488
1838,9190,1.02393,-0.09229,-0.00391,-0.42683,0.24390,0.30488
1839,9195,1.02686,-0.09375,0.00830,-0.48780,0.24390,0.18293
1840,9200,1.02393,-0.09277,0.00537,-0.30488,0.12195,0.24390
1841,9205,1.02295,-0.08838,0.00488,-0.24390,0.06098,0.30488
1842,9211,1.02344,-0.09180,0.00049,-0.36585,0.30488,0.18293
1843,9216,1.02197,-0.09131,-0.00098,-0.30488,0.18293,0.24390
1844,9220,1.02197,-0.09131,-0.00098,-0.30488,0.18293,0.24390
1845,9225,1.02539,-0.09375,0.00781,-0.36585,0.18293,0.36585
1846,9230,1.02393,-0.09473,0.00635,-0.36585,0.12195,0.30488
1847,9235,1.02734,-0.09229,0.00146,-0.30488,0.18293,0.24390
1848,9240,1.02686,-0.09229,0.00342,-0.42683,0.18293,0.24390
1849,9245,1.02295,-0.09131,-0.00195,-0.36585,0.12195,0.24390
1850,9250,1.02295,-0.09082,0.00293,-0.30488,0.18293,0.30488
1851,9256,1.02441,-0.09082,0.00781,-0.42683,0.24390,0.36585
1852,9260,1.02539,-0.09131,0.00146,-0.36585,0.24390,0.42683
1853,9265,1.02637,-0.09473,0.00293,-0.30488,0.18293,0.24390
1854,9270,1.02539,-0.09180,0.00732,-0.24390,0.24390,0.36585
1855,9275,1.02783,-0.09180,0.00391,-0.24390,0.18293,0.18293
1856,9280,1.02441,-0.09277,0.00146,-0.30488,0.12195,0.24390
1857,9285,1.02393,-0.09326,0.00488,-0.48780,0.24390,0.30488
1858,9290,1.02539,-0.09131,0.00586,-0.30488,0.24390,0.30488
1859,9296,1.02295,-0.09375,0.00586,-0.48780,0.18293,0.30488
1860,9300,1.02148,-0.09521,0.00146,-0.36585,0.12195,0.30488
1861,9305,1.02393,-0.09033,0.00049,-0.30488,0.12195,0.24390
1862,9310,1.02539,-0.09082,0.00537,-0.12195,0.24390,0.18293
1863,9315,1.02246,-0.09082,-0.00195,-0.36585,0.24390,0.18293
1864,9320,1.02539,-0.09229,0.00146,-0.42683,0.18293,0.30488
1865,9325,1.02441,-0.09277,0.00244,-0.36585,0.12195,0.36585
1866,9330,1.02246,-0.09131,0.00195,-0.48780,0.24390,0.24390
1867,9336,1.02197,-0.09229,0.00146,-0.30488,0.24390,0.24390
1868,9341,1.02490,-0.09277,0.00146,-0.30488,0.12195,0.30488
1869,9345,1.02246,-0.09229,0.00000,-0.42683,0.18293,0.30488
1870,9350,1.02148,-0.09375,0.00146,-0.36585,0.06098,0.36585
1871,9355,1.02197,-0.09229,0.00293,-0.36585,0.06098,0.36585
1872,9360,1.02490,-0.09131,0.00488,-0.30488,0.12195,0.30488
1873,9365,1.02734,-0.09277,0.00439,-0.30488,0.24390,0.30488
1874,9370,1.02393,-0.08984,0.00244,-0.42683,0.24390,0.30488
1875,9375,1.02441,-0.08984,0.00244,-0.48780,0.18293,0.24390
1876,9381,1.02490,-0.09326,0.00146,-0.30488,0.12195,0.24390
1877,9385,1.02344,-0.09570,-0.00049,-0.36585,0.18293,0.30488
1878,9390,1.02148,-0.09229,0.00000,-0.30488,0.18293,0.36585
1879,9395,1.02295,-0.09131,0.00195,-0.24390,0.12195,0.36585
1880,9400,1.02637,-0.09424,0.00342,-0.48780,0.12195,0.24390
1881,9405,1.02930,-0.09229,0.00488,-0.48780,0.18293,0.18293
1882,9410,1.02588,-0.09229,0.00635,-0.30488,0.18293,0.18293
1883,9415,1.02686,-0.09229,0.00635,-0.24390,0.18293,0.24390
1884,9421,1.02344,-0.09180,0.00781,-0.30488,0.36585,0.18293
1885,9425,1.02197,-0.08789,0.00635,-0.42683,0.18293,0.30488
1886,9430,1.02344,-0.09277,0.00439,-0.36585,0.12195,0.42683
1887,9435,1.02441,-0.08984,0.00586,-0.24390,0.12195,0.42683
1888,9440,1.02344,-0.09229,-0.00098,-0.12195,0.18293,0.30488
1889,9445,1.02100,-0.09473,0.00244,-0.24390,0.30488,0.30488
1890,9450,1.02246,-0.09326,0.00830,-0.24390,0.24390,0.36585
1891,9455,1.02539,-0.09229,-0.00146,-0.42683,0.18293,0.30488
1892,9461,1.02539,-0.09131,0.00439,-0.54878,0.18293,0.24390
1893,9466,1.02100,-0.09229,0.00635,-0.30488,0.12195,0.12195
1894,9470,1.02441,-0.09082,0.00488,-0.36585,0.18293,0.24390
1895,9475,1.02686,-0.09229,0.00781,-0.36585,0.24390,0.30488
1896,9480,1.02490,-0.09424,0.00439,-0.30488,0.18293,0.24390
1897,9485,1.02832,-0.09082,0.00586,-0.30488,0.24390,0.24390
1898,9490,1.02148,-0.09424,0.00781,-0.36585,0.18293,0.30488
1899,9495,1.02441,-0.09326,-0.00146,-0.30488,0.00000,0.42683
1900,9500,1.02246,-0.09131,-0.00439,-0.24390,0.24390,0.30488
1901,9506,1.02393,-0.09180,0.00195,-0.36585,0.24390,0.24390
1902,9510,1.02100,-0.09229,0.00146,-0.42683,0.24390,0.30488
1903,9515,1.02295,-0.08984,0.00098,-0.30488,0.18293,0.30488
1904,9520,1.02246,-0.09277,-0.00195,-0.30488,0.24390,0.30488
1905,9525,1.02539,-0.09326,0.00537,-0.42683,0.18293,0.18293
1906,9530,1.02832,-0.09131,0.01025,-0.48780,0.12195,0.24390
1907,9535,1.02344,-0.09082,0.00488,-0.42683,0.06098,0.36585
1908,9540,1.01904,-0.09668,0.00244,-0.36585,0.12195,0.36585
1909,9546,1.02441,-0.09033,0.00342,-0.24390,0.12195,0.18293
1910,9550,1.02344,-0.09180,0.00830,-0.24390,0.18293,0.24390
1911,9555,1.02148,-0.09326,0.00684,-0.30488,0.12195,0.30488
1912,9560,1.02295,-0.09180,0.00488,-0.36585,0.24390,0.30488
1913,9565,1.02295,-0.09277,0.00439,-0.24390,0.24390,0.36585
1914,9570,1.02588,-0.09033,0.00195,-0.30488,0.18293,0.24390
1915,9575,1.02393,-0.09131,0.00732,-0.30488,0.06098,0.24390
1916,9580,1.02344,-0.09375,0.00342,-0.36585,0.06098,0.30488
1917,9586,1.02539,-0.09082,0.00049,-0.30488,0.24390,0.36585
1918,9591,1.02588,-0.09277,0.00195,-0.36585,0.24390,0.18293
1919,9595,1.02539,-0.09277,-0.00244,-0.54878,0.18293,0.30488
1920,9600,1.02148,-0.09180,0.00049,-0.30488,0.12195,0.30488
1921,9605,1.02441,-0.09180,0.00293,-0.24390,0.06098,0.18293
1922,9610,1.02539,-0.09375,0.00537,-0.36585,0.18293,0.30488
1923,9615,1.02197,-0.09277,0.00342,-0.42683,0.12195,0.36585
1924,9620,1.02148,-0.09375,0.00098,-0.42683,0.06098,0.30488
1925,9625,1.02490,-0.09033,0.00391,-0.30488,0.24390,0.30488
1926,9631,1.02246,-0.09277,0.00244,-0.30488,0.18293,0.36585
1927,9635,1.02539,-0.09326,0.00098,-0.36585,0.06098,0.36585
1928,9640,1.02490,-0.09180,0.00098,-0.30488,0.12195,0.30488
1929,9645,1.02588,-0.09180,-0.00049,-0.24390,0.36585,0.18293
1930,9650,1.02441,-0.09375,0.00391,-0.12195,0.18293,0.30488
1931,9655,1.02539,-0.09473,0.00293,-0.30488,0.18293,0.24390
1932,9660,1.02441,-0.09326,0.00537,-0.24390,0.24390,0.24390
1933,9665,1.02441,-0.09229,0.00391,-0.36585,0.06098,0.18293
1934,9671,1.02393,-0.09131,0.00342,-0.42683,0.30488,0.18293
1935,9675,1.02100,-0.09033,0.00586,-0.36585,0.24390,0.24390
1936,9680,1.01904,-0.09180,0.00244,-0.24390,0.12195,0.30488
1937,9685,1.01953,-0.09180,0.00488,-0.42683,0.12195,0.30488
1938,9690,1.02344,-0.09131,0.00391,-0.42683,0.12195,0.36585
1939,9695,1.02393,-0.09277,0.00342,-0.36585,0.12195,0.24390
1940,9700,1.02393,-0.09375,0.00342,-0.30488,0.12195,0.30488
1941,9705,1.01953,-0.09326,0.00049,-0.48780,0.12195,0.24390
1942,9711,1.02393,-0.09326,0.00244,-0.42683,0.24390,0.30488
1943,9716,1.02832,-0.09180,0.00537,-0.42683,0.18293,0.30488
1944,9720,1.02344,-0.09180,0.00195,-0.42683,0.12195,0.18293
1945,9725,1.02148,-0.09375,0.00146,-0.30488,0.36585,0.24390
1946,9730,1.02441,-0.08936,0.00244,-0.24390,0.24390,0.24390
1947,9735,1.02344,-0.08984,0.00488,-0.30488,0.12195,0.24390
1948,9740,1.02197,-0.09180,0.00098,-0.18293,0.00000,0.30488
1949,9745,1.02637,-0.09229,0.00293,-0.30488,0.18293,0.24390
1950,9750,1.02344,-0.09131,0.00586,-0.36585,0.18293,0.30488
1951,9756,1.02344,-0.09131,0.00342,-0.30488,0.12195,0.30488
1952,9760,1.02295,-0.09229,0.00537,-0.24390,0.18293,0.36585
1953,9765,1.02393,-0.09180,0.00635,-0.36585,0.18293,0.24390
1954,9770,1.02246,-0.09033,0.00781,-0.36585,0.24390,0.18293
1955,9775,1.02686,-0.09180,0.00684,-0.48780,0.24390,0.24390
1956,9780,1.02441,-0.09082,0.00146,-0.48780,0.18293,0.24390
1957,9785,1.02490,-0.09375,0.00342,-0.42683,0.18293,0.24390
1958,9790,1.02295,-0.08984,0.00293,-0.42683,0.24390,0.18293
1959,9796,1.02539,-0.08984,0.00098,-0.42683,0.12195,0.30488
1960,9800,1.02539,-0.09326,0.00537,-0.30488,0.06098,0.30488
1961,9805,1.02148,-0.09033,0.00439,-0.36585,0.24390,0.30488
1962,9810,1.02441,-0.09375,0.00781,-0.36585,0.24390,0.18293
1963,9815,1.02393,-0.09229,0.00537,-0.30488,0.18293,0.12195
1964,9820,1.02344,-0.09473,0.00195,-0.30488,0.06098,0.18293
1965,9825,1.02344,-0.09473,0.00195,-0.30488,0.06098,0.18293
1966,9830,1.02100,-0.09473,0.00000,-0.30488,0.06098,0.24390
1967,9836,1.02051,-0.09326,0.00049,-0.30488,0.30488,0.30488
1968,9841,1.02393,-0.09131,0.00439,-0.48780,0.12195,0.24390
1969,9845,1.02344,-0.09033,0.00635,-0.30488,0.12195,0.12195
1970,9850,1.02441,-0.09375,0.00098,-0.36585,0.30488,0.18293
1971,9855,1.02441,-0.09180,0.00342,-0.36585,0.30488,0.24390
1972,9860,1.02441,-0.09180,0.00342,-0.36585,0.30488,0.24390
1973,9865,1.02588,-0.09180,0.00732,-0.42683,0.12195,0.24390
1974,9870,1.02686,-0.09424,0.00342,-0.30488,0.06098,0.18293
1975,9875,1.02686,-0.09326,0.00342,-0.30488,0.30488,0.24390
1976,9881,1.02637,-0.09473,0.00586,-0.48780,0.18293,0.24390
1977,9885,1.02490,-0.09619,0.00391,-0.48780,0.18293,0.18293
1978,9890,1.02490,-0.09619,0.00391,-0.48780,0.18293,0.18293
1979,9895,1.02539,-0.09033,0.00732,-0.42683,0.18293,0.18293
1980,9900,1.02783,-0.08984,0.00293,-0.18293,0.24390,0.18293
1981,9905,1.02148,-0.09277,0.00146,-0.36585,0.18293,0.36585
1982,9910,1.02637,-0.09277,0.00342,-0.24390,0.12195,0.24390
1983,9915,1.02393,-0.09473,0.00439,-0.36585,0.24390,0.18293
1984,9921,1.02588,-0.09229,0.00391,-0.30488,0.30488,0.30488
1985,9925,1.02490,-0.09277,0.00293,-0.42683,0.18293,0.36585
1986,9930,1.02100,-0.09521,0.00049,-0.18293,0.00000,0.42683
1987,9935,1.02246,-0.09229,0.00146,-0.42683,0.18293,0.30488
1988,9940,1.02295,-0.08936,0.00537,-0.48780,0.12195,0.24390
1989,9945,1.02637,-0.09033,0.00195,-0.42683,0.12195,0.42683
1990,9950,1.02197,-0.09082,0.00391,-0.36585,0.12195,0.42683
1991,9955,1.02002,-0.09375,0.00439,-0.30488,0.18293,0.24390
1992,9961,1.02344,-0.09131,0.00537,-0.36585,0.18293,0.30488
1993,9966,1.02148,-0.09277,0.00439,-0.42683,0.24390,0.30488
1994,9970,1.02588,-0.09521,0.00439,-0.30488,0.12195,0.30488
1995,9975,1.02490,-0.09424,0.00732,-0.42683,0.06098,0.30488
1996,9980,1.02100,-0.09131,0.01025,-0.30488,0.18293,0.12195
1997,9985,1.02002,-0.08984,0.00342,-0.24390,0.12195,0.30488
1998,9990,1.02100,-0.09570,-0.00049,-0.48780,0.12195,0.30488
1999,9995,1.02393,-0.09131,0.00146,-0.36585,0.18293,0.18293
2000,10000,1.02051,-0.09375,0.00488,-0.42683,0.18293,0.24390
2001,10006,1.02490,-0.09277,0.00439,-0.36585,0.12195,0.18293
2002,10010,1.02393,-0.09277,0.00098,-0.42683,0.12195,0.30488
2003,10015,1.02148,-0.09277,0.00488,-0.36585,0.12195,0.24390
2004,10020,1.02246,-0.09277,0.00244,-0.24390,0.18293,0.30488
2005,10025,1.02197,-0.09521,0.00000,-0.30488,0.12195,0.30488
2006,10030,1.02393,-0.09570,0.00244,-0.24390,0.18293,0.30488
2007,10035,1.02344,-0.09082,0.00342,-0.42683,0.24390,0.30488
2008,10040,1.02783,-0.09229,0.00439,-0.36585,0.24390,0.30488
2009,10046,1.02100,-0.09131,0.00439,-0.30488,0.06098,0.42683
2010,10050,1.02393,-0.09326,-0.00098,-0.24390,0.24390,0.24390
2011,10055,1.02344,-0.09277,-0.00098,-0.30488,0.24390,0.12195
2012,10060,1.02490,-0.09131,0.00391,-0.36585,0.18293,0.18293
