seq,t_ms,ax_g,ay_g,az_g,gx_dps,gy_dps,gz_dps
0,0,0.02148,0.89844,0.02588,-0.36585,0.24390,0.30488
1,5,0.02295,0.89648,0.02637,-0.36585,0.18293,0.30488
2,10,0.02051,0.89844,0.02686,-0.24390,0.18293,0.30488
3,15,0.02344,0.89893,0.02783,-0.36585,0.24390,0.30488
4,20,0.02197,0.89746,0.02686,-0.36585,0.12195,0.36585
5,25,0.02246,0.89600,0.03271,-0.30488,0.12195,0.18293
6,30,0.02441,0.89600,0.02637,-0.36585,0.18293,0.30488
7,35,0.01953,0.89990,0.02637,-0.30488,0.18293,0.24390
8,40,0.02393,0.89941,0.02832,-0.24390,0.18293,0.24390
9,45,0.01904,0.89844,0.02637,-0.30488,0.12195,0.18293
10,50,0.02197,0.89893,0.02539,-0.54878,0.18293,0.30488
11,55,0.02002,0.89209,0.02637,-0.42683,0.24390,0.24390
12,60,0.02051,0.89697,0.02832,-0.42683,0.24390,0.24390
13,65,0.01953,0.90088,0.02637,-0.24390,0.24390,0.24390
14,70,0.02246,0.89844,0.02637,-0.24390,0.18293,0.24390
15,75,0.02246,0.89355,0.02490,-0.36585,0.36585,0.18293
16,80,0.02197,0.89697,0.02734,-0.30488,0.18293,0.36585
17,85,0.02197,0.89795,0.03076,-0.42683,0.18293,0.18293
18,90,0.02539,0.89990,0.03027,-0.24390,0.12195,0.30488
19,95,0.01953,0.90039,0.02832,-0.18293,0.30488,0.24390
20,100,0.02002,0.89990,0.02832,-0.36585,0.18293,0.12195
21,105,0.02100,0.89795,0.02979,-0.60976,0.18293,0.30488
22,110,0.02344,0.89502,0.02588,-0.42683,0.06098,0.24390
23,115,0.02148,0.89795,0.02588,-0.30488,0.06098,0.18293
24,120,0.02246,0.89893,0.02783,-0.30488,0.24390,0.24390
25,125,0.02539,0.89697,0.03027,-0.36585,0.30488,0.24390
26,130,0.02344,0.89746,0.02832,-0.30488,0.24390,0.30488
27,135,0.02100,0.89551,0.02539,-0.48780,0.18293,0.18293
28,140,0.02100,0.89893,0.02490,-0.42683,0.18293,0.24390
29,145,0.01855,0.89746,0.02588,-0.18293,0.18293,0.30488
30,150,0.02100,0.89746,0.02344,-0.24390,0.18293,0.30488
31,155,0.02344,0.89697,0.02979,-0.42683,0.24390,0.30488
32,160,0.02393,0.89746,0.02979,-0.48780,0.12195,0.24390
33,165,0.02393,0.89697,0.02344,-0.36585,0.24390,0.12195
34,170,0.02246,0.89746,0.02637,-0.36585,0.18293,0.24390
35,175,0.02148,0.89795,0.02979,-0.36585,0.18293,0.24390
36,180,0.02246,0.89893,0.02734,-0.36585,0.12195,0.24390
37,185,0.02441,0.89648,0.02100,-0.30488,0.18293,0.30488
38,190,0.02295,0.89404,0.02441,-0.36585,0.18293,0.30488
39,195,0.02490,0.89551,0.02588,-0.30488,0.24390,0.30488
40,200,0.02295,0.89648,0.02393,-0.36585,0.18293,0.36585
41,205,0.02246,0.89844,0.03027,-0.60976,0.12195,0.30488
42,210,0.02441,0.89746,0.03125,-0.54878,0.18293,0.36585
43,215,0.02197,0.89795,0.02979,-0.42683,0.12195,0.18293
44,220,0.02393,0.89697,0.02832,-0.24390,0.12195,0.12195
45,225,0.02393,0.89648,0.02686,-0.36585,0.24390,0.24390
46,230,0.02051,0.89551,0.02393,-0.42683,0.18293,0.30488
47,235,0.02441,0.89795,0.02832,-0.30488,0.12195,0.30488
48,240,0.02246,0.90088,0.02588,-0.24390,0.12195,0.30488
49,245,0.02246,0.89355,0.02588,-0.24390,0.18293,0.24390
50,250,0.01855,0.89648,0.02686,-0.30488,0.18293,0.18293
51,255,0.01904,0.89453,0.02344,-0.30488,0.24390,0.24390
52,260,0.02344,0.89648,0.02539,-0.48780,0.18293,0.24390
53,265,0.01953,0.89844,0.02637,-0.36585,0.12195,0.30488
54,270,0.02148,0.89355,0.02881,-0.36585,0.12195,0.24390
55,275,0.02539,0.89404,0.02539,-0.36585,0.12195,0.24390
56,280,0.01953,0.89893,0.02881,-0.42683,0.12195,0.24390
57,285,0.02344,0.89502,0.02734,-0.36585,0.06098,0.18293
58,290,0.02344,0.89502,0.02832,-0.18293,0.06098,0.12195
59,295,0.02441,0.89893,0.02686,-0.30488,0.12195,0.18293
60,300,0.02246,0.89502,0.02881,-0.42683,0.12195,0.30488
61,305,0.02344,0.89600,0.02539,-0.42683,0.18293,0.30488
62,310,0.02295,0.89697,0.02490,-0.36585,0.18293,0.24390
63,315,0.02393,0.89893,0.02588,-0.30488,0.24390,0.30488
64,320,0.02295,0.89648,0.02734,-0.30488,0.24390,0.36585
65,325,0.02148,0.89600,0.02832,-0.30488,0.12195,0.18293
66,330,0.02246,0.89502,0.02881,-0.24390,0.12195,0.18293
67,335,0.02100,0.89307,0.02734,-0.30488,0.24390,0.24390
68,340,0.02295,0.89307,0.02393,-0.42683,0.24390,0.24390
69,345,0.02490,0.89746,0.02344,-0.48780,0.18293,0.30488
70,350,0.02344,0.90186,0.02686,-0.36585,0.18293,0.30488
71,355,0.02539,0.89600,0.02783,-0.30488,0.24390,0.24390
72,360,0.02295,0.89404,0.02930,-0.48780,0.12195,0.30488
73,365,0.02197,0.89844,0.02686,-0.24390,0.18293,0.18293
74,370,0.02197,0.89844,0.02686,-0.24390,0.18293,0.18293
75,375,0.02393,0.89697,0.03076,-0.24390,0.12195,0.24390
76,380,0.02197,0.89893,0.03027,-0.42683,0.18293,0.24390
77,385,0.01904,0.89502,0.02783,-0.42683,0.30488,0.30488
78,390,0.02051,0.89551,0.02197,-0.36585,0.18293,0.36585
79,395,0.02490,0.89893,0.02881,-0.30488,0.12195,0.24390
80,400,0.02490,0.89893,0.02881,-0.30488,0.12195,0.24390
81,405,0.02393,0.89941,0.03125,-0.30488,0.12195,0.24390
82,410,0.02246,0.89844,0.02539,-0.42683,0.18293,0.18293
83,415,0.02344,0.90088,0.02490,-0.36585,0.12195,0.30488
84,420,0.02197,0.89893,0.02490,-0.36585,0.30488,0.24390
85,425,0.02051,0.89551,0.03027,-0.36585,0.18293,0.30488
86,430,0.02295,0.89502,0.02832,-0.24390,0.12195,0.24390
87,435,0.02295,0.89502,0.02832,-0.24390,0.12195,0.24390
88,440,0.02197,0.89941,0.02881,-0.30488,0.18293,0.18293
89,445,0.02148,0.89746,0.02588,-0.30488,0.18293,0.30488
90,450,0.02295,0.89893,0.02588,-0.24390,0.06098,0.30488
91,455,0.01953,0.89795,0.02734,-0.30488,0.12195,0.42683
92,460,0.02295,0.89893,0.03027,-0.30488,0.18293,0.30488
93,465,0.02295,0.89893,0.03027,-0.30488,0.18293,0.30488
94,470,0.02148,0.90039,0.02490,-0.24390,0.18293,0.30488
95,475,0.01953,0.89795,0.02246,-0.18293,0.18293,0.24390
96,480,0.02344,0.89795,0.02783,-0.36585,0.12195,0.24390
97,485,0.02344,0.89209,0.02295,-0.36585,0.06098,0.18293
98,490,0.02197,0.89600,0.02295,-0.36585,0.24390,0.18293
99,495,0.02148,0.89941,0.02734,-0.42683,0.18293,0.30488
100,500,0.02197,0.89746,0.02832,-0.30488,0.18293,0.30488
101,505,0.02100,0.89844,0.02588,-0.36585,0.06098,0.18293
102,510,0.02344,0.89795,0.02734,-0.30488,0.18293,0.24390
103,515,0.02246,0.89697,0.02783,-0.18293,0.24390,0.30488
104,520,0.01855,0.89893,0.02393,-0.36585,0.18293,0.30488
105,525,0.02344,0.89648,0.02393,-0.36585,0.18293,0.24390
106,530,0.02246,0.89648,0.02979,-0.24390,0.24390,0.24390
107,535,0.02100,0.89551,0.02979,-0.24390,0.18293,0.36585
108,540,0.02246,0.89697,0.03125,-0.24390,0.18293,0.24390
109,545,0.02148,0.89209,0.02930,-0.36585,0.12195,0.30488
110,550,0.02197,0.89600,0.02783,-0.36585,0.24390,0.18293
111,555,0.02100,0.89697,0.02441,-0.24390,0.18293,0.12195
112,560,0.02246,0.89697,0.02051,-0.24390,0.12195,0.36585
113,565,0.02002,0.89502,0.02588,-0.42683,0.30488,0.18293
114,570,0.02246,0.89648,0.02783,-0.42683,0.18293,0.30488
115,575,0.01953,0.90088,0.02344,-0.36585,0.18293,0.30488
116,580,0.02246,0.89893,0.02197,-0.36585,0.18293,0.42683
117,585,0.02002,0.89648,0.02539,-0.24390,0.06098,0.30488
118,590,0.02441,0.89941,0.02832,-0.42683,0.18293,0.24390
119,595,0.02588,0.89941,0.03418,-0.30488,0.24390,0.18293
120,600,0.02295,0.89844,0.03076,-0.30488,0.12195,0.30488
121,605,0.02246,0.89600,0.02539,-0.18293,0.12195,0.24390
122,610,0.02295,0.89941,0.02588,-0.36585,0.18293,0.24390
123,615,0.02539,0.89844,0.02539,-0.42683,0.06098,0.24390
124,620,0.02344,0.89844,0.02881,-0.18293,0.00000,0.12195
125,625,0.02295,0.89355,0.02832,-0.36585,0.24390,0.18293
126,630,0.02051,0.89453,0.02832,-0.30488,0.24390,0.30488
127,635,0.02100,0.89746,0.02441,-0.36585,0.18293,0.30488
128,640,0.02490,0.89648,0.02881,-0.36585,0.18293,0.24390
129,645,0.02246,0.89648,0.02832,-0.30488,0.18293,0.30488
130,650,0.02051,0.89990,0.03076,-0.24390,0.18293,0.24390
131,655,0.02295,0.89941,0.02881,-0.42683,0.12195,0.06098
132,660,0.02441,0.89600,0.02637,-0.48780,0.12195,0.24390
133,665,0.02295,0.89355,0.02441,-0.42683,0.12195,0.30488
134,670,0.02197,0.89648,0.02588,-0.36585,0.18293,0.24390
135,675,0.02148,0.89844,0.02734,-0.48780,0.18293,0.24390
136,680,0.02197,0.89551,0.03125,-0.42683,0.18293,0.18293
137,685,0.02344,0.89795,0.02979,-0.24390,0.06098,0.24390
138,690,0.02197,0.89990,0.02588,-0.24390,0.18293,0.36585
139,695,0.02344,0.89600,0.02881,-0.36585,0.18293,0.24390
140,700,0.02344,0.89795,0.03076,-0.48780,0.18293,0.30488
141,705,0.02441,0.90039,0.03223,-0.42683,0.18293,0.30488
142,710,0.02441,0.89551,0.03223,-0.18293,0.18293,0.30488
143,715,0.02051,0.89502,0.03125,-0.36585,0.24390,0.24390
144,720,0.02344,0.89795,0.02734,-0.36585,0.36585,0.24390
145,725,0.02344,0.89600,0.03369,-0.36585,0.24390,0.24390
146,730,0.02441,0.89600,0.03223,-0.36585,0.24390,0.30488
147,735,0.02393,0.89697,0.02881,-0.36585,0.24390,0.24390
148,740,0.02490,0.89893,0.02734,-0.30488,0.18293,0.18293
149,745,0.02148,0.89893,0.03076,-0.42683,0.18293,0.24390
150,750,0.02295,0.89844,0.02832,-0.24390,0.18293,0.36585
151,755,0.02051,0.89551,0.02686,-0.36585,0.24390,0.24390
152,760,0.02002,0.89844,0.02734,-0.36585,0.24390,0.18293
153,765,0.01953,0.89648,0.02734,-0.42683,0.18293,0.24390
154,770,0.02344,0.89941,0.02832,-0.36585,0.12195,0.24390
155,775,0.02588,0.89697,0.02832,-0.48780,0.12195,0.18293
156,780,0.02246,0.89600,0.02344,-0.42683,0.24390,0.24390
157,785,0.02295,0.89600,0.02832,-0.36585,0.24390,0.18293
158,790,0.02246,0.89453,0.02490,-0.18293,0.24390,0.24390
159,795,0.02441,0.89600,0.02832,-0.30488,0.24390,0.18293
160,800,0.02246,0.90137,0.02344,-0.30488,0.12195,0.30488
161,805,0.02441,0.89746,0.02588,-0.30488,0.12195,0.36585
162,810,0.02393,0.89893,0.02686,-0.36585,0.30488,0.30488
163,815,0.02197,0.89844,0.02588,-0.24390,0.12195,0.24390
164,820,0.02441,0.89648,0.02393,-0.30488,0.18293,0.24390
165,825,0.02441,0.89795,0.02881,-0.42683,0.24390,0.24390
166,830,0.02588,0.89648,0.02832,-0.36585,0.18293,0.24390
167,835,0.02734,0.89941,0.02930,-0.24390,0.24390,0.30488
168,840,0.02051,0.89648,0.02637,-0.36585,0.18293,0.30488
169,845,0.02051,0.89795,0.02832,-0.30488,0.24390,0.18293
170,850,0.02246,0.89844,0.02637,-0.30488,0.18293,0.18293
171,855,0.02441,0.89502,0.01855,-0.36585,0.06098,0.24390
172,860,0.02490,0.89795,0.02783,-0.36585,0.18293,0.30488
173,865,0.02148,0.90039,0.03174,-0.30488,0.06098,0.30488
174,870,0.02197,0.89795,0.02930,-0.30488,0.24390,0.30488
175,875,0.02197,0.89795,0.02930,-0.36585,0.24390,0.30488
176,880,0.02295,0.89795,0.03027,-0.36585,0.24390,0.30488
177,885,0.02148,0.89893,0.02588,-0.30488,0.12195,0.24390
178,890,0.02344,0.89844,0.03174,-0.30488,0.12195,0.24390
179,895,0.02295,0.89795,0.02393,-0.42683,0.18293,0.24390
180,900,0.02393,0.89453,0.02490,-0.42683,0.24390,0.18293
181,905,0.02295,0.89746,0.02783,-0.42683,0.24390,0.18293
182,910,0.02002,0.89355,0.02783,-0.48780,0.18293,0.18293
183,915,0.02441,0.89697,0.02539,-0.30488,0.24390,0.30488
184,920,0.02295,0.89746,0.02441,-0.30488,0.12195,0.24390
185,925,0.02148,0.89941,0.02979,-0.54878,0.18293,0.12195
186,930,0.02490,0.89844,0.02783,-0.60976,0.12195,0.18293
187,935,0.02588,0.89551,0.02588,-0.18293,0.18293,0.30488
188,940,0.02539,0.89600,0.02686,-0.24390,0.30488,0.30488
189,945,0.02393,0.89941,0.02783,-0.54878,0.24390,0.24390
190,950,0.02100,0.89893,0.02441,-0.36585,0.12195,0.30488
191,955,0.02148,0.89844,0.02490,-0.30488,0.12195,0.36585
192,960,0.02490,0.89551,0.02637,-0.42683,0.24390,0.24390
193,965,0.02246,0.89844,0.03076,-0.42683,0.18293,0.24390
194,970,0.02100,0.90088,0.02832,-0.30488,0.18293,0.30488
195,975,0.02588,0.89795,0.02441,-0.30488,0.18293,0.24390
196,980,0.02539,0.89844,0.02979,-0.36585,0.24390,0.24390
197,985,0.01953,0.89844,0.02979,-0.12195,0.30488,0.30488
198,990,0.02197,0.89648,0.02783,-0.30488,0.18293,0.30488
199,995,0.02148,0.89648,0.03223,-0.24390,0.18293,0.18293
200,1000,0.02344,0.89697,0.02832,-0.24390,0.18293,0.12195
201,1005,0.02246,0.89893,0.02686,-0.42683,0.18293,0.36585
202,1010,0.02148,0.89990,0.02734,-0.36585,0.18293,0.24390
203,1015,0.02393,0.89795,0.02588,-0.36585,0.18293,0.18293
204,1020,0.02344,0.89844,0.02637,-0.24390,0.18293,0.30488
205,1025,0.02100,0.89746,0.02539,-0.36585,0.18293,0.24390
206,1030,0.02539,0.89697,0.02930,-0.30488,0.18293,0.30488
207,1035,0.02393,0.89697,0.02930,-0.42683,0.18293,0.24390
208,1040,0.02393,0.89697,0.02930,-0.42683,0.18293,0.24390
209,1045,0.02246,0.89795,0.02734,-0.36585,0.12195,0.30488
210,1050,0.02246,0.89648,0.02832,-0.18293,0.18293,0.24390
211,1055,0.02295,0.90137,0.02783,-0.24390,0.12195,0.30488
212,1060,0.02490,0.89648,0.03320,-0.30488,0.12195,0.36585
213,1065,0.02490,0.89697,0.02637,-0.24390,0.12195,0.18293
214,1070,0.02490,0.89697,0.02637,-0.24390,0.12195,0.18293
215,1075,0.02246,0.89648,0.02783,-0.42683,0.18293,0.30488
216,1080,0.02490,0.89697,0.02686,-0.54878,0.12195,0.30488
217,1085,0.02344,0.89844,0.02881,-0.36585,0.24390,0.24390
218,1090,0.02148,0.89648,0.02930,-0.18293,0.24390,0.24390
219,1095,0.02246,0.89697,0.02393,-0.42683,0.24390,0.30488
220,1100,0.02344,0.89697,0.02539,-0.42683,0.18293,0.30488
221,1105,0.02344,0.89697,0.02539,-0.42683,0.18293,0.30488
222,1110,0.02148,0.89404,0.02344,-0.48780,0.24390,0.30488
223,1115,0.02295,0.89795,0.02832,-0.42683,0.18293,0.30488
224,1120,0.02295,0.89453,0.02783,-0.30488,0.18293,0.18293
225,1125,0.02295,0.89551,0.02637,-0.36585,0.12195,0.24390
226,1130,0.02051,0.89844,0.02783,-0.18293,0.12195,0.24390
227,1135,0.02051,0.89844,0.02783,-0.18293,0.12195,0.24390
228,1140,0.02246,0.89941,0.02783,-0.42683,0.12195,0.24390
229,1145,0.02295,0.89404,0.02783,-0.42683,0.12195,0.12195
230,1150,0.02637,0.89746,0.02393,-0.24390,0.12195,0.24390
231,1155,0.02344,0.89600,0.02734,-0.24390,0.12195,0.36585
232,1160,0.02197,0.89551,0.03125,-0.54878,0.12195,0.36585
233,1165,0.02539,0.89844,0.02930,-0.42683,0.12195,0.18293
234,1170,0.02393,0.89697,0.02637,-0.42683,0.12195,0.18293
235,1175,0.02295,0.89453,0.02441,-0.42683,0.12195,0.30488
236,1180,0.02051,0.89844,0.03174,-0.42683,0.18293,0.30488
237,1185,0.02295,0.89990,0.03125,-0.30488,0.06098,0.12195
238,1190,0.02344,0.89648,0.02734,-0.30488,0.12195,0.24390
239,1195,0.02344,0.89746,0.03027,-0.42683,0.24390,0.30488
240,1200,0.02295,0.89893,0.02686,-0.36585,0.24390,0.24390
241,1205,0.02393,0.89941,0.02979,-0.30488,0.12195,0.18293
242,1210,0.02393,0.89990,0.02832,-0.24390,0.18293,0.12195
243,1215,0.02197,0.89990,0.02734,-0.30488,0.18293,0.24390
244,1220,0.02051,0.89844,0.02734,-0.18293,0.12195,0.24390
245,1225,0.02490,0.89697,0.02930,-0.36585,0.24390,0.18293
246,1230,0.02344,0.89648,0.02246,-0.30488,0.24390,0.18293
247,1235,0.02246,0.89893,0.02930,-0.36585,0.12195,0.24390
248,1240,0.02197,0.89697,0.03125,-0.24390,0.18293,0.36585
249,1245,0.02148,0.89258,0.02344,-0.30488,0.18293,0.36585
250,1250,0.02002,0.89551,0.02588,-0.30488,0.18293,0.36585
251,1255,0.02197,0.89746,0.02393,-0.36585,0.24390,0.24390
252,1260,0.02148,0.89697,0.02783,-0.36585,0.12195,0.30488
253,1265,0.02490,0.89502,0.02686,-0.42683,0.18293,0.30488
254,1270,0.02734,0.89600,0.02490,-0.36585,0.18293,0.42683
255,1275,0.02246,0.89990,0.02686,-0.30488,0.24390,0.24390
256,1280,0.02441,0.89453,0.02686,-0.30488,0.18293,0.24390
257,1285,0.02441,0.89795,0.02734,-0.36585,0.12195,0.18293
258,1290,0.02393,0.89795,0.02344,-0.42683,0.12195,0.30488
259,1295,0.02100,0.89648,0.02783,-0.42683,0.30488,0.12195
260,1300,0.02197,0.89697,0.02686,-0.24390,0.18293,0.18293
261,1305,0.02295,0.89844,0.02930,-0.36585,0.30488,0.24390
262,1310,0.02148,0.89941,0.02832,-0.48780,0.18293,0.36585
263,1315,0.02490,0.89746,0.02783,-0.24390,0.24390,0.24390
264,1320,0.02295,0.89746,0.02930,-0.30488,0.30488,0.30488
265,1325,0.02246,0.89600,0.02832,-0.36585,0.24390,0.30488
266,1330,0.01855,0.89746,0.02734,-0.24390,0.24390,0.24390
267,1335,0.02246,0.89941,0.02441,-0.36585,0.24390,0.24390
268,1340,0.01904,0.89990,0.02441,-0.48780,0.24390,0.24390
269,1345,0.02148,0.89697,0.02637,-0.36585,0.18293,0.18293
270,1350,0.02490,0.89697,0.02588,-0.42683,0.18293,0.36585
271,1355,0.02100,0.89941,0.02637,-0.42683,0.12195,0.24390
272,1360,0.01953,0.89795,0.02783,-0.36585,0.18293,0.30488
273,1365,0.02148,0.89648,0.02588,-0.36585,0.18293,0.24390
274,1370,0.02148,0.89746,0.02930,-0.30488,0.12195,0.24390
275,1375,0.01807,0.89795,0.02930,-0.30488,0.18293,0.24390
276,1380,0.02344,0.89258,0.02783,-0.42683,0.24390,0.36585
277,1385,0.02295,0.89453,0.02979,-0.42683,0.18293,0.24390
278,1390,0.02246,0.89600,0.02832,-0.36585,0.24390,0.18293
279,1395,0.02539,0.89648,0.02930,-0.42683,0.12195,0.24390
280,1400,0.02637,0.89697,0.02783,-0.36585,0.12195,0.24390
281,1405,0.02100,0.89893,0.02539,-0.36585,0.24390,0.30488
282,1410,0.02539,0.89941,0.02734,-0.18293,0.18293,0.30488
283,1415,0.02441,0.89746,0.02832,-0.30488,0.12195,0.18293
284,1420,0.02344,0.89697,0.02539,-0.36585,0.24390,0.30488
285,1425,0.02246,0.89453,0.03125,-0.30488,0.18293,0.24390
286,1430,0.02246,0.89795,0.02979,-0.30488,0.24390,0.18293
287,1435,0.02393,0.89697,0.02344,-0.36585,0.12195,0.24390
288,1440,0.02344,0.89746,0.02637,-0.24390,0.18293,0.24390
289,1445,0.02295,0.89404,0.03223,-0.30488,0.18293,0.12195
290,1450,0.02246,0.89551,0.02002,-0.36585,0.24390,0.30488
291,1455,0.02344,0.89648,0.02393,-0.30488,0.24390,0.30488
292,1460,0.02295,0.89697,0.03125,-0.36585,0.18293,0.24390
293,1465,0.02441,0.89795,0.02637,-0.24390,0.06098,0.30488
294,1470,0.02246,0.89893,0.02393,-0.24390,0.18293,0.24390
295,1475,0.02148,0.89844,0.02832,-0.24390,0.24390,0.30488
296,1480,0.01953,0.89307,0.02637,-0.30488,0.24390,0.36585
297,1485,0.02295,0.89404,0.02441,-0.42683,0.24390,0.36585
298,1490,0.02441,0.89844,0.03125,-0.30488,0.06098,0.36585
299,1495,0.02051,0.89893,0.03223,-0.42683,0.18293,0.24390
300,1500,0.02344,0.89844,0.03027,-0.48780,0.18293,0.18293
301,1505,0.01953,0.90039,0.02490,-0.36585,0.18293,0.36585
302,1510,0.02441,0.89990,0.02393,-0.18293,0.30488,0.42683
303,1515,0.02246,0.89941,0.02734,-0.30488,0.18293,0.24390
304,1520,0.02002,0.89795,0.02588,-0.42683,0.12195,0.24390
305,1525,0.02246,0.89746,0.02295,-0.36585,0.18293,0.24390
306,1530,0.02295,0.89600,0.02686,-0.12195,0.18293,0.18293
307,1535,0.02246,0.89502,0.02832,-0.24390,0.24390,0.30488
308,1540,0.02344,0.89697,0.02588,-0.36585,0.24390,0.36585
309,1545,0.02539,0.89697,0.03271,-0.36585,0.24390,0.30488
310,1550,0.02100,0.89697,0.02734,-0.48780,0.18293,0.30488
311,1555,0.02197,0.89746,0.02686,-0.48780,0.24390,0.24390
312,1560,0.02197,0.89941,0.02637,-0.36585,0.18293,0.24390
313,1565,0.02051,0.89600,0.02881,-0.42683,0.18293,0.18293
314,1570,0.02246,0.89600,0.02686,-0.42683,0.06098,0.24390
315,1575,0.02051,0.89648,0.02588,-0.36585,0.18293,0.30488
316,1580,0.02490,0.89600,0.02881,-0.36585,0.24390,0.30488
317,1585,0.02295,0.89697,0.02295,-0.42683,0.24390,0.12195
318,1590,0.02393,0.89600,0.02637,-0.30488,0.18293,0.24390
319,1595,0.02295,0.89795,0.02930,-0.30488,0.18293,0.24390
320,1600,0.01904,0.89697,0.02441,-0.30488,0.06098,0.12195
321,1605,0.02490,0.89648,0.02588,-0.30488,0.18293,0.30488
322,1610,0.02002,0.89453,0.02490,-0.36585,0.12195,0.24390
323,1615,0.02197,0.89600,0.02637,-0.30488,0.06098,0.24390
324,1620,0.02148,0.89746,0.02490,-0.12195,0.18293,0.30488
325,1625,0.02197,0.89502,0.02295,-0.36585,0.18293,0.30488
326,1630,0.02393,0.89746,0.02344,-0.36585,0.24390,0.24390
327,1635,0.02441,0.89648,0.02881,-0.36585,0.18293,0.30488
328,1640,0.02197,0.89502,0.03027,-0.42683,0.24390,0.18293
329,1645,0.02344,0.89355,0.02783,-0.30488,0.18293,0.24390
330,1650,0.02100,0.89600,0.02588,-0.30488,0.18293,0.30488
331,1655,0.02100,0.89746,0.02246,-0.42683,0.24390,0.18293
332,1660,0.01953,0.89746,0.02539,-0.42683,0.18293,0.24390
333,1665,0.02148,0.89844,0.02588,-0.30488,0.12195,0.36585
334,1670,0.02344,0.89648,0.02832,-0.30488,0.24390,0.18293
335,1675,0.02197,0.89893,0.02686,-0.36585,0.30488,0.24390
336,1680,0.02344,0.89648,0.02686,-0.36585,0.24390,0.30488
337,1685,0.02588,0.89648,0.02539,-0.18293,0.24390,0.24390
338,1690,0.02295,0.89990,0.02686,-0.30488,0.24390,0.24390
339,1695,0.02051,0.89600,0.02734,-0.24390,0.24390,0.30488
340,1700,0.02393,0.89844,0.02637,-0.30488,0.18293,0.24390
341,1705,0.02539,0.89893,0.02734,-0.42683,0.18293,0.36585
342,1710,0.02344,0.89648,0.02539,-0.42683,0.30488,0.24390
343,1715,0.02344,0.89697,0.02588,-0.42683,0.24390,0.24390
344,1720,0.02148,0.89648,0.02832,-0.36585,0.30488,0.36585
345,1725,0.02002,0.89551,0.02295,-0.36585,0.12195,0.24390
346,1730,0.02197,0.90039,0.02734,-0.36585,0.12195,0.24390
347,1735,0.02490,0.89990,0.02539,-0.24390,0.18293,0.24390
348,1740,0.02490,0.89990,0.02539,-0.24390,0.18293,0.24390
349,1745,0.02295,0.89648,0.02979,-0.30488,0.18293,0.24390
350,1750,0.02441,0.90088,0.03076,-0.36585,0.24390,0.24390
351,1755,0.02490,0.89941,0.02881,-0.30488,0.06098,0.24390
352,1760,0.02393,0.89551,0.02100,-0.36585,0.18293,0.36585
353,1765,0.02246,0.89502,0.02441,-0.36585,0.24390,0.30488
354,1770,0.02100,0.89404,0.02734,-0.36585,0.12195,0.30488
355,1775,0.02100,0.89404,0.02734,-0.36585,0.12195,0.30488
356,1780,0.02197,0.89746,0.02979,-0.54878,0.12195,0.30488
357,1785,0.02393,0.89551,0.02393,-0.18293,0.12195,0.30488
358,1790,0.02393,0.89795,0.02490,-0.18293,0.12195,0.30488
359,1795,0.02295,0.89844,0.02832,-0.24390,0.12195,0.24390
360,1800,0.02295,0.89893,0.02197,-0.36585,0.18293,0.18293
361,1805,0.02295,0.89893,0.02197,-0.36585,0.18293,0.18293
362,1810,0.01904,0.89893,0.02588,-0.36585,0.18293,0.18293
363,1815,0.02197,0.89844,0.02686,-0.42683,0.06098,0.24390
364,1820,0.02148,0.89453,0.03076,-0.36585,0.06098,0.30488
365,1825,0.02490,0.89746,0.02637,-0.36585,0.18293,0.30488
366,1830,0.02148,0.89941,0.02344,-0.36585,0.18293,0.30488
367,1835,0.02148,0.89844,0.02881,-0.12195,0.12195,0.36585
368,1840,0.02344,0.89795,0.02930,-0.42683,0.18293,0.18293
369,1845,0.02441,0.89990,0.02246,-0.36585,0.12195,0.24390
370,1850,0.02344,0.89551,0.02490,-0.36585,0.18293,0.24390
371,1855,0.02051,0.89404,0.02637,-0.42683,0.18293,0.18293
372,1860,0.02002,0.89648,0.02734,-0.36585,0.12195,0.12195
373,1865,0.02344,0.89795,0.02441,-0.42683,0.18293,0.24390
374,1870,0.02441,0.89648,0.02979,-0.36585,0.24390,0.30488
375,1875,0.02539,0.89844,0.02930,-0.42683,0.30488,0.36585
376,1880,0.02441,0.89941,0.03027,-0.48780,0.30488,0.24390
377,1885,0.02344,0.89600,0.03027,-0.42683,0.18293,0.30488
378,1890,0.02148,0.89648,0.02734,-0.36585,0.18293,0.24390
379,1895,0.01758,0.89844,0.02588,-0.42683,0.24390,0.18293
380,1900,0.02100,0.89551,0.02637,-0.30488,0.24390,0.18293
381,1905,0.02100,0.89795,0.02344,-0.42683,0.24390,0.12195
382,1910,0.02148,0.89697,0.02295,-0.48780,0.24390,0.30488
383,1915,0.02588,0.89844,0.02441,-0.36585,0.06098,0.30488
384,1920,0.02148,0.89502,0.02539,-0.24390,0.18293,0.30488
385,1925,0.02148,0.89600,0.02832,-0.18293,0.12195,0.24390
386,1930,0.02637,0.89844,0.02686,-0.36585,0.12195,0.36585
387,1935,0.02197,0.89697,0.02783,-0.30488,0.12195,0.30488
388,1940,0.02539,0.89502,0.02588,-0.30488,0.12195,0.24390
389,1945,0.02393,0.89746,0.02881,-0.18293,0.12195,0.30488
390,1950,0.02246,0.89746,0.02539,-0.18293,0.24390,0.24390
391,1955,0.02100,0.89746,0.02539,-0.36585,0.12195,0.24390
392,1960,0.02148,0.89795,0.02490,-0.42683,0.18293,0.30488
393,1965,0.02100,0.89893,0.02588,-0.30488,0.24390,0.24390
394,1970,0.02441,0.89941,0.02490,-0.36585,0.24390,0.42683
395,1975,0.02637,0.89697,0.03223,-0.24390,0.30488,0.30488
396,1980,0.02344,0.89795,0.03027,-0.30488,0.06098,0.24390
397,1985,0.02393,0.89697,0.02734,-0.42683,0.12195,0.24390
398,1990,0.02197,0.89648,0.02637,-0.30488,0.24390,0.30488
399,1995,0.02197,0.89893,0.03027,-0.30488,0.24390,0.24390
400,2000,0.02393,0.89844,0.03125,-0.48780,0.12195,0.24390
401,2005,0.02539,0.89844,0.02930,-0.48780,0.24390,0.30488
402,2010,0.02686,0.89795,0.02490,-0.30488,0.24390,0.24390
403,2015,0.02295,0.89697,0.02832,-0.30488,0.18293,0.24390
404,2020,0.02295,0.89648,0.02930,-0.36585,0.18293,0.30488
405,2025,0.02246,0.89600,0.03076,-0.18293,0.18293,0.18293
406,2030,0.02246,0.89697,0.02588,-0.24390,0.24390,0.24390
407,2035,0.02197,0.89648,0.02686,-0.36585,0.18293,0.18293
408,2040,0.02148,0.89746,0.02588,-0.42683,0.24390,0.30488
409,2045,0.02197,0.89453,0.02539,-0.36585,0.18293,0.24390
410,2050,0.02393,0.89648,0.02637,-0.30488,0.24390,0.24390
411,2055,0.02051,0.89697,0.02295,-0.30488,0.18293,0.30488
412,2060,0.01807,0.89600,0.02539,-0.24390,0.18293,0.36585
413,2065,0.02637,0.89551,0.02783,-0.42683,0.18293,0.30488
414,2070,0.02539,0.90088,0.02734,-0.48780,0.30488,0.24390
415,2075,0.02148,0.89746,0.02686,-0.48780,0.24390,0.18293
416,2080,0.02393,0.89355,0.02783,-0.42683,0.18293,0.24390
417,2085,0.02344,0.89697,0.02686,-0.30488,0.24390,0.24390
418,2090,0.02246,0.89795,0.02832,-0.30488,0.30488,0.30488
419,2095,0.02051,0.89795,0.02393,-0.24390,0.30488,0.24390
420,2100,0.02148,0.89648,0.02490,-0.42683,0.30488,0.30488
421,2105,0.02002,0.89746,0.02686,-0.42683,0.24390,0.24390
422,2110,0.02539,0.89844,0.02832,-0.30488,0.12195,0.30488
423,2115,0.02393,0.90039,0.02881,-0.42683,0.12195,0.24390
424,2120,0.02441,0.89893,0.02930,-0.30488,0.18293,0.36585
425,2125,0.02148,0.89307,0.02344,-0.30488,0.18293,0.30488
426,2130,0.02295,0.89551,0.02539,-0.24390,0.12195,0.30488
427,2135,0.02539,0.89502,0.02686,-0.18293,0.30488,0.36585
428,2140,0.02588,0.89502,0.02539,-0.30488,0.30488,0.18293
429,2145,0.02148,0.89844,0.02686,-0.48780,0.18293,0.18293
430,2150,0.02344,0.89551,0.02490,-0.42683,0.24390,0.18293
431,2155,0.02344,0.89600,0.02783,-0.36585,0.24390,0.18293
432,2160,0.02295,0.89941,0.02734,-0.42683,0.12195,0.24390
433,2165,0.02197,0.89600,0.02441,-0.48780,0.06098,0.30488
434,2170,0.02393,0.89844,0.02637,-0.24390,0.12195,0.36585
435,2175,0.02393,0.89795,0.02832,-0.36585,0.18293,0.30488
436,2180,0.02197,0.89648,0.02832,-0.36585,0.18293,0.24390
437,2185,0.02051,0.89697,0.02393,-0.24390,0.18293,0.18293
438,2190,0.02051,0.89600,0.02490,-0.30488,0.12195,0.24390
439,2195,0.02197,0.89648,0.02197,-0.24390,0.18293,0.18293
440,2200,0.02148,0.89893,0.02393,-0.36585,0.18293,0.18293
441,2205,0.02441,0.89697,0.02686,-0.48780,0.18293,0.18293
442,2210,0.02490,0.89844,0.02686,-0.24390,0.12195,0.18293
443,2215,0.02490,0.89893,0.02979,-0.30488,0.24390,0.18293
444,2220,0.02393,0.89697,0.03223,-0.36585,0.24390,0.12195
445,2225,0.02295,0.89209,0.02783,-0.30488,0.18293,0.30488
446,2230,0.02246,0.89844,0.02979,-0.12195,0.24390,0.30488
447,2235,0.02100,0.89697,0.02295,-0.30488,0.36585,0.30488
448,2240,0.02295,0.89844,0.02441,-0.36585,0.12195,0.36585
449,2245,0.02539,0.90088,0.02783,-0.36585,0.06098,0.30488
450,2250,0.02197,0.89844,0.02686,-0.30488,0.18293,0.30488
451,2255,0.02539,0.89893,0.02881,-0.30488,0.06098,0.24390
452,2260,0.02686,0.89795,0.02881,-0.36585,0.12195,0.24390
453,2265,0.02393,0.89697,0.02832,-0.36585,0.12195,0.30488
454,2270,0.02148,0.89697,0.03223,-0.42683,0.24390,0.30488
455,2275,0.02148,0.89941,0.02686,-0.48780,0.12195,0.30488
456,2280,0.01953,0.89551,0.02441,-0.30488,0.12195,0.30488
457,2285,0.02197,0.89697,0.02832,-0.42683,0.18293,0.36585
458,2290,0.02295,0.89941,0.02539,-0.42683,0.30488,0.24390
459,2295,0.02295,0.89990,0.02637,-0.36585,0.18293,0.30488
460,2300,0.02344,0.89795,0.02686,-0.24390,0.12195,0.36585
461,2305,0.02539,0.89893,0.02588,-0.30488,0.18293,0.30488
462,2310,0.02148,0.89746,0.02637,-0.48780,0.24390,0.36585
463,2315,0.02148,0.89307,0.02588,-0.30488,0.18293,0.30488
464,2320,0.02295,0.89941,0.02783,-0.30488,0.18293,0.30488
465,2325,0.02393,0.89648,0.02686,-0.36585,0.06098,0.36585
466,2330,0.02246,0.89697,0.02734,-0.30488,0.12195,0.24390
467,2335,0.02197,0.89795,0.02539,-0.36585,0.12195,0.24390
468,2340,0.02393,0.89844,0.02734,-0.30488,0.12195,0.18293
469,2345,0.02344,0.89551,0.02637,-0.36585,0.12195,0.30488
470,2350,0.02344,0.89844,0.02979,-0.42683,0.18293,0.24390
471,2355,0.02295,0.89893,0.02393,-0.42683,0.18293,0.24390
472,2360,0.02490,0.89795,0.02783,-0.48780,0.18293,0.36585
473,2365,0.02344,0.89697,0.02734,-0.24390,0.30488,0.30488
474,2370,0.02100,0.89551,0.02783,-0.24390,0.24390,0.24390
475,2375,0.02197,0.89844,0.02588,-0.54878,0.18293,0.36585
476,2380,0.02002,0.89893,0.02441,-0.42683,0.12195,0.36585
477,2385,0.02197,0.89697,0.02539,-0.30488,0.18293,0.24390
478,2390,0.02441,0.89600,0.02734,-0.42683,0.24390,0.24390
479,2395,0.02344,0.89453,0.02930,-0.48780,0.24390,0.30488
480,2400,0.02441,0.89697,0.02881,-0.36585,0.24390,0.36585
481,2405,0.02393,0.89941,0.03174,-0.30488,0.18293,0.18293
482,2410,0.02393,0.89941,0.03174,-0.30488,0.18293,0.18293
483,2415,0.02246,0.89795,0.02637,-0.36585,0.30488,0.30488
484,2420,0.02344,0.89648,0.02637,-0.36585,0.12195,0.30488
485,2425,0.02344,0.89941,0.02930,-0.42683,0.06098,0.36585
486,2430,0.02197,0.89697,0.02588,-0.18293,0.12195,0.30488
487,2435,0.02344,0.89746,0.02393,-0.24390,0.24390,0.18293
488,2440,0.02539,0.89746,0.02588,-0.42683,0.18293,0.06098
489,2445,0.02539,0.89746,0.02588,-0.42683,0.18293,0.06098
490,2450,0.02393,0.90186,0.03027,-0.24390,0.18293,0.18293
491,2455,0.02295,0.89795,0.02637,-0.18293,0.24390,0.24390
492,2460,0.02051,0.89746,0.03174,-0.36585,0.18293,0.30488
493,2465,0.02197,0.89551,0.02539,-0.24390,0.12195,0.18293
494,2470,0.02393,0.89600,0.02637,-0.30488,0.12195,0.30488
495,2475,0.02393,0.89600,0.02637,-0.30488,0.12195,0.30488
496,2480,0.02002,0.89551,0.02490,-0.48780,0.18293,0.18293
497,2485,0.02197,0.89551,0.02197,-0.42683,0.30488,0.18293
498,2490,0.02295,0.89795,0.02979,-0.30488,0.18293,0.30488
499,2495,0.02344,0.89648,0.02881,-0.48780,0.12195,0.24390
500,2500,0.02344,0.89746,0.02637,-0.30488,0.24390,0.30488
501,2505,0.02051,0.89844,0.02734,-0.48780,0.18293,0.36585
502,2510,0.02295,0.90137,0.03223,-0.24390,0.18293,0.24390
503,2515,0.02344,0.90039,0.02930,-0.36585,0.18293,0.24390
504,2520,0.02393,0.89600,0.01953,-0.48780,0.18293,0.18293
505,2525,0.02197,0.89600,0.02246,-0.42683,0.18293,0.30488
506,2530,0.02441,0.89990,0.02588,-0.30488,0.24390,0.30488
507,2535,0.02197,0.89795,0.02930,-0.24390,0.06098,0.24390
508,2540,0.02246,0.89795,0.02881,-0.48780,0.12195,0.30488
509,2545,0.02246,0.89746,0.02588,-0.36585,0.12195,0.36585
510,2550,0.02197,0.89600,0.02930,-0.36585,0.18293,0.30488
511,2555,0.02100,0.89697,0.02832,-0.54878,0.12195,0.30488
512,2560,0.02539,0.89893,0.02490,-0.48780,0.12195,0.24390
513,2565,0.02246,0.89893,0.02588,-0.42683,0.24390,0.18293
514,2570,0.02100,0.89404,0.02295,-0.48780,0.12195,0.24390
515,2575,0.02344,0.89453,0.02881,-0.30488,0.24390,0.36585
516,2580,0.02002,0.89648,0.02881,-0.30488,0.24390,0.36585
517,2585,0.02441,0.89746,0.02930,-0.42683,0.18293,0.42683
518,2590,0.02344,0.89941,0.02393,-0.48780,0.00000,0.36585
519,2595,0.02197,0.89941,0.02686,-0.54878,0.06098,0.30488
520,2600,0.02295,0.89648,0.02881,-0.36585,0.24390,0.30488
521,2605,0.02100,0.89502,0.02686,-0.30488,0.18293,0.24390
522,2610,0.02344,0.89502,0.02686,-0.30488,0.00000,0.30488
523,2615,0.02197,0.89355,0.02637,-0.36585,0.18293,0.30488
524,2620,0.02393,0.89697,0.02588,-0.42683,0.18293,0.30488
525,2625,0.02588,0.89600,0.02490,-0.24390,0.12195,0.36585
526,2630,0.02441,0.89844,0.02783,-0.42683,0.24390,0.36585
527,2635,0.02295,0.89697,0.02979,-0.36585,0.18293,0.24390
528,2640,0.02441,0.89746,0.02881,-0.36585,0.12195,0.24390
529,2645,0.02344,0.89551,0.02588,-0.30488,0.12195,0.24390
530,2650,0.02490,0.89453,0.03076,-0.42683,0.24390,0.24390
531,2655,0.02441,0.89600,0.03076,-0.60976,0.24390,0.24390
532,2660,0.02295,0.89746,0.02588,-0.48780,0.24390,0.24390
533,2665,0.02148,0.89746,0.02783,-0.36585,0.24390,0.24390
534,2670,0.02295,0.89746,0.02539,-0.30488,0.18293,0.24390
535,2675,0.02197,0.89551,0.02588,-0.36585,0.18293,0.24390
536,2680,0.02344,0.89355,0.03076,-0.42683,0.12195,0.42683
537,2685,0.02051,0.89551,0.02930,-0.42683,0.18293,0.24390
538,2690,0.02148,0.89795,0.02930,-0.36585,0.24390,0.30488
539,2695,0.02490,0.89258,0.02490,-0.48780,0.12195,0.24390
540,2700,0.02051,0.89551,0.02734,-0.42683,0.06098,0.24390
541,2705,0.02100,0.89893,0.02930,-0.42683,0.18293,0.24390
542,2710,0.02295,0.89648,0.02783,-0.48780,0.24390,0.24390
543,2715,0.02051,0.89453,0.02979,-0.30488,0.12195,0.36585
544,2720,0.02002,0.89697,0.02686,-0.24390,0.24390,0.24390
545,2725,0.02344,0.89502,0.02539,-0.36585,0.18293,0.18293
546,2730,0.02539,0.90039,0.02734,-0.24390,0.06098,0.36585
547,2735,0.02441,0.89844,0.02783,-0.30488,0.18293,0.18293
548,2740,0.02100,0.89941,0.02930,-0.42683,0.12195,0.30488
549,2745,0.02637,0.90039,0.02881,-0.48780,0.06098,0.24390
550,2750,0.02344,0.89844,0.02979,-0.48780,0.12195,0.24390
551,2755,0.02148,0.89697,0.02490,-0.48780,0.12195,0.24390
552,2760,0.02100,0.89648,0.02295,-0.24390,0.24390,0.24390
553,2765,0.02002,0.89648,0.02588,-0.30488,0.12195,0.18293
554,2770,0.02246,0.89600,0.02734,-0.36585,0.06098,0.24390
555,2775,0.02148,0.89844,0.03125,-0.30488,0.12195,0.12195
556,2780,0.02148,0.89600,0.02930,-0.24390,0.24390,0.18293
557,2785,0.02393,0.89600,0.02783,-0.30488,0.30488,0.30488
558,2790,0.02246,0.89600,0.02930,-0.30488,0.24390,0.36585
559,2795,0.02393,0.89941,0.02734,-0.42683,0.12195,0.24390
560,2800,0.02393,0.89502,0.02979,-0.48780,0.24390,0.30488
561,2805,0.02393,0.89795,0.02979,-0.30488,0.18293,0.30488
562,2810,0.02441,0.89990,0.02686,-0.24390,0.12195,0.30488
563,2815,0.02051,0.89648,0.02783,-0.36585,0.06098,0.24390
564,2820,0.02441,0.89600,0.02930,-0.42683,0.06098,0.24390
565,2825,0.02637,0.89648,0.02686,-0.30488,0.06098,0.24390
566,2830,0.02197,0.89648,0.02539,-0.24390,0.24390,0.24390
567,2835,0.02344,0.89746,0.03125,-0.36585,0.24390,0.18293
568,2840,0.02246,0.89600,0.02930,-0.24390,0.18293,0.30488
569,2845,0.02295,0.89648,0.02979,-0.36585,0.24390,0.30488
570,2850,0.02490,0.89404,0.02783,-0.24390,0.12195,0.24390
571,2855,0.02100,0.89844,0.02393,-0.24390,0.12195,0.30488
572,2860,0.02100,0.89746,0.02686,-0.42683,0.18293,0.24390
573,2865,0.02197,0.89697,0.02441,-0.42683,0.12195,0.18293
574,2870,0.02539,0.89697,0.02295,-0.30488,0.24390,0.18293
575,2875,0.02246,0.89844,0.02637,-0.24390,0.24390,0.24390
576,2880,0.02246,0.89746,0.02246,-0.42683,0.18293,0.24390
577,2885,0.02197,0.89502,0.02490,-0.36585,0.24390,0.24390
578,2890,0.02490,0.89551,0.02930,-0.36585,0.24390,0.24390
579,2895,0.02344,0.89697,0.02979,-0.42683,0.18293,0.30488
580,2900,0.02148,0.89795,0.02686,-0.48780,0.06098,0.36585
581,2905,0.02100,0.89697,0.02686,-0.36585,0.18293,0.24390
582,2910,0.02539,0.89844,0.02588,-0.24390,0.18293,0.18293
583,2915,0.02197,0.89746,0.02881,-0.24390,0.06098,0.30488
584,2920,0.02295,0.89502,0.03125,-0.42683,0.12195,0.36585
585,2925,0.02100,0.89893,0.02783,-0.48780,0.30488,0.30488
586,2930,0.02295,0.89404,0.02539,-0.48780,0.06098,0.30488
587,2935,0.02832,0.89697,0.02734,-0.42683,0.18293,0.42683
588,2940,0.02490,0.89844,0.02344,-0.48780,0.30488,0.18293
589,2945,0.02197,0.89307,0.02344,-0.36585,0.24390,0.42683
590,2950,0.02051,0.89453,0.02734,-0.24390,0.24390,0.30488
591,2955,0.02246,0.89746,0.02051,-0.18293,0.12195,0.30488
592,2960,0.02197,0.89600,0.02832,-0.36585,0.12195,0.24390
593,2965,0.02148,0.89648,0.02783,-0.48780,0.24390,0.12195
594,2970,0.02441,0.89844,0.02539,-0.36585,0.18293,0.30488
595,2975,0.02588,0.89600,0.02832,-0.36585,0.24390,0.30488
596,2980,0.02197,0.89600,0.02246,-0.30488,0.18293,0.24390
597,2985,0.02441,0.89355,0.02832,-0.42683,0.00000,0.24390
598,2990,0.02588,0.89844,0.02783,-0.48780,0.12195,0.18293
599,2995,0.02344,0.89551,0.02490,-0.42683,0.18293,0.36585
600,3000,0.02295,0.89795,0.02344,-0.42683,0.24390,0.36585
601,3005,0.02246,0.89648,0.02246,-0.54878,0.18293,0.12195
602,3010,0.02393,0.89941,0.02832,-0.42683,0.24390,0.24390
603,3015,0.02246,0.89600,0.02588,-0.36585,0.30488,0.30488
604,3020,0.02344,0.89844,0.02686,-0.42683,0.24390,0.30488
605,3025,0.02197,0.89746,0.02930,-0.30488,0.12195,0.30488
606,3030,0.02100,0.89648,0.02734,-0.30488,0.24390,0.24390
607,3035,0.02393,0.89551,0.02539,-0.48780,0.24390,0.24390
608,3040,0.02100,0.89551,0.02588,-0.54878,0.30488,0.18293
609,3045,0.02246,0.89648,0.02637,-0.36585,0.12195,0.18293
610,3050,0.02393,0.89648,0.02393,-0.30488,0.12195,0.24390
611,3055,0.02344,0.89795,0.02686,-0.42683,0.12195,0.24390
612,3060,0.02441,0.89600,0.02539,-0.48780,0.18293,0.24390
613,3065,0.02344,0.89746,0.02441,-0.30488,0.18293,0.36585
614,3070,0.02393,0.89844,0.02686,-0.24390,0.18293,0.30488
615,3075,0.01953,0.89551,0.02588,-0.36585,0.24390,0.30488
616,3080,0.01953,0.89551,0.02588,-0.36585,0.24390,0.30488
617,3085,0.02344,0.89893,0.02979,-0.24390,0.12195,0.18293
618,3090,0.02197,0.89648,0.02295,-0.30488,0.06098,0.30488
619,3095,0.02393,0.89404,0.02295,-0.42683,0.24390,0.30488
620,3100,0.02441,0.89453,0.02686,-0.36585,0.18293,0.30488
621,3105,0.02246,0.89746,0.02979,-0.48780,0.30488,0.30488
622,3110,0.02002,0.89600,0.02637,-0.42683,0.24390,0.18293
623,3115,0.02002,0.89600,0.02637,-0.42683,0.24390,0.18293
624,3120,0.02393,0.89453,0.03027,-0.36585,0.12195,0.24390
625,3125,0.02344,0.89648,0.03174,-0.42683,0.18293,0.30488
626,3130,0.02441,0.89648,0.02734,-0.42683,0.18293,0.24390
627,3135,0.02295,0.90137,0.03027,-0.36585,0.18293,0.18293
628,3140,0.02393,0.90088,0.02344,-0.36585,0.18293,0.36585
629,3145,0.02393,0.90088,0.02344,-0.36585,0.18293,0.36585
630,3150,0.02441,0.89453,0.02686,-0.36585,0.06098,0.30488
631,3155,0.02002,0.89502,0.02783,-0.24390,0.00000,0.30488
632,3160,0.02197,0.89746,0.02588,-0.30488,0.24390,0.18293
633,3165,0.02295,0.89746,0.02734,-0.36585,0.30488,0.30488
634,3170,0.02295,0.89795,0.02930,-0.24390,0.18293,0.30488
635,3175,0.02295,0.89795,0.02930,-0.24390,0.18293,0.30488
636,3180,0.02197,0.89600,0.02881,-0.36585,0.18293,0.36585
637,3185,0.02637,0.89746,0.02441,-0.36585,0.12195,0.18293
638,3190,0.02197,0.89844,0.02393,-0.30488,0.30488,0.24390
639,3195,0.02197,0.89697,0.02881,-0.42683,0.24390,0.30488
640,3200,0.02197,0.89648,0.02881,-0.30488,0.12195,0.18293
641,3205,0.02344,0.89746,0.02197,-0.12195,0.18293,0.24390
642,3210,0.02295,0.89990,0.02344,-0.42683,0.24390,0.30488
643,3215,0.02393,0.89844,0.02930,-0.36585,0.18293,0.30488
644,3220,0.02295,0.89600,0.02441,-0.30488,0.30488,0.30488
645,3225,0.02539,0.89648,0.02246,-0.42683,0.30488,0.24390
646,3230,0.02246,0.89600,0.02783,-0.42683,0.24390,0.24390
647,3235,0.02002,0.89502,0.02246,-0.42683,0.06098,0.18293
648,3240,0.02490,0.89404,0.02246,-0.30488,0.18293,0.24390
649,3245,0.02197,0.89648,0.02930,-0.36585,0.24390,0.24390
650,3250,0.02539,0.89746,0.03076,-0.36585,0.24390,0.24390
651,3255,0.02441,0.89404,0.02344,-0.36585,0.12195,0.24390
652,3260,0.02295,0.89893,0.03027,-0.30488,0.12195,0.30488
653,3265,0.02637,0.89404,0.02832,-0.24390,0.18293,0.30488
654,3270,0.02148,0.89258,0.02588,-0.24390,0.12195,0.24390
655,3275,0.01953,0.89795,0.02783,-0.30488,0.06098,0.18293
656,3280,0.02246,0.90039,0.02637,-0.36585,0.12195,0.24390
657,3285,0.02344,0.89844,0.02930,-0.36585,0.24390,0.30488
658,3290,0.02246,0.89697,0.03125,-0.48780,0.12195,0.36585
659,3295,0.02344,0.89941,0.02637,-0.42683,0.12195,0.36585
660,3300,0.02344,0.89795,0.02734,-0.24390,0.24390,0.24390
661,3305,0.02393,0.89551,0.02637,-0.24390,0.06098,0.18293
662,3310,0.02393,0.89551,0.03027,-0.36585,0.12195,0.24390
663,3315,0.02441,0.89844,0.03125,-0.24390,0.24390,0.24390
664,3320,0.02344,0.89844,0.03174,-0.36585,0.24390,0.24390
665,3325,0.02197,0.89795,0.02637,-0.36585,0.18293,0.30488
666,3330,0.02490,0.89893,0.02734,-0.24390,0.18293,0.24390
667,3335,0.02295,0.89746,0.02832,-0.36585,0.18293,0.30488
668,3340,0.02100,0.89844,0.02734,-0.36585,0.24390,0.24390
669,3345,0.02295,0.89648,0.02832,-0.36585,0.30488,0.12195
670,3350,0.02295,0.89795,0.02881,-0.42683,0.12195,0.18293
671,3355,0.02344,0.89893,0.03076,-0.36585,0.00000,0.18293
672,3360,0.02441,0.89746,0.02979,-0.24390,0.12195,0.24390
673,3365,0.02246,0.89893,0.02930,-0.30488,0.24390,0.18293
674,3370,0.02100,0.89795,0.02881,-0.24390,0.24390,0.30488
675,3375,0.02148,0.89746,0.02783,-0.24390,0.24390,0.12195
676,3380,0.02490,0.89746,0.02588,-0.36585,0.18293,0.30488
677,3385,0.02441,0.89502,0.02539,-0.30488,0.12195,0.30488
678,3390,0.02051,0.89502,0.02588,-0.24390,0.12195,0.24390
679,3395,0.02246,0.89600,0.02881,-0.42683,0.18293,0.30488
680,3400,0.02295,0.89307,0.03174,-0.42683,0.18293,0.30488
681,3405,0.02344,0.89600,0.02979,-0.48780,0.18293,0.36585
682,3410,0.02197,0.89697,0.03271,-0.42683,0.18293,0.30488
683,3415,0.02393,0.89697,0.02783,-0.30488,0.18293,0.18293
684,3420,0.02441,0.89697,0.02539,-0.36585,0.24390,0.36585
685,3425,0.02002,0.89600,0.02832,-0.42683,0.18293,0.30488
686,3430,0.02344,0.89404,0.02393,-0.24390,0.06098,0.24390
687,3435,0.02100,0.89209,0.02734,-0.36585,0.12195,0.24390
688,3440,0.02344,0.89795,0.03076,-0.36585,0.30488,0.36585
689,3445,0.02393,0.89551,0.02881,-0.24390,0.30488,0.36585
690,3450,0.02148,0.89697,0.02979,-0.42683,0.24390,0.30488
691,3455,0.02100,0.89600,0.02881,-0.42683,0.12195,0.24390
692,3460,0.02344,0.89600,0.02930,-0.30488,0.12195,0.30488
693,3465,0.02051,0.89648,0.02832,-0.24390,0.18293,0.24390
694,3470,0.02490,0.89600,0.02588,-0.36585,0.12195,0.30488
695,3475,0.02246,0.89355,0.02686,-0.36585,0.00000,0.30488
696,3480,0.02344,0.89502,0.02490,-0.36585,0.12195,0.24390
697,3485,0.02148,0.89502,0.02734,-0.42683,0.18293,0.18293
698,3490,0.02393,0.89648,0.02539,-0.30488,0.12195,0.30488
699,3495,0.02344,0.89746,0.02881,-0.36585,0.18293,0.12195
700,3500,0.02393,0.89648,0.02832,-0.42683,0.24390,0.18293
701,3505,0.02344,0.89453,0.02930,-0.36585,0.12195,0.18293
702,3510,0.02490,0.89795,0.02734,-0.42683,0.12195,0.30488
703,3515,0.02100,0.89697,0.02246,-0.42683,0.18293,0.24390
704,3520,0.02295,0.89746,0.02441,-0.36585,0.18293,0.18293
705,3525,0.02246,0.89648,0.02637,-0.42683,0.24390,0.24390
706,3530,0.02246,0.90039,0.02979,-0.36585,0.18293,0.30488
707,3535,0.02051,0.89600,0.02490,-0.36585,0.06098,0.24390
708,3540,0.02100,0.89697,0.02979,-0.36585,0.12195,0.18293
709,3545,0.02344,0.89844,0.02979,-0.42683,0.06098,0.18293
710,3550,0.02246,0.89746,0.02930,-0.36585,0.12195,0.36585
711,3555,0.02246,0.89502,0.02441,-0.30488,0.12195,0.18293
712,3560,0.01953,0.89502,0.02783,-0.24390,0.24390,0.18293
713,3565,0.02002,0.89502,0.02441,-0.48780,0.12195,0.36585
714,3570,0.02246,0.89600,0.02148,-0.36585,0.12195,0.24390
715,3575,0.02295,0.89600,0.02637,-0.30488,0.24390,0.36585
716,3580,0.02344,0.89453,0.02588,-0.30488,0.24390,0.30488
717,3585,0.02246,0.89648,0.02637,-0.36585,0.18293,0.36585
718,3590,0.02148,0.89648,0.02539,-0.42683,0.18293,0.42683
719,3595,0.02588,0.89746,0.02539,-0.36585,0.18293,0.36585
720,3600,0.02539,0.89600,0.02979,-0.36585,0.18293,0.24390
721,3605,0.02588,0.89697,0.02734,-0.30488,0.12195,0.36585
722,3610,0.02246,0.89746,0.02344,-0.24390,0.12195,0.18293
723,3615,0.02441,0.89795,0.02393,-0.54878,0.24390,0.18293
724,3620,0.02246,0.89893,0.02588,-0.42683,0.24390,0.18293
725,3625,0.02100,0.89697,0.02686,-0.42683,0.24390,0.36585
726,3630,0.02295,0.89844,0.02344,-0.42683,0.24390,0.30488
727,3635,0.02197,0.89893,0.02637,-0.36585,0.24390,0.18293
728,3640,0.02002,0.89893,0.02637,-0.36585,0.18293,0.30488
729,3645,0.02441,0.89893,0.03369,-0.36585,0.12195,0.36585
730,3650,0.02148,0.89502,0.02832,-0.36585,0.24390,0.12195
731,3655,0.02295,0.89404,0.02930,-0.54878,0.18293,0.24390
732,3660,0.02100,0.89600,0.02539,-0.36585,0.18293,0.30488
733,3665,0.02051,0.89697,0.02002,-0.18293,0.12195,0.30488
734,3670,0.02344,0.89551,0.02344,-0.24390,0.12195,0.18293
735,3675,0.02197,0.89551,0.03076,-0.30488,0.12195,0.18293
736,3680,0.02148,0.89795,0.02588,-0.30488,0.24390,0.36585
737,3685,0.02393,0.89844,0.02930,-0.36585,0.36585,0.36585
738,3690,0.02441,0.89648,0.02637,-0.48780,0.24390,0.30488
739,3695,0.02246,0.89551,0.02588,-0.36585,0.12195,0.36585
740,3700,0.02148,0.89551,0.02588,-0.48780,0.12195,0.36585
741,3705,0.02246,0.89600,0.02539,-0.30488,0.18293,0.18293
742,3710,0.02197,0.89502,0.02441,-0.54878,0.18293,0.18293
743,3715,0.02295,0.89795,0.02881,-0.36585,0.12195,0.36585
744,3720,0.02148,0.89844,0.02881,-0.36585,0.18293,0.30488
745,3725,0.02246,0.89795,0.02637,-0.36585,0.24390,0.30488
746,3730,0.02441,0.89795,0.02783,-0.54878,0.24390,0.24390
747,3735,0.02295,0.89697,0.03125,-0.54878,0.12195,0.18293
748,3740,0.02344,0.89648,0.03369,-0.42683,0.06098,0.18293
749,3745,0.02002,0.89941,0.02881,-0.30488,0.12195,0.24390
750,3750,0.02002,0.89941,0.02881,-0.30488,0.12195,0.24390
751,3755,0.02100,0.89404,0.02979,-0.42683,0.24390,0.18293
752,3760,0.02344,0.89746,0.02441,-0.36585,0.06098,0.30488
753,3765,0.02393,0.89990,0.02490,-0.42683,0.24390,0.30488
754,3770,0.02100,0.89746,0.02881,-0.36585,0.30488,0.30488
755,3775,0.02344,0.89697,0.02734,-0.42683,0.24390,0.30488
756,3780,0.02295,0.89551,0.03125,-0.48780,0.24390,0.30488
757,3785,0.02295,0.89551,0.03125,-0.48780,0.24390,0.30488
758,3790,0.02393,0.89990,0.03125,-0.54878,0.12195,0.36585
759,3795,0.02246,0.89795,0.02783,-0.42683,0.12195,0.24390
760,3800,0.02441,0.89600,0.02881,-0.30488,0.24390,0.30488
761,3805,0.02197,0.89551,0.02686,-0.30488,0.18293,0.18293
762,3810,0.02295,0.89502,0.02637,-0.30488,0.18293,0.24390
763,3815,0.02295,0.89502,0.02637,-0.30488,0.18293,0.24390
764,3820,0.02490,0.90039,0.02637,-0.30488,0.12195,0.24390
765,3825,0.02393,0.89844,0.03125,-0.42683,0.18293,0.30488
766,3830,0.02344,0.89600,0.02832,-0.60976,0.30488,0.18293
767,3835,0.02441,0.89795,0.02490,-0.30488,0.24390,0.24390
768,3840,0.02148,0.89648,0.02588,-0.48780,0.24390,0.30488
769,3845,0.02148,0.89648,0.02588,-0.48780,0.24390,0.30488
770,3850,0.02100,0.89697,0.02686,-0.42683,0.12195,0.36585
771,3855,0.02100,0.89697,0.02734,-0.36585,0.18293,0.12195
772,3860,0.02100,0.89990,0.02539,-0.42683,0.18293,0.30488
773,3865,0.02441,0.89990,0.02832,-0.36585,0.18293,0.24390
774,3870,0.02344,0.89453,0.02588,-0.30488,0.12195,0.18293
775,3875,0.02393,0.89404,0.02783,-0.36585,0.24390,0.30488
776,3880,0.02588,0.89844,0.02588,-0.30488,0.24390,0.30488
777,3885,0.02295,0.89893,0.02881,-0.30488,0.18293,0.30488
778,3890,0.02148,0.89746,0.02832,-0.36585,0.30488,0.24390
779,3895,0.02393,0.90088,0.02930,-0.30488,0.18293,0.18293
780,3900,0.02002,0.89648,0.02881,-0.36585,0.06098,0.36585
781,3905,0.02148,0.89502,0.02930,-0.54878,0.18293,0.42683
782,3910,0.02100,0.89746,0.02539,-0.60976,0.24390,0.24390
783,3915,0.02393,0.89648,0.02686,-0.42683,0.18293,0.36585
784,3920,0.02490,0.89697,0.03516,-0.30488,0.24390,0.18293
785,3925,0.02295,0.89551,0.02686,-0.24390,0.24390,0.30488
786,3930,0.02002,0.89844,0.02979,-0.30488,0.12195,0.24390
787,3935,0.02148,0.89697,0.03076,-0.30488,0.24390,0.24390
788,3940,0.02295,0.89648,0.02686,-0.42683,0.18293,0.30488
789,3945,0.02393,0.89746,0.02539,-0.42683,0.18293,0.30488
790,3950,0.02002,0.89844,0.02637,-0.42683,0.18293,0.30488
791,3955,0.02246,0.89648,0.03027,-0.48780,0.24390,0.30488
792,3960,0.02148,0.89844,0.02734,-0.18293,0.18293,0.24390
793,3965,0.02344,0.89990,0.02588,-0.12195,0.12195,0.36585
794,3970,0.02490,0.89648,0.02930,-0.36585,0.30488,0.24390
795,3975,0.02100,0.89502,0.03076,-0.24390,0.24390,0.24390
796,3980,0.02246,0.89697,0.02734,-0.42683,0.18293,0.30488
797,3985,0.02197,0.89844,0.02783,-0.36585,0.24390,0.12195
798,3990,0.02051,0.89600,0.02783,-0.36585,0.24390,0.24390
799,3995,0.02148,0.89648,0.02539,-0.48780,0.12195,0.36585
800,4000,0.02490,0.89502,0.02930,-0.42683,0.18293,0.30488
801,4005,0.02295,0.89648,0.02686,-0.42683,0.12195,0.30488
802,4010,0.02246,0.89795,0.02734,-0.18293,0.18293,0.30488
803,4015,0.02441,0.89941,0.02881,-0.30488,0.18293,0.18293
804,4020,0.02539,0.89795,0.03223,-0.24390,0.12195,0.24390
805,4025,0.02490,0.89893,0.03223,-0.24390,0.12195,0.24390
806,4030,0.02295,0.89697,0.02734,-0.30488,0.12195,0.30488
807,4035,0.02051,0.89648,0.02490,-0.36585,0.06098,0.30488
808,4040,0.01904,0.89648,0.02393,-0.30488,0.18293,0.24390
809,4045,0.01758,0.89648,0.02588,-0.36585,0.06098,0.24390
810,4050,0.02100,0.89941,0.02881,-0.36585,0.24390,0.24390
811,4055,0.02490,0.89746,0.02979,-0.48780,0.18293,0.30488
812,4060,0.02246,0.89893,0.03271,-0.48780,0.18293,0.18293
813,4065,0.02441,0.89600,0.02832,-0.36585,0.24390,0.24390
814,4070,0.02100,0.89697,0.02490,-0.30488,0.12195,0.30488
815,4075,0.02344,0.89746,0.02832,-0.30488,0.12195,0.24390
816,4080,0.02246,0.89551,0.02783,-0.18293,0.06098,0.30488
817,4085,0.02100,0.89209,0.02979,-0.30488,0.30488,0.24390
818,4090,0.02148,0.89746,0.02734,-0.24390,0.24390,0.24390
819,4095,0.02100,0.89844,0.02783,-0.18293,0.24390,0.24390
820,4100,0.02246,0.89746,0.02588,-0.42683,0.24390,0.36585
821,4105,0.02246,0.89795,0.02881,-0.30488,0.24390,0.36585
822,4110,0.02441,0.89551,0.02637,-0.24390,0.18293,0.30488
823,4115,0.02148,0.89355,0.02539,-0.24390,0.30488,0.18293
824,4120,0.02197,0.89795,0.02930,-0.24390,0.30488,0.24390
825,4125,0.02002,0.89893,0.02490,-0.36585,0.18293,0.12195
826,4130,0.02002,0.89697,0.02441,-0.36585,0.30488,0.36585
827,4135,0.02051,0.89648,0.02002,-0.36585,0.12195,0.18293
828,4140,0.02246,0.89307,0.02490,-0.24390,0.12195,0.18293
829,4145,0.02295,0.89551,0.02881,-0.42683,0.06098,0.24390
830,4150,0.02588,0.89697,0.02783,-0.36585,0.18293,0.30488
831,4155,0.02197,0.89795,0.02686,-0.36585,0.30488,0.24390
832,4160,0.02344,0.89795,0.02979,-0.30488,0.18293,0.24390
833,4165,0.02588,0.89697,0.02930,-0.36585,0.18293,0.36585
834,4170,0.02539,0.89746,0.02588,-0.42683,0.24390,0.36585
835,4175,0.02100,0.89648,0.02930,-0.36585,0.12195,0.12195
836,4180,0.02197,0.89795,0.02881,-0.42683,0.12195,0.18293
837,4185,0.02148,0.89600,0.02490,-0.42683,0.24390,0.30488
838,4190,0.02148,0.89697,0.02686,-0.36585,0.18293,0.24390
839,4195,0.02295,0.89990,0.02930,-0.48780,0.18293,0.18293
840,4200,0.02246,0.89795,0.02539,-0.60976,0.24390,0.24390
841,4205,0.01904,0.89355,0.02637,-0.48780,0.24390,0.24390
842,4210,0.02490,0.89551,0.02930,-0.36585,0.12195,0.30488
843,4215,0.02197,0.89648,0.02881,-0.42683,0.12195,0.36585
844,4220,0.02295,0.89795,0.02686,-0.30488,0.24390,0.30488
845,4225,0.02100,0.89893,0.02588,-0.36585,0.18293,0.30488
846,4230,0.02051,0.89893,0.02734,-0.36585,0.12195,0.24390
847,4235,0.02148,0.89844,0.02393,-0.30488,0.12195,0.30488
848,4240,0.02246,0.89648,0.02295,-0.30488,0.24390,0.24390
849,4245,0.02490,0.89697,0.02686,-0.24390,0.24390,0.24390
850,4250,0.02295,0.89600,0.02588,-0.24390,0.06098,0.30488
851,4255,0.02393,0.89453,0.02734,-0.36585,0.12195,0.30488
852,4260,0.02295,0.89893,0.02734,-0.54878,0.30488,0.30488
853,4265,0.02393,0.89600,0.02100,-0.42683,0.12195,0.30488
854,4270,0.02295,0.89502,0.02539,-0.36585,0.12195,0.24390
855,4275,0.02295,0.89795,0.02734,-0.54878,0.24390,0.30488
856,4280,0.01953,0.89697,0.02197,-0.42683,0.18293,0.36585
857,4285,0.02100,0.89600,0.02881,-0.30488,0.24390,0.30488
858,4290,0.02148,0.89697,0.02441,-0.30488,0.24390,0.30488
859,4295,0.02148,0.89941,0.02441,-0.42683,0.18293,0.30488
860,4300,0.02490,0.89648,0.02930,-0.30488,0.18293,0.24390
861,4305,0.02344,0.89990,0.02441,-0.36585,0.24390,0.18293
862,4310,0.02588,0.89795,0.03125,-0.30488,0.18293,0.24390
863,4315,0.02246,0.89746,0.02686,-0.24390,0.18293,0.30488
864,4320,0.02197,0.89502,0.02295,-0.60976,0.24390,0.24390
865,4325,0.02100,0.89551,0.02393,-0.42683,0.24390,0.30488
866,4330,0.02148,0.89844,0.02686,-0.42683,0.18293,0.36585
867,4335,0.02197,0.89355,0.02686,-0.30488,0.18293,0.24390
868,4340,0.02393,0.89648,0.02734,-0.30488,0.18293,0.24390
869,4345,0.02148,0.89697,0.03027,-0.30488,0.06098,0.30488
870,4350,0.02490,0.89844,0.02832,-0.48780,0.24390,0.30488
871,4355,0.01953,0.89697,0.02588,-0.30488,0.30488,0.36585
872,4360,0.02148,0.90137,0.02686,-0.18293,0.30488,0.30488
873,4365,0.02051,0.89746,0.02344,-0.36585,0.18293,0.30488
874,4370,0.02295,0.89795,0.02686,-0.18293,0.12195,0.24390
875,4375,0.02148,0.90039,0.01953,-0.24390,0.12195,0.24390
876,4380,0.02441,0.89746,0.02686,-0.42683,0.18293,0.24390
877,4385,0.02539,0.89746,0.02539,-0.24390,0.06098,0.18293
878,4390,0.02100,0.89697,0.02832,-0.30488,0.12195,0.36585
879,4395,0.02246,0.89844,0.02783,-0.54878,0.18293,0.30488
880,4400,0.02539,0.89844,0.02686,-0.60976,0.24390,0.24390
881,4405,0.02295,0.89648,0.02686,-0.42683,0.24390,0.36585
882,4410,0.02393,0.89404,0.02783,-0.30488,0.12195,0.36585
883,4415,0.02246,0.89697,0.02881,-0.42683,0.24390,0.30488
884,4420,0.02051,0.89893,0.02539,-0.24390,0.12195,0.18293
885,4425,0.02246,0.89697,0.02588,-0.36585,0.12195,0.18293
886,4430,0.02393,0.89746,0.02783,-0.36585,0.12195,0.30488
887,4435,0.02637,0.89844,0.02539,-0.36585,0.12195,0.30488
888,4440,0.02393,0.89648,0.02686,-0.42683,0.12195,0.24390
889,4445,0.02539,0.89648,0.02832,-0.42683,0.18293,0.24390
890,4450,0.02344,0.89648,0.02930,-0.42683,0.24390,0.30488
891,4455,0.02344,0.89648,0.02930,-0.42683,0.24390,0.30488
892,4460,0.02100,0.89697,0.02930,-0.30488,0.12195,0.24390
893,4465,0.02197,0.89893,0.02979,-0.30488,0.18293,0.30488
894,4470,0.02295,0.89941,0.02490,-0.30488,0.06098,0.36585
895,4475,0.02295,0.89502,0.02393,-0.30488,0.12195,0.36585
896,4480,0.02588,0.89697,0.02588,-0.36585,0.12195,0.36585
897,4485,0.02588,0.89697,0.02588,-0.36585,0.12195,0.36585
898,4490,0.02344,0.89795,0.02734,-0.42683,0.18293,0.18293
899,4495,0.02100,0.89795,0.02539,-0.30488,0.18293,0.30488
900,4500,0.02051,0.89746,0.02588,-0.36585,0.18293,0.24390
901,4505,0.02100,0.89355,0.02734,-0.42683,0.18293,0.12195
902,4510,0.02148,0.89746,0.02441,-0.42683,0.12195,0.24390
903,4515,0.02148,0.89746,0.02441,-0.42683,0.12195,0.24390
904,4520,0.02344,0.89941,0.02344,-0.36585,0.18293,0.24390
905,4525,0.02197,0.89502,0.02783,-0.24390,0.24390,0.30488
906,4530,0.01953,0.89307,0.02637,-0.30488,0.18293,0.24390
907,4535,0.02246,0.89697,0.03369,-0.48780,0.18293,0.24390
908,4540,0.02197,0.89600,0.02637,-0.48780,0.24390,0.24390
909,4545,0.02441,0.89453,0.02783,-0.42683,0.24390,0.18293
910,4550,0.02441,0.89453,0.02783,-0.42683,0.24390,0.18293
911,4555,0.02246,0.89648,0.02539,-0.48780,0.12195,0.24390
912,4560,0.02490,0.89746,0.02783,-0.30488,0.24390,0.24390
913,4565,0.02539,0.89697,0.02832,-0.18293,0.30488,0.36585
914,4570,0.02197,0.89648,0.02002,-0.24390,0.18293,0.36585
915,4575,0.02197,0.89844,0.03027,-0.36585,0.18293,0.30488
916,4580,0.02490,0.89551,0.03076,-0.30488,0.24390,0.24390
917,4585,0.02002,0.89502,0.02588,-0.48780,0.12195,0.24390
918,4590,0.02051,0.89404,0.03027,-0.48780,0.30488,0.18293
919,4595,0.02100,0.89746,0.02637,-0.30488,0.18293,0.30488
920,4600,0.02588,0.89746,0.02832,-0.42683,0.06098,0.18293
921,4605,0.02295,0.89795,0.03076,-0.30488,0.30488,0.18293
922,4610,0.02246,0.90039,0.03027,-0.30488,0.24390,0.24390
923,4615,0.02246,0.89844,0.02686,-0.36585,0.24390,0.30488
924,4620,0.02148,0.89697,0.02637,-0.30488,0.24390,0.24390
925,4625,0.02344,0.89941,0.02734,-0.30488,0.12195,0.36585
926,4630,0.02393,0.89844,0.02930,-0.48780,0.18293,0.24390
927,4635,0.02295,0.89941,0.02686,-0.42683,0.30488,0.24390
928,4640,0.02100,0.89941,0.02979,-0.36585,0.24390,0.30488
929,4645,0.02686,0.89502,0.02588,-0.48780,0.06098,0.30488
930,4650,0.02490,0.89648,0.02930,-0.42683,0.24390,0.24390
931,4655,0.02197,0.89600,0.02832,-0.24390,0.24390,0.12195
932,4660,0.02393,0.89697,0.02832,-0.18293,0.18293,0.36585
933,4665,0.02197,0.89893,0.03027,-0.36585,0.18293,0.30488
934,4670,0.02051,0.89648,0.02686,-0.36585,0.12195,0.18293
935,4675,0.02100,0.89844,0.02539,-0.36585,0.18293,0.24390
936,4680,0.02051,0.89600,0.02539,-0.30488,0.18293,0.24390
937,4685,0.02441,0.89600,0.02979,-0.18293,0.12195,0.24390
938,4690,0.02490,0.89795,0.02637,-0.18293,0.06098,0.18293
939,4695,0.02490,0.89648,0.02832,-0.30488,0.18293,0.12195
940,4700,0.02393,0.89551,0.02881,-0.36585,0.12195,0.24390
941,4705,0.02197,0.89941,0.02734,-0.36585,0.00000,0.24390
942,4710,0.02197,0.89697,0.02881,-0.48780,0.12195,0.30488
943,4715,0.02246,0.89502,0.03320,-0.30488,0.18293,0.30488
944,4720,0.02148,0.89697,0.02832,-0.36585,0.30488,0.36585
945,4725,0.02246,0.89795,0.02783,-0.42683,0.24390,0.18293
946,4730,0.02393,0.89893,0.03223,-0.42683,0.18293,0.30488
947,4735,0.02148,0.89502,0.02637,-0.30488,0.12195,0.24390
948,4740,0.02393,0.89648,0.02441,-0.36585,0.18293,0.30488
949,4745,0.02246,0.89600,0.02979,-0.30488,0.06098,0.24390
950,4750,0.02148,0.89941,0.02344,-0.30488,0.18293,0.18293
951,4755,0.02197,0.89941,0.02148,-0.30488,0.24390,0.18293
952,4760,0.02148,0.89648,0.02588,-0.24390,0.00000,0.24390
953,4765,0.02100,0.89795,0.02783,-0.42683,0.18293,0.30488
954,4770,0.02441,0.89502,0.02881,-0.36585,0.12195,0.30488
955,4775,0.02490,0.89307,0.02539,-0.36585,0.18293,0.24390
956,4780,0.02197,0.89600,0.02881,-0.30488,0.18293,0.24390
957,4785,0.02246,0.89648,0.03076,-0.36585,0.18293,0.24390
958,4790,0.02295,0.89746,0.02979,-0.24390,0.18293,0.36585
959,4795,0.02393,0.89746,0.02881,-0.36585,0.18293,0.24390
960,4800,0.02148,0.89795,0.02734,-0.54878,0.12195,0.24390
961,4805,0.02295,0.89941,0.02539,-0.18293,0.24390,0.24390
962,4810,0.02100,0.89600,0.02930,-0.24390,0.18293,0.18293
963,4815,0.02197,0.89502,0.02344,-0.42683,0.18293,0.24390
964,4820,0.02490,0.89795,0.02588,-0.30488,0.24390,0.24390
965,4825,0.01953,0.89795,0.03125,-0.18293,0.18293,0.30488
966,4830,0.02295,0.89697,0.02686,-0.30488,0.12195,0.36585
967,4835,0.02197,0.89746,0.02539,-0.48780,0.06098,0.24390
968,4840,0.02246,0.89600,0.02344,-0.24390,0.12195,0.24390
969,4845,0.02051,0.89502,0.02832,-0.30488,0.12195,0.18293
970,4850,0.02246,0.89502,0.02734,-0.30488,0.24390,0.36585
971,4855,0.02148,0.89795,0.02246,-0.36585,0.06098,0.24390
972,4860,0.02344,0.89844,0.02734,-0.48780,0.12195,0.18293
973,4865,0.02197,0.89697,0.02979,-0.18293,0.18293,0.24390
974,4870,0.02246,0.89600,0.02539,-0.36585,0.12195,0.24390
975,4875,0.02246,0.89941,0.03076,-0.36585,0.24390,0.18293
976,4880,0.02246,0.89893,0.03320,-0.30488,0.24390,0.24390
977,4885,0.02100,0.89746,0.02686,-0.48780,0.24390,0.12195
978,4890,0.02344,0.89844,0.02637,-0.48780,0.18293,0.30488
979,4895,0.02441,0.89795,0.02734,-0.42683,0.12195,0.24390
980,4900,0.02295,0.89746,0.02637,-0.42683,0.18293,0.30488
981,4905,0.02197,0.89453,0.02588,-0.48780,0.06098,0.30488
982,4910,0.02441,0.89600,0.03076,-0.24390,0.12195,0.36585
983,4915,0.02295,0.89746,0.03271,-0.24390,0.18293,0.30488
984,4920,0.02148,0.89893,0.02979,-0.30488,0.18293,0.24390
985,4925,0.02490,0.89258,0.02539,-0.42683,0.24390,0.18293
986,4930,0.02002,0.89844,0.02832,-0.36585,0.18293,0.30488
987,4935,0.01953,0.89697,0.02441,-0.36585,0.12195,0.24390
988,4940,0.01904,0.89258,0.02490,-0.36585,0.18293,0.18293
989,4945,0.02393,0.89600,0.02686,-0.24390,0.18293,0.12195
990,4950,0.02539,0.89746,0.02295,-0.36585,0.12195,0.18293
991,4955,0.02100,0.89697,0.03076,-0.42683,0.06098,0.24390
992,4960,0.01904,0.89453,0.02588,-0.30488,0.18293,0.24390
993,4965,0.02344,0.89648,0.02393,-0.30488,0.18293,0.24390
994,4970,0.02441,0.89844,0.02734,-0.24390,0.18293,0.24390
995,4975,0.01904,0.89941,0.02734,-0.42683,0.12195,0.30488
996,4980,0.02002,0.89502,0.02393,-0.24390,0.06098,0.24390
997,4985,0.02148,0.89648,0.02783,-0.36585,0.06098,0.18293
998,4990,0.02344,0.89697,0.02686,-0.48780,0.18293,0.24390
999,4995,0.02051,0.89600,0.02686,-0.42683,0.24390,0.18293
1000,5000,0.02393,0.89600,0.02686,-0.36585,0.18293,0.24390
1001,5005,0.02295,0.89941,0.02930,-0.24390,0.24390,0.30488
1002,5010,0.02637,0.89697,0.02930,-0.24390,0.12195,0.30488
1003,5015,0.02197,0.89746,0.03320,-0.30488,0.12195,0.30488
1004,5020,0.02197,0.89648,0.02588,-0.42683,0.18293,0.12195
1005,5025,0.02197,0.89795,0.02881,-0.42683,0.12195,0.24390
1006,5030,0.02393,0.89648,0.02832,-0.36585,0.24390,0.24390
1007,5035,0.02393,0.89502,0.02832,-0.42683,0.30488,0.24390
1008,5040,0.02051,0.89697,0.02832,-0.48780,0.18293,0.18293
1009,5045,0.02295,0.89795,0.02344,-0.24390,0.18293,0.18293
1010,5050,0.02295,0.89795,0.02783,-0.30488,0.18293,0.24390
1011,5055,0.02344,0.89844,0.02930,-0.30488,0.24390,0.30488
1012,5060,0.02393,0.89746,0.02734,-0.12195,0.18293,0.30488
1013,5065,0.02197,0.89746,0.02930,-0.36585,0.24390,0.36585
1014,5070,0.01904,0.89844,0.03027,-0.30488,0.18293,0.30488
1015,5075,0.02148,0.89600,0.02979,-0.36585,0.06098,0.24390
1016,5080,0.02148,0.89600,0.02490,-0.42683,0.18293,0.30488
1017,5085,0.02197,0.89648,0.02295,-0.42683,0.18293,0.42683
1018,5090,0.02295,0.89795,0.02637,-0.12195,0.24390,0.24390
1019,5095,0.02588,0.89746,0.02441,-0.36585,0.30488,0.24390
1020,5100,0.02588,0.89746,0.02979,-0.36585,0.24390,0.30488
1021,5105,0.02393,0.89600,0.02832,-0.30488,0.24390,0.24390
1022,5110,0.02197,0.89844,0.02881,-0.18293,0.30488,0.30488
1023,5115,0.02490,0.89404,0.02295,-0.12195,0.18293,0.30488
1024,5120,0.02051,0.89697,0.02246,-0.30488,0.12195,0.30488
1025,5125,0.02051,0.89697,0.02246,-0.30488,0.12195,0.30488
1026,5130,0.02393,0.89697,0.02490,-0.24390,0.24390,0.24390
1027,5135,0.02295,0.89746,0.02490,-0.30488,0.24390,0.36585
1028,5140,0.02344,0.89795,0.03125,-0.30488,0.18293,0.30488
1029,5145,0.02197,0.89453,0.02490,-0.30488,0.18293,0.24390
1030,5150,0.02051,0.89502,0.02441,-0.42683,0.18293,0.18293
1031,5155,0.02051,0.89502,0.02441,-0.42683,0.18293,0.18293
1032,5160,0.02295,0.89697,0.03223,-0.36585,0.18293,0.30488
1033,5165,0.02100,0.89795,0.02930,-0.42683,0.18293,0.30488
1034,5170,0.02344,0.89648,0.02637,-0.12195,0.18293,0.24390
1035,5175,0.02197,0.89551,0.02686,-0.24390,0.18293,0.36585
1036,5180,0.02197,0.89648,0.02588,-0.24390,0.18293,0.36585
1037,5185,0.02197,0.89648,0.02588,-0.24390,0.18293,0.36585
1038,5190,0.02100,0.89648,0.02832,-0.36585,0.18293,0.30488
1039,5195,0.02246,0.89453,0.02930,-0.36585,0.06098,0.30488
1040,5200,0.02295,0.89941,0.03174,-0.30488,0.12195,0.06098
1041,5205,0.02344,0.89648,0.02637,-0.24390,0.24390,0.24390
1042,5210,0.02441,0.89990,0.02930,-0.36585,0.06098,0.24390
1043,5215,0.02441,0.89941,0.02490,-0.48780,0.12195,0.30488
1044,5220,0.02441,0.89941,0.02490,-0.48780,0.12195,0.30488
1045,5225,0.02344,0.89307,0.02930,-0.30488,0.18293,0.30488
1046,5230,0.02246,0.89844,0.02832,-0.24390,0.12195,0.24390
1047,5235,0.01904,0.89697,0.02441,-0.30488,0.30488,0.30488
1048,5240,0.02197,0.89697,0.02344,-0.36585,0.24390,0.24390
1049,5245,0.02344,0.89551,0.02686,-0.30488,0.12195,0.24390
1050,5250,0.02393,0.89746,0.02979,-0.30488,0.24390,0.24390
1051,5255,0.02344,0.89893,0.03027,-0.36585,0.24390,0.24390
1052,5260,0.02686,0.89941,0.03076,-0.36585,0.24390,0.30488
1053,5265,0.02393,0.89795,0.02734,-0.42683,0.12195,0.24390
1054,5270,0.02588,0.89746,0.02930,-0.36585,0.12195,0.30488
1055,5275,0.02441,0.89844,0.02979,-0.30488,0.18293,0.24390
1056,5280,0.02295,0.89893,0.02686,-0.36585,0.18293,0.30488
1057,5285,0.02295,0.89600,0.02686,-0.36585,0.30488,0.24390
1058,5290,0.02148,0.89893,0.02734,-0.42683,0.30488,0.18293
1059,5295,0.02197,0.89941,0.03027,-0.42683,0.18293,0.24390
1060,5300,0.02490,0.89697,0.03027,-0.48780,0.36585,0.36585
1061,5305,0.02197,0.89600,0.03320,-0.42683,0.30488,0.24390
1062,5310,0.02490,0.89697,0.03369,-0.36585,0.12195,0.30488
1063,5315,0.02393,0.89502,0.02930,-0.42683,0.12195,0.36585
1064,5320,0.01953,0.89795,0.02295,-0.36585,0.18293,0.24390
1065,5325,0.02441,0.89746,0.02344,-0.36585,0.18293,0.18293
1066,5330,0.02246,0.89746,0.02783,-0.42683,0.24390,0.24390
1067,5335,0.02588,0.89600,0.02881,-0.42683,0.18293,0.24390
1068,5340,0.02588,0.89648,0.02881,-0.48780,0.24390,0.18293
1069,5345,0.02539,0.89453,0.02686,-0.30488,0.18293,0.18293
1070,5350,0.02539,0.89648,0.03027,-0.30488,0.18293,0.36585
1071,5355,0.02148,0.89648,0.02734,-0.42683,0.24390,0.36585
1072,5360,0.02246,0.89307,0.02344,-0.24390,0.18293,0.18293
1073,5365,0.02246,0.89502,0.02930,-0.24390,0.12195,0.12195
1074,5370,0.02197,0.89697,0.02588,-0.18293,0.18293,0.24390
1075,5375,0.02490,0.89746,0.02246,-0.36585,0.18293,0.30488
1076,5380,0.02197,0.89453,0.02783,-0.36585,0.24390,0.24390
1077,5385,0.02148,0.89307,0.02588,-0.30488,0.18293,0.18293
1078,5390,0.02295,0.89600,0.03027,-0.42683,0.18293,0.24390
1079,5395,0.02490,0.89746,0.03223,-0.36585,0.18293,0.30488
1080,5400,0.02295,0.89746,0.03125,-0.24390,0.24390,0.30488
1081,5405,0.02197,0.89795,0.02588,-0.42683,0.18293,0.06098
1082,5410,0.02295,0.90088,0.02637,-0.24390,0.12195,0.24390
1083,5415,0.02002,0.89941,0.02393,-0.30488,0.24390,0.24390
1084,5420,0.02344,0.89893,0.02588,-0.42683,0.24390,0.18293
1085,5425,0.02441,0.89795,0.02881,-0.42683,0.18293,0.18293
1086,5430,0.02295,0.89648,0.02734,-0.42683,0.18293,0.18293
1087,5435,0.02441,0.89648,0.02295,-0.36585,0.12195,0.18293
1088,5440,0.02295,0.89697,0.02686,-0.24390,0.18293,0.18293
1089,5445,0.02344,0.89551,0.02637,-0.24390,0.24390,0.18293
1090,5450,0.02197,0.89600,0.02734,-0.36585,0.24390,0.42683
1091,5455,0.02246,0.89746,0.02686,-0.30488,0.18293,0.30488
1092,5460,0.02344,0.89746,0.02588,-0.42683,0.24390,0.30488
1093,5465,0.02051,0.89648,0.02832,-0.30488,0.18293,0.24390
1094,5470,0.02246,0.89697,0.02441,-0.18293,0.24390,0.24390
1095,5475,0.02490,0.89600,0.02686,-0.42683,0.12195,0.30488
1096,5480,0.02246,0.89746,0.02637,-0.48780,0.12195,0.24390
1097,5485,0.02295,0.89795,0.02783,-0.30488,0.00000,0.18293
1098,5490,0.02490,0.89697,0.02588,-0.30488,0.06098,0.36585
1099,5495,0.02539,0.89893,0.02686,-0.42683,0.12195,0.24390
1100,5500,0.02393,0.89453,0.02539,-0.30488,0.18293,0.30488
1101,5505,0.02393,0.89551,0.02686,-0.36585,0.12195,0.30488
1102,5510,0.02295,0.89893,0.02832,-0.42683,0.24390,0.24390
1103,5515,0.02051,0.89600,0.02832,-0.48780,0.24390,0.36585
1104,5520,0.02002,0.89746,0.02734,-0.48780,0.12195,0.18293
1105,5525,0.02246,0.89746,0.02588,-0.36585,0.24390,0.18293
1106,5530,0.02246,0.89502,0.02930,-0.30488,0.18293,0.30488
1107,5535,0.02490,0.89648,0.02783,-0.24390,0.12195,0.30488
1108,5540,0.01855,0.89795,0.02295,-0.24390,0.18293,0.36585
1109,5545,0.01953,0.89893,0.02881,-0.54878,0.30488,0.36585
1110,5550,0.02100,0.89990,0.03076,-0.36585,0.12195,0.36585
1111,5555,0.02295,0.89941,0.02539,-0.24390,0.18293,0.30488
1112,5560,0.02100,0.89795,0.02881,-0.18293,0.18293,0.24390
1113,5565,0.02148,0.89648,0.02881,-0.36585,0.18293,0.30488
1114,5570,0.02393,0.89600,0.02832,-0.36585,0.18293,0.24390
1115,5575,0.02002,0.89697,0.02637,-0.42683,0.30488,0.24390
1116,5580,0.02295,0.89893,0.02637,-0.54878,0.12195,0.30488
1117,5585,0.02686,0.89746,0.03076,-0.30488,0.24390,0.24390
1118,5590,0.02100,0.89697,0.02881,-0.36585,0.24390,0.36585
1119,5595,0.02148,0.89648,0.02539,-0.30488,0.12195,0.30488
1120,5600,0.02148,0.89502,0.02441,-0.42683,0.24390,0.18293
1121,5605,0.02344,0.89502,0.02734,-0.48780,0.24390,0.24390
1122,5610,0.02344,0.89844,0.03125,-0.36585,0.18293,0.12195
1123,5615,0.02295,0.89551,0.02734,-0.24390,0.12195,0.06098
1124,5620,0.02246,0.89697,0.02490,-0.12195,0.18293,0.30488
1125,5625,0.02246,0.89551,0.02637,-0.42683,0.24390,0.30488
1126,5630,0.02100,0.89795,0.03027,-0.42683,0.18293,0.24390
1127,5635,0.02002,0.89600,0.02930,-0.42683,0.18293,0.12195
1128,5640,0.02051,0.89404,0.03076,-0.36585,0.24390,0.24390
1129,5645,0.02393,0.89844,0.03125,-0.30488,0.24390,0.30488
1130,5650,0.02246,0.89746,0.02783,-0.36585,0.18293,0.24390
1131,5655,0.02441,0.89746,0.02539,-0.42683,0.18293,0.30488
1132,5660,0.02197,0.89893,0.02686,-0.48780,0.30488,0.18293
1133,5665,0.02051,0.90088,0.02490,-0.48780,0.24390,0.24390
1134,5670,0.02393,0.89893,0.02637,-0.30488,0.18293,0.30488
1135,5675,0.02246,0.89697,0.02783,-0.42683,0.12195,0.12195
1136,5680,0.02344,0.89648,0.02539,-0.36585,0.12195,0.24390
1137,5685,0.02197,0.89697,0.02930,-0.24390,0.06098,0.18293
1138,5690,0.02148,0.89746,0.03076,-0.36585,0.24390,0.30488
1139,5695,0.02295,0.89551,0.02637,-0.36585,0.30488,0.24390
1140,5700,0.02246,0.89453,0.02197,-0.30488,0.12195,0.30488
1141,5705,0.01904,0.89893,0.02783,-0.24390,0.12195,0.30488
1142,5710,0.02100,0.89893,0.02148,-0.30488,0.24390,0.24390
1143,5715,0.02344,0.89697,0.02588,-0.30488,0.18293,0.18293
1144,5720,0.02539,0.89600,0.02686,-0.42683,0.06098,0.24390
1145,5725,0.02344,0.90088,0.02783,-0.42683,0.12195,0.24390
1146,5730,0.02051,0.90039,0.02881,-0.36585,0.24390,0.30488
1147,5735,0.02246,0.89258,0.02832,-0.36585,0.30488,0.30488
1148,5740,0.02637,0.89648,0.02979,-0.36585,0.12195,0.18293
1149,5745,0.02588,0.89746,0.02051,-0.24390,0.00000,0.24390
1150,5750,0.02197,0.89795,0.02734,-0.36585,0.18293,0.24390
1151,5755,0.02002,0.89648,0.02881,-0.24390,0.12195,0.24390
1152,5760,0.02148,0.89795,0.02637,-0.36585,0.24390,0.24390
1153,5765,0.02783,0.89746,0.02783,-0.48780,0.24390,0.30488
1154,5770,0.02539,0.89746,0.02881,-0.36585,0.12195,0.24390
1155,5775,0.02002,0.89795,0.02588,-0.30488,0.30488,0.24390
1156,5780,0.02051,0.89746,0.02637,-0.48780,0.30488,0.24390
1157,5785,0.02246,0.89648,0.02832,-0.36585,0.12195,0.30488
1158,5790,0.02588,0.89746,0.02539,-0.18293,0.18293,0.36585
1159,5795,0.02197,0.89941,0.02832,-0.48780,0.12195,0.30488
1160,5800,0.02344,0.89844,0.02930,-0.30488,0.24390,0.30488
1161,5805,0.02441,0.89893,0.03320,-0.36585,0.18293,0.36585
1162,5810,0.02100,0.89551,0.02881,-0.30488,0.12195,0.18293
1163,5815,0.02344,0.89893,0.02686,-0.48780,0.12195,0.12195
1164,5820,0.02441,0.89893,0.02588,-0.42683,0.12195,0.24390
1165,5825,0.02441,0.89893,0.02588,-0.42683,0.12195,0.24390
1166,5830,0.02393,0.89893,0.02783,-0.42683,0.18293,0.24390
1167,5835,0.02295,0.89795,0.02734,-0.36585,0.12195,0.30488
1168,5840,0.02148,0.89893,0.03027,-0.24390,0.18293,0.18293
1169,5845,0.01953,0.89795,0.02686,-0.42683,0.18293,0.36585
1170,5850,0.02246,0.89600,0.02734,-0.42683,0.18293,0.30488
1171,5855,0.02246,0.89600,0.02734,-0.42683,0.18293,0.30488
1172,5860,0.02197,0.89746,0.02686,-0.30488,0.18293,0.18293
1173,5865,0.02148,0.90039,0.02734,-0.30488,0.18293,0.30488
1174,5870,0.02246,0.89844,0.02686,-0.36585,0.18293,0.18293
1175,5875,0.02100,0.89600,0.02783,-0.30488,0.24390,0.18293
1176,5880,0.02588,0.89600,0.02881,-0.30488,0.36585,0.30488
1177,5885,0.02441,0.89404,0.02637,-0.30488,0.24390,0.30488
1178,5890,0.02441,0.89404,0.02637,-0.30488,0.24390,0.30488
1179,5895,0.02002,0.89502,0.03076,-0.30488,0.18293,0.18293
1180,5900,0.02295,0.89746,0.02930,-0.42683,0.18293,0.18293
1181,5905,0.02100,0.89453,0.02539,-0.24390,0.12195,0.30488
1182,5910,0.02051,0.89600,0.02783,-0.48780,0.12195,0.18293
1183,5915,0.02100,0.89893,0.02490,-0.24390,0.12195,0.18293
1184,5920,0.02441,0.90039,0.02539,-0.42683,0.12195,0.12195
1185,5925,0.02490,0.89746,0.02686,-0.24390,0.12195,0.36585
1186,5930,0.01904,0.89746,0.02246,-0.30488,0.18293,0.30488
1187,5935,0.02100,0.89697,0.02393,-0.30488,0.18293,0.12195
1188,5940,0.02002,0.89307,0.02246,-0.30488,0.06098,0.24390
1189,5945,0.02246,0.89746,0.02344,-0.36585,0.06098,0.30488
1190,5950,0.02148,0.89404,0.02637,-0.36585,0.24390,0.24390
1191,5955,0.02490,0.89648,0.02686,-0.36585,0.24390,0.30488
1192,5960,0.02686,0.89893,0.02539,-0.30488,0.06098,0.24390
1193,5965,0.02393,0.89844,0.02881,-0.36585,0.18293,0.30488
1194,5970,0.02393,0.89551,0.02930,-0.48780,0.24390,0.36585
1195,5975,0.02295,0.89551,0.02881,-0.36585,0.24390,0.30488
1196,5980,0.02295,0.89551,0.02686,-0.36585,0.18293,0.18293
1197,5985,0.02197,0.89697,0.02197,-0.42683,0.18293,0.30488
1198,5990,0.02051,0.89648,0.02197,-0.60976,0.18293,0.24390
1199,5995,0.02441,0.89600,0.02588,-0.30488,0.12195,0.18293
1200,6000,0.02197,0.89844,0.02100,-0.36585,0.18293,0.24390
1201,6005,0.02051,0.89697,0.02637,-0.48780,0.12195,0.30488
1202,6010,0.02246,0.89746,0.02783,-0.54878,0.18293,0.24390
1203,6015,0.02441,0.90234,0.03174,-0.36585,0.18293,0.12195
1204,6020,0.02393,0.89795,0.02881,-0.30488,0.00000,0.30488
1205,6025,0.02295,0.89160,0.02881,-0.24390,0.06098,0.24390
1206,6030,0.02441,0.89404,0.02734,-0.48780,0.18293,0.30488
1207,6035,0.02490,0.90234,0.02881,-0.36585,0.24390,0.30488
1208,6040,0.02100,0.89648,0.02881,-0.24390,0.36585,0.24390
1209,6045,0.02588,0.89795,0.03027,-0.30488,0.18293,0.36585
1210,6050,0.02539,0.90137,0.03076,-0.24390,0.18293,0.12195
1211,6055,0.02539,0.89502,0.02832,-0.42683,0.18293,0.06098
1212,6060,0.02100,0.89355,0.02686,-0.42683,0.30488,0.30488
1213,6065,0.02295,0.89941,0.02441,-0.36585,0.18293,0.30488
1214,6070,0.02246,0.89795,0.02637,-0.42683,0.18293,0.30488
1215,6075,0.02002,0.89990,0.02490,-0.48780,0.12195,0.24390
1216,6080,0.02197,0.89600,0.02832,-0.30488,0.06098,0.24390
1217,6085,0.02393,0.89697,0.02734,-0.36585,0.00000,0.42683
1218,6090,0.02197,0.89648,0.02832,-0.54878,0.12195,0.30488
1219,6095,0.02588,0.89844,0.02393,-0.42683,0.24390,0.24390
1220,6100,0.02393,0.89941,0.02881,-0.30488,0.18293,0.30488
1221,6105,0.02295,0.89697,0.02441,-0.24390,0.06098,0.24390
1222,6110,0.02637,0.89453,0.02637,-0.48780,0.12195,0.24390
1223,6115,0.02295,0.89795,0.02246,-0.48780,0.12195,0.30488
1224,6120,0.02100,0.89697,0.02295,-0.24390,0.18293,0.24390
1225,6125,0.02295,0.89600,0.02686,-0.30488,0.30488,0.18293
1226,6130,0.02344,0.89355,0.02734,-0.30488,0.12195,0.30488
1227,6135,0.02393,0.89502,0.03076,-0.48780,0.18293,0.18293
1228,6140,0.02246,0.90039,0.02393,-0.48780,0.12195,0.30488
1229,6145,0.02197,0.89941,0.02539,-0.30488,0.06098,0.24390
1230,6150,0.02441,0.89648,0.02881,-0.18293,0.18293,0.18293
1231,6155,0.02051,0.89453,0.02979,-0.42683,0.24390,0.24390
1232,6160,0.02100,0.89502,0.03223,-0.42683,0.24390,0.36585
1233,6165,0.02197,0.89795,0.02832,-0.48780,0.24390,0.24390
1234,6170,0.02002,0.89648,0.02637,-0.54878,0.06098,0.18293
1235,6175,0.02148,0.89404,0.02686,-0.42683,0.24390,0.24390
1236,6180,0.02393,0.89844,0.03027,-0.48780,0.12195,0.30488
1237,6185,0.02441,0.89941,0.02832,-0.30488,0.24390,0.18293
1238,6190,0.02100,0.89844,0.02783,-0.36585,0.18293,0.18293
1239,6195,0.02148,0.89795,0.02881,-0.42683,0.12195,0.18293
1240,6200,0.02588,0.89600,0.02783,-0.42683,0.24390,0.24390
1241,6205,0.02490,0.89844,0.03076,-0.42683,0.12195,0.30488
1242,6210,0.02197,0.89844,0.02490,-0.36585,0.24390,0.30488
1243,6215,0.02100,0.89502,0.02881,-0.36585,0.12195,0.30488
1244,6220,0.02148,0.89600,0.02783,-0.30488,0.12195,0.24390
1245,6225,0.02393,0.89746,0.02246,-0.36585,0.06098,0.18293
1246,6230,0.02002,0.89844,0.02295,-0.30488,0.18293,0.12195
1247,6235,0.02148,0.89648,0.02344,-0.30488,0.18293,0.24390
1248,6240,0.02441,0.89746,0.02588,-0.48780,0.12195,0.36585
1249,6245,0.02441,0.89697,0.03174,-0.24390,0.18293,0.30488
1250,6250,0.01953,0.89795,0.03369,-0.24390,0.06098,0.30488
1251,6255,0.02197,0.89600,0.02734,-0.48780,0.12195,0.24390
1252,6260,0.02441,0.89648,0.02783,-0.36585,0.18293,0.30488
1253,6265,0.02295,0.89746,0.02490,-0.30488,0.24390,0.24390
1254,6270,0.01904,0.89600,0.02832,-0.42683,0.24390,0.18293
1255,6275,0.02197,0.89551,0.02783,-0.30488,0.06098,0.30488
1256,6280,0.02100,0.89893,0.02832,-0.36585,0.18293,0.24390
1257,6285,0.02393,0.89941,0.02637,-0.42683,0.24390,0.18293
1258,6290,0.02393,0.89990,0.02490,-0.36585,0.18293,0.30488
1259,6295,0.01855,0.89404,0.02393,-0.36585,0.18293,0.30488
1260,6300,0.01953,0.89648,0.03076,-0.24390,0.18293,0.24390
1261,6305,0.02393,0.89990,0.02490,-0.30488,0.18293,0.18293
1262,6310,0.02100,0.89453,0.02344,-0.36585,0.12195,0.24390
1263,6315,0.02344,0.89453,0.02783,-0.48780,0.18293,0.30488
1264,6320,0.02100,0.89600,0.02734,-0.42683,0.18293,0.30488
1265,6325,0.02148,0.89990,0.02295,-0.36585,0.24390,0.18293
1266,6330,0.02197,0.89795,0.02490,-0.24390,0.12195,0.18293
1267,6335,0.02197,0.89746,0.03076,-0.24390,0.24390,0.30488
1268,6340,0.02588,0.89795,0.03125,-0.30488,0.12195,0.36585
1269,6345,0.02637,0.89844,0.02637,-0.48780,0.18293,0.30488
1270,6350,0.02051,0.89746,0.02979,-0.42683,0.24390,0.18293
1271,6355,0.02100,0.89697,0.02734,-0.36585,0.18293,0.30488
1272,6360,0.02441,0.89697,0.02539,-0.36585,0.18293,0.30488
1273,6365,0.01953,0.89893,0.02490,-0.18293,0.12195,0.24390
1274,6370,0.02393,0.89600,0.03516,-0.30488,0.12195,0.30488
1275,6375,0.02051,0.89307,0.02832,-0.36585,0.12195,0.30488
1276,6380,0.02441,0.89648,0.02344,-0.36585,0.30488,0.18293
1277,6385,0.02197,0.89697,0.02783,-0.30488,0.24390,0.18293
1278,6390,0.02100,0.89893,0.02441,-0.48780,0.12195,0.24390
1279,6395,0.02393,0.89648,0.03076,-0.54878,0.18293,0.36585
1280,6400,0.02490,0.89795,0.02734,-0.48780,0.24390,0.30488
1281,6405,0.02197,0.89551,0.02686,-0.48780,0.12195,0.30488
1282,6410,0.02197,0.89746,0.02637,-0.36585,0.06098,0.12195
1283,6415,0.02295,0.89990,0.02734,-0.24390,0.12195,0.24390
1284,6420,0.02295,0.89746,0.02490,-0.30488,-0.06098,0.24390
1285,6425,0.02441,0.89844,0.02246,-0.36585,0.12195,0.36585
1286,6430,0.02393,0.89502,0.02490,-0.42683,0.18293,0.30488
1287,6435,0.02246,0.89502,0.03125,-0.36585,0.12195,0.18293
1288,6440,0.02344,0.89697,0.02930,-0.36585,0.12195,0.24390
1289,6445,0.02393,0.89893,0.02490,-0.42683,0.18293,0.24390
1290,6450,0.02002,0.89795,0.02734,-0.36585,0.18293,0.30488
1291,6455,0.02051,0.89746,0.02637,-0.36585,0.18293,0.18293
1292,6460,0.02539,0.89648,0.02246,-0.30488,0.18293,0.24390
1293,6465,0.02148,0.89355,0.02441,-0.30488,0.24390,0.18293
1294,6470,0.02295,0.89453,0.02490,-0.30488,0.18293,0.24390
1295,6475,0.02393,0.89697,0.02344,-0.24390,0.18293,0.24390
1296,6480,0.02148,0.89941,0.02783,-0.48780,0.06098,0.18293
1297,6485,0.02246,0.89990,0.02588,-0.36585,0.24390,0.12195
1298,6490,0.02344,0.89697,0.03223,-0.30488,0.06098,0.18293
1299,6495,0.02344,0.89697,0.03223,-0.30488,0.06098,0.18293
1300,6500,0.02393,0.89551,0.02637,-0.42683,0.12195,0.18293
1301,6505,0.02197,0.89746,0.02295,-0.36585,0.24390,0.30488
1302,6510,0.02246,0.89893,0.02979,-0.30488,0.24390,0.18293
1303,6515,0.02100,0.89844,0.03027,-0.36585,0.18293,0.18293
1304,6520,0.02539,0.89551,0.02881,-0.30488,0.18293,0.30488
1305,6525,0.02539,0.89551,0.02881,-0.30488,0.18293,0.30488
1306,6530,0.02393,0.89844,0.03125,-0.42683,0.24390,0.12195
1307,6535,0.01953,0.89990,0.03271,-0.24390,0.18293,0.30488
1308,6540,0.02246,0.89990,0.02441,-0.36585,0.18293,0.30488
1309,6545,0.02393,0.89746,0.02881,-0.30488,0.06098,0.18293
1310,6550,0.02295,0.89746,0.02734,-0.30488,0.12195,0.30488
1311,6555,0.02197,0.89697,0.02686,-0.42683,0.12195,0.30488
1312,6560,0.02197,0.89697,0.02686,-0.42683,0.12195,0.30488
1313,6565,0.02441,0.89746,0.02734,-0.36585,0.12195,0.24390
1314,6570,0.02490,0.89551,0.02246,-0.48780,0.24390,0.30488
1315,6575,0.02295,0.89746,0.02588,-0.36585,0.12195,0.42683
1316,6580,0.02393,0.89893,0.02734,-0.30488,0.06098,0.24390
1317,6585,0.02393,0.89551,0.02686,-0.42683,0.18293,0.30488
1318,6590,0.02393,0.89551,0.02686,-0.42683,0.18293,0.30488
1319,6595,0.02246,0.89648,0.03076,-0.36585,0.12195,0.12195
1320,6600,0.02148,0.89648,0.02393,-0.36585,0.06098,0.24390
1321,6605,0.02344,0.89941,0.02588,-0.24390,0.12195,0.30488
1322,6610,0.02197,0.89844,0.02490,-0.30488,0.12195,0.24390
1323,6615,0.02393,0.89893,0.02881,-0.18293,0.18293,0.24390
1324,6620,0.02393,0.89697,0.02539,-0.18293,0.18293,0.18293
1325,6625,0.02441,0.89258,0.02441,-0.30488,0.06098,0.24390
1326,6630,0.02539,0.89648,0.03320,-0.30488,0.18293,0.30488
1327,6635,0.02148,0.89648,0.02979,-0.42683,0.18293,0.30488
1328,6640,0.02344,0.89893,0.02783,-0.30488,0.30488,0.24390
1329,6645,0.02441,0.89746,0.03027,-0.42683,0.12195,0.18293
1330,6650,0.02393,0.89795,0.02881,-0.36585,0.18293,0.24390
1331,6655,0.02295,0.89795,0.02979,-0.42683,0.24390,0.30488
1332,6660,0.02246,0.89648,0.02490,-0.42683,0.18293,0.30488
1333,6665,0.02295,0.89697,0.02832,-0.36585,0.18293,0.24390
1334,6670,0.02588,0.89697,0.02930,-0.42683,0.12195,0.12195
1335,6675,0.02490,0.89648,0.02832,-0.42683,0.18293,0.30488
1336,6680,0.02100,0.89746,0.02637,-0.60976,0.30488,0.36585
1337,6685,0.02441,0.89795,0.03223,-0.42683,0.18293,0.24390
1338,6690,0.02393,0.89404,0.02930,-0.42683,0.30488,0.30488
1339,6695,0.02393,0.89795,0.02832,-0.36585,0.30488,0.24390
1340,6700,0.02588,0.89551,0.02881,-0.24390,0.18293,0.24390
1341,6705,0.02100,0.89648,0.02979,-0.48780,0.18293,0.30488
1342,6710,0.02100,0.89648,0.02832,-0.42683,0.12195,0.24390
1343,6715,0.02246,0.89551,0.02930,-0.36585,0.06098,0.36585
1344,6720,0.02539,0.89551,0.02441,-0.48780,0.24390,0.36585
1345,6725,0.02148,0.89941,0.02539,-0.36585,0.30488,0.24390
1346,6730,0.02051,0.90088,0.02539,-0.42683,0.18293,0.24390
1347,6735,0.02295,0.89600,0.02881,-0.36585,0.24390,0.30488
1348,6740,0.02393,0.89844,0.02734,-0.24390,0.24390,0.36585
1349,6745,0.02100,0.89404,0.02539,-0.48780,0.18293,0.24390
1350,6750,0.02148,0.89551,0.02588,-0.30488,0.18293,0.24390
1351,6755,0.02148,0.89600,0.02637,-0.24390,0.18293,0.36585
1352,6760,0.02539,0.89502,0.03223,-0.24390,0.18293,0.30488
1353,6765,0.02441,0.89697,0.02832,-0.30488,0.24390,0.06098
1354,6770,0.02148,0.89844,0.02539,-0.30488,0.18293,0.24390
1355,6775,0.02197,0.89697,0.02588,-0.24390,0.18293,0.24390
1356,6780,0.02051,0.89502,0.03027,-0.24390,0.18293,0.12195
1357,6785,0.02148,0.89648,0.02979,-0.24390,0.12195,0.24390
1358,6790,0.02197,0.89355,0.02295,-0.36585,0.24390,0.42683
1359,6795,0.02148,0.89648,0.02539,-0.36585,0.18293,0.30488
1360,6800,0.02197,0.89941,0.02734,-0.36585,0.12195,0.30488
1361,6805,0.02100,0.89746,0.02344,-0.36585,0.18293,0.24390
1362,6810,0.02539,0.89844,0.02930,-0.18293,0.18293,0.30488
1363,6815,0.02197,0.89307,0.02783,-0.36585,0.12195,0.30488
1364,6820,0.02197,0.89941,0.02881,-0.54878,0.24390,0.24390
1365,6825,0.02002,0.89844,0.02734,-0.30488,0.18293,0.24390
1366,6830,0.02246,0.89648,0.02734,-0.12195,0.18293,0.30488
1367,6835,0.02246,0.89746,0.02588,-0.24390,0.12195,0.36585
1368,6840,0.02246,0.89941,0.02539,-0.24390,0.18293,0.30488
1369,6845,0.02148,0.89746,0.02637,-0.36585,0.24390,0.30488
1370,6850,0.02002,0.89502,0.02734,-0.30488,0.18293,0.36585
1371,6855,0.02295,0.89746,0.02441,-0.42683,0.06098,0.30488
1372,6860,0.02344,0.90039,0.02979,-0.48780,0.30488,0.36585
1373,6865,0.02197,0.89746,0.02881,-0.42683,0.24390,0.18293
1374,6870,0.02246,0.89404,0.02490,-0.24390,0.24390,0.30488
1375,6875,0.02393,0.89746,0.02490,-0.12195,0.24390,0.24390
1376,6880,0.02246,0.90137,0.02051,-0.42683,0.12195,0.24390
1377,6885,0.02148,0.89746,0.02295,-0.42683,0.18293,0.30488
1378,6890,0.02100,0.89600,0.02490,-0.48780,0.24390,0.24390
1379,6895,0.02246,0.89746,0.03125,-0.30488,0.18293,0.24390
1380,6900,0.02441,0.89648,0.02881,-0.30488,0.12195,0.30488
1381,6905,0.02197,0.89990,0.02832,-0.18293,0.12195,0.30488
1382,6910,0.02539,0.89697,0.02686,-0.12195,0.18293,0.24390
1383,6915,0.02686,0.89551,0.02637,-0.42683,0.24390,0.30488
1384,6920,0.02441,0.89355,0.02734,-0.30488,0.06098,0.42683
1385,6925,0.02588,0.89844,0.02197,-0.30488,0.18293,0.18293
1386,6930,0.02441,0.89795,0.02539,-0.24390,0.18293,0.36585
1387,6935,0.02197,0.89795,0.02539,-0.30488,0.24390,0.30488
1388,6940,0.02246,0.89600,0.02588,-0.24390,0.18293,0.12195
1389,6945,0.02295,0.89795,0.02637,-0.30488,0.18293,0.18293
1390,6950,0.02539,0.89795,0.02734,-0.12195,0.30488,0.24390
1391,6955,0.02393,0.89648,0.02881,-0.30488,0.30488,0.36585
1392,6960,0.02295,0.89502,0.02783,-0.54878,0.06098,0.30488
1393,6965,0.01953,0.89648,0.02588,-0.54878,0.12195,0.36585
1394,6970,0.02197,0.89697,0.02686,-0.48780,0.24390,0.24390
1395,6975,0.02295,0.89551,0.02588,-0.60976,0.18293,0.30488
1396,6980,0.02002,0.89844,0.02246,-0.30488,0.18293,0.24390
1397,6985,0.02148,0.89697,0.02881,-0.30488,0.18293,0.18293
1398,6990,0.02148,0.89697,0.02490,-0.36585,0.18293,0.30488
1399,6995,0.02100,0.89697,0.02539,-0.30488,0.18293,0.30488
1400,7000,0.02246,0.90039,0.02393,-0.36585,0.24390,0.30488
1401,7005,0.02393,0.89795,0.02441,-0.36585,0.18293,0.30488
1402,7010,0.02148,0.89502,0.03076,-0.30488,0.12195,0.42683
1403,7015,0.02295,0.89648,0.02881,-0.24390,0.24390,0.36585
1404,7020,0.02246,0.89844,0.02930,-0.48780,0.30488,0.30488
1405,7025,0.02148,0.89795,0.02686,-0.18293,0.12195,0.30488
1406,7030,0.02490,0.89893,0.02881,-0.18293,0.18293,0.36585
1407,7035,0.02637,0.89795,0.02734,-0.30488,0.24390,0.36585
1408,7040,0.02490,0.89746,0.03076,-0.36585,0.36585,0.24390
1409,7045,0.02295,0.89502,0.02832,-0.42683,0.18293,0.24390
1410,7050,0.02441,0.89746,0.02734,-0.36585,0.12195,0.24390
1411,7055,0.02148,0.89795,0.02832,-0.36585,0.18293,0.24390
1412,7060,0.02588,0.89795,0.02979,-0.42683,0.18293,0.24390
1413,7065,0.02490,0.89502,0.02686,-0.36585,0.24390,0.18293
1414,7070,0.02295,0.89697,0.02246,-0.30488,0.18293,0.30488
1415,7075,0.02100,0.89600,0.02539,-0.36585,0.12195,0.36585
1416,7080,0.02539,0.89697,0.02930,-0.24390,0.12195,0.18293
1417,7085,0.02246,0.89404,0.02686,-0.18293,0.24390,0.18293
1418,7090,0.02100,0.89502,0.02539,-0.30488,0.12195,0.30488
1419,7095,0.02197,0.89697,0.02881,-0.24390,0.06098,0.24390
1420,7100,0.02344,0.89648,0.02393,-0.24390,0.24390,0.24390
1421,7105,0.02148,0.89844,0.02539,-0.30488,0.18293,0.42683
1422,7110,0.02490,0.89697,0.02832,-0.36585,0.12195,0.48780
1423,7115,0.02344,0.89502,0.03076,-0.36585,0.18293,0.36585
1424,7120,0.02051,0.89648,0.02393,-0.48780,0.06098,0.24390
1425,7125,0.02295,0.89795,0.02490,-0.42683,0.18293,0.30488
1426,7130,0.02002,0.89648,0.02588,-0.30488,0.06098,0.18293
1427,7135,0.02148,0.89453,0.03027,-0.30488,0.18293,0.18293
1428,7140,0.02246,0.89795,0.02930,-0.42683,0.12195,0.30488
1429,7145,0.02246,0.89795,0.02441,-0.42683,0.18293,0.24390
1430,7150,0.02637,0.89502,0.02832,-0.30488,0.24390,0.18293
1431,7155,0.02588,0.89355,0.02734,-0.42683,0.18293,0.24390
1432,7160,0.02441,0.89893,0.02539,-0.36585,0.18293,0.24390
1433,7165,0.02441,0.89893,0.02539,-0.36585,0.18293,0.24390
1434,7170,0.02051,0.89746,0.02344,-0.42683,0.12195,0.24390
1435,7175,0.02246,0.89844,0.02734,-0.36585,0.12195,0.24390
1436,7180,0.02148,0.89648,0.02783,-0.30488,0.24390,0.36585
1437,7185,0.02295,0.89697,0.02783,-0.30488,0.24390,0.24390
1438,7190,0.02832,0.89795,0.03027,-0.42683,0.24390,0.30488
1439,7195,0.02832,0.89795,0.03027,-0.42683,0.24390,0.30488
1440,7200,0.02441,0.89648,0.02930,-0.30488,0.24390,0.30488
1441,7205,0.02344,0.89648,0.03076,-0.30488,0.24390,0.36585
1442,7210,0.02393,0.89502,0.02002,-0.36585,0.12195,0.36585
1443,7215,0.02490,0.89844,0.02979,-0.12195,0.18293,0.36585
1444,7220,0.02539,0.90088,0.02393,-0.24390,0.06098,0.18293
1445,7225,0.02197,0.89844,0.02588,-0.36585,0.06098,0.24390
1446,7230,0.02197,0.89844,0.02588,-0.36585,0.06098,0.24390
1447,7235,0.02148,0.89697,0.02734,-0.42683,0.18293,0.36585
1448,7240,0.02344,0.89697,0.02686,-0.42683,0.06098,0.36585
1449,7245,0.02100,0.89600,0.02783,-0.36585,0.06098,0.36585
1450,7250,0.02393,0.89648,0.02100,-0.48780,0.12195,0.24390
1451,7255,0.02246,0.89648,0.03027,-0.36585,0.12195,0.30488
1452,7260,0.02246,0.89648,0.03027,-0.36585,0.12195,0.30488
1453,7265,0.02051,0.89697,0.02881,-0.36585,0.06098,0.24390
1454,7270,0.02197,0.89795,0.02393,-0.60976,0.24390,0.30488
1455,7275,0.02295,0.89844,0.02441,-0.42683,0.24390,0.30488
1456,7280,0.02148,0.90039,0.02344,-0.36585,0.30488,0.24390
1457,7285,0.02100,0.89941,0.02588,-0.36585,0.24390,0.24390
1458,7290,0.02197,0.89600,0.02686,-0.30488,0.12195,0.12195
1459,7295,0.02197,0.89697,0.02832,-0.42683,0.12195,0.30488
1460,7300,0.02246,0.89746,0.02783,-0.36585,0.24390,0.30488
1461,7305,0.02441,0.89502,0.02637,-0.42683,0.12195,0.24390
1462,7310,0.02246,0.89941,0.02393,-0.36585,0.18293,0.30488
1463,7315,0.02295,0.89844,0.02734,-0.30488,0.24390,0.18293
1464,7320,0.02148,0.89697,0.02393,-0.48780,0.18293,0.24390
1465,7325,0.02344,0.89258,0.02539,-0.36585,0.18293,0.30488
1466,7330,0.02344,0.89941,0.02637,-0.36585,0.12195,0.18293
1467,7335,0.02246,0.89795,0.02832,-0.30488,0.12195,0.30488
1468,7340,0.02051,0.90088,0.02832,-0.36585,0.24390,0.18293
1469,7345,0.02148,0.89746,0.03076,-0.30488,0.18293,0.24390
1470,7350,0.02197,0.89697,0.03027,-0.30488,0.12195,0.30488
1471,7355,0.02197,0.89697,0.02490,-0.36585,0.18293,0.18293
1472,7360,0.02148,0.89648,0.02393,-0.42683,0.24390,0.30488
1473,7365,0.02344,0.89648,0.02490,-0.30488,0.24390,0.30488
1474,7370,0.02441,0.90039,0.02783,-0.30488,0.18293,0.36585
1475,7375,0.02246,0.89941,0.03027,-0.24390,0.06098,0.30488
1476,7380,0.02393,0.89893,0.02881,-0.30488,0.18293,0.24390
1477,7385,0.02588,0.89551,0.02832,-0.30488,0.30488,0.36585
1478,7390,0.02539,0.89600,0.02246,-0.36585,0.12195,0.30488
1479,7395,0.02197,0.89746,0.02490,-0.30488,0.12195,0.12195
1480,7400,0.02295,0.89648,0.02393,-0.30488,0.18293,0.24390
1481,7405,0.02441,0.89600,0.03027,-0.24390,0.18293,0.30488
1482,7410,0.02295,0.89795,0.02734,-0.36585,0.12195,0.24390
1483,7415,0.02295,0.89648,0.02783,-0.24390,0.06098,0.30488
1484,7420,0.02344,0.89893,0.02881,-0.36585,0.18293,0.30488
1485,7425,0.02490,0.89551,0.02539,-0.30488,0.18293,0.30488
1486,7430,0.02686,0.89502,0.02588,-0.30488,0.18293,0.30488
1487,7435,0.02295,0.89746,0.02637,-0.36585,0.18293,0.36585
1488,7440,0.02148,0.89697,0.02881,-0.24390,0.18293,0.30488
1489,7445,0.02783,0.89844,0.03223,-0.36585,0.18293,0.18293
1490,7450,0.02490,0.89648,0.02930,-0.48780,0.18293,0.18293
1491,7455,0.02002,0.89844,0.02637,-0.36585,0.12195,0.18293
1492,7460,0.02051,0.89795,0.02979,-0.30488,0.18293,0.36585
1493,7465,0.02100,0.89697,0.02393,-0.36585,0.12195,0.36585
1494,7470,0.02148,0.89844,0.02637,-0.30488,0.12195,0.18293
1495,7475,0.02148,0.89697,0.02686,-0.42683,0.24390,0.18293
1496,7480,0.02051,0.89844,0.03076,-0.30488,0.12195,0.24390
1497,7485,0.02637,0.89697,0.02930,-0.30488,0.18293,0.18293
1498,7490,0.02490,0.89648,0.02686,-0.36585,0.12195,0.36585
1499,7495,0.02393,0.89990,0.02686,-0.30488,0.12195,0.24390
1500,7500,0.02490,0.89941,0.02539,-0.36585,0.18293,0.24390
1501,7505,0.02197,0.89404,0.02783,-0.24390,0.12195,0.30488
1502,7510,0.02246,0.89600,0.02588,-0.36585,0.18293,0.30488
1503,7515,0.02148,0.89795,0.02344,-0.24390,0.24390,0.30488
1504,7520,0.02295,0.89453,0.02783,-0.24390,0.18293,0.24390
1505,7525,0.02441,0.89697,0.02979,-0.30488,0.18293,0.30488
1506,7530,0.02148,0.89795,0.02783,-0.42683,0.30488,0.24390
1507,7535,0.02197,0.89844,0.02637,-0.18293,0.24390,0.18293
1508,7540,0.02246,0.89453,0.02832,-0.12195,0.06098,0.30488
1509,7545,0.02148,0.89746,0.02490,-0.30488,0.18293,0.24390
1510,7550,0.02051,0.89697,0.02490,-0.42683,0.24390,0.18293
1511,7555,0.02490,0.89502,0.02686,-0.30488,0.24390,0.24390
1512,7560,0.02246,0.89941,0.02637,-0.36585,0.18293,0.30488
1513,7565,0.02100,0.89697,0.02637,-0.36585,0.12195,0.36585
1514,7570,0.02588,0.89697,0.02588,-0.30488,0.18293,0.30488
1515,7575,0.02490,0.90039,0.02441,-0.18293,0.30488,0.12195
1516,7580,0.02246,0.89893,0.02686,-0.48780,0.18293,0.12195
1517,7585,0.02441,0.89551,0.02490,-0.36585,0.06098,0.24390
1518,7590,0.02148,0.89355,0.02734,-0.42683,0.12195,0.30488
1519,7595,0.01855,0.89502,0.02686,-0.24390,0.18293,0.24390
1520,7600,0.02148,0.89893,0.02344,-0.24390,0.24390,0.36585
1521,7605,0.02100,0.89600,0.02832,-0.42683,0.18293,0.30488
1522,7610,0.02002,0.89551,0.02783,-0.36585,0.12195,0.24390
1523,7615,0.02148,0.89844,0.02979,-0.30488,0.18293,0.24390
1524,7620,0.02441,0.89844,0.02637,-0.24390,0.18293,0.18293
1525,7625,0.02148,0.89746,0.02441,-0.24390,0.18293,0.18293
1526,7630,0.02393,0.89600,0.02832,-0.30488,0.18293,0.30488
1527,7635,0.02393,0.89697,0.02686,-0.48780,0.18293,0.18293
1528,7640,0.02051,0.89746,0.02441,-0.42683,0.12195,0.12195
1529,7645,0.02100,0.89795,0.02686,-0.36585,0.18293,0.24390
1530,7650,0.01904,0.89746,0.02734,-0.42683,0.24390,0.30488
1531,7655,0.02295,0.89502,0.02539,-0.42683,0.24390,0.24390
1532,7660,0.02246,0.89795,0.02637,-0.24390,0.12195,0.24390
1533,7665,0.02197,0.89697,0.02490,-0.42683,0.24390,0.24390
1534,7670,0.02490,0.89941,0.02930,-0.36585,0.24390,0.18293
1535,7675,0.02588,0.89746,0.02783,-0.24390,0.18293,0.24390
1536,7680,0.02197,0.89893,0.02930,-0.18293,0.18293,0.30488
1537,7685,0.02197,0.89990,0.02783,-0.24390,0.24390,0.18293
1538,7690,0.02002,0.89844,0.02637,-0.42683,0.12195,0.24390
1539,7695,0.02197,0.89795,0.02637,-0.42683,0.12195,0.18293
1540,7700,0.02148,0.89990,0.02637,-0.36585,0.18293,0.36585
1541,7705,0.02295,0.89746,0.02686,-0.30488,0.12195,0.30488
1542,7710,0.02393,0.89844,0.02588,-0.48780,0.18293,0.18293
1543,7715,0.02002,0.89746,0.02393,-0.30488,0.30488,0.24390
1544,7720,0.02246,0.89648,0.02539,-0.30488,0.18293,0.30488
1545,7725,0.02148,0.89697,0.02539,-0.42683,0.18293,0.30488
1546,7730,0.02295,0.90039,0.02344,-0.42683,0.18293,0.12195
1547,7735,0.02100,0.89941,0.02441,-0.42683,0.24390,0.30488
1548,7740,0.02588,0.89697,0.02832,-0.54878,0.30488,0.24390
1549,7745,0.02441,0.89795,0.02783,-0.42683,0.00000,0.24390
1550,7750,0.02734,0.89600,0.02637,-0.36585,0.18293,0.18293
1551,7755,0.02246,0.89990,0.02344,-0.18293,0.24390,0.24390
1552,7760,0.02051,0.90039,0.02539,-0.36585,0.30488,0.30488
1553,7765,0.02051,0.89746,0.02588,-0.30488,0.18293,0.36585
1554,7770,0.02246,0.90039,0.03223,-0.24390,0.12195,0.24390
1555,7775,0.02100,0.89795,0.02637,-0.30488,0.12195,0.24390
1556,7780,0.02246,0.90088,0.02295,-0.30488,0.24390,0.18293
1557,7785,0.02539,0.89697,0.02490,-0.30488,0.12195,0.30488
1558,7790,0.02051,0.89502,0.02881,-0.24390,0.12195,0.18293
1559,7795,0.02051,0.89551,0.02979,-0.42683,0.12195,0.24390
1560,7800,0.02393,0.89697,0.02832,-0.24390,0.18293,0.24390
1561,7805,0.02441,0.89990,0.02686,-0.36585,0.18293,0.24390
1562,7810,0.02295,0.90039,0.02832,-0.42683,0.18293,0.30488
1563,7815,0.02441,0.89648,0.02197,-0.24390,0.18293,0.30488
1564,7820,0.02100,0.89355,0.02734,-0.24390,0.18293,0.30488
1565,7825,0.02344,0.89502,0.02490,-0.42683,0.18293,0.24390
1566,7830,0.02539,0.89893,0.02148,-0.42683,0.18293,0.18293
1567,7835,0.02490,0.89502,0.02930,-0.36585,0.00000,0.18293
1568,7840,0.02393,0.89893,0.02393,-0.36585,0.18293,0.30488
1569,7845,0.02490,0.89990,0.02734,-0.48780,0.30488,0.30488
1570,7850,0.02686,0.89404,0.03027,-0.30488,0.12195,0.24390
1571,7855,0.02588,0.89844,0.02930,-0.24390,0.18293,0.42683
1572,7860,0.02588,0.89453,0.02686,-0.48780,0.30488,0.24390
1573,7865,0.02588,0.89453,0.02686,-0.48780,0.30488,0.24390
1574,7870,0.02246,0.89404,0.03271,-0.36585,0.18293,0.18293
1575,7875,0.02734,0.89600,0.02783,-0.36585,0.12195,0.30488
1576,7880,0.02197,0.90088,0.02441,-0.42683,0.18293,0.36585
1577,7885,0.02344,0.89844,0.02686,-0.30488,0.18293,0.30488
1578,7890,0.02344,0.90088,0.03418,-0.36585,0.18293,0.24390
1579,7895,0.02197,0.89648,0.02881,-0.18293,0.24390,0.24390
1580,7900,0.02197,0.89648,0.02881,-0.18293,0.24390,0.24390
1581,7905,0.02197,0.89502,0.02539,-0.18293,0.18293,0.30488
1582,7910,0.02393,0.89795,0.02686,-0.18293,0.18293,0.18293
1583,7915,0.02539,0.89746,0.02979,-0.30488,0.24390,0.18293
1584,7920,0.02197,0.89893,0.02881,-0.36585,0.24390,0.24390
1585,7925,0.02197,0.89844,0.02588,-0.36585,0.18293,0.18293
1586,7930,0.02197,0.89844,0.02588,-0.36585,0.18293,0.18293
1587,7935,0.02295,0.89893,0.02686,-0.48780,0.12195,0.12195
1588,7940,0.02295,0.89648,0.02637,-0.36585,0.24390,0.24390
1589,7945,0.02148,0.89404,0.02686,-0.30488,0.18293,0.24390
1590,7950,0.02051,0.89697,0.02832,-0.18293,0.30488,0.24390
1591,7955,0.02197,0.89746,0.03076,-0.24390,0.18293,0.30488
1592,7960,0.02100,0.89893,0.02539,-0.36585,0.06098,0.30488
1593,7965,0.01953,0.89941,0.02734,-0.42683,0.18293,0.30488
1594,7970,0.02295,0.89697,0.02637,-0.42683,0.18293,0.24390
1595,7975,0.02490,0.89746,0.02637,-0.42683,0.18293,0.24390
1596,7980,0.02148,0.89746,0.02246,-0.30488,0.18293,0.24390
1597,7985,0.02002,0.89648,0.02490,-0.24390,0.18293,0.30488
1598,7990,0.02002,0.89648,0.02686,-0.30488,0.12195,0.24390
1599,7995,0.02490,0.89600,0.02930,-0.36585,0.18293,0.24390
1600,8000,0.02490,0.89893,0.02783,-0.36585,0.18293,0.24390
1601,8005,0.02393,0.89697,0.03223,-0.36585,0.18293,0.36585
1602,8010,0.02539,0.89746,0.02783,-0.30488,0.12195,0.24390
1603,8015,0.02197,0.89990,0.03125,-0.42683,0.24390,0.18293
1604,8020,0.02246,0.89941,0.02783,-0.36585,0.12195,0.30488
1605,8025,0.02295,0.89355,0.02393,-0.30488,0.12195,0.30488
1606,8030,0.02441,0.89697,0.02734,-0.24390,0.12195,0.24390
1607,8035,0.02344,0.89795,0.02686,-0.24390,0.24390,0.30488
1608,8040,0.02295,0.90039,0.02686,-0.36585,0.24390,0.24390
1609,8045,0.02490,0.89746,0.02295,-0.42683,0.06098,0.30488
1610,8050,0.02295,0.89648,0.02979,-0.48780,0.12195,0.18293
1611,8055,0.02441,0.90088,0.02783,-0.36585,0.18293,0.24390
1612,8060,0.02344,0.89795,0.02832,-0.36585,0.18293,0.36585
1613,8065,0.02051,0.89502,0.02441,-0.42683,0.24390,0.36585
1614,8070,0.02246,0.89844,0.02637,-0.24390,0.12195,0.36585
1615,8075,0.02344,0.90137,0.02588,-0.24390,0.12195,0.18293
1616,8080,0.02295,0.89941,0.02832,-0.36585,0.18293,0.18293
1617,8085,0.02197,0.89795,0.03125,-0.36585,0.12195,0.24390
1618,8090,0.02295,0.89795,0.02734,-0.42683,0.24390,0.24390
1619,8095,0.02686,0.89844,0.02881,-0.48780,0.06098,0.12195
1620,8100,0.02490,0.89795,0.02734,-0.42683,0.06098,0.18293
1621,8105,0.02588,0.89648,0.02393,-0.42683,0.24390,0.24390
1622,8110,0.02051,0.89941,0.02441,-0.36585,0.30488,0.36585
1623,8115,0.02344,0.89795,0.02637,-0.36585,0.18293,0.24390
1624,8120,0.02295,0.89453,0.02734,-0.36585,0.12195,0.24390
1625,8125,0.02148,0.89746,0.02637,-0.36585,0.12195,0.24390
1626,8130,0.02100,0.89600,0.02637,-0.36585,0.18293,0.30488
1627,8135,0.02100,0.89697,0.02393,-0.30488,0.06098,0.30488
1628,8140,0.02393,0.89990,0.02734,-0.18293,0.18293,0.24390
1629,8145,0.02441,0.89746,0.02637,-0.42683,0.18293,0.30488
1630,8150,0.02295,0.89404,0.02832,-0.24390,0.24390,0.42683
1631,8155,0.02539,0.90039,0.02832,-0.42683,0.18293,0.24390
1632,8160,0.02490,0.89844,0.02539,-0.36585,0.06098,0.18293
1633,8165,0.02100,0.89648,0.02783,-0.30488,0.06098,0.30488
1634,8170,0.02100,0.89355,0.02881,-0.30488,0.24390,0.36585
1635,8175,0.02490,0.89746,0.02734,-0.30488,0.18293,0.36585
1636,8180,0.02637,0.89746,0.02979,-0.36585,0.18293,0.24390
1637,8185,0.02441,0.89600,0.02734,-0.30488,0.12195,0.30488
1638,8190,0.02344,0.89844,0.02734,-0.36585,0.18293,0.30488
1639,8195,0.02490,0.89502,0.02637,-0.36585,0.18293,0.24390
1640,8200,0.02197,0.89648,0.02832,-0.36585,0.24390,0.30488
1641,8205,0.01953,0.89453,0.02588,-0.24390,0.12195,0.18293
1642,8210,0.02393,0.89697,0.03125,-0.42683,0.24390,0.24390
1643,8215,0.02441,0.89746,0.02930,-0.42683,0.24390,0.24390
1644,8220,0.02051,0.89697,0.02881,-0.36585,0.18293,0.24390
1645,8225,0.02295,0.89600,0.02930,-0.30488,0.24390,0.18293
1646,8230,0.02295,0.89941,0.02686,-0.36585,0.24390,0.18293
1647,8235,0.02148,0.90039,0.02686,-0.42683,0.06098,0.24390
1648,8240,0.02197,0.89990,0.02490,-0.42683,0.18293,0.24390
1649,8245,0.01904,0.89355,0.02881,-0.42683,0.18293,0.24390
1650,8250,0.02441,0.89453,0.03125,-0.48780,0.18293,0.42683
1651,8255,0.02441,0.89600,0.02979,-0.48780,0.18293,0.30488
1652,8260,0.02344,0.89746,0.02783,-0.48780,0.06098,0.24390
1653,8265,0.02295,0.89941,0.02686,-0.48780,0.24390,0.24390
1654,8270,0.02539,0.89844,0.02539,-0.60976,0.24390,0.36585
1655,8275,0.02051,0.89893,0.02783,-0.48780,0.12195,0.30488
1656,8280,0.02051,0.89697,0.03271,-0.36585,0.12195,0.24390
1657,8285,0.02051,0.89844,0.02832,-0.48780,0.18293,0.30488
1658,8290,0.02051,0.89648,0.02881,-0.42683,0.18293,0.36585
1659,8295,0.02344,0.89648,0.03027,-0.42683,0.12195,0.36585
1660,8300,0.02393,0.89551,0.02881,-0.36585,0.18293,0.30488
1661,8305,0.02344,0.89697,0.02490,-0.42683,0.24390,0.24390
1662,8310,0.02246,0.89893,0.02588,-0.30488,0.12195,0.24390
1663,8315,0.02246,0.89844,0.02783,-0.48780,0.18293,0.24390
1664,8320,0.02490,0.89697,0.02783,-0.36585,0.18293,0.36585
1665,8325,0.02441,0.89648,0.03027,-0.24390,0.12195,0.18293
1666,8330,0.02393,0.89648,0.02832,-0.18293,0.18293,0.30488
1667,8335,0.02539,0.89502,0.02783,-0.30488,0.36585,0.36585
1668,8340,0.02295,0.89795,0.02832,-0.36585,0.12195,0.30488
1669,8345,0.02197,0.89795,0.03271,-0.24390,0.06098,0.36585
1670,8350,0.02441,0.89893,0.02832,-0.42683,0.24390,0.24390
1671,8355,0.02148,0.89893,0.02930,-0.42683,0.30488,0.30488
1672,8360,0.02100,0.89795,0.02881,-0.42683,0.12195,0.24390
1673,8365,0.02100,0.89893,0.02783,-0.30488,0.12195,0.24390
1674,8370,0.02246,0.89893,0.02734,-0.18293,0.18293,0.24390
1675,8375,0.02441,0.89746,0.02393,-0.24390,0.18293,0.24390
1676,8380,0.02344,0.89844,0.02588,-0.42683,0.30488,0.30488
1677,8385,0.02344,0.89795,0.02881,-0.36585,0.30488,0.24390
1678,8390,0.02344,0.89844,0.02734,-0.48780,0.24390,0.12195
1679,8395,0.02246,0.89600,0.02637,-0.42683,0.18293,0.24390
1680,8400,0.02295,0.89648,0.03125,-0.36585,0.18293,0.18293
1681,8405,0.02295,0.89551,0.02783,-0.24390,0.24390,0.36585
1682,8410,0.02441,0.89648,0.02832,-0.12195,0.24390,0.36585
1683,8415,0.02441,0.89990,0.02832,-0.42683,0.18293,0.30488
1684,8420,0.02295,0.89893,0.02588,-0.36585,0.18293,0.24390
1685,8425,0.02393,0.89697,0.02637,-0.36585,0.18293,0.24390
1686,8430,0.02246,0.89795,0.02832,-0.54878,0.18293,0.18293
1687,8435,0.02588,0.89600,0.02637,-0.36585,0.18293,0.24390
1688,8440,0.02393,0.89697,0.02832,-0.36585,0.18293,0.18293
1689,8445,0.01904,0.89551,0.03125,-0.42683,0.12195,0.30488
1690,8450,0.02393,0.89502,0.02441,-0.42683,0.06098,0.30488
1691,8455,0.02490,0.89697,0.02588,-0.30488,0.18293,0.24390
1692,8460,0.02490,0.89746,0.02637,-0.36585,0.18293,0.18293
1693,8465,0.02197,0.89746,0.02637,-0.42683,0.24390,0.18293
1694,8470,0.02344,0.89502,0.02734,-0.42683,0.12195,0.24390
1695,8475,0.02490,0.89844,0.02539,-0.30488,0.18293,0.12195
1696,8480,0.02295,0.89795,0.02930,-0.36585,0.24390,0.24390
1697,8485,0.01953,0.89648,0.02588,-0.48780,0.18293,0.30488
1698,8490,0.02393,0.89941,0.02686,-0.30488,0.18293,0.24390
1699,8495,0.02441,0.89746,0.03027,-0.24390,0.24390,0.30488
1700,8500,0.02490,0.89453,0.02930,-0.36585,0.18293,0.30488
1701,8505,0.02344,0.89404,0.02832,-0.42683,0.12195,0.30488
1702,8510,0.02197,0.89746,0.02832,-0.30488,0.24390,0.30488
1703,8515,0.02393,0.89600,0.02734,-0.30488,0.24390,0.30488
1704,8520,0.02490,0.89795,0.03076,-0.36585,0.18293,0.36585
1705,8525,0.01855,0.89697,0.02734,-0.36585,0.18293,0.30488
1706,8530,0.02246,0.89844,0.02979,-0.30488,0.06098,0.24390
1707,8535,0.02246,0.89844,0.02979,-0.30488,0.06098,0.24390
1708,8540,0.02588,0.89697,0.02539,-0.36585,0.12195,0.24390
1709,8545,0.02148,0.89844,0.02734,-0.36585,0.18293,0.30488
1710,8550,0.02051,0.89746,0.02246,-0.36585,0.24390,0.30488
1711,8555,0.02295,0.89697,0.02686,-0.36585,0.24390,0.24390
1712,8560,0.02441,0.89844,0.02783,-0.30488,0.24390,0.30488
1713,8565,0.02246,0.89893,0.02832,-0.42683,0.18293,0.24390
1714,8570,0.02246,0.89893,0.02832,-0.42683,0.18293,0.24390
1715,8575,0.02246,0.89697,0.03076,-0.48780,0.18293,0.24390
1716,8580,0.02344,0.89795,0.02686,-0.24390,0.30488,0.24390
1717,8585,0.02295,0.89746,0.02490,-0.36585,0.30488,0.30488
1718,8590,0.01855,0.89746,0.02441,-0.36585,0.12195,0.24390
1719,8595,0.02344,0.89551,0.02441,-0.42683,0.24390,0.30488
1720,8600,0.02344,0.89551,0.02441,-0.42683,0.24390,0.30488
1721,8605,0.02393,0.89844,0.02588,-0.54878,0.24390,0.30488
1722,8610,0.02197,0.90088,0.03320,-0.30488,0.18293,0.24390
1723,8615,0.02539,0.89697,0.02783,-0.18293,0.24390,0.24390
1724,8620,0.02393,0.89600,0.02979,-0.30488,0.24390,0.24390
1725,8625,0.02295,0.89600,0.02979,-0.42683,0.12195,0.24390
1726,8630,0.02295,0.89990,0.02637,-0.24390,0.24390,0.30488
1727,8635,0.02148,0.89941,0.02441,-0.42683,0.18293,0.24390
1728,8640,0.02100,0.89600,0.02197,-0.36585,0.12195,0.30488
1729,8645,0.02441,0.89600,0.02979,-0.36585,0.24390,0.36585
1730,8650,0.02490,0.89746,0.02539,-0.42683,0.24390,0.18293
1731,8655,0.02100,0.89893,0.02490,-0.36585,0.12195,0.06098
1732,8660,0.02295,0.89600,0.02979,-0.24390,0.24390,0.24390
1733,8665,0.02539,0.89600,0.03076,-0.30488,0.06098,0.36585
1734,8670,0.02393,0.89795,0.02881,-0.30488,0.12195,0.30488
1735,8675,0.02490,0.89746,0.02686,-0.12195,0.24390,0.30488
1736,8680,0.02637,0.90039,0.02588,-0.30488,0.18293,0.30488
1737,8685,0.02148,0.90039,0.02246,-0.42683,0.12195,0.24390
1738,8690,0.02197,0.89453,0.02783,-0.36585,0.18293,0.30488
1739,8695,0.02197,0.89551,0.03027,-0.48780,0.24390,0.30488
1740,8700,0.02148,0.89893,0.03125,-0.30488,0.12195,0.30488
1741,8705,0.02393,0.89502,0.02979,-0.24390,0.12195,0.30488
1742,8710,0.02393,0.89746,0.02490,-0.24390,0.24390,0.24390
1743,8715,0.02490,0.89697,0.02637,-0.42683,0.24390,0.24390
1744,8720,0.02393,0.89502,0.03027,-0.42683,0.18293,0.36585
1745,8725,0.02148,0.89551,0.03076,-0.36585,0.24390,0.18293
1746,8730,0.02148,0.89648,0.02588,-0.30488,0.30488,0.30488
1747,8735,0.02295,0.89941,0.02441,-0.30488,0.06098,0.24390
1748,8740,0.01904,0.89551,0.02588,-0.24390,0.12195,0.36585
1749,8745,0.02246,0.89746,0.02832,-0.36585,0.18293,0.30488
1750,8750,0.02441,0.89551,0.02539,-0.36585,0.06098,0.18293
1751,8755,0.02539,0.89453,0.02734,-0.36585,0.12195,0.42683
1752,8760,0.02295,0.89551,0.02979,-0.48780,0.24390,0.30488
1753,8765,0.02246,0.89551,0.02686,-0.30488,0.06098,0.18293
1754,8770,0.02588,0.89746,0.02734,-0.30488,0.12195,0.24390
1755,8775,0.02197,0.89746,0.02783,-0.36585,0.18293,0.24390
1756,8780,0.02246,0.89551,0.02393,-0.36585,0.12195,0.30488
1757,8785,0.02197,0.89648,0.02148,-0.18293,0.18293,0.24390
1758,8790,0.02393,0.90088,0.02344,-0.30488,0.24390,0.24390
1759,8795,0.02246,0.89844,0.02686,-0.24390,0.12195,0.30488
1760,8800,0.02148,0.89697,0.03320,-0.48780,0.18293,0.24390
1761,8805,0.02100,0.89697,0.02832,-0.42683,0.24390,0.24390
1762,8810,0.02197,0.89893,0.02832,-0.24390,0.18293,0.30488
1763,8815,0.02100,0.89648,0.02832,-0.42683,0.18293,0.18293
1764,8820,0.02393,0.89648,0.02881,-0.42683,0.12195,0.18293
1765,8825,0.02295,0.89893,0.02783,-0.42683,0.06098,0.18293
1766,8830,0.02100,0.89844,0.02783,-0.36585,0.12195,0.24390
1767,8835,0.02344,0.89648,0.02881,-0.42683,0.36585,0.24390
1768,8840,0.02344,0.89795,0.02686,-0.36585,0.24390,0.24390
1769,8845,0.02295,0.89648,0.02295,-0.48780,0.18293,0.24390
1770,8850,0.02197,0.89697,0.03027,-0.18293,0.06098,0.36585
1771,8855,0.02490,0.89941,0.02881,-0.24390,0.06098,0.42683
1772,8860,0.02490,0.89795,0.02783,-0.30488,0.24390,0.30488
1773,8865,0.02295,0.89746,0.02686,-0.42683,0.18293,0.24390
1774,8870,0.01953,0.89648,0.02441,-0.48780,0.18293,0.24390
1775,8875,0.02100,0.89893,0.02441,-0.36585,0.18293,0.18293
1776,8880,0.02246,0.90088,0.02881,-0.36585,0.18293,0.36585
1777,8885,0.02490,0.89258,0.02930,-0.42683,0.18293,0.24390
1778,8890,0.02295,0.89697,0.02637,-0.30488,0.18293,0.42683
1779,8895,0.02100,0.89990,0.02832,-0.30488,0.18293,0.24390
1780,8900,0.02393,0.89746,0.02881,-0.24390,0.18293,0.24390
1781,8905,0.02344,0.89795,0.02979,-0.30488,0.24390,0.24390
1782,8910,0.02246,0.89648,0.02783,-0.42683,0.30488,0.24390
1783,8915,0.02100,0.89697,0.02588,-0.30488,0.18293,0.18293
1784,8920,0.02246,0.90039,0.03076,-0.42683,0.18293,0.24390
1785,8925,0.02295,0.89941,0.02637,-0.42683,0.12195,0.18293
1786,8930,0.02148,0.89600,0.02881,-0.30488,0.18293,0.30488
1787,8935,0.02295,0.89795,0.02783,-0.18293,0.24390,0.48780
1788,8940,0.02295,0.89844,0.02686,-0.24390,0.12195,0.30488
1789,8945,0.02100,0.89648,0.02783,-0.36585,0.12195,0.18293
1790,8950,0.02246,0.89648,0.02588,-0.30488,0.12195,0.18293
1791,8955,0.02393,0.89551,0.02783,-0.36585,0.12195,0.30488
1792,8960,0.02344,0.89795,0.03027,-0.30488,0.24390,0.36585
1793,8965,0.02197,0.89795,0.02441,-0.36585,0.18293,0.12195
1794,8970,0.02490,0.89551,0.02686,-0.36585,0.12195,0.24390
1795,8975,0.01855,0.89600,0.02930,-0.30488,0.24390,0.30488
1796,8980,0.02002,0.89844,0.02588,-0.42683,0.18293,0.24390
1797,8985,0.02295,0.89648,0.02783,-0.42683,0.24390,0.30488
1798,8990,0.02148,0.89600,0.02832,-0.42683,0.24390,0.30488
1799,8995,0.02588,0.89600,0.02783,-0.30488,0.18293,0.36585
1800,9000,0.02588,0.89893,0.03027,-0.42683,0.18293,0.30488
1801,9005,0.02344,0.89844,0.02490,-0.30488,0.18293,0.24390
1802,9010,0.02197,0.89844,0.02783,-0.24390,0.18293,0.30488
1803,9015,0.02148,0.89746,0.02686,-0.30488,0.24390,0.24390
1804,9020,0.02148,0.89893,0.02441,-0.48780,0.18293,0.18293
1805,9025,0.02295,0.89600,0.02295,-0.36585,0.18293,0.30488
1806,9030,0.02393,0.89941,0.02637,-0.30488,0.18293,0.36585
1807,9035,0.02588,0.89795,0.02734,-0.24390,0.30488,0.24390
1808,9040,0.02441,0.89746,0.02881,-0.36585,0.24390,0.36585
1809,9045,0.02148,0.89795,0.03027,-0.36585,0.12195,0.24390
1810,9050,0.02686,0.89746,0.02930,-0.36585,0.06098,0.30488
1811,9055,0.02393,0.89795,0.02588,-0.42683,0.18293,0.36585
1812,9060,0.02051,0.89697,0.02588,-0.30488,0.18293,0.18293
1813,9065,0.02295,0.89746,0.02246,-0.30488,0.18293,0.36585
1814,9070,0.02246,0.89893,0.02295,-0.36585,0.24390,0.30488
1815,9075,0.01953,0.89697,0.02734,-0.42683,0.12195,0.36585
1816,9080,0.02100,0.89844,0.03125,-0.48780,0.06098,0.30488
1817,9085,0.01953,0.89453,0.03027,-0.30488,0.18293,0.30488
1818,9090,0.02393,0.89551,0.03076,-0.36585,0.12195,0.30488
1819,9095,0.02344,0.89551,0.02930,-0.30488,0.06098,0.30488
1820,9100,0.02197,0.89844,0.02881,-0.42683,0.18293,0.30488
1821,9105,0.02441,0.89746,0.02588,-0.42683,0.18293,0.36585
1822,9110,0.02246,0.89697,0.02832,-0.42683,0.12195,0.18293
1823,9115,0.02051,0.89844,0.02490,-0.24390,0.12195,0.30488
1824,9120,0.02148,0.89893,0.02686,-0.36585,0.18293,0.30488
1825,9125,0.02344,0.89844,0.02441,-0.24390,0.06098,0.30488
1826,9130,0.02246,0.89600,0.02588,-0.24390,0.12195,0.12195
1827,9135,0.02393,0.89355,0.02881,-0.48780,0.24390,0.12195
1828,9140,0.02295,0.89697,0.02979,-0.30488,0.12195,0.24390
1829,9145,0.02441,0.89893,0.02930,-0.24390,0.18293,0.24390
1830,9150,0.02295,0.89600,0.02832,-0.36585,0.36585,0.24390
1831,9155,0.02148,0.89648,0.02832,-0.36585,0.24390,0.12195
1832,9160,0.02100,0.89844,0.02393,-0.36585,0.12195,0.30488
1833,9165,0.02197,0.89404,0.03027,-0.36585,0.18293,0.24390
1834,9170,0.02100,0.89404,0.02930,-0.30488,0.12195,0.24390
1835,9175,0.02148,0.89502,0.02344,-0.30488,0.18293,0.36585
1836,9180,0.02051,0.89697,0.02832,-0.30488,0.18293,0.30488
1837,9185,0.02100,0.89893,0.02832,-0.42683,0.12195,0.36585
1838,9190,0.02637,0.89600,0.03076,-0.42683,0.18293,0.30488
1839,9195,0.02490,0.89746,0.02539,-0.30488,0.12195,0.18293
1840,9200,0.02441,0.89893,0.02588,-0.42683,0.12195,0.18293
1841,9205,0.02441,0.89893,0.02588,-0.42683,0.12195,0.18293
1842,9210,0.02148,0.89746,0.03223,-0.36585,0.12195,0.36585
1843,9215,0.02002,0.89990,0.02490,-0.30488,0.12195,0.36585
1844,9220,0.02051,0.89551,0.02881,-0.30488,0.24390,0.30488
1845,9225,0.02441,0.89746,0.02881,-0.42683,0.12195,0.24390
1846,9230,0.02441,0.89404,0.02979,-0.36585,0.24390,0.18293
1847,9235,0.02197,0.89648,0.02686,-0.42683,0.18293,0.18293
1848,9240,0.02197,0.89648,0.02686,-0.42683,0.18293,0.18293
1849,9245,0.02588,0.90039,0.02686,-0.36585,0.12195,0.24390
1850,9250,0.02295,0.89844,0.02344,-0.36585,0.12195,0.18293
1851,9255,0.02246,0.89502,0.02344,-0.30488,0.18293,0.24390
1852,9260,0.02197,0.89600,0.03125,-0.36585,0.30488,0.24390
1853,9265,0.02295,0.89600,0.02734,-0.36585,0.18293,0.30488
1854,9270,0.02295,0.89600,0.02734,-0.36585,0.18293,0.30488
1855,9275,0.02295,0.89893,0.02783,-0.30488,0.18293,0.24390
1856,9280,0.02344,0.89941,0.03076,-0.36585,0.18293,0.18293
1857,9285,0.02393,0.89746,0.02783,-0.42683,0.06098,0.24390
1858,9290,0.02539,0.89600,0.02881,-0.36585,0.06098,0.24390
1859,9295,0.02490,0.89941,0.03271,-0.30488,0.18293,0.24390
1860,9300,0.02490,0.89941,0.03271,-0.30488,0.18293,0.24390
1861,9305,0.02295,0.89844,0.02734,-0.42683,0.24390,0.30488
1862,9310,0.02197,0.89697,0.02490,-0.42683,0.18293,0.30488
1863,9315,0.02637,0.89746,0.02539,-0.24390,0.12195,0.36585
1864,9320,0.02393,0.89160,0.02588,-0.36585,0.18293,0.24390
1865,9325,0.02490,0.89404,0.02588,-0.36585,0.12195,0.18293
1866,9330,0.02344,0.89746,0.02686,-0.42683,0.18293,0.18293
1867,9335,0.02490,0.89502,0.02832,-0.24390,0.12195,0.24390
1868,9340,0.02344,0.89648,0.02783,-0.36585,0.18293,0.12195
1869,9345,0.02051,0.89844,0.02588,-0.54878,0.12195,0.18293
1870,9350,0.02100,0.89600,0.02539,-0.54878,0.12195,0.24390
1871,9355,0.02148,0.89355,0.02832,-0.42683,0.12195,0.18293
1872,9360,0.02295,0.89697,0.02051,-0.42683,0.18293,0.18293
1873,9365,0.02197,0.89795,0.02832,-0.36585,0.18293,0.36585
1874,9370,0.02393,0.89844,0.02832,-0.30488,0.12195,0.24390
1875,9375,0.02393,0.89941,0.02539,-0.42683,0.12195,0.30488
1876,9380,0.02393,0.89746,0.02686,-0.24390,0.12195,0.24390
1877,9385,0.02100,0.89795,0.03027,-0.18293,0.30488,0.24390
1878,9390,0.02441,0.89893,0.02734,-0.36585,0.24390,0.24390
1879,9395,0.02686,0.89600,0.02490,-0.42683,0.18293,0.24390
1880,9400,0.02393,0.89697,0.02588,-0.30488,0.30488,0.30488
1881,9405,0.02197,0.89600,0.03076,-0.42683,0.24390,0.24390
1882,9410,0.02295,0.89746,0.02734,-0.42683,0.12195,0.24390
1883,9415,0.02148,0.89941,0.02588,-0.30488,0.18293,0.36585
1884,9420,0.02148,0.89746,0.03076,-0.24390,0.18293,0.30488
1885,9425,0.02393,0.89746,0.02979,-0.36585,0.18293,0.30488
1886,9430,0.02441,0.90039,0.02686,-0.36585,0.18293,0.30488
1887,9435,0.02344,0.89941,0.02783,-0.48780,0.06098,0.18293
1888,9440,0.02197,0.89600,0.02588,-0.36585,0.24390,0.30488
1889,9445,0.01953,0.89697,0.02783,-0.30488,0.12195,0.30488
1890,9450,0.01807,0.89795,0.02637,-0.42683,0.24390,0.24390
1891,9455,0.02490,0.89795,0.02881,-0.42683,0.18293,0.24390
1892,9460,0.02393,0.89551,0.02734,-0.42683,0.24390,0.30488
1893,9465,0.02051,0.89600,0.02686,-0.24390,0.18293,0.24390
1894,9470,0.02100,0.89746,0.02881,-0.30488,0.00000,0.30488
1895,9475,0.02588,0.89795,0.02441,-0.42683,0.12195,0.30488
1896,9480,0.02588,0.89551,0.02588,-0.42683,0.30488,0.30488
1897,9485,0.02246,0.89648,0.02734,-0.48780,0.24390,0.24390
1898,9490,0.02344,0.89502,0.02930,-0.30488,0.24390,0.30488
1899,9495,0.02295,0.89600,0.02344,-0.24390,0.12195,0.24390
1900,9500,0.02100,0.89795,0.02490,-0.42683,0.18293,0.30488
1901,9505,0.02393,0.89355,0.02783,-0.42683,0.06098,0.24390
1902,9510,0.02246,0.89551,0.02637,-0.36585,0.12195,0.18293
1903,9515,0.02295,0.89648,0.02637,-0.30488,0.24390,0.30488
1904,9520,0.02100,0.89697,0.02588,-0.30488,0.30488,0.36585
1905,9525,0.02295,0.89795,0.02881,-0.42683,0.30488,0.24390
1906,9530,0.02393,0.89844,0.02832,-0.48780,0.18293,0.48780
1907,9535,0.02637,0.90039,0.02490,-0.24390,0.18293,0.36585
1908,9540,0.01855,0.89551,0.02002,-0.36585,0.12195,0.30488
1909,9545,0.02246,0.89697,0.02490,-0.48780,0.12195,0.24390
1910,9550,0.02100,0.89746,0.02441,-0.48780,0.24390,0.30488
1911,9555,0.02148,0.89502,0.02490,-0.54878,0.30488,0.30488
1912,9560,0.01904,0.89697,0.02881,-0.36585,0.24390,0.24390
1913,9565,0.02344,0.89941,0.03174,-0.30488,0.18293,0.12195
1914,9570,0.02490,0.89697,0.02686,-0.36585,0.18293,0.24390
1915,9575,0.02393,0.89551,0.02686,-0.36585,0.18293,0.12195
1916,9580,0.02344,0.89648,0.02686,-0.36585,0.18293,0.30488
1917,9585,0.02295,0.89746,0.02881,-0.30488,0.12195,0.18293
1918,9590,0.02246,0.89893,0.02588,-0.48780,0.12195,0.30488
1919,9595,0.02100,0.89844,0.03027,-0.36585,0.18293,0.30488
1920,9600,0.02002,0.89941,0.02832,-0.36585,0.30488,0.24390
1921,9605,0.01953,0.89648,0.02588,-0.30488,0.24390,0.24390
1922,9610,0.02148,0.89551,0.03076,-0.24390,0.24390,0.18293
1923,9615,0.02246,0.89600,0.02979,-0.36585,0.12195,0.24390
1924,9620,0.02490,0.89502,0.02637,-0.42683,0.18293,0.24390
1925,9625,0.02051,0.89697,0.02783,-0.36585,0.30488,0.24390
1926,9630,0.02148,0.89990,0.03271,-0.36585,0.24390,0.36585
1927,9635,0.02246,0.89844,0.02393,-0.36585,0.18293,0.18293
1928,9640,0.02002,0.89990,0.02539,-0.24390,0.18293,0.24390
1929,9645,0.02393,0.89941,0.02734,-0.30488,0.18293,0.24390
1930,9650,0.02344,0.89697,0.02539,-0.42683,0.12195,0.24390
1931,9655,0.02295,0.89795,0.02686,-0.36585,0.12195,0.30488
1932,9660,0.02637,0.89648,0.03271,-0.30488,0.18293,0.24390
1933,9665,0.02295,0.89795,0.02637,-0.30488,0.18293,0.24390
1934,9670,0.02148,0.89551,0.02490,-0.30488,0.18293,0.24390
1935,9675,0.02441,0.89355,0.02734,-0.42683,0.12195,0.30488
1936,9680,0.02441,0.89551,0.02783,-0.48780,0.00000,0.30488
1937,9685,0.01953,0.89893,0.02295,-0.54878,0.18293,0.30488
1938,9690,0.02246,0.89795,0.02197,-0.42683,0.18293,0.36585
1939,9695,0.02295,0.89502,0.02734,-0.36585,0.18293,0.30488
1940,9700,0.02148,0.89893,0.03125,-0.36585,0.18293,0.24390
1941,9705,0.02344,0.89893,0.03076,-0.36585,0.30488,0.18293
1942,9710,0.02148,0.89746,0.02490,-0.42683,0.18293,0.36585
1943,9715,0.02344,0.89795,0.02686,-0.30488,0.18293,0.30488
1944,9720,0.02441,0.89697,0.02686,-0.30488,0.18293,0.24390
1945,9725,0.02148,0.89990,0.02686,-0.36585,0.18293,0.36585
1946,9730,0.02393,0.89795,0.02930,-0.42683,0.18293,0.24390
1947,9735,0.02148,0.89648,0.02441,-0.42683,0.18293,0.24390
1948,9740,0.02197,0.89551,0.02490,-0.42683,0.18293,0.24390
1949,9745,0.02295,0.89844,0.02539,-0.36585,0.24390,0.12195
1950,9750,0.02588,0.89941,0.02979,-0.48780,0.18293,0.18293
1951,9755,0.02393,0.89697,0.02930,-0.54878,0.12195,0.24390
1952,9760,0.02393,0.89600,0.02930,-0.30488,0.24390,0.36585
1953,9765,0.02393,0.89746,0.02539,-0.42683,0.18293,0.30488
1954,9770,0.02393,0.89697,0.02490,-0.42683,0.24390,0.30488
1955,9775,0.02344,0.89600,0.02832,-0.30488,0.24390,0.30488
1956,9780,0.02002,0.89746,0.02979,-0.36585,0.18293,0.24390
1957,9785,0.02539,0.90088,0.02783,-0.30488,0.18293,0.42683
1958,9790,0.02539,0.89844,0.02734,-0.30488,0.12195,0.24390
1959,9795,0.02051,0.89697,0.02637,-0.36585,0.00000,0.30488
1960,9800,0.02344,0.90039,0.03125,-0.30488,0.24390,0.30488
1961,9805,0.02393,0.89600,0.02832,-0.24390,0.30488,0.24390
1962,9810,0.02344,0.89941,0.02881,-0.30488,0.18293,0.18293
1963,9815,0.02344,0.89941,0.03027,-0.12195,0.24390,0.24390
1964,9820,0.02441,0.89746,0.02881,-0.36585,0.18293,0.30488
1965,9825,0.02393,0.89795,0.02734,-0.30488,0.12195,0.24390
1966,9830,0.02295,0.89502,0.02588,-0.24390,0.18293,0.24390
1967,9835,0.02148,0.89404,0.02148,-0.18293,0.12195,0.24390
1968,9840,0.02344,0.89600,0.02197,-0.24390,0.18293,0.30488
1969,9845,0.02539,0.89551,0.02979,-0.42683,0.18293,0.24390
1970,9850,0.02441,0.89941,0.02783,-0.18293,0.24390,0.36585
1971,9855,0.02100,0.89648,0.02930,-0.12195,0.18293,0.24390
1972,9860,0.02246,0.89844,0.02588,-0.36585,0.24390,0.30488
1973,9865,0.02393,0.89844,0.02734,-0.48780,0.18293,0.30488
1974,9870,0.02295,0.89600,0.02930,-0.24390,0.18293,0.18293
1975,9875,0.02295,0.89600,0.02930,-0.24390,0.18293,0.18293
1976,9880,0.02295,0.89844,0.02246,-0.36585,0.12195,0.30488
1977,9885,0.02197,0.89795,0.02490,-0.30488,0.24390,0.24390
1978,9890,0.02148,0.89697,0.03125,-0.42683,0.18293,0.12195
1979,9895,0.02051,0.89404,0.02881,-0.24390,0.18293,0.24390
1980,9900,0.02051,0.89941,0.02295,-0.24390,0.12195,0.30488
1981,9905,0.02344,0.90039,0.02881,-0.36585,0.12195,0.24390
1982,9910,0.02344,0.90039,0.02881,-0.36585,0.12195,0.24390
1983,9915,0.02295,0.89648,0.02686,-0.36585,0.12195,0.18293
1984,9920,0.02295,0.89697,0.02441,-0.54878,0.06098,0.24390
1985,9925,0.02148,0.89648,0.02686,-0.48780,0.12195,0.30488
1986,9930,0.02295,0.89600,0.02344,-0.42683,0.12195,0.24390
1987,9935,0.02393,0.89697,0.03076,-0.36585,0.12195,0.24390
1988,9940,0.02393,0.89697,0.03076,-0.36585,0.12195,0.24390
1989,9945,0.02588,0.89697,0.02734,-0.30488,0.12195,0.30488
1990,9950,0.02246,0.89697,0.02539,-0.42683,0.24390,0.36585
1991,9955,0.02344,0.89551,0.03076,-0.48780,0.24390,0.48780
1992,9960,0.02295,0.89941,0.02344,-0.36585,0.24390,0.24390
1993,9965,0.02246,0.89648,0.02344,-0.36585,0.18293,0.24390
1994,9970,0.02246,0.89648,0.02344,-0.36585,0.18293,0.24390
