seq,t_ms,ax_g,ay_g,az_g,gx_dps,gy_dps,gz_dps
0,1,0.01709,-1.09180,-0.03516,-0.24390,0.06098,0.24390
1,6,0.01221,-1.09082,-0.03857,-0.24390,0.00000,0.36585
2,11,0.01318,-1.08887,-0.03857,-0.36585,0.12195,0.36585
3,16,0.01416,-1.09082,-0.03760,-0.42683,0.12195,0.30488
4,20,0.01416,-1.09277,-0.03857,-0.54878,0.24390,0.36585
5,25,0.01318,-1.09229,-0.03955,-0.36585,0.30488,0.36585
6,30,0.00928,-1.09180,-0.04248,-0.18293,0.18293,0.24390
7,35,0.01270,-1.09033,-0.04053,-0.30488,0.18293,0.36585
8,40,0.01270,-1.09033,-0.03857,-0.36585,0.12195,0.30488
9,46,0.01514,-1.09033,-0.04004,-0.42683,0.18293,0.24390
10,51,0.01514,-1.08984,-0.03809,-0.30488,0.12195,0.24390
11,56,0.01465,-1.08887,-0.03418,-0.30488,0.06098,0.30488
12,61,0.01416,-1.09277,-0.03320,-0.18293,0.12195,0.36585
13,65,0.01318,-1.09375,-0.04297,-0.18293,0.12195,0.30488
14,70,0.01025,-1.09375,-0.04150,-0.48780,0.06098,0.30488
15,75,0.01318,-1.08740,-0.03906,-0.36585,0.06098,0.36585
16,80,0.01318,-1.08740,-0.03906,-0.36585,0.06098,0.36585
17,86,0.00879,-1.09521,-0.04248,-0.18293,0.18293,0.24390
18,91,0.01514,-1.09131,-0.04004,-0.36585,0.18293,0.24390
19,96,0.01562,-1.09033,-0.03613,-0.36585,0.24390,0.30488
20,101,0.01367,-1.09229,-0.04541,-0.30488,0.24390,0.30488
21,105,0.00879,-1.09082,-0.04199,-0.30488,0.24390,0.30488
22,110,0.01367,-1.09082,-0.04443,-0.30488,0.24390,0.24390
23,115,0.01367,-1.09082,-0.04443,-0.30488,0.24390,0.24390
24,120,0.01562,-1.09229,-0.03760,-0.36585,0.18293,0.24390
25,125,0.01123,-1.09424,-0.04199,-0.24390,0.12195,0.36585
26,131,0.01758,-1.08887,-0.04248,-0.48780,0.18293,0.18293
27,136,0.01514,-1.09229,-0.04199,-0.12195,0.18293,0.24390
28,141,0.01270,-1.09229,-0.04199,-0.36585,0.12195,0.30488
29,145,0.01270,-1.09229,-0.04199,-0.36585,0.12195,0.30488
30,150,0.01270,-1.09082,-0.04053,-0.36585,0.12195,0.30488
31,155,0.01367,-1.08887,-0.04004,-0.30488,0.18293,0.30488
32,160,0.01562,-1.09082,-0.04199,-0.36585,0.06098,0.24390
33,165,0.01270,-1.08838,-0.04492,-0.24390,0.18293,0.36585
34,171,0.01270,-1.09033,-0.04053,-0.36585,0.18293,0.18293
35,176,0.01270,-1.09033,-0.04053,-0.36585,0.18293,0.18293
36,181,0.01221,-1.08936,-0.03711,-0.36585,0.18293,0.36585
37,186,0.01318,-1.09375,-0.03809,-0.48780,0.06098,0.42683
38,190,0.00830,-1.09326,-0.03711,-0.24390,0.18293,0.36585
39,195,0.01465,-1.09229,-0.04199,-0.18293,0.18293,0.24390
40,200,0.01172,-1.09375,-0.04004,-0.42683,0.24390,0.24390
41,205,0.01318,-1.09277,-0.03857,-0.48780,0.18293,0.24390
42,211,0.01660,-1.08887,-0.04248,-0.42683,0.12195,0.36585
43,216,0.01514,-1.09082,-0.04053,-0.30488,0.18293,0.36585
44,221,0.01318,-1.09033,-0.04150,-0.18293,0.24390,0.24390
45,226,0.01562,-1.08936,-0.03809,-0.18293,0.24390,0.36585
46,230,0.01562,-1.08838,-0.03857,-0.36585,0.18293,0.24390
47,235,0.01172,-1.08838,-0.03857,-0.30488,0.18293,0.18293
48,240,0.01172,-1.09033,-0.03809,-0.48780,0.24390,0.30488
49,245,0.01709,-1.08936,-0.04150,-0.36585,0.24390,0.30488
50,250,0.01318,-1.09082,-0.04102,-0.36585,0.12195,0.24390
51,256,0.01514,-1.08691,-0.04297,-0.42683,0.18293,0.30488
52,261,0.01367,-1.09033,-0.04004,-0.24390,0.12195,0.30488
53,266,0.01611,-1.08984,-0.03467,-0.36585,0.18293,0.30488
54,270,0.01367,-1.08984,-0.04004,-0.36585,0.18293,0.30488
55,275,0.01270,-1.09180,-0.04297,-0.30488,0.12195,0.24390
56,280,0.01270,-1.09131,-0.03711,-0.12195,0.12195,0.24390
57,285,0.01367,-1.09131,-0.03564,-0.18293,0.24390,0.30488
58,290,0.01172,-1.09131,-0.03662,-0.36585,0.24390,0.30488
59,296,0.01465,-1.09277,-0.03711,-0.48780,0.18293,0.30488
60,301,0.01074,-1.08740,-0.04492,-0.30488,0.12195,0.24390
61,306,0.01367,-1.08936,-0.04004,-0.24390,0.12195,0.24390
62,311,0.01025,-1.09082,-0.04297,-0.36585,0.12195,0.30488
63,315,0.01465,-1.09131,-0.04150,-0.30488,0.18293,0.30488
64,320,0.01758,-1.08740,-0.03662,-0.18293,0.06098,0.30488
65,325,0.01270,-1.08838,-0.03662,-0.30488,0.18293,0.36585
66,330,0.01318,-1.09180,-0.04150,-0.30488,0.24390,0.30488
67,336,0.01270,-1.09424,-0.04248,-0.36585,0.18293,0.24390
68,341,0.01074,-1.09131,-0.04150,-0.42683,0.12195,0.24390
69,346,0.01172,-1.08984,-0.04102,-0.36585,0.18293,0.36585
70,351,0.01172,-1.09229,-0.03906,-0.24390,0.18293,0.24390
71,355,0.01611,-1.09229,-0.03809,-0.30488,0.18293,0.18293
72,360,0.01611,-1.08838,-0.04248,-0.48780,0.24390,0.18293
73,365,0.01221,-1.09180,-0.03857,-0.30488,0.36585,0.24390
74,370,0.01416,-1.09180,-0.03516,-0.30488,0.18293,0.30488
75,375,0.01123,-1.08887,-0.04199,-0.42683,0.06098,0.30488
76,381,0.01221,-1.09033,-0.04150,-0.36585,0.18293,0.18293
77,386,0.00977,-1.09033,-0.04102,-0.24390,0.18293,0.30488
78,391,0.01318,-1.08789,-0.04150,-0.42683,0.18293,0.30488
79,395,0.01562,-1.08984,-0.04395,-0.36585,0.12195,0.24390
80,400,0.01514,-1.09082,-0.04248,-0.36585,0.18293,0.30488
81,405,0.01318,-1.08984,-0.03662,-0.30488,0.18293,0.24390
82,410,0.01172,-1.08936,-0.03662,-0.24390,0.18293,0.30488
83,415,0.01416,-1.09033,-0.04248,-0.48780,0.18293,0.30488
84,421,0.01270,-1.09180,-0.04053,-0.30488,0.24390,0.36585
85,426,0.01318,-1.09131,-0.04053,-0.30488,0.18293,0.36585
86,431,0.01514,-1.08838,-0.04004,-0.18293,0.24390,0.24390
87,436,0.01318,-1.09033,-0.04785,-0.18293,0.18293,0.24390
88,440,0.01172,-1.09082,-0.04688,-0.42683,0.12195,0.24390
89,445,0.01514,-1.09033,-0.04346,-0.42683,0.12195,0.30488
90,450,0.01270,-1.09131,-0.03662,-0.36585,0.30488,0.30488
91,455,0.01514,-1.09180,-0.03809,-0.30488,0.24390,0.36585
92,461,0.01562,-1.08936,-0.03906,-0.30488,0.18293,0.30488
93,466,0.01465,-1.09033,-0.04150,-0.36585,0.24390,0.24390
94,471,0.01270,-1.09131,-0.03955,-0.42683,0.24390,0.42683
95,476,0.01367,-1.09180,-0.03857,-0.36585,0.18293,0.42683
96,480,0.01172,-1.09229,-0.03906,-0.30488,0.18293,0.36585
97,485,0.01416,-1.09277,-0.04004,-0.36585,0.18293,0.30488
98,490,0.01123,-1.09326,-0.03955,-0.36585,0.18293,0.30488
99,495,0.01270,-1.08936,-0.04102,-0.48780,0.18293,0.24390
100,500,0.01123,-1.08887,-0.04102,-0.42683,0.18293,0.36585
101,506,0.01270,-1.09033,-0.04297,-0.42683,0.18293,0.24390
102,511,0.01270,-1.08838,-0.04492,-0.36585,0.24390,0.36585
103,516,0.01514,-1.09082,-0.04297,-0.36585,0.18293,0.36585
104,520,0.01074,-1.09131,-0.03809,-0.24390,0.24390,0.30488
105,525,0.01221,-1.09375,-0.04346,-0.24390,0.18293,0.30488
106,530,0.01514,-1.09424,-0.03955,-0.12195,0.12195,0.30488
107,535,0.01221,-1.09082,-0.04150,-0.24390,0.18293,0.30488
108,540,0.01611,-1.09033,-0.04053,-0.42683,0.24390,0.24390
109,546,0.01318,-1.09229,-0.04297,-0.42683,0.12195,0.24390
110,551,0.01660,-1.09033,-0.04150,-0.48780,0.24390,0.24390
111,556,0.01270,-1.09375,-0.04297,-0.30488,0.24390,0.30488
112,561,0.01270,-1.08740,-0.04004,-0.42683,0.30488,0.30488
113,565,0.01367,-1.08740,-0.03711,-0.36585,0.18293,0.30488
114,570,0.01221,-1.09180,-0.04053,-0.24390,0.24390,0.30488
115,575,0.01367,-1.09082,-0.04102,-0.30488,0.12195,0.24390
116,580,0.01514,-1.08789,-0.04590,-0.36585,0.18293,0.24390
117,586,0.01709,-1.09180,-0.03955,-0.36585,0.18293,0.24390
118,591,0.01514,-1.09229,-0.04150,-0.30488,0.30488,0.36585
119,596,0.01416,-1.09277,-0.04688,-0.36585,0.30488,0.36585
120,601,0.01221,-1.09277,-0.04248,-0.42683,0.18293,0.30488
121,605,0.01562,-1.08984,-0.03711,-0.30488,0.18293,0.24390
122,610,0.01221,-1.09326,-0.03662,-0.30488,0.24390,0.36585
123,615,0.00928,-1.09521,-0.04395,-0.18293,0.12195,0.30488
124,620,0.01416,-1.09033,-0.04639,-0.36585,0.18293,0.30488
125,625,0.01367,-1.08887,-0.04102,-0.30488,0.12195,0.30488
126,631,0.01416,-1.09277,-0.04053,-0.36585,0.12195,0.24390
127,636,0.01221,-1.08789,-0.04541,-0.42683,0.24390,0.30488
128,641,0.01807,-1.08887,-0.03955,-0.36585,0.30488,0.18293
129,645,0.01318,-1.09326,-0.03662,-0.36585,0.18293,0.30488
130,650,0.01221,-1.09082,-0.04150,-0.30488,0.18293,0.36585
131,655,0.01270,-1.08984,-0.03857,-0.30488,0.24390,0.30488
132,660,0.01172,-1.09082,-0.03711,-0.30488,0.06098,0.30488
133,665,0.01514,-1.09131,-0.04639,-0.30488,0.06098,0.42683
134,671,0.01318,-1.09277,-0.04639,-0.30488,0.00000,0.24390
135,676,0.01465,-1.09082,-0.03711,-0.42683,0.12195,0.30488
136,681,0.01465,-1.08936,-0.03906,-0.36585,0.12195,0.30488
137,686,0.01709,-1.09229,-0.03906,-0.36585,0.24390,0.30488
138,690,0.01416,-1.09033,-0.04004,-0.30488,0.12195,0.30488
139,695,0.01416,-1.09033,-0.03613,-0.18293,0.30488,0.36585
140,700,0.01562,-1.08936,-0.04297,-0.30488,0.12195,0.42683
141,705,0.01221,-1.08887,-0.04346,-0.48780,0.06098,0.30488
142,711,0.01270,-1.09082,-0.03906,-0.36585,0.06098,0.24390
143,716,0.01416,-1.09229,-0.04248,-0.24390,0.30488,0.36585
144,721,0.01416,-1.09082,-0.03711,-0.48780,0.24390,0.36585
145,726,0.01367,-1.09180,-0.03906,-0.42683,0.24390,0.30488
146,730,0.01367,-1.09131,-0.04102,-0.30488,0.24390,0.18293
147,735,0.01367,-1.09229,-0.04004,-0.30488,0.12195,0.24390
148,740,0.01318,-1.09082,-0.04590,-0.36585,0.18293,0.36585
149,745,0.01416,-1.09082,-0.04834,-0.36585,0.18293,0.36585
150,750,0.01416,-1.09082,-0.04834,-0.36585,0.18293,0.36585
151,756,0.01074,-1.09082,-0.04053,-0.42683,0.12195,0.24390
152,761,0.01318,-1.09033,-0.04248,-0.54878,0.24390,0.30488
153,766,0.01318,-1.08936,-0.04004,-0.36585,0.12195,0.30488
154,770,0.01318,-1.09033,-0.04102,-0.42683,0.18293,0.30488
155,775,0.01465,-1.09180,-0.04541,-0.54878,0.24390,0.30488
156,780,0.01611,-1.09180,-0.03613,-0.24390,0.24390,0.24390
157,785,0.01611,-1.09180,-0.03613,-0.24390,0.24390,0.24390
158,790,0.01660,-1.09229,-0.03955,-0.12195,0.24390,0.42683
159,796,0.01514,-1.09326,-0.04199,-0.42683,0.18293,0.24390
160,801,0.01367,-1.09082,-0.03857,-0.36585,0.12195,0.36585
161,806,0.01172,-1.09229,-0.04248,-0.30488,0.06098,0.30488
162,811,0.01562,-1.09131,-0.04150,-0.36585,0.12195,0.36585
163,815,0.01562,-1.09131,-0.04150,-0.36585,0.12195,0.36585
164,820,0.01416,-1.08838,-0.04346,-0.42683,0.18293,0.30488
165,825,0.01416,-1.08984,-0.04443,-0.36585,0.12195,0.30488
166,830,0.01025,-1.09082,-0.04102,-0.36585,0.18293,0.30488
167,836,0.01465,-1.09521,-0.04395,-0.36585,0.24390,0.36585
168,841,0.01367,-1.09131,-0.04199,-0.48780,0.12195,0.30488
169,846,0.01367,-1.09131,-0.04199,-0.48780,0.12195,0.30488
170,851,0.01221,-1.09180,-0.04395,-0.36585,0.12195,0.24390
171,855,0.01465,-1.09180,-0.03906,-0.30488,0.00000,0.30488
172,860,0.01367,-1.09180,-0.04102,-0.30488,0.06098,0.30488
173,865,0.01270,-1.09131,-0.04443,-0.42683,0.12195,0.30488
174,870,0.01221,-1.08984,-0.04297,-0.42683,0.06098,0.30488
175,875,0.01318,-1.08936,-0.04248,-0.30488,0.06098,0.30488
176,881,0.01709,-1.09326,-0.04297,-0.24390,0.12195,0.30488
177,886,0.01562,-1.09326,-0.03955,-0.30488,0.06098,0.30488
178,891,0.01318,-1.09180,-0.03467,-0.30488,0.18293,0.30488
179,895,0.01221,-1.09229,-0.03711,-0.30488,0.24390,0.24390
180,900,0.01416,-1.09131,-0.03955,-0.30488,0.12195,0.36585
181,905,0.01318,-1.08740,-0.04199,-0.36585,0.24390,0.30488
182,910,0.01270,-1.08984,-0.03955,-0.18293,0.18293,0.24390
183,915,0.01416,-1.09473,-0.03760,-0.36585,0.12195,0.36585
184,921,0.01318,-1.09229,-0.03760,-0.30488,0.12195,0.36585
185,926,0.01465,-1.09033,-0.03857,-0.30488,0.18293,0.30488
186,931,0.01123,-1.09131,-0.03857,-0.36585,0.06098,0.30488
187,936,0.01367,-1.09277,-0.04102,-0.30488,0.00000,0.24390
188,940,0.01416,-1.09229,-0.03955,-0.54878,0.18293,0.36585
189,945,0.01367,-1.09033,-0.04004,-0.42683,0.12195,0.36585
190,950,0.01465,-1.09082,-0.04346,-0.24390,0.24390,0.30488
191,955,0.01367,-1.09229,-0.03857,-0.48780,0.18293,0.42683
192,961,0.01172,-1.09131,-0.04199,-0.42683,0.12195,0.30488
193,966,0.01416,-1.08838,-0.04199,-0.30488,0.18293,0.30488
194,971,0.01270,-1.09131,-0.03906,-0.30488,0.12195,0.36585
195,976,0.01270,-1.09326,-0.03906,-0.48780,0.12195,0.30488
196,980,0.01562,-1.09131,-0.04150,-0.42683,0.36585,0.30488
197,985,0.01318,-1.08984,-0.04053,-0.60976,0.18293,0.24390
198,990,0.01416,-1.09180,-0.03809,-0.36585,0.12195,0.36585
199,995,0.01562,-1.08984,-0.04053,-0.36585,0.18293,0.42683
200,1000,0.01270,-1.09033,-0.04053,-0.48780,0.12195,0.30488
201,1006,0.01465,-1.09033,-0.04102,-0.36585,0.12195,0.36585
202,1011,0.01660,-1.09326,-0.03906,-0.30488,0.12195,0.24390
203,1016,0.01221,-1.08984,-0.03857,-0.30488,0.18293,0.18293
204,1020,0.01367,-1.09131,-0.04541,-0.24390,0.12195,0.24390
205,1025,0.01221,-1.09180,-0.03320,-0.36585,0.12195,0.24390
206,1030,0.01318,-1.09229,-0.04199,-0.48780,0.18293,0.24390
207,1035,0.01416,-1.09229,-0.04492,-0.18293,0.18293,0.30488
208,1040,0.01562,-1.08838,-0.03809,-0.36585,0.12195,0.30488
209,1046,0.01270,-1.09375,-0.03857,-0.36585,0.06098,0.42683
210,1051,0.01318,-1.09033,-0.04053,-0.36585,0.24390,0.42683
211,1056,0.01416,-1.09033,-0.03613,-0.36585,0.18293,0.30488
212,1061,0.01123,-1.08789,-0.03955,-0.36585,0.18293,0.30488
213,1065,0.01172,-1.09033,-0.03760,-0.42683,0.18293,0.30488
214,1070,0.01416,-1.09082,-0.03857,-0.42683,0.06098,0.30488
215,1075,0.01367,-1.08887,-0.04053,-0.36585,0.18293,0.30488
216,1080,0.01514,-1.08984,-0.04346,-0.42683,0.18293,0.30488
217,1086,0.01514,-1.09033,-0.04004,-0.36585,0.18293,0.30488
218,1091,0.01123,-1.08936,-0.04297,-0.30488,0.24390,0.24390
219,1096,0.01221,-1.08838,-0.04248,-0.42683,0.18293,0.30488
220,1101,0.01123,-1.09082,-0.04004,-0.24390,0.12195,0.24390
221,1105,0.01514,-1.08984,-0.03418,-0.30488,0.24390,0.24390
222,1110,0.01562,-1.09033,-0.03125,-0.36585,0.18293,0.30488
223,1115,0.01221,-1.08984,-0.04297,-0.42683,0.12195,0.36585
224,1120,0.01318,-1.09131,-0.03955,-0.42683,0.18293,0.36585
225,1125,0.01318,-1.09131,-0.03857,-0.36585,0.12195,0.30488
226,1131,0.01367,-1.09082,-0.04199,-0.42683,0.06098,0.18293
227,1136,0.01318,-1.08936,-0.04150,-0.36585,0.06098,0.36585
228,1141,0.01172,-1.08887,-0.04053,-0.54878,0.24390,0.36585
229,1145,0.01514,-1.09131,-0.03955,-0.48780,0.18293,0.24390
230,1150,0.01318,-1.08887,-0.03809,-0.48780,0.18293,0.36585
231,1155,0.01660,-1.08984,-0.03955,-0.48780,0.18293,0.30488
232,1160,0.01367,-1.09229,-0.04004,-0.24390,0.24390,0.36585
233,1165,0.01367,-1.09082,-0.03613,-0.30488,0.06098,0.36585
234,1171,0.01465,-1.09033,-0.04541,-0.36585,0.00000,0.24390
235,1176,0.01367,-1.08984,-0.04102,-0.30488,0.18293,0.36585
236,1181,0.01514,-1.08936,-0.04053,-0.36585,0.30488,0.24390
237,1186,0.01367,-1.08984,-0.04053,-0.36585,0.30488,0.30488
238,1190,0.01270,-1.08936,-0.04395,-0.30488,0.24390,0.42683
239,1195,0.01416,-1.08936,-0.04150,-0.24390,0.24390,0.24390
240,1200,0.01416,-1.09229,-0.04492,-0.12195,0.18293,0.30488
241,1205,0.01367,-1.09229,-0.04102,-0.36585,0.12195,0.24390
242,1211,0.01367,-1.09229,-0.03516,-0.36585,0.24390,0.30488
243,1216,0.01514,-1.09180,-0.03906,-0.42683,0.18293,0.30488
244,1221,0.01562,-1.09180,-0.04102,-0.24390,0.12195,0.42683
245,1226,0.01318,-1.08936,-0.03662,-0.30488,0.12195,0.30488
246,1230,0.01025,-1.08936,-0.04053,-0.42683,0.12195,0.24390
247,1235,0.01025,-1.09180,-0.03955,-0.42683,0.18293,0.30488
248,1240,0.01270,-1.09424,-0.03857,-0.48780,0.12195,0.36585
249,1245,0.01318,-1.09082,-0.04053,-0.42683,0.18293,0.30488
250,1250,0.01660,-1.08936,-0.04297,-0.36585,0.18293,0.24390
251,1256,0.01611,-1.09131,-0.03906,-0.36585,0.18293,0.18293
252,1261,0.01318,-1.09082,-0.03564,-0.48780,0.24390,0.30488
253,1266,0.01514,-1.08936,-0.04248,-0.42683,0.18293,0.30488
254,1270,0.01562,-1.09180,-0.04736,-0.30488,0.12195,0.18293
255,1275,0.01562,-1.08936,-0.04053,-0.36585,0.18293,0.30488
256,1280,0.01270,-1.09424,-0.03516,-0.36585,0.12195,0.30488
257,1285,0.01172,-1.09473,-0.03760,-0.48780,0.18293,0.30488
258,1290,0.01270,-1.09131,-0.03809,-0.42683,0.18293,0.36585
259,1296,0.01221,-1.08936,-0.03857,-0.48780,0.24390,0.30488
260,1301,0.01172,-1.09131,-0.04395,-0.24390,0.18293,0.24390
261,1306,0.01172,-1.09375,-0.04346,-0.24390,0.06098,0.30488
262,1311,0.01514,-1.08936,-0.04053,-0.30488,0.18293,0.36585
263,1315,0.01074,-1.09033,-0.03711,-0.30488,0.12195,0.30488
264,1320,0.01318,-1.08838,-0.03760,-0.24390,0.18293,0.30488
265,1325,0.01514,-1.09229,-0.04053,-0.30488,0.18293,0.30488
266,1330,0.01416,-1.09131,-0.04248,-0.18293,0.12195,0.30488
267,1336,0.01123,-1.08838,-0.04004,-0.42683,0.24390,0.30488
268,1341,0.01367,-1.08984,-0.04102,-0.36585,0.30488,0.36585
269,1346,0.01172,-1.09082,-0.04150,-0.42683,0.12195,0.36585
270,1351,0.01221,-1.09082,-0.03711,-0.48780,0.06098,0.24390
271,1355,0.01465,-1.09131,-0.04004,-0.36585,0.18293,0.36585
272,1360,0.01270,-1.08984,-0.04248,-0.48780,0.24390,0.42683
273,1365,0.01465,-1.09180,-0.03809,-0.36585,0.24390,0.30488
274,1370,0.01416,-1.08984,-0.03906,-0.36585,0.12195,0.36585
275,1375,0.01172,-1.08691,-0.03955,-0.30488,0.18293,0.24390
276,1381,0.01123,-1.09082,-0.04199,-0.30488,0.18293,0.24390
277,1386,0.01221,-1.09131,-0.03955,-0.24390,0.12195,0.24390
278,1391,0.01221,-1.09082,-0.04053,-0.36585,0.18293,0.24390
279,1395,0.01318,-1.09277,-0.03906,-0.24390,0.00000,0.30488
280,1400,0.01514,-1.08936,-0.03906,-0.30488,0.12195,0.24390
281,1405,0.01367,-1.09180,-0.04150,-0.30488,0.24390,0.36585
282,1410,0.01172,-1.09082,-0.03564,-0.18293,0.06098,0.24390
283,1415,0.01025,-1.08838,-0.04199,-0.30488,0.06098,0.24390
284,1421,0.01172,-1.08789,-0.04590,-0.30488,0.18293,0.24390
285,1426,0.01074,-1.08740,-0.04492,-0.30488,0.18293,0.30488
286,1431,0.01074,-1.09131,-0.04248,-0.36585,0.30488,0.42683
287,1436,0.01123,-1.08838,-0.04102,-0.36585,0.18293,0.30488
288,1440,0.01758,-1.08594,-0.03955,-0.36585,0.06098,0.18293
289,1445,0.01514,-1.08936,-0.04443,-0.36585,0.12195,0.24390
290,1450,0.01172,-1.09277,-0.04297,-0.48780,0.12195,0.30488
291,1455,0.01172,-1.09277,-0.04297,-0.48780,0.12195,0.30488
292,1461,0.01270,-1.09375,-0.04248,-0.36585,0.24390,0.30488
293,1466,0.01709,-1.09131,-0.03613,-0.24390,0.12195,0.30488
294,1471,0.01221,-1.09131,-0.04346,-0.36585,0.06098,0.30488
295,1476,0.01611,-1.09375,-0.03809,-0.42683,0.24390,0.36585
296,1480,0.01611,-1.09375,-0.03955,-0.42683,0.18293,0.24390
297,1485,0.01611,-1.09375,-0.03955,-0.42683,0.18293,0.24390
298,1490,0.01270,-1.09082,-0.04688,-0.48780,0.00000,0.30488
299,1495,0.01367,-1.08643,-0.04443,-0.42683,0.12195,0.18293
300,1500,0.01611,-1.08936,-0.03857,-0.36585,0.06098,0.30488
301,1506,0.00977,-1.08887,-0.04102,-0.36585,0.18293,0.30488
302,1511,0.01416,-1.09033,-0.03906,-0.24390,0.24390,0.36585
303,1516,0.01416,-1.09033,-0.03906,-0.24390,0.24390,0.36585
304,1520,0.01318,-1.09229,-0.04004,-0.42683,0.06098,0.30488
305,1525,0.01709,-1.08936,-0.03760,-0.36585,0.18293,0.36585
306,1530,0.01611,-1.08936,-0.04004,-0.54878,0.24390,0.36585
307,1535,0.01025,-1.08936,-0.03809,-0.36585,0.12195,0.30488
308,1540,0.01270,-1.09277,-0.04053,-0.30488,0.12195,0.36585
309,1546,0.01465,-1.09131,-0.04004,-0.24390,0.12195,0.24390
310,1551,0.01465,-1.09131,-0.04004,-0.24390,0.12195,0.24390
311,1556,0.01416,-1.09033,-0.04590,-0.24390,0.30488,0.24390
312,1561,0.01367,-1.09180,-0.03857,-0.42683,0.18293,0.30488
313,1565,0.01416,-1.09277,-0.03955,-0.42683,0.18293,0.36585
314,1570,0.01172,-1.09033,-0.04102,-0.48780,0.06098,0.30488
315,1575,0.01221,-1.08936,-0.04199,-0.42683,0.12195,0.30488
316,1580,0.01318,-1.08936,-0.03711,-0.18293,0.06098,0.18293
317,1586,0.01221,-1.09033,-0.04346,-0.18293,0.18293,0.36585
318,1591,0.01318,-1.08936,-0.04346,-0.48780,0.30488,0.36585
319,1596,0.01416,-1.09033,-0.03564,-0.42683,0.18293,0.30488
320,1601,0.01172,-1.09229,-0.04004,-0.42683,0.18293,0.36585
321,1605,0.01416,-1.09229,-0.04053,-0.36585,0.12195,0.24390
322,1610,0.01709,-1.09033,-0.03857,-0.24390,0.06098,0.36585
323,1615,0.01172,-1.08887,-0.04199,-0.42683,0.24390,0.42683
324,1620,0.00879,-1.09326,-0.04492,-0.30488,0.12195,0.42683
325,1625,0.01123,-1.09229,-0.04053,-0.36585,0.06098,0.24390
326,1631,0.01514,-1.09229,-0.04102,-0.30488,0.12195,0.18293
327,1636,0.01611,-1.09229,-0.04199,-0.24390,0.12195,0.24390
328,1641,0.01465,-1.09277,-0.03906,-0.36585,0.06098,0.30488
329,1645,0.01416,-1.09131,-0.04004,-0.36585,0.12195,0.36585
330,1650,0.01172,-1.09229,-0.04590,-0.42683,0.12195,0.24390
331,1655,0.01221,-1.09033,-0.04004,-0.54878,0.06098,0.24390
332,1660,0.01270,-1.08887,-0.04248,-0.30488,0.12195,0.36585
333,1665,0.01270,-1.09277,-0.04004,-0.18293,0.18293,0.30488
334,1671,0.01562,-1.08984,-0.03955,-0.30488,0.12195,0.24390
335,1676,0.01318,-1.08887,-0.04150,-0.42683,0.18293,0.36585
336,1681,0.01172,-1.08984,-0.04053,-0.30488,0.18293,0.30488
337,1686,0.01221,-1.09033,-0.04053,-0.42683,0.12195,0.18293
338,1690,0.01562,-1.08887,-0.03564,-0.24390,0.18293,0.30488
339,1695,0.01367,-1.09082,-0.03711,-0.30488,0.18293,0.36585
340,1700,0.01514,-1.09033,-0.04102,-0.42683,0.12195,0.36585
341,1705,0.01221,-1.09180,-0.04053,-0.48780,0.12195,0.24390
342,1711,0.01270,-1.08789,-0.03955,-0.42683,0.12195,0.24390
343,1716,0.01562,-1.09473,-0.04492,-0.24390,0.12195,0.30488
344,1721,0.01318,-1.08936,-0.04199,-0.18293,0.18293,0.36585
345,1726,0.01367,-1.08838,-0.03906,-0.36585,0.18293,0.36585
346,1730,0.01367,-1.09277,-0.03418,-0.30488,0.24390,0.36585
347,1735,0.01562,-1.09033,-0.03760,-0.54878,0.18293,0.30488
348,1740,0.01318,-1.08936,-0.04102,-0.48780,0.18293,0.24390
349,1745,0.01221,-1.09082,-0.03809,-0.18293,0.12195,0.24390
350,1750,0.01221,-1.09033,-0.04150,-0.18293,0.24390,0.42683
351,1756,0.01562,-1.09082,-0.04004,-0.24390,0.24390,0.30488
352,1761,0.01416,-1.09131,-0.03906,-0.36585,0.12195,0.18293
353,1766,0.00977,-1.09082,-0.04150,-0.42683,0.12195,0.30488
354,1770,0.00928,-1.08838,-0.04199,-0.42683,0.24390,0.36585
355,1775,0.01611,-1.08838,-0.03955,-0.30488,0.24390,0.30488
356,1780,0.01514,-1.09131,-0.03760,-0.30488,0.18293,0.24390
357,1785,0.01465,-1.08984,-0.03906,-0.36585,0.12195,0.30488
358,1790,0.01611,-1.09375,-0.04150,-0.42683,0.12195,0.30488
359,1796,0.01318,-1.08984,-0.04346,-0.36585,0.18293,0.24390
360,1801,0.01318,-1.09326,-0.03955,-0.36585,0.18293,0.30488
361,1806,0.01221,-1.09424,-0.04004,-0.36585,0.18293,0.36585
362,1811,0.01318,-1.09131,-0.03906,-0.24390,0.12195,0.36585
363,1815,0.01416,-1.09082,-0.04297,-0.30488,0.12195,0.30488
364,1820,0.01221,-1.09375,-0.04004,-0.36585,0.24390,0.30488
365,1825,0.01270,-1.08789,-0.04004,-0.30488,0.12195,0.42683
366,1830,0.01514,-1.09131,-0.03711,-0.30488,0.12195,0.36585
367,1836,0.01562,-1.09180,-0.03613,-0.36585,0.12195,0.36585
368,1841,0.00977,-1.09326,-0.04395,-0.30488,0.18293,0.30488
369,1846,0.01172,-1.09082,-0.04395,-0.36585,0.18293,0.30488
370,1851,0.01855,-1.09082,-0.03955,-0.48780,0.12195,0.36585
371,1855,0.01270,-1.09277,-0.03760,-0.24390,0.18293,0.24390
372,1860,0.01270,-1.09424,-0.04150,-0.36585,0.24390,0.24390
373,1865,0.01318,-1.09277,-0.03906,-0.42683,0.12195,0.42683
374,1870,0.01562,-1.09033,-0.04150,-0.36585,0.12195,0.30488
375,1875,0.01611,-1.09033,-0.04248,-0.48780,0.24390,0.24390
376,1881,0.01074,-1.09326,-0.03857,-0.24390,0.12195,0.18293
377,1886,0.01416,-1.09277,-0.03906,-0.36585,0.12195,0.18293
378,1891,0.01416,-1.09375,-0.04004,-0.36585,0.24390,0.18293
379,1895,0.01074,-1.09277,-0.04053,-0.42683,0.36585,0.30488
380,1900,0.01318,-1.09131,-0.04053,-0.24390,0.18293,0.30488
381,1905,0.01270,-1.09033,-0.04102,-0.36585,0.18293,0.36585
382,1910,0.01270,-1.09180,-0.04053,-0.30488,0.18293,0.48780
383,1915,0.01465,-1.09277,-0.03760,-0.30488,0.18293,0.30488
384,1921,0.01416,-1.08789,-0.03809,-0.30488,0.30488,0.24390
385,1926,0.01172,-1.09033,-0.03955,-0.48780,0.24390,0.24390
386,1931,0.01416,-1.09277,-0.04004,-0.48780,0.12195,0.30488
387,1936,0.01416,-1.09131,-0.04004,-0.24390,0.18293,0.30488
388,1940,0.01562,-1.08887,-0.04248,-0.18293,0.18293,0.24390
389,1945,0.01514,-1.08838,-0.04150,-0.54878,0.12195,0.18293
390,1950,0.01562,-1.08789,-0.03906,-0.36585,0.24390,0.24390
391,1955,0.01367,-1.08984,-0.03223,-0.24390,0.12195,0.30488
392,1961,0.01416,-1.09033,-0.03809,-0.42683,0.06098,0.36585
393,1966,0.01611,-1.09229,-0.04150,-0.30488,0.18293,0.42683
394,1971,0.01416,-1.09277,-0.04248,-0.30488,0.24390,0.36585
395,1976,0.01318,-1.09180,-0.04199,-0.36585,0.06098,0.30488
396,1980,0.01562,-1.09082,-0.03809,-0.48780,0.12195,0.30488
397,1985,0.01123,-1.09082,-0.03809,-0.36585,0.12195,0.30488
398,1990,0.01025,-1.08887,-0.03906,-0.36585,0.18293,0.18293
399,1995,0.01270,-1.09229,-0.04199,-0.24390,0.18293,0.24390
400,2000,0.01562,-1.08838,-0.04150,-0.18293,0.06098,0.36585
401,2006,0.01074,-1.09033,-0.04541,-0.36585,0.12195,0.30488
402,2011,0.01025,-1.09180,-0.04248,-0.42683,0.12195,0.24390
403,2016,0.01367,-1.09131,-0.04102,-0.42683,0.24390,0.30488
404,2020,0.01514,-1.09033,-0.03711,-0.24390,0.18293,0.30488
405,2025,0.01367,-1.09033,-0.04590,-0.30488,0.06098,0.42683
406,2030,0.01465,-1.08984,-0.04248,-0.30488,0.12195,0.42683
407,2035,0.01465,-1.09082,-0.03711,-0.42683,0.12195,0.36585
408,2040,0.01758,-1.09229,-0.04102,-0.36585,0.12195,0.24390
409,2046,0.01465,-1.08887,-0.03857,-0.30488,0.12195,0.30488
410,2051,0.00977,-1.08887,-0.04346,-0.24390,0.24390,0.30488
411,2056,0.01172,-1.09131,-0.04053,-0.48780,0.12195,0.24390
412,2061,0.01367,-1.09375,-0.03662,-0.30488,0.18293,0.24390
413,2065,0.01367,-1.08838,-0.03760,-0.30488,0.12195,0.24390
414,2070,0.01123,-1.08936,-0.03613,-0.36585,0.18293,0.30488
415,2075,0.01416,-1.09131,-0.04248,-0.42683,0.24390,0.24390
416,2080,0.01123,-1.08887,-0.04004,-0.42683,0.12195,0.30488
417,2086,0.01709,-1.09375,-0.04102,-0.48780,0.06098,0.42683
418,2091,0.01562,-1.09131,-0.04248,-0.54878,0.06098,0.24390
419,2096,0.01074,-1.08984,-0.03955,-0.42683,0.18293,0.24390
420,2101,0.01221,-1.09082,-0.04199,-0.42683,0.12195,0.24390
421,2105,0.01270,-1.09375,-0.04102,-0.42683,0.18293,0.24390
422,2110,0.01318,-1.09082,-0.04248,-0.24390,0.12195,0.36585
423,2115,0.01318,-1.09033,-0.03857,-0.18293,0.12195,0.30488
424,2120,0.01074,-1.09131,-0.04590,-0.18293,0.06098,0.30488
425,2125,0.01074,-1.09131,-0.04590,-0.18293,0.06098,0.30488
426,2131,0.01123,-1.09131,-0.04053,-0.42683,0.12195,0.30488
427,2136,0.01465,-1.09277,-0.04004,-0.24390,0.12195,0.24390
428,2141,0.01270,-1.08936,-0.03955,-0.30488,0.12195,0.18293
429,2145,0.01221,-1.08789,-0.04053,-0.30488,0.18293,0.18293
430,2150,0.01318,-1.09521,-0.04102,-0.36585,0.24390,0.24390
431,2155,0.01318,-1.09521,-0.04102,-0.36585,0.24390,0.24390
432,2160,0.01465,-1.09229,-0.04199,-0.48780,0.18293,0.18293
433,2165,0.01318,-1.08643,-0.04004,-0.24390,0.18293,0.30488
434,2171,0.01318,-1.08936,-0.03955,-0.36585,0.12195,0.24390
435,2176,0.01270,-1.09082,-0.04004,-0.24390,0.30488,0.18293
436,2181,0.01123,-1.08740,-0.04346,-0.24390,0.18293,0.36585
437,2186,0.01123,-1.08740,-0.04346,-0.24390,0.18293,0.36585
438,2190,0.01367,-1.09180,-0.04004,-0.36585,0.18293,0.30488
439,2195,0.01514,-1.09180,-0.04004,-0.36585,0.24390,0.36585
440,2200,0.01465,-1.09668,-0.04248,-0.24390,0.30488,0.36585
441,2205,0.01367,-1.08691,-0.03857,-0.30488,0.18293,0.36585
442,2211,0.01416,-1.09082,-0.03955,-0.24390,0.24390,0.30488
443,2216,0.01562,-1.08887,-0.04736,-0.24390,0.30488,0.30488
444,2221,0.01562,-1.08887,-0.04736,-0.24390,0.30488,0.30488
445,2226,0.01270,-1.09131,-0.04590,-0.30488,0.24390,0.30488
446,2230,0.00928,-1.09180,-0.04053,-0.24390,0.30488,0.30488
447,2235,0.01318,-1.09229,-0.03662,-0.36585,0.18293,0.24390
448,2240,0.01270,-1.09180,-0.03955,-0.36585,0.12195,0.30488
449,2245,0.01514,-1.08789,-0.03809,-0.24390,0.06098,0.30488
450,2250,0.01367,-1.09180,-0.04004,-0.24390,0.12195,0.24390
451,2256,0.01123,-1.09277,-0.03760,-0.18293,0.18293,0.18293
452,2261,0.01709,-1.09180,-0.03662,-0.36585,0.12195,0.18293
453,2266,0.01514,-1.09375,-0.04004,-0.42683,0.24390,0.36585
454,2270,0.01172,-1.09131,-0.04248,-0.42683,0.24390,0.36585
455,2275,0.01318,-1.09375,-0.04004,-0.42683,0.18293,0.18293
456,2280,0.01074,-1.09082,-0.04102,-0.36585,0.18293,0.30488
457,2285,0.01172,-1.08984,-0.04199,-0.54878,0.12195,0.30488
458,2290,0.01172,-1.09229,-0.03564,-0.36585,0.18293,0.18293
459,2296,0.01416,-1.09229,-0.04004,-0.30488,0.12195,0.36585
460,2301,0.01270,-1.09180,-0.04443,-0.30488,0.12195,0.18293
461,2306,0.01416,-1.09082,-0.03955,-0.30488,0.18293,0.24390
462,2311,0.01562,-1.09131,-0.04004,-0.42683,0.18293,0.24390
463,2315,0.01123,-1.08984,-0.03662,-0.30488,0.18293,0.36585
464,2320,0.01172,-1.09131,-0.04004,-0.30488,0.12195,0.36585
465,2325,0.01318,-1.09375,-0.04639,-0.36585,0.06098,0.24390
466,2330,0.01025,-1.09131,-0.04199,-0.36585,0.24390,0.18293
467,2336,0.01758,-1.09180,-0.04297,-0.36585,0.24390,0.18293
468,2341,0.01709,-1.09229,-0.03711,-0.24390,0.06098,0.18293
469,2346,0.01172,-1.09131,-0.03516,-0.30488,0.12195,0.24390
470,2351,0.01123,-1.08691,-0.03906,-0.48780,0.24390,0.24390
471,2355,0.01416,-1.09082,-0.04297,-0.36585,0.18293,0.18293
472,2360,0.01611,-1.09180,-0.03662,-0.24390,0.06098,0.30488
473,2365,0.01270,-1.09082,-0.04150,-0.30488,0.06098,0.24390
474,2370,0.01367,-1.09277,-0.03955,-0.36585,0.12195,0.24390
475,2375,0.01562,-1.08936,-0.03369,-0.42683,0.18293,0.30488
476,2381,0.01367,-1.09277,-0.04004,-0.36585,0.24390,0.36585
477,2386,0.01416,-1.08984,-0.04297,-0.24390,0.18293,0.30488
478,2391,0.01172,-1.08691,-0.04297,-0.36585,0.12195,0.30488
479,2395,0.01270,-1.09131,-0.03906,-0.36585,0.12195,0.24390
480,2400,0.01367,-1.09082,-0.03467,-0.48780,0.18293,0.42683
481,2405,0.01270,-1.08984,-0.04248,-0.30488,0.18293,0.30488
482,2410,0.01367,-1.09229,-0.04248,-0.30488,0.18293,0.36585
483,2415,0.01318,-1.09033,-0.04150,-0.36585,0.12195,0.30488
484,2421,0.01562,-1.09326,-0.04150,-0.36585,0.18293,0.18293
485,2426,0.01270,-1.09033,-0.04053,-0.36585,0.06098,0.24390
486,2431,0.01514,-1.08936,-0.04053,-0.24390,0.00000,0.30488
487,2436,0.01611,-1.09033,-0.04102,-0.48780,0.18293,0.36585
488,2440,0.01270,-1.09131,-0.04150,-0.48780,0.12195,0.24390
489,2445,0.01074,-1.09229,-0.04053,-0.36585,0.18293,0.24390
490,2450,0.01221,-1.08984,-0.03906,-0.30488,0.18293,0.36585
491,2455,0.01416,-1.09131,-0.04053,-0.30488,0.18293,0.30488
492,2461,0.01221,-1.09131,-0.04053,-0.12195,0.18293,0.36585
493,2466,0.01416,-1.09229,-0.04248,-0.30488,0.18293,0.30488
494,2471,0.01270,-1.09277,-0.04639,-0.30488,0.18293,0.24390
495,2476,0.01270,-1.09033,-0.03857,-0.30488,0.12195,0.24390
496,2480,0.01465,-1.09180,-0.03516,-0.54878,0.06098,0.36585
497,2485,0.01660,-1.08984,-0.03809,-0.48780,0.12195,0.24390
498,2490,0.01123,-1.09326,-0.04297,-0.30488,0.30488,0.36585
499,2495,0.01367,-1.09424,-0.04541,-0.30488,0.18293,0.36585
500,2500,0.01270,-1.08936,-0.03662,-0.36585,0.12195,0.30488
501,2506,0.01660,-1.09180,-0.03516,-0.36585,0.18293,0.24390
502,2511,0.01221,-1.09082,-0.04004,-0.36585,0.18293,0.24390
503,2516,0.00977,-1.08936,-0.04785,-0.36585,0.18293,0.24390
504,2520,0.01367,-1.09570,-0.04150,-0.42683,0.18293,0.24390
505,2525,0.01367,-1.08936,-0.03613,-0.24390,0.12195,0.42683
506,2530,0.01221,-1.08984,-0.04053,-0.18293,0.18293,0.42683
507,2535,0.01221,-1.09277,-0.03955,-0.24390,0.12195,0.30488
508,2540,0.01416,-1.09082,-0.04297,-0.42683,0.24390,0.30488
509,2546,0.01025,-1.09082,-0.04004,-0.30488,0.30488,0.24390
510,2551,0.01562,-1.09131,-0.03369,-0.18293,0.24390,0.24390
511,2556,0.01270,-1.09131,-0.03662,-0.36585,0.18293,0.30488
512,2561,0.01074,-1.09131,-0.04541,-0.36585,0.18293,0.30488
513,2565,0.01074,-1.09180,-0.04639,-0.36585,0.18293,0.24390
514,2570,0.01318,-1.09131,-0.04053,-0.36585,0.18293,0.36585
515,2575,0.01660,-1.09082,-0.03809,-0.30488,0.12195,0.30488
516,2580,0.01318,-1.09277,-0.04297,-0.36585,0.18293,0.18293
517,2586,0.01270,-1.09033,-0.04346,-0.36585,0.18293,0.30488
518,2591,0.01660,-1.08984,-0.03857,-0.30488,0.12195,0.30488
519,2596,0.01611,-1.08984,-0.04004,-0.30488,0.12195,0.18293
520,2601,0.01074,-1.09424,-0.04297,-0.24390,0.18293,0.24390
521,2605,0.01318,-1.09131,-0.04590,-0.36585,0.12195,0.30488
522,2610,0.01172,-1.09326,-0.04248,-0.18293,0.18293,0.30488
523,2615,0.01025,-1.09424,-0.04102,-0.30488,0.24390,0.24390
524,2620,0.01123,-1.08887,-0.04199,-0.48780,0.18293,0.24390
525,2625,0.00830,-1.09277,-0.04346,-0.30488,0.06098,0.30488
526,2631,0.01221,-1.09229,-0.04150,-0.24390,0.12195,0.24390
527,2636,0.01416,-1.09131,-0.04150,-0.36585,0.18293,0.42683
528,2641,0.01221,-1.09375,-0.04443,-0.36585,0.18293,0.30488
529,2645,0.01270,-1.09033,-0.04150,-0.24390,0.12195,0.18293
530,2650,0.01074,-1.09229,-0.04004,-0.30488,0.24390,0.12195
531,2655,0.01221,-1.09082,-0.04150,-0.30488,0.12195,0.30488
532,2660,0.01367,-1.09277,-0.03906,-0.36585,0.06098,0.30488
533,2665,0.01172,-1.09082,-0.03662,-0.36585,0.06098,0.36585
534,2671,0.01172,-1.09180,-0.04541,-0.30488,0.12195,0.30488
535,2676,0.01123,-1.09131,-0.04492,-0.42683,0.12195,0.24390
536,2681,0.01855,-1.09033,-0.04395,-0.42683,0.12195,0.24390
537,2686,0.01611,-1.09229,-0.04297,-0.30488,0.18293,0.30488
538,2690,0.01514,-1.09131,-0.04053,-0.36585,0.12195,0.30488
539,2695,0.01123,-1.08838,-0.04004,-0.30488,0.06098,0.24390
540,2700,0.01367,-1.09180,-0.04785,-0.36585,0.06098,0.24390
541,2705,0.01367,-1.09229,-0.04395,-0.36585,0.18293,0.30488
542,2711,0.01514,-1.09180,-0.04346,-0.36585,0.24390,0.30488
543,2716,0.01514,-1.09277,-0.03906,-0.30488,0.30488,0.18293
544,2721,0.01465,-1.08887,-0.04004,-0.36585,0.18293,0.30488
545,2726,0.01123,-1.08643,-0.03809,-0.42683,0.18293,0.36585
546,2730,0.01416,-1.09033,-0.04248,-0.48780,0.18293,0.30488
547,2735,0.01709,-1.08984,-0.03955,-0.48780,0.24390,0.30488
548,2740,0.01562,-1.08984,-0.04150,-0.42683,0.12195,0.30488
549,2745,0.01221,-1.09033,-0.04004,-0.36585,0.12195,0.18293
550,2750,0.01123,-1.08887,-0.03809,-0.54878,0.18293,0.30488
551,2756,0.01367,-1.09229,-0.04346,-0.18293,0.06098,0.30488
552,2761,0.01562,-1.09326,-0.04541,-0.24390,0.06098,0.30488
553,2766,0.01074,-1.09131,-0.04395,-0.36585,0.06098,0.30488
554,2770,0.01416,-1.09180,-0.04102,-0.24390,0.18293,0.42683
555,2775,0.01562,-1.09180,-0.03809,-0.30488,0.18293,0.30488
556,2780,0.01416,-1.09131,-0.03564,-0.42683,0.12195,0.30488
557,2785,0.01074,-1.09131,-0.03564,-0.30488,0.24390,0.24390
558,2790,0.01270,-1.09033,-0.03760,-0.36585,0.12195,0.30488
559,2796,0.01318,-1.09521,-0.04053,-0.48780,0.18293,0.30488
560,2801,0.01221,-1.08936,-0.04297,-0.42683,0.18293,0.36585
561,2806,0.01270,-1.09131,-0.04053,-0.30488,0.18293,0.36585
562,2811,0.01611,-1.09229,-0.04346,-0.36585,0.18293,0.36585
563,2815,0.01172,-1.09082,-0.04541,-0.48780,0.12195,0.36585
564,2820,0.01123,-1.09229,-0.04736,-0.24390,0.12195,0.24390
565,2825,0.01123,-1.09229,-0.04736,-0.24390,0.12195,0.24390
566,2830,0.01221,-1.09082,-0.04053,-0.30488,0.18293,0.30488
567,2836,0.01465,-1.09082,-0.04443,-0.36585,0.12195,0.36585
568,2841,0.00928,-1.08984,-0.04248,-0.36585,0.12195,0.30488
569,2846,0.01514,-1.09229,-0.04150,-0.18293,0.12195,0.30488
570,2851,0.01318,-1.09131,-0.04395,-0.30488,0.18293,0.36585
571,2855,0.01318,-1.09131,-0.04395,-0.30488,0.18293,0.36585
572,2860,0.01514,-1.09082,-0.03955,-0.42683,0.12195,0.30488
573,2865,0.01465,-1.09082,-0.03809,-0.36585,0.24390,0.30488
574,2870,0.01367,-1.09131,-0.04150,-0.36585,0.12195,0.30488
575,2875,0.01709,-1.08887,-0.04004,-0.48780,0.24390,0.24390
576,2881,0.00977,-1.08984,-0.03906,-0.42683,0.12195,0.36585
577,2886,0.01270,-1.09131,-0.04102,-0.30488,0.12195,0.24390
578,2891,0.01270,-1.09131,-0.04102,-0.30488,0.12195,0.24390
579,2895,0.01172,-1.09180,-0.04492,-0.30488,0.24390,0.24390
580,2900,0.00928,-1.09082,-0.04492,-0.54878,0.24390,0.30488
581,2905,0.01318,-1.08984,-0.04004,-0.42683,0.18293,0.24390
582,2910,0.01465,-1.09082,-0.03857,-0.42683,0.06098,0.30488
583,2915,0.01367,-1.08984,-0.04199,-0.42683,0.18293,0.36585
584,2921,0.01367,-1.08936,-0.04248,-0.36585,0.00000,0.30488
585,2926,0.01270,-1.09082,-0.03955,-0.36585,0.12195,0.24390
586,2931,0.01270,-1.09082,-0.03760,-0.12195,0.12195,0.36585
587,2936,0.01123,-1.09131,-0.04248,-0.36585,0.18293,0.18293
588,2940,0.01709,-1.09375,-0.04248,-0.30488,0.18293,0.36585
589,2945,0.01562,-1.09082,-0.04395,-0.36585,0.18293,0.36585
590,2950,0.00928,-1.09082,-0.04395,-0.18293,0.12195,0.24390
591,2955,0.01123,-1.09131,-0.04248,-0.18293,0.18293,0.24390
592,2961,0.01416,-1.09326,-0.03857,-0.30488,0.18293,0.36585
593,2966,0.01172,-1.09326,-0.04395,-0.48780,0.18293,0.30488
594,2971,0.01172,-1.09229,-0.04346,-0.36585,0.12195,0.30488
595,2976,0.01270,-1.09277,-0.04248,-0.36585,0.18293,0.30488
596,2980,0.01514,-1.09570,-0.04053,-0.48780,0.18293,0.24390
597,2985,0.01514,-1.09229,-0.04248,-0.36585,0.18293,0.30488
598,2990,0.01123,-1.09326,-0.04150,-0.24390,0.12195,0.30488
599,2995,0.01611,-1.09180,-0.04199,-0.36585,0.18293,0.30488
600,3000,0.01416,-1.09326,-0.04346,-0.42683,0.12195,0.30488
601,3006,0.01025,-1.09229,-0.04004,-0.42683,0.12195,0.36585
602,3011,0.01123,-1.09229,-0.04395,-0.42683,0.30488,0.42683
603,3016,0.01416,-1.08984,-0.04102,-0.30488,0.06098,0.30488
604,3020,0.01514,-1.09180,-0.03809,-0.24390,0.12195,0.24390
605,3025,0.01367,-1.09229,-0.04199,-0.36585,0.18293,0.36585
606,3030,0.01172,-1.09326,-0.04053,-0.18293,0.24390,0.30488
607,3035,0.01221,-1.08936,-0.03613,-0.36585,0.12195,0.30488
608,3040,0.01318,-1.08838,-0.03906,-0.30488,0.12195,0.24390
609,3046,0.01465,-1.09131,-0.04346,-0.30488,0.12195,0.30488
610,3051,0.01270,-1.09033,-0.04346,-0.36585,0.00000,0.30488
611,3056,0.00977,-1.09033,-0.04248,-0.42683,0.18293,0.24390
612,3061,0.01221,-1.09229,-0.04297,-0.48780,0.06098,0.30488
613,3065,0.01660,-1.09326,-0.04395,-0.30488,0.12195,0.30488
614,3070,0.01660,-1.09082,-0.04541,-0.42683,0.06098,0.12195
615,3075,0.01416,-1.09229,-0.03955,-0.42683,0.18293,0.36585
616,3080,0.01514,-1.09277,-0.03809,-0.24390,0.12195,0.36585
617,3086,0.01025,-1.09277,-0.04346,-0.36585,0.06098,0.24390
618,3091,0.01270,-1.09229,-0.04102,-0.42683,0.24390,0.24390
619,3096,0.01562,-1.09180,-0.04443,-0.30488,0.30488,0.30488
620,3101,0.01562,-1.08984,-0.03809,-0.24390,0.24390,0.30488
621,3105,0.01318,-1.09131,-0.03857,-0.24390,0.12195,0.24390
622,3110,0.01416,-1.09277,-0.04199,-0.36585,0.18293,0.30488
623,3115,0.01123,-1.09229,-0.04102,-0.30488,0.18293,0.36585
624,3120,0.01465,-1.09424,-0.03955,-0.36585,0.12195,0.42683
625,3125,0.01660,-1.09424,-0.03662,-0.12195,0.18293,0.30488
626,3131,0.01367,-1.09033,-0.03906,-0.24390,0.18293,0.24390
627,3136,0.01074,-1.09033,-0.04297,-0.54878,0.24390,0.30488
628,3141,0.01172,-1.09131,-0.04102,-0.42683,0.30488,0.30488
629,3145,0.01270,-1.08887,-0.04053,-0.24390,0.12195,0.30488
630,3150,0.01221,-1.09326,-0.04150,-0.42683,0.06098,0.24390
631,3155,0.01123,-1.09375,-0.03906,-0.36585,0.18293,0.24390
632,3160,0.01270,-1.09131,-0.03906,-0.24390,0.30488,0.42683
633,3165,0.01562,-1.09082,-0.03955,-0.18293,0.18293,0.30488
634,3171,0.01318,-1.09131,-0.04150,-0.30488,0.18293,0.30488
635,3176,0.01123,-1.09082,-0.03613,-0.48780,0.12195,0.36585
636,3181,0.01270,-1.09375,-0.04004,-0.36585,0.06098,0.30488
637,3186,0.01416,-1.08838,-0.04395,-0.18293,0.18293,0.30488
638,3190,0.01465,-1.09326,-0.04785,-0.42683,0.24390,0.36585
639,3195,0.01270,-1.09229,-0.04297,-0.42683,0.18293,0.30488
640,3200,0.00928,-1.08887,-0.04297,-0.42683,0.18293,0.24390
641,3205,0.01367,-1.08740,-0.03857,-0.36585,0.18293,0.24390
642,3211,0.01562,-1.08936,-0.04053,-0.30488,0.12195,0.36585
643,3216,0.01074,-1.09326,-0.03857,-0.36585,0.12195,0.24390
644,3221,0.01172,-1.09277,-0.04248,-0.36585,0.18293,0.30488
645,3226,0.00928,-1.09180,-0.03857,-0.24390,0.06098,0.30488
646,3230,0.01074,-1.08838,-0.03857,-0.30488,0.24390,0.24390
647,3235,0.01025,-1.09326,-0.04346,-0.36585,0.18293,0.18293
648,3240,0.00684,-1.09424,-0.04395,-0.48780,0.12195,0.24390
649,3245,0.01270,-1.09277,-0.04346,-0.36585,0.18293,0.30488
650,3250,0.01562,-1.08984,-0.04199,-0.24390,0.30488,0.36585
651,3256,0.01465,-1.08984,-0.03955,-0.30488,0.12195,0.24390
652,3261,0.01074,-1.09473,-0.04102,-0.54878,0.12195,0.24390
653,3266,0.01416,-1.09229,-0.04053,-0.36585,0.18293,0.36585
654,3270,0.01514,-1.08984,-0.04004,-0.30488,0.24390,0.42683
655,3275,0.01562,-1.09082,-0.03564,-0.24390,0.18293,0.30488
656,3280,0.01416,-1.09229,-0.03467,-0.36585,0.12195,0.30488
657,3285,0.01318,-1.09570,-0.04248,-0.42683,0.18293,0.24390
658,3290,0.01123,-1.09326,-0.04102,-0.42683,0.12195,0.36585
659,3296,0.01416,-1.09277,-0.04443,-0.24390,0.12195,0.36585
660,3301,0.01416,-1.09424,-0.04199,-0.30488,0.24390,0.42683
661,3306,0.01270,-1.08740,-0.04150,-0.42683,0.18293,0.30488
662,3311,0.01221,-1.09082,-0.03955,-0.36585,0.24390,0.30488
663,3315,0.01562,-1.09277,-0.03809,-0.30488,0.18293,0.30488
664,3320,0.01123,-1.09277,-0.03955,-0.42683,0.18293,0.36585
665,3325,0.01367,-1.09131,-0.04102,-0.42683,0.18293,0.24390
666,3330,0.01270,-1.09180,-0.04102,-0.36585,0.12195,0.24390
667,3336,0.01270,-1.09131,-0.03809,-0.42683,0.12195,0.30488
668,3341,0.01074,-1.09277,-0.04395,-0.48780,0.18293,0.30488
669,3346,0.01074,-1.08838,-0.04150,-0.30488,0.06098,0.24390
670,3351,0.01172,-1.08643,-0.03955,-0.36585,0.18293,0.30488
671,3355,0.01172,-1.09082,-0.04492,-0.30488,0.12195,0.36585
672,3360,0.01221,-1.09082,-0.04297,-0.24390,0.12195,0.24390
673,3365,0.01221,-1.09277,-0.04053,-0.30488,0.06098,0.12195
674,3370,0.01172,-1.08984,-0.04297,-0.24390,0.24390,0.24390
675,3375,0.01025,-1.09180,-0.04053,-0.30488,0.24390,0.30488
676,3381,0.01416,-1.09375,-0.03857,-0.54878,0.12195,0.30488
677,3386,0.01221,-1.09033,-0.04492,-0.36585,0.06098,0.24390
678,3391,0.01123,-1.09229,-0.04199,-0.48780,0.18293,0.30488
679,3395,0.00977,-1.09082,-0.04004,-0.42683,0.18293,0.42683
680,3400,0.01221,-1.09131,-0.03906,-0.18293,0.12195,0.30488
681,3405,0.01270,-1.09424,-0.04346,-0.24390,0.12195,0.30488
682,3410,0.01318,-1.08984,-0.04736,-0.30488,0.18293,0.24390
683,3415,0.01025,-1.09326,-0.04199,-0.36585,0.18293,0.30488
684,3421,0.01123,-1.09131,-0.03906,-0.30488,0.06098,0.30488
685,3426,0.01123,-1.09131,-0.04199,-0.42683,0.24390,0.24390
686,3431,0.01025,-1.08936,-0.04199,-0.30488,0.30488,0.30488
687,3436,0.01270,-1.09277,-0.04248,-0.30488,0.18293,0.30488
688,3440,0.01074,-1.09131,-0.04150,-0.24390,0.24390,0.30488
689,3445,0.01270,-1.08887,-0.04150,-0.36585,0.24390,0.24390
690,3450,0.01416,-1.09033,-0.04541,-0.42683,0.18293,0.24390
691,3455,0.01025,-1.09131,-0.04541,-0.30488,0.18293,0.30488
692,3461,0.01416,-1.09033,-0.04150,-0.24390,0.36585,0.30488
693,3466,0.01465,-1.08984,-0.04004,-0.42683,0.12195,0.12195
694,3471,0.01221,-1.09082,-0.04248,-0.36585,0.18293,0.18293
695,3476,0.01660,-1.09424,-0.03711,-0.42683,0.24390,0.30488
696,3480,0.01514,-1.09375,-0.03809,-0.48780,0.18293,0.30488
697,3485,0.01221,-1.09326,-0.03613,-0.30488,0.12195,0.24390
698,3490,0.01270,-1.09180,-0.04297,-0.30488,0.12195,0.36585
699,3495,0.01270,-1.09180,-0.04297,-0.30488,0.12195,0.36585
700,3500,0.00977,-1.09375,-0.04150,-0.24390,0.18293,0.36585
701,3506,0.01416,-1.09131,-0.03955,-0.18293,0.24390,0.30488
702,3511,0.01318,-1.09375,-0.03906,-0.36585,0.18293,0.30488
703,3516,0.01270,-1.09277,-0.04248,-0.36585,0.18293,0.30488
704,3520,0.01465,-1.09277,-0.04395,-0.30488,0.24390,0.36585
705,3525,0.01465,-1.09277,-0.04395,-0.30488,0.24390,0.36585
706,3530,0.01709,-1.09375,-0.03809,-0.30488,0.18293,0.36585
707,3535,0.01611,-1.09766,-0.03809,-0.36585,0.18293,0.30488
708,3540,0.01318,-1.09131,-0.04053,-0.42683,0.24390,0.30488
709,3546,0.01221,-1.08936,-0.04590,-0.36585,0.18293,0.30488
710,3551,0.01416,-1.08984,-0.04053,-0.30488,0.18293,0.36585
711,3556,0.01221,-1.09424,-0.04395,-0.42683,0.24390,0.36585
712,3561,0.01221,-1.09424,-0.04395,-0.42683,0.24390,0.36585
713,3565,0.01123,-1.08887,-0.04150,-0.48780,0.24390,0.24390
714,3570,0.01270,-1.09082,-0.04248,-0.42683,0.18293,0.24390
715,3575,0.01221,-1.08838,-0.04199,-0.54878,0.18293,0.42683
716,3580,0.01123,-1.09082,-0.04248,-0.36585,0.12195,0.24390
717,3586,0.01318,-1.09131,-0.04053,-0.48780,0.12195,0.36585
718,3591,0.01318,-1.09131,-0.04053,-0.48780,0.12195,0.36585
719,3596,0.01270,-1.09033,-0.04102,-0.48780,0.18293,0.30488
720,3601,0.01318,-1.09229,-0.03809,-0.48780,0.18293,0.36585
721,3605,0.01123,-1.09180,-0.04639,-0.30488,0.18293,0.30488
722,3610,0.01416,-1.09473,-0.04443,-0.18293,0.18293,0.24390
723,3615,0.01318,-1.09277,-0.03906,-0.30488,0.24390,0.24390
724,3620,0.01123,-1.09326,-0.04346,-0.24390,0.18293,0.36585
725,3625,0.01367,-1.09131,-0.04395,-0.36585,0.12195,0.42683
726,3631,0.01074,-1.09326,-0.04150,-0.36585,0.06098,0.36585
727,3636,0.01025,-1.09033,-0.04053,-0.42683,0.12195,0.36585
728,3641,0.01172,-1.08984,-0.03809,-0.30488,0.30488,0.30488
729,3645,0.01270,-1.09424,-0.03760,-0.42683,0.30488,0.36585
730,3650,0.01514,-1.09180,-0.04248,-0.42683,0.30488,0.42683
731,3655,0.01172,-1.09131,-0.04053,-0.30488,0.12195,0.30488
732,3660,0.01465,-1.09131,-0.04004,-0.30488,0.12195,0.30488
733,3665,0.01074,-1.09082,-0.04004,-0.18293,0.18293,0.30488
734,3671,0.01123,-1.09131,-0.04102,-0.24390,0.18293,0.18293
735,3676,0.01270,-1.08887,-0.03955,-0.30488,0.12195,0.30488
736,3681,0.01709,-1.09277,-0.04053,-0.42683,0.12195,0.36585
737,3686,0.01221,-1.09277,-0.04004,-0.30488,0.18293,0.30488
738,3690,0.00977,-1.09180,-0.04150,-0.18293,0.18293,0.36585
739,3695,0.01074,-1.09131,-0.04053,-0.18293,0.24390,0.42683
740,3700,0.01367,-1.09229,-0.04102,-0.30488,0.24390,0.36585
741,3705,0.01270,-1.08789,-0.04492,-0.36585,0.12195,0.36585
742,3711,0.01025,-1.09326,-0.04443,-0.42683,0.18293,0.24390
743,3716,0.00977,-1.09033,-0.04053,-0.24390,0.18293,0.24390
744,3721,0.01367,-1.09180,-0.04199,-0.30488,0.18293,0.30488
745,3726,0.01514,-1.09131,-0.04102,-0.30488,0.18293,0.30488
746,3730,0.01416,-1.09180,-0.03711,-0.36585,0.12195,0.24390
747,3735,0.01270,-1.09229,-0.04004,-0.24390,0.12195,0.36585
748,3740,0.01172,-1.09229,-0.03955,-0.36585,0.18293,0.30488
749,3745,0.01367,-1.09326,-0.04297,-0.36585,0.06098,0.36585
750,3750,0.01367,-1.09326,-0.04639,-0.36585,0.18293,0.30488
751,3756,0.01172,-1.09180,-0.04541,-0.36585,0.18293,0.30488
752,3761,0.00928,-1.08936,-0.04150,-0.36585,0.12195,0.30488
753,3766,0.01123,-1.08984,-0.04541,-0.42683,0.06098,0.30488
754,3770,0.01465,-1.09229,-0.04102,-0.30488,0.12195,0.18293
755,3775,0.01123,-1.09131,-0.03760,-0.36585,0.18293,0.24390
756,3780,0.01172,-1.09033,-0.04102,-0.42683,0.12195,0.36585
757,3785,0.01416,-1.09131,-0.04102,-0.36585,0.00000,0.36585
758,3790,0.01465,-1.09131,-0.04102,-0.48780,0.06098,0.30488
759,3796,0.01172,-1.09131,-0.03955,-0.42683,0.24390,0.36585
760,3801,0.01172,-1.09180,-0.04004,-0.30488,0.18293,0.30488
761,3806,0.01367,-1.09180,-0.04297,-0.30488,0.18293,0.24390
762,3811,0.01465,-1.08936,-0.04199,-0.12195,0.18293,0.30488
763,3815,0.01465,-1.08838,-0.04102,-0.30488,0.30488,0.36585
764,3820,0.01514,-1.08887,-0.03613,-0.42683,0.06098,0.30488
765,3825,0.01367,-1.09180,-0.03809,-0.36585,0.06098,0.30488
766,3830,0.01172,-1.09229,-0.04199,-0.30488,0.12195,0.36585
767,3836,0.01318,-1.09082,-0.04443,-0.30488,0.18293,0.30488
768,3841,0.01270,-1.08838,-0.04199,-0.48780,0.24390,0.30488
769,3846,0.01465,-1.09082,-0.04150,-0.42683,0.24390,0.30488
770,3851,0.01416,-1.09277,-0.04346,-0.24390,0.24390,0.36585
771,3855,0.01123,-1.08936,-0.04102,-0.24390,0.12195,0.24390
772,3860,0.01270,-1.08984,-0.03809,-0.30488,0.12195,0.36585
773,3865,0.01465,-1.09033,-0.03467,-0.24390,0.18293,0.42683
774,3870,0.01318,-1.08984,-0.03760,-0.12195,0.12195,0.42683
775,3875,0.01270,-1.09131,-0.04492,-0.24390,0.18293,0.42683
776,3881,0.01562,-1.09033,-0.04199,-0.30488,0.18293,0.24390
777,3886,0.01172,-1.08984,-0.03516,-0.30488,0.18293,0.42683
778,3891,0.01270,-1.09131,-0.04346,-0.30488,0.18293,0.42683
779,3895,0.01221,-1.09229,-0.04102,-0.30488,0.18293,0.24390
780,3900,0.01123,-1.09033,-0.04346,-0.30488,0.12195,0.30488
781,3905,0.00830,-1.09326,-0.04150,-0.24390,0.18293,0.30488
782,3910,0.01367,-1.09082,-0.04297,-0.36585,0.12195,0.24390
783,3915,0.01514,-1.08984,-0.03955,-0.36585,0.18293,0.30488
784,3921,0.01367,-1.09033,-0.04150,-0.36585,0.24390,0.36585
785,3926,0.01416,-1.09180,-0.04590,-0.30488,0.24390,0.36585
786,3931,0.01172,-1.09082,-0.03809,-0.18293,0.12195,0.30488
787,3936,0.01172,-1.09277,-0.04004,-0.24390,0.12195,0.24390
788,3940,0.01465,-1.09229,-0.03809,-0.36585,0.18293,0.30488
789,3945,0.01123,-1.09277,-0.04199,-0.42683,0.12195,0.36585
790,3950,0.01416,-1.09131,-0.04541,-0.42683,0.18293,0.30488
791,3955,0.01611,-1.08984,-0.04297,-0.30488,0.18293,0.24390
792,3961,0.00977,-1.08984,-0.04199,-0.42683,0.12195,0.24390
793,3966,0.01465,-1.08643,-0.03906,-0.36585,0.18293,0.24390
794,3971,0.01221,-1.08789,-0.04150,-0.42683,0.24390,0.24390
795,3976,0.01562,-1.08936,-0.03857,-0.30488,0.24390,0.18293
796,3980,0.01514,-1.09180,-0.04297,-0.30488,0.24390,0.30488
797,3985,0.01123,-1.09180,-0.04492,-0.36585,0.18293,0.30488
798,3990,0.01074,-1.08936,-0.03906,-0.36585,0.18293,0.30488
799,3995,0.01270,-1.09229,-0.04004,-0.36585,0.18293,0.36585
800,4000,0.01270,-1.09277,-0.03564,-0.42683,0.12195,0.30488
801,4006,0.01514,-1.09131,-0.03760,-0.36585,0.24390,0.30488
802,4011,0.01221,-1.09131,-0.04346,-0.30488,0.18293,0.36585
803,4016,0.01318,-1.09082,-0.04346,-0.42683,0.12195,0.30488
804,4020,0.00879,-1.09375,-0.03955,-0.42683,0.12195,0.42683
805,4025,0.00977,-1.09082,-0.03955,-0.30488,0.12195,0.36585
806,4030,0.01270,-1.08838,-0.04736,-0.24390,0.18293,0.24390
807,4035,0.01270,-1.09131,-0.04541,-0.30488,0.18293,0.30488
808,4040,0.01270,-1.09229,-0.04346,-0.54878,0.12195,0.36585
809,4046,0.01318,-1.08887,-0.03906,-0.36585,0.12195,0.30488
810,4051,0.01367,-1.09277,-0.04199,-0.18293,0.12195,0.36585
811,4056,0.01367,-1.09180,-0.03809,-0.12195,0.18293,0.24390
812,4061,0.01367,-1.09277,-0.03906,-0.30488,0.24390,0.30488
813,4065,0.01318,-1.09131,-0.04102,-0.42683,0.24390,0.36585
814,4070,0.01318,-1.09082,-0.03906,-0.36585,0.18293,0.36585
815,4075,0.01074,-1.09131,-0.04395,-0.42683,0.24390,0.36585
816,4080,0.01318,-1.08984,-0.04590,-0.30488,0.24390,0.30488
817,4086,0.01465,-1.09326,-0.04639,-0.18293,0.12195,0.30488
818,4091,0.01123,-1.09277,-0.04248,-0.30488,0.18293,0.36585
819,4096,0.01221,-1.08789,-0.03906,-0.30488,0.18293,0.36585
820,4101,0.01172,-1.09277,-0.03906,-0.36585,0.18293,0.24390
821,4105,0.01318,-1.09229,-0.04443,-0.30488,0.18293,0.36585
822,4110,0.01221,-1.08984,-0.03809,-0.42683,0.18293,0.36585
823,4115,0.01074,-1.09326,-0.03711,-0.30488,0.30488,0.30488
824,4120,0.00928,-1.09180,-0.04590,-0.42683,0.18293,0.36585
825,4125,0.01465,-1.09180,-0.04395,-0.36585,0.18293,0.36585
826,4131,0.01123,-1.08887,-0.03955,-0.24390,0.18293,0.30488
827,4136,0.01221,-1.09180,-0.03467,-0.30488,0.12195,0.30488
828,4141,0.01270,-1.09229,-0.03809,-0.36585,0.24390,0.24390
829,4145,0.01123,-1.09424,-0.04199,-0.30488,0.18293,0.30488
830,4150,0.01465,-1.08887,-0.03906,-0.36585,0.18293,0.30488
831,4155,0.01367,-1.09180,-0.04492,-0.30488,0.12195,0.24390
832,4160,0.01514,-1.08984,-0.04346,-0.36585,0.24390,0.18293
833,4165,0.01514,-1.08984,-0.04346,-0.36585,0.24390,0.18293
834,4171,0.01025,-1.09131,-0.04199,-0.36585,0.12195,0.30488
835,4176,0.00977,-1.09229,-0.04346,-0.30488,0.06098,0.36585
836,4181,0.01270,-1.09131,-0.04053,-0.30488,0.30488,0.30488
837,4186,0.01318,-1.09180,-0.03662,-0.54878,0.24390,0.24390
838,4190,0.01416,-1.09277,-0.04150,-0.42683,0.24390,0.36585
839,4195,0.01416,-1.09277,-0.04150,-0.42683,0.24390,0.36585
840,4200,0.01221,-1.09180,-0.04346,-0.48780,0.24390,0.42683
841,4205,0.01514,-1.09082,-0.04248,-0.54878,0.24390,0.30488
842,4211,0.01123,-1.09180,-0.03711,-0.36585,0.24390,0.30488
843,4216,0.01221,-1.09375,-0.04053,-0.24390,0.12195,0.30488
844,4221,0.01172,-1.08984,-0.04199,-0.36585,0.18293,0.18293
845,4226,0.00928,-1.09082,-0.04150,-0.42683,0.12195,0.30488
846,4230,0.00928,-1.09082,-0.04150,-0.42683,0.12195,0.30488
847,4235,0.01025,-1.09229,-0.04102,-0.42683,0.18293,0.36585
848,4240,0.01465,-1.09277,-0.04199,-0.42683,0.18293,0.30488
849,4245,0.01074,-1.08984,-0.04541,-0.48780,0.18293,0.30488
850,4250,0.01318,-1.09229,-0.03809,-0.30488,0.18293,0.36585
851,4256,0.01318,-1.09082,-0.03857,-0.42683,0.12195,0.36585
852,4261,0.01318,-1.09082,-0.03857,-0.42683,0.12195,0.36585
853,4266,0.01367,-1.09375,-0.04150,-0.30488,0.12195,0.30488
854,4270,0.01416,-1.08936,-0.04346,-0.24390,0.12195,0.24390
855,4275,0.01562,-1.09082,-0.04395,-0.30488,0.18293,0.36585
856,4280,0.01221,-1.08936,-0.04053,-0.30488,0.12195,0.36585
857,4285,0.01074,-1.09277,-0.03613,-0.48780,0.18293,0.24390
858,4290,0.01270,-1.09229,-0.04150,-0.48780,0.24390,0.24390
859,4296,0.01416,-1.08984,-0.03760,-0.30488,0.30488,0.36585
860,4301,0.01318,-1.09277,-0.03809,-0.36585,0.24390,0.36585
861,4306,0.01221,-1.09229,-0.03906,-0.36585,0.12195,0.30488
862,4311,0.01318,-1.09082,-0.04150,-0.30488,0.12195,0.30488
863,4315,0.01416,-1.08838,-0.04150,-0.24390,0.18293,0.36585
864,4320,0.01318,-1.09180,-0.04102,-0.24390,0.24390,0.24390
865,4325,0.00928,-1.09326,-0.04297,-0.30488,0.12195,0.30488
866,4330,0.01367,-1.09180,-0.03955,-0.42683,0.24390,0.36585
867,4336,0.01367,-1.09424,-0.03809,-0.36585,0.30488,0.48780
868,4341,0.01416,-1.09082,-0.03906,-0.36585,0.18293,0.48780
869,4346,0.01270,-1.09082,-0.03955,-0.42683,0.12195,0.42683
870,4351,0.01367,-1.09131,-0.04004,-0.30488,0.12195,0.24390
871,4355,0.01172,-1.09033,-0.04004,-0.30488,0.24390,0.24390
872,4360,0.01221,-1.09082,-0.03857,-0.24390,0.24390,0.24390
873,4365,0.01318,-1.08789,-0.04053,-0.36585,0.18293,0.24390
874,4370,0.01074,-1.09229,-0.03613,-0.36585,0.18293,0.18293
875,4375,0.01172,-1.09033,-0.04053,-0.18293,0.12195,0.36585
876,4381,0.01221,-1.08984,-0.04199,-0.12195,0.12195,0.36585
877,4386,0.01416,-1.09277,-0.04102,-0.30488,0.12195,0.18293
878,4391,0.01123,-1.09131,-0.03955,-0.54878,0.12195,0.30488
879,4395,0.01172,-1.09082,-0.04492,-0.30488,0.06098,0.36585
880,4400,0.01611,-1.09375,-0.04346,-0.36585,0.12195,0.36585
881,4405,0.01318,-1.09082,-0.03760,-0.30488,0.12195,0.36585
882,4410,0.00977,-1.09229,-0.04297,-0.30488,0.18293,0.36585
883,4415,0.01221,-1.09180,-0.04688,-0.30488,0.18293,0.30488
884,4421,0.01807,-1.09424,-0.04443,-0.36585,0.24390,0.30488
885,4426,0.01367,-1.09277,-0.04102,-0.24390,0.18293,0.24390
886,4431,0.01416,-1.09375,-0.04443,-0.24390,0.06098,0.30488
887,4436,0.01660,-1.08984,-0.04053,-0.30488,0.12195,0.24390
888,4440,0.01270,-1.09229,-0.03613,-0.30488,0.12195,0.36585
889,4445,0.01318,-1.09229,-0.04150,-0.30488,0.12195,0.36585
890,4450,0.01221,-1.09082,-0.04199,-0.48780,0.12195,0.24390
891,4455,0.01318,-1.09277,-0.04150,-0.36585,0.18293,0.24390
892,4461,0.01514,-1.09424,-0.04150,-0.24390,0.18293,0.30488
893,4466,0.01416,-1.09229,-0.04395,-0.36585,0.18293,0.30488
894,4471,0.01416,-1.09180,-0.04541,-0.42683,0.18293,0.18293
895,4476,0.01367,-1.09326,-0.04346,-0.30488,0.12195,0.24390
896,4480,0.01318,-1.09131,-0.04150,-0.24390,0.18293,0.24390
897,4485,0.01514,-1.08887,-0.03613,-0.30488,0.18293,0.30488
898,4490,0.01074,-1.08740,-0.04297,-0.42683,0.24390,0.36585
899,4495,0.01465,-1.09131,-0.04053,-0.30488,0.24390,0.30488
900,4500,0.01416,-1.09277,-0.04150,-0.30488,0.12195,0.36585
901,4506,0.01416,-1.08740,-0.04492,-0.36585,0.18293,0.24390
902,4511,0.01172,-1.09180,-0.04297,-0.36585,0.12195,0.18293
903,4516,0.01123,-1.09424,-0.04297,-0.24390,0.18293,0.30488
904,4520,0.01221,-1.09082,-0.04346,-0.24390,0.06098,0.24390
905,4525,0.01270,-1.09082,-0.04199,-0.30488,0.12195,0.18293
906,4530,0.01270,-1.08984,-0.03809,-0.30488,0.12195,0.18293
907,4535,0.01318,-1.08984,-0.03906,-0.42683,0.12195,0.24390
908,4540,0.01270,-1.09229,-0.04492,-0.42683,0.18293,0.30488
909,4546,0.01270,-1.09033,-0.04395,-0.36585,0.18293,0.36585
910,4551,0.01367,-1.08887,-0.03857,-0.30488,0.06098,0.30488
911,4556,0.01416,-1.09229,-0.04053,-0.24390,0.06098,0.36585
912,4561,0.01172,-1.09033,-0.03906,-0.42683,0.12195,0.36585
913,4565,0.01025,-1.08838,-0.04248,-0.36585,0.18293,0.36585
914,4570,0.01172,-1.08740,-0.04395,-0.36585,0.18293,0.30488
915,4575,0.01465,-1.08838,-0.03906,-0.24390,0.06098,0.30488
916,4580,0.01562,-1.09229,-0.03955,-0.36585,0.18293,0.24390
917,4586,0.01367,-1.09180,-0.03955,-0.36585,0.18293,0.18293
918,4591,0.01221,-1.08838,-0.04199,-0.30488,0.12195,0.18293
919,4596,0.00977,-1.08984,-0.04004,-0.24390,0.18293,0.36585
920,4601,0.01318,-1.08838,-0.03955,-0.24390,0.12195,0.36585
921,4605,0.01270,-1.09277,-0.03809,-0.30488,0.12195,0.30488
922,4610,0.01221,-1.09131,-0.03955,-0.36585,0.12195,0.36585
923,4615,0.01172,-1.08691,-0.04102,-0.24390,0.18293,0.30488
924,4620,0.01123,-1.08936,-0.03906,-0.36585,0.18293,0.36585
925,4625,0.01123,-1.09375,-0.03516,-0.24390,0.06098,0.30488
926,4631,0.00977,-1.09180,-0.04248,-0.42683,0.24390,0.30488
927,4636,0.01465,-1.09375,-0.04443,-0.42683,0.24390,0.30488
928,4641,0.01270,-1.09375,-0.03955,-0.36585,0.06098,0.24390
929,4645,0.01025,-1.08984,-0.03711,-0.36585,0.12195,0.18293
930,4650,0.01172,-1.09033,-0.04346,-0.30488,0.18293,0.30488
931,4655,0.01318,-1.09277,-0.04346,-0.36585,0.12195,0.42683
932,4660,0.00879,-1.09521,-0.04102,-0.42683,0.12195,0.36585
933,4665,0.01416,-1.08936,-0.04150,-0.30488,0.06098,0.24390
934,4671,0.01514,-1.08984,-0.04004,-0.30488,0.12195,0.36585
935,4676,0.01514,-1.09180,-0.03711,-0.36585,0.12195,0.42683
936,4681,0.01465,-1.09082,-0.03857,-0.36585,0.24390,0.30488
937,4686,0.01221,-1.09375,-0.04443,-0.36585,0.12195,0.24390
938,4690,0.01514,-1.09277,-0.04004,-0.30488,0.12195,0.24390
939,4695,0.01465,-1.09229,-0.04297,-0.42683,0.18293,0.36585
940,4700,0.01367,-1.09033,-0.04395,-0.30488,0.18293,0.30488
941,4705,0.01074,-1.09033,-0.03809,-0.42683,0.12195,0.24390
942,4711,0.00977,-1.09082,-0.04297,-0.42683,0.12195,0.36585
943,4716,0.01270,-1.09131,-0.04199,-0.42683,0.12195,0.30488
944,4721,0.01123,-1.09277,-0.03809,-0.42683,0.18293,0.30488
945,4726,0.01221,-1.09180,-0.03613,-0.42683,0.12195,0.30488
946,4730,0.01514,-1.09180,-0.03955,-0.30488,0.12195,0.24390
947,4735,0.01562,-1.08936,-0.03906,-0.24390,0.24390,0.36585
948,4740,0.01660,-1.09033,-0.03760,-0.18293,0.18293,0.36585
949,4745,0.01221,-1.09033,-0.04395,-0.30488,0.12195,0.30488
950,4750,0.01270,-1.09375,-0.04199,-0.54878,0.12195,0.30488
951,4756,0.01025,-1.09131,-0.04199,-0.54878,0.06098,0.30488
952,4761,0.01123,-1.09375,-0.04541,-0.18293,0.18293,0.36585
953,4766,0.01172,-1.09082,-0.04053,-0.30488,0.18293,0.36585
954,4770,0.01221,-1.08936,-0.03320,-0.36585,0.24390,0.24390
955,4775,0.01221,-1.08887,-0.04004,-0.30488,0.18293,0.24390
956,4780,0.01270,-1.09521,-0.04199,-0.42683,0.12195,0.36585
957,4785,0.00879,-1.09082,-0.04590,-0.24390,0.24390,0.36585
958,4790,0.01318,-1.09229,-0.04346,-0.36585,0.18293,0.30488
959,4796,0.01367,-1.09277,-0.04346,-0.36585,0.12195,0.30488
960,4801,0.01318,-1.09375,-0.04248,-0.36585,0.24390,0.36585
961,4806,0.00928,-1.09473,-0.04248,-0.48780,0.18293,0.30488
962,4811,0.01172,-1.09229,-0.04053,-0.24390,0.12195,0.30488
963,4815,0.01416,-1.09375,-0.04395,-0.24390,0.18293,0.30488
964,4820,0.01318,-1.09033,-0.04004,-0.36585,0.06098,0.42683
965,4825,0.01074,-1.09033,-0.03711,-0.24390,0.12195,0.36585
966,4830,0.01270,-1.09570,-0.04590,-0.42683,0.12195,0.30488
967,4836,0.01270,-1.09277,-0.04102,-0.48780,0.12195,0.36585
968,4841,0.01074,-1.09277,-0.04590,-0.36585,0.18293,0.30488
969,4846,0.01416,-1.09082,-0.03760,-0.36585,0.18293,0.24390
970,4851,0.01270,-1.09131,-0.03662,-0.30488,0.12195,0.30488
971,4855,0.01562,-1.09180,-0.04199,-0.36585,0.12195,0.30488
972,4860,0.01270,-1.09082,-0.03906,-0.36585,0.24390,0.30488
973,4865,0.01270,-1.09082,-0.03906,-0.36585,0.24390,0.30488
974,4870,0.00928,-1.09277,-0.04053,-0.30488,0.18293,0.24390
975,4875,0.00781,-1.09180,-0.04248,-0.30488,0.12195,0.30488
976,4881,0.01074,-1.09131,-0.04102,-0.36585,0.12195,0.30488
977,4886,0.01074,-1.09326,-0.03906,-0.24390,0.12195,0.36585
978,4891,0.00977,-1.09180,-0.04395,-0.48780,0.36585,0.30488
979,4895,0.01074,-1.09180,-0.04102,-0.36585,0.24390,0.30488
980,4900,0.01074,-1.09180,-0.04102,-0.36585,0.24390,0.30488
981,4905,0.01221,-1.09277,-0.03516,-0.30488,0.18293,0.30488
982,4910,0.01221,-1.08936,-0.03857,-0.36585,0.12195,0.42683
983,4915,0.01172,-1.09229,-0.04102,-0.24390,0.12195,0.36585
984,4921,0.01465,-1.09570,-0.03760,-0.42683,0.12195,0.30488
985,4926,0.01514,-1.09570,-0.03955,-0.48780,0.18293,0.24390
986,4931,0.01514,-1.09570,-0.03955,-0.48780,0.18293,0.24390
987,4936,0.01318,-1.08984,-0.03955,-0.30488,0.24390,0.36585
988,4940,0.01123,-1.09229,-0.04199,-0.36585,0.18293,0.42683
989,4945,0.01172,-1.09131,-0.04004,-0.30488,0.18293,0.30488
990,4950,0.01123,-1.09082,-0.04199,-0.24390,0.18293,0.30488
991,4955,0.01465,-1.09082,-0.03857,-0.36585,0.18293,0.24390
992,4961,0.01318,-1.09131,-0.04395,-0.54878,0.12195,0.36585
993,4966,0.01123,-1.09326,-0.04102,-0.48780,0.36585,0.36585
994,4971,0.01270,-1.09277,-0.03809,-0.42683,0.24390,0.24390
995,4976,0.01514,-1.09375,-0.04004,-0.30488,0.18293,0.18293
996,4980,0.01367,-1.09229,-0.04785,-0.18293,0.12195,0.42683
997,4985,0.01172,-1.09326,-0.04834,-0.48780,0.18293,0.36585
998,4990,0.01514,-1.09033,-0.04492,-0.36585,0.18293,0.24390
999,4995,0.01562,-1.08984,-0.04102,-0.18293,0.24390,0.30488
1000,5000,0.01074,-1.09082,-0.04590,-0.24390,0.24390,0.36585
1001,5006,0.01172,-1.09033,-0.04102,-0.48780,0.24390,0.24390
1002,5011,0.01367,-1.09424,-0.03516,-0.42683,0.30488,0.30488
1003,5016,0.01318,-1.09375,-0.04004,-0.30488,0.24390,0.24390
1004,5020,0.01221,-1.09326,-0.04395,-0.36585,0.24390,0.30488
1005,5025,0.01465,-1.09180,-0.04053,-0.30488,0.18293,0.36585
1006,5030,0.01367,-1.09131,-0.03857,-0.24390,0.24390,0.30488
1007,5035,0.01123,-1.09131,-0.04443,-0.42683,0.12195,0.24390
1008,5040,0.00977,-1.08789,-0.04199,-0.24390,0.12195,0.36585
1009,5046,0.01172,-1.09277,-0.04248,-0.18293,0.12195,0.30488
1010,5051,0.01270,-1.09277,-0.04150,-0.18293,0.12195,0.30488
1011,5056,0.01367,-1.09180,-0.04053,-0.36585,0.18293,0.36585
1012,5061,0.01221,-1.09131,-0.04053,-0.36585,0.24390,0.30488
1013,5065,0.00928,-1.09033,-0.04346,-0.24390,0.18293,0.30488
1014,5070,0.01318,-1.08838,-0.03809,-0.36585,0.12195,0.30488
1015,5075,0.01514,-1.09229,-0.04004,-0.30488,0.12195,0.42683
1016,5080,0.01367,-1.09424,-0.03955,-0.24390,0.18293,0.30488
1017,5086,0.01270,-1.09277,-0.04736,-0.18293,0.24390,0.36585
1018,5091,0.01318,-1.09180,-0.04248,-0.48780,0.18293,0.24390
1019,5096,0.01270,-1.09082,-0.04004,-0.48780,0.18293,0.30488
1020,5101,0.01465,-1.09229,-0.03955,-0.42683,0.18293,0.24390
1021,5105,0.01318,-1.09229,-0.04102,-0.30488,0.00000,0.18293
1022,5110,0.01318,-1.08984,-0.04004,-0.18293,0.18293,0.36585
1023,5115,0.01465,-1.08936,-0.03955,-0.42683,0.18293,0.36585
1024,5120,0.01123,-1.09180,-0.04297,-0.36585,0.12195,0.30488
1025,5125,0.01221,-1.09375,-0.03662,-0.24390,0.18293,0.42683
1026,5131,0.01758,-1.08984,-0.04150,-0.42683,0.36585,0.30488
1027,5136,0.01123,-1.08936,-0.03906,-0.48780,0.18293,0.30488
1028,5141,0.01123,-1.09131,-0.04248,-0.36585,0.12195,0.24390
1029,5145,0.01465,-1.08984,-0.04395,-0.18293,0.06098,0.30488
1030,5150,0.01367,-1.09131,-0.03760,-0.42683,0.12195,0.36585
1031,5155,0.01025,-1.08984,-0.04004,-0.42683,0.12195,0.42683
1032,5160,0.01367,-1.08984,-0.04150,-0.30488,0.18293,0.24390
1033,5165,0.01318,-1.09326,-0.03760,-0.36585,0.24390,0.30488
1034,5171,0.01318,-1.09229,-0.04248,-0.54878,0.24390,0.24390
1035,5176,0.01367,-1.09082,-0.04102,-0.42683,0.18293,0.30488
1036,5181,0.01514,-1.08984,-0.04297,-0.18293,0.18293,0.30488
1037,5186,0.01367,-1.08838,-0.04395,-0.24390,0.18293,0.30488
1038,5190,0.01367,-1.08936,-0.04102,-0.42683,0.06098,0.24390
1039,5195,0.01172,-1.09180,-0.03857,-0.36585,0.06098,0.36585
1040,5200,0.01025,-1.09180,-0.03760,-0.36585,0.18293,0.24390
1041,5205,0.01318,-1.08887,-0.04053,-0.30488,0.18293,0.24390
1042,5211,0.01221,-1.09082,-0.04053,-0.24390,0.12195,0.24390
1043,5216,0.01025,-1.09229,-0.03662,-0.24390,0.24390,0.18293
1044,5221,0.01172,-1.09131,-0.04150,-0.12195,0.18293,0.36585
1045,5226,0.01562,-1.09180,-0.03955,-0.18293,0.12195,0.36585
1046,5230,0.01270,-1.09424,-0.03857,-0.30488,0.06098,0.42683
1047,5235,0.01172,-1.08984,-0.04150,-0.42683,0.12195,0.42683
1048,5240,0.01318,-1.08740,-0.03760,-0.42683,0.18293,0.36585
1049,5245,0.01172,-1.08936,-0.03955,-0.54878,0.18293,0.30488
1050,5250,0.01221,-1.09082,-0.04248,-0.36585,0.12195,0.18293
1051,5256,0.01416,-1.09375,-0.04150,-0.24390,0.24390,0.36585
1052,5261,0.01270,-1.09082,-0.04150,-0.36585,0.24390,0.36585
1053,5266,0.01367,-1.08984,-0.03711,-0.42683,0.18293,0.30488
1054,5270,0.01172,-1.08984,-0.04395,-0.24390,0.12195,0.30488
1055,5275,0.01318,-1.09473,-0.04736,-0.24390,0.12195,0.30488
1056,5280,0.01221,-1.09033,-0.04346,-0.24390,0.06098,0.18293
1057,5285,0.01318,-1.09033,-0.04248,-0.24390,0.12195,0.36585
1058,5290,0.01270,-1.09131,-0.04199,-0.36585,0.24390,0.42683
1059,5296,0.01318,-1.08887,-0.03809,-0.30488,0.12195,0.30488
1060,5301,0.01025,-1.08740,-0.04248,-0.42683,0.24390,0.18293
1061,5306,0.01074,-1.08887,-0.04590,-0.42683,0.24390,0.24390
1062,5311,0.01123,-1.09033,-0.04346,-0.30488,0.18293,0.42683
1063,5315,0.01221,-1.08936,-0.03955,-0.24390,0.24390,0.36585
1064,5320,0.01660,-1.09180,-0.03662,-0.18293,0.18293,0.36585
1065,5325,0.01221,-1.09082,-0.04492,-0.30488,0.30488,0.24390
1066,5330,0.01416,-1.09229,-0.04541,-0.42683,0.18293,0.30488
1067,5336,0.01270,-1.09131,-0.03857,-0.42683,0.12195,0.36585
1068,5341,0.01465,-1.08936,-0.04053,-0.30488,0.24390,0.36585
1069,5346,0.01025,-1.08984,-0.04199,-0.42683,0.24390,0.30488
1070,5351,0.01367,-1.09277,-0.04395,-0.42683,0.18293,0.36585
1071,5355,0.01318,-1.09326,-0.04395,-0.36585,0.24390,0.24390
1072,5360,0.01221,-1.09424,-0.04395,-0.42683,0.06098,0.36585
1073,5365,0.01416,-1.09521,-0.04248,-0.30488,0.12195,0.24390
1074,5370,0.01416,-1.09375,-0.03760,-0.36585,0.12195,0.24390
1075,5375,0.01270,-1.09131,-0.03662,-0.36585,0.12195,0.30488
1076,5381,0.01074,-1.09229,-0.04443,-0.48780,0.06098,0.36585
1077,5386,0.01416,-1.09326,-0.04004,-0.42683,0.12195,0.24390
1078,5391,0.01074,-1.09277,-0.03955,-0.36585,0.12195,0.24390
1079,5395,0.00928,-1.08984,-0.04297,-0.42683,0.12195,0.24390
1080,5400,0.01221,-1.09082,-0.03809,-0.30488,0.18293,0.36585
1081,5405,0.01270,-1.09277,-0.04150,-0.36585,0.12195,0.36585
1082,5410,0.01318,-1.08936,-0.04102,-0.54878,0.12195,0.18293
1083,5415,0.01270,-1.09277,-0.04395,-0.42683,0.24390,0.24390
1084,5421,0.01221,-1.09033,-0.04395,-0.24390,0.30488,0.24390
1085,5426,0.01514,-1.09180,-0.04004,-0.30488,0.24390,0.24390
1086,5431,0.01514,-1.09180,-0.03516,-0.36585,0.24390,0.24390
1087,5436,0.01416,-1.09326,-0.03809,-0.42683,0.18293,0.30488
1088,5440,0.01465,-1.08936,-0.04053,-0.24390,0.12195,0.36585
1089,5445,0.01270,-1.08691,-0.04199,-0.30488,0.12195,0.36585
1090,5450,0.00879,-1.09180,-0.04102,-0.42683,0.12195,0.36585
1091,5455,0.01074,-1.08936,-0.04297,-0.24390,0.18293,0.24390
1092,5461,0.01562,-1.08984,-0.04150,-0.30488,0.18293,0.24390
1093,5466,0.01172,-1.08740,-0.04150,-0.48780,0.24390,0.30488
1094,5471,0.01025,-1.09229,-0.03955,-0.36585,0.18293,0.24390
1095,5476,0.00879,-1.09229,-0.04297,-0.30488,0.06098,0.30488
1096,5480,0.01318,-1.09180,-0.03711,-0.36585,0.00000,0.36585
1097,5485,0.01562,-1.08789,-0.03711,-0.54878,0.12195,0.24390
1098,5490,0.01709,-1.09082,-0.03760,-0.36585,0.18293,0.30488
1099,5495,0.00879,-1.09082,-0.03711,-0.30488,0.24390,0.36585
1100,5500,0.01025,-1.09277,-0.04688,-0.36585,0.24390,0.36585
1101,5506,0.01270,-1.09131,-0.04590,-0.30488,0.18293,0.30488
1102,5511,0.01514,-1.09033,-0.04346,-0.42683,0.24390,0.24390
1103,5516,0.01465,-1.09229,-0.04150,-0.48780,0.18293,0.36585
1104,5520,0.01318,-1.09424,-0.04102,-0.24390,0.00000,0.42683
1105,5525,0.01221,-1.09424,-0.04541,-0.30488,0.18293,0.30488
1106,5530,0.01367,-1.09229,-0.04492,-0.36585,0.24390,0.24390
1107,5535,0.01367,-1.09229,-0.04492,-0.36585,0.24390,0.24390
1108,5540,0.01270,-1.09131,-0.04150,-0.42683,0.18293,0.30488
1109,5546,0.01074,-1.09131,-0.04053,-0.48780,0.12195,0.30488
1110,5551,0.01514,-1.09131,-0.03809,-0.48780,0.24390,0.30488
1111,5556,0.01270,-1.09326,-0.03809,-0.24390,0.18293,0.24390
1112,5561,0.01318,-1.09326,-0.04004,-0.18293,0.12195,0.36585
1113,5565,0.00977,-1.08887,-0.03955,-0.24390,0.12195,0.30488
1114,5570,0.00977,-1.08887,-0.03955,-0.24390,0.12195,0.30488
1115,5575,0.00977,-1.09082,-0.03809,-0.12195,0.12195,0.30488
1116,5580,0.01416,-1.09180,-0.03955,-0.30488,0.12195,0.18293
1117,5586,0.01270,-1.09326,-0.03906,-0.36585,0.12195,0.24390
1118,5591,0.01172,-1.09131,-0.03809,-0.36585,0.24390,0.30488
1119,5596,0.00928,-1.09229,-0.03467,-0.36585,0.18293,0.18293
1120,5601,0.01514,-1.09326,-0.03955,-0.42683,0.18293,0.30488
1121,5605,0.01514,-1.09326,-0.03955,-0.42683,0.18293,0.30488
1122,5610,0.01611,-1.09180,-0.04199,-0.24390,0.24390,0.24390
1123,5615,0.01318,-1.09180,-0.04248,-0.36585,0.12195,0.36585
1124,5620,0.01514,-1.08887,-0.04395,-0.42683,0.18293,0.24390
1125,5625,0.01123,-1.09033,-0.04346,-0.30488,0.12195,0.24390
1126,5631,0.01270,-1.09131,-0.04004,-0.30488,0.12195,0.24390
1127,5636,0.01660,-1.08984,-0.04150,-0.30488,0.12195,0.24390
1128,5641,0.01318,-1.09326,-0.04395,-0.42683,0.18293,0.30488
1129,5645,0.01318,-1.09277,-0.03955,-0.30488,0.12195,0.36585
1130,5650,0.01465,-1.09131,-0.04248,-0.18293,0.12195,0.30488
1131,5655,0.01562,-1.08838,-0.03662,-0.42683,0.06098,0.24390
1132,5660,0.01221,-1.09521,-0.04199,-0.30488,0.12195,0.36585
1133,5665,0.01562,-1.09326,-0.04053,-0.36585,0.24390,0.24390
1134,5671,0.01416,-1.09082,-0.04346,-0.36585,0.12195,0.30488
1135,5676,0.01221,-1.09229,-0.04492,-0.36585,0.18293,0.42683
1136,5681,0.01416,-1.09277,-0.04199,-0.42683,0.24390,0.24390
1137,5686,0.01562,-1.09326,-0.04541,-0.24390,0.24390,0.30488
1138,5690,0.01318,-1.09375,-0.04395,-0.18293,0.24390,0.24390
1139,5695,0.01123,-1.08984,-0.03906,-0.36585,0.24390,0.24390
1140,5700,0.01270,-1.09326,-0.03857,-0.42683,0.18293,0.24390
1141,5705,0.01074,-1.08887,-0.03809,-0.42683,0.18293,0.18293
1142,5711,0.01318,-1.09033,-0.04199,-0.24390,0.24390,0.30488
1143,5716,0.01025,-1.08838,-0.04297,-0.36585,0.18293,0.36585
1144,5721,0.01123,-1.08789,-0.04150,-0.42683,0.18293,0.24390
1145,5726,0.01465,-1.09180,-0.04443,-0.42683,0.12195,0.24390
1146,5730,0.01465,-1.09277,-0.04004,-0.24390,0.18293,0.36585
1147,5735,0.01416,-1.09033,-0.04053,-0.36585,0.12195,0.30488
1148,5740,0.01318,-1.09277,-0.04004,-0.30488,0.12195,0.18293
1149,5745,0.01025,-1.09180,-0.04443,-0.30488,0.24390,0.36585
1150,5750,0.01074,-1.09033,-0.04102,-0.30488,0.24390,0.18293
1151,5756,0.01318,-1.08887,-0.04248,-0.24390,0.06098,0.30488
1152,5761,0.01270,-1.09082,-0.03857,-0.48780,0.30488,0.30488
1153,5766,0.01270,-1.08984,-0.03662,-0.48780,0.18293,0.36585
1154,5770,0.01025,-1.09180,-0.03906,-0.36585,0.06098,0.30488
1155,5775,0.01514,-1.08984,-0.04199,-0.30488,0.24390,0.30488
1156,5780,0.01611,-1.08936,-0.04004,-0.36585,0.24390,0.30488
1157,5785,0.01416,-1.09131,-0.03955,-0.42683,0.12195,0.30488
1158,5790,0.01514,-1.09229,-0.03955,-0.42683,0.12195,0.24390
1159,5796,0.01318,-1.09277,-0.03809,-0.18293,0.18293,0.30488
1160,5801,0.01270,-1.09082,-0.04199,-0.30488,0.18293,0.24390
1161,5806,0.01025,-1.09033,-0.04053,-0.18293,0.12195,0.24390
1162,5811,0.01074,-1.08984,-0.03906,-0.30488,0.12195,0.24390
1163,5815,0.01221,-1.08887,-0.04199,-0.24390,0.06098,0.24390
1164,5820,0.01465,-1.09033,-0.04150,-0.24390,0.18293,0.30488
1165,5825,0.01318,-1.09326,-0.04150,-0.30488,0.12195,0.24390
1166,5830,0.01465,-1.09180,-0.04102,-0.36585,0.12195,0.36585
1167,5836,0.01562,-1.08838,-0.04346,-0.30488,0.24390,0.36585
1168,5841,0.01416,-1.09229,-0.04443,-0.36585,0.12195,0.30488
1169,5846,0.01025,-1.08936,-0.04053,-0.24390,0.18293,0.18293
1170,5851,0.01074,-1.08936,-0.04150,-0.36585,0.18293,0.24390
1171,5855,0.01514,-1.09326,-0.03955,-0.36585,0.18293,0.30488
1172,5860,0.01367,-1.09326,-0.04346,-0.30488,0.24390,0.30488
1173,5865,0.01221,-1.09033,-0.03857,-0.30488,0.18293,0.18293
1174,5870,0.01465,-1.09375,-0.03662,-0.30488,0.12195,0.18293
1175,5875,0.01123,-1.09570,-0.04004,-0.36585,0.18293,0.24390
1176,5881,0.00977,-1.09180,-0.04248,-0.36585,0.12195,0.18293
1177,5886,0.01172,-1.09131,-0.04492,-0.30488,0.18293,0.30488
1178,5891,0.01416,-1.09229,-0.04199,-0.48780,0.18293,0.36585
1179,5895,0.01367,-1.09082,-0.04297,-0.36585,0.12195,0.24390
1180,5900,0.01318,-1.08984,-0.04541,-0.42683,0.12195,0.30488
1181,5905,0.01367,-1.09326,-0.04150,-0.36585,0.06098,0.30488
1182,5910,0.01221,-1.09424,-0.04346,-0.36585,0.18293,0.30488
1183,5915,0.01611,-1.09033,-0.04297,-0.48780,0.18293,0.12195
1184,5921,0.01416,-1.09131,-0.04297,-0.42683,0.12195,0.24390
1185,5926,0.01123,-1.09229,-0.04053,-0.36585,0.18293,0.36585
1186,5931,0.01123,-1.09033,-0.03906,-0.42683,0.18293,0.36585
1187,5936,0.01221,-1.09033,-0.04053,-0.30488,0.18293,0.48780
1188,5940,0.01221,-1.09082,-0.04150,-0.24390,0.30488,0.42683
1189,5945,0.01074,-1.09180,-0.04053,-0.48780,0.24390,0.30488
1190,5950,0.01562,-1.09082,-0.04248,-0.42683,0.06098,0.30488
1191,5955,0.01270,-1.08936,-0.03955,-0.24390,0.06098,0.24390
1192,5961,0.01221,-1.09473,-0.04199,-0.30488,0.12195,0.30488
1193,5966,0.01270,-1.09326,-0.04004,-0.36585,0.18293,0.30488
1194,5971,0.01416,-1.09033,-0.04199,-0.30488,0.24390,0.24390
1195,5976,0.01270,-1.09131,-0.04248,-0.54878,0.12195,0.18293
1196,5980,0.01514,-1.09424,-0.04004,-0.48780,0.06098,0.30488
1197,5985,0.00879,-1.09277,-0.04004,-0.36585,0.12195,0.36585
1198,5990,0.01221,-1.09180,-0.04053,-0.30488,0.18293,0.24390
1199,5995,0.01465,-1.09033,-0.04004,-0.36585,0.12195,0.36585
1200,6000,0.01270,-1.09229,-0.03955,-0.36585,0.24390,0.42683
1201,6006,0.01025,-1.09180,-0.04443,-0.30488,0.24390,0.36585
1202,6011,0.01025,-1.09229,-0.03906,-0.30488,0.12195,0.36585
1203,6016,0.01074,-1.09082,-0.03760,-0.24390,0.18293,0.36585
1204,6020,0.01416,-1.09277,-0.04199,-0.36585,0.06098,0.36585
1205,6025,0.01270,-1.08936,-0.04004,-0.42683,0.18293,0.30488
1206,6030,0.01318,-1.09375,-0.04004,-0.30488,0.30488,0.36585
1207,6035,0.01270,-1.09229,-0.03809,-0.24390,0.12195,0.36585
1208,6040,0.01367,-1.09424,-0.03809,-0.30488,0.00000,0.30488
1209,6046,0.01660,-1.08984,-0.03613,-0.42683,0.12195,0.24390
1210,6051,0.01270,-1.08984,-0.03711,-0.30488,0.18293,0.24390
1211,6056,0.01172,-1.09229,-0.04102,-0.24390,0.18293,0.30488
1212,6061,0.01318,-1.09375,-0.04395,-0.24390,0.12195,0.36585
1213,6065,0.01660,-1.09180,-0.04395,-0.48780,0.18293,0.30488
1214,6070,0.01367,-1.09375,-0.04395,-0.24390,0.30488,0.30488
1215,6075,0.01025,-1.09521,-0.04053,-0.24390,0.30488,0.36585
1216,6080,0.01123,-1.09131,-0.04492,-0.24390,0.12195,0.36585
1217,6086,0.01416,-1.09277,-0.04248,-0.48780,0.12195,0.30488
1218,6091,0.01270,-1.09131,-0.03857,-0.54878,0.18293,0.30488
1219,6096,0.01416,-1.09180,-0.03711,-0.36585,0.12195,0.24390
1220,6101,0.01074,-1.09131,-0.04248,-0.30488,0.12195,0.30488
1221,6105,0.00977,-1.09033,-0.03955,-0.24390,0.24390,0.24390
1222,6110,0.01172,-1.09033,-0.04395,-0.30488,0.00000,0.30488
1223,6115,0.01074,-1.08838,-0.04102,-0.36585,0.12195,0.48780
1224,6120,0.01074,-1.09131,-0.03662,-0.18293,0.18293,0.36585
1225,6125,0.01514,-1.09570,-0.03857,-0.30488,0.12195,0.24390
1226,6131,0.01318,-1.08740,-0.03760,-0.24390,0.18293,0.30488
1227,6136,0.01172,-1.08643,-0.03906,-0.36585,0.12195,0.30488
1228,6141,0.01270,-1.09131,-0.04004,-0.48780,0.12195,0.30488
1229,6145,0.01123,-1.09473,-0.04053,-0.54878,0.12195,0.24390
1230,6150,0.01562,-1.09180,-0.03955,-0.54878,0.24390,0.42683
1231,6155,0.01709,-1.09033,-0.03906,-0.30488,0.12195,0.36585
1232,6160,0.00977,-1.09082,-0.04102,-0.42683,0.24390,0.18293
1233,6165,0.01074,-1.09082,-0.03906,-0.36585,0.06098,0.30488
1234,6171,0.01123,-1.09082,-0.04004,-0.36585,0.00000,0.36585
1235,6176,0.01367,-1.09668,-0.04688,-0.18293,0.24390,0.24390
1236,6181,0.01367,-1.09277,-0.04053,-0.36585,0.12195,0.24390
1237,6186,0.01465,-1.09033,-0.03613,-0.36585,0.06098,0.30488
1238,6190,0.01758,-1.09082,-0.03662,-0.18293,0.24390,0.30488
1239,6195,0.01172,-1.09277,-0.03809,-0.30488,0.18293,0.36585
1240,6200,0.00830,-1.09033,-0.04883,-0.30488,0.24390,0.30488
1241,6205,0.00830,-1.09033,-0.04883,-0.30488,0.24390,0.30488
1242,6211,0.01416,-1.09473,-0.04004,-0.42683,0.12195,0.30488
1243,6216,0.01660,-1.09033,-0.04199,-0.42683,0.18293,0.24390
1244,6221,0.01318,-1.09131,-0.04297,-0.30488,0.12195,0.36585
1245,6226,0.01367,-1.09473,-0.04590,-0.42683,0.18293,0.30488
1246,6230,0.01367,-1.09131,-0.04102,-0.42683,0.24390,0.24390
1247,6235,0.01270,-1.09033,-0.03906,-0.24390,0.18293,0.24390
1248,6240,0.01270,-1.09033,-0.03906,-0.24390,0.18293,0.24390
1249,6245,0.01416,-1.08936,-0.04297,-0.36585,0.12195,0.36585
1250,6250,0.01660,-1.09570,-0.04053,-0.30488,0.12195,0.30488
1251,6256,0.01514,-1.09180,-0.04248,-0.30488,0.12195,0.24390
1252,6261,0.01270,-1.09229,-0.04248,-0.30488,0.24390,0.30488
1253,6266,0.01514,-1.09326,-0.04443,-0.30488,0.18293,0.36585
1254,6270,0.01514,-1.09326,-0.04443,-0.30488,0.18293,0.36585
1255,6275,0.01270,-1.09082,-0.04297,-0.36585,0.12195,0.30488
1256,6280,0.01172,-1.09131,-0.04297,-0.36585,0.12195,0.36585
1257,6285,0.01611,-1.09180,-0.03955,-0.48780,0.12195,0.24390
1258,6290,0.01367,-1.09082,-0.04199,-0.42683,0.24390,0.30488
1259,6296,0.01221,-1.09131,-0.04199,-0.42683,0.12195,0.30488
1260,6301,0.01221,-1.09131,-0.04199,-0.42683,0.12195,0.30488
1261,6306,0.01318,-1.08789,-0.04688,-0.24390,0.18293,0.30488
1262,6311,0.01025,-1.09033,-0.04248,-0.42683,0.12195,0.30488
1263,6315,0.01270,-1.08936,-0.04102,-0.30488,0.18293,0.36585
1264,6320,0.01562,-1.09326,-0.04688,-0.30488,0.24390,0.24390
1265,6325,0.01172,-1.08984,-0.03613,-0.36585,0.30488,0.18293
1266,6330,0.01221,-1.09033,-0.03809,-0.42683,0.18293,0.24390
1267,6336,0.01514,-1.09180,-0.04150,-0.30488,0.24390,0.24390
1268,6341,0.01172,-1.09326,-0.03955,-0.30488,0.12195,0.36585
1269,6346,0.01514,-1.09277,-0.03711,-0.30488,0.18293,0.36585
1270,6351,0.01416,-1.09424,-0.03760,-0.36585,0.12195,0.30488
1271,6355,0.01123,-1.09033,-0.04297,-0.36585,0.12195,0.30488
1272,6360,0.01367,-1.09326,-0.04346,-0.30488,0.18293,0.30488
1273,6365,0.01318,-1.09180,-0.04492,-0.36585,0.24390,0.36585
1274,6370,0.01318,-1.08936,-0.03955,-0.42683,0.24390,0.18293
1275,6375,0.01367,-1.09082,-0.03418,-0.36585,0.12195,0.30488
1276,6381,0.01074,-1.09082,-0.04102,-0.36585,0.24390,0.30488
1277,6386,0.01416,-1.09277,-0.04102,-0.30488,0.12195,0.24390
1278,6391,0.01270,-1.08984,-0.03906,-0.30488,0.12195,0.30488
1279,6395,0.01318,-1.09277,-0.04004,-0.30488,0.18293,0.24390
1280,6400,0.01514,-1.09082,-0.04150,-0.36585,0.18293,0.24390
1281,6405,0.01318,-1.09131,-0.03857,-0.42683,0.24390,0.36585
1282,6410,0.01123,-1.09033,-0.04346,-0.42683,0.18293,0.24390
1283,6415,0.01318,-1.09082,-0.04297,-0.36585,0.18293,0.36585
1284,6421,0.01367,-1.09277,-0.04150,-0.36585,0.12195,0.30488
1285,6426,0.01709,-1.09033,-0.04102,-0.30488,0.06098,0.36585
1286,6431,0.01172,-1.09131,-0.04004,-0.54878,0.18293,0.24390
1287,6436,0.01270,-1.09424,-0.04102,-0.54878,0.12195,0.36585
1288,6440,0.01562,-1.08984,-0.04004,-0.36585,0.30488,0.36585
1289,6445,0.01562,-1.09229,-0.04346,-0.42683,0.18293,0.36585
1290,6450,0.01318,-1.09326,-0.04053,-0.24390,0.00000,0.36585
1291,6455,0.01318,-1.09424,-0.04150,-0.24390,0.12195,0.30488
1292,6461,0.01074,-1.09375,-0.04443,-0.42683,0.12195,0.24390
1293,6466,0.01465,-1.09424,-0.04102,-0.42683,0.24390,0.18293
1294,6471,0.01270,-1.09033,-0.04102,-0.48780,0.24390,0.30488
1295,6476,0.01221,-1.08936,-0.04053,-0.36585,0.18293,0.36585
1296,6480,0.01172,-1.08936,-0.04492,-0.30488,0.12195,0.18293
1297,6485,0.01367,-1.08936,-0.03857,-0.12195,0.18293,0.24390
1298,6490,0.01172,-1.09229,-0.04004,-0.42683,0.24390,0.30488
1299,6495,0.01074,-1.09277,-0.04395,-0.30488,0.30488,0.30488
1300,6500,0.01318,-1.08936,-0.04932,-0.36585,0.18293,0.18293
1301,6506,0.01367,-1.09277,-0.04248,-0.54878,0.12195,0.36585
1302,6511,0.01562,-1.09082,-0.03760,-0.24390,0.06098,0.36585
1303,6516,0.01611,-1.09033,-0.03711,-0.36585,0.06098,0.24390
1304,6520,0.01270,-1.09619,-0.04150,-0.42683,0.18293,0.30488
1305,6525,0.01172,-1.09229,-0.03809,-0.24390,0.12195,0.30488
1306,6530,0.01221,-1.08887,-0.03662,-0.42683,0.24390,0.24390
1307,6535,0.01758,-1.09375,-0.03760,-0.30488,0.12195,0.30488
1308,6540,0.01074,-1.09424,-0.03906,-0.36585,-0.06098,0.30488
1309,6546,0.01221,-1.09277,-0.04443,-0.60976,0.18293,0.30488
1310,6551,0.01367,-1.09326,-0.04346,-0.18293,0.24390,0.36585
1311,6556,0.01416,-1.08838,-0.03955,-0.30488,0.24390,0.24390
1312,6561,0.01562,-1.08984,-0.03955,-0.30488,0.12195,0.30488
1313,6565,0.01562,-1.09229,-0.04004,-0.30488,0.18293,0.30488
1314,6570,0.01416,-1.09082,-0.03906,-0.24390,0.24390,0.36585
1315,6575,0.01416,-1.08838,-0.04150,-0.30488,0.24390,0.30488
1316,6580,0.01074,-1.08789,-0.04639,-0.30488,0.18293,0.36585
1317,6586,0.01318,-1.09131,-0.04102,-0.30488,0.24390,0.24390
1318,6591,0.01221,-1.09326,-0.03906,-0.36585,0.12195,0.30488
1319,6596,0.01025,-1.09033,-0.04395,-0.36585,0.06098,0.30488
1320,6601,0.01270,-1.08838,-0.03906,-0.42683,0.24390,0.42683
1321,6605,0.01074,-1.09131,-0.03857,-0.30488,0.12195,0.30488
1322,6610,0.01367,-1.09180,-0.03760,-0.36585,0.18293,0.18293
1323,6615,0.01416,-1.09375,-0.03809,-0.36585,0.18293,0.30488
1324,6620,0.01123,-1.08936,-0.03564,-0.48780,0.06098,0.30488
1325,6625,0.01221,-1.09033,-0.03613,-0.36585,0.12195,0.30488
1326,6631,0.01221,-1.09521,-0.04492,-0.24390,-0.06098,0.36585
1327,6636,0.01270,-1.09375,-0.04248,-0.24390,0.12195,0.36585
1328,6641,0.01318,-1.09375,-0.04443,-0.30488,0.12195,0.36585
1329,6645,0.01318,-1.09131,-0.04004,-0.30488,0.24390,0.36585
1330,6650,0.01514,-1.09180,-0.03955,-0.30488,0.18293,0.36585
1331,6655,0.01465,-1.08984,-0.03857,-0.36585,0.06098,0.36585
1332,6660,0.01514,-1.08691,-0.03711,-0.36585,0.12195,0.48780
1333,6665,0.01416,-1.09180,-0.03809,-0.42683,0.12195,0.30488
1334,6671,0.01514,-1.09229,-0.03857,-0.42683,0.12195,0.36585
1335,6676,0.01562,-1.09229,-0.04199,-0.36585,0.18293,0.42683
1336,6681,0.01514,-1.09180,-0.04053,-0.12195,0.18293,0.36585
1337,6686,0.01562,-1.09229,-0.04346,-0.36585,0.12195,0.24390
1338,6690,0.01465,-1.09277,-0.04395,-0.42683,0.18293,0.36585
1339,6695,0.01221,-1.09473,-0.04590,-0.42683,0.30488,0.36585
1340,6700,0.01270,-1.08984,-0.04297,-0.42683,0.18293,0.30488
1341,6705,0.01074,-1.08838,-0.03906,-0.30488,0.06098,0.24390
1342,6711,0.01270,-1.09375,-0.04199,-0.30488,0.12195,0.30488
1343,6716,0.01465,-1.09326,-0.04297,-0.48780,0.30488,0.30488
1344,6721,0.01172,-1.09229,-0.04150,-0.30488,0.18293,0.30488
1345,6726,0.01221,-1.09180,-0.03955,-0.36585,0.12195,0.30488
1346,6730,0.01318,-1.09131,-0.04053,-0.30488,0.18293,0.30488
1347,6735,0.01270,-1.08984,-0.04492,-0.24390,0.18293,0.30488
1348,6740,0.01611,-1.09180,-0.03857,-0.30488,0.18293,0.42683
1349,6745,0.01514,-1.09131,-0.04395,-0.36585,0.12195,0.24390
1350,6750,0.01514,-1.09375,-0.03955,-0.48780,0.18293,0.24390
1351,6756,0.01221,-1.09229,-0.04102,-0.48780,0.12195,0.30488
1352,6761,0.01270,-1.09082,-0.03857,-0.48780,0.06098,0.30488
1353,6766,0.01172,-1.09424,-0.03955,-0.24390,0.18293,0.30488
1354,6770,0.01318,-1.09277,-0.04102,-0.36585,0.12195,0.24390
1355,6775,0.01367,-1.09180,-0.04004,-0.30488,0.12195,0.30488
1356,6780,0.01074,-1.09375,-0.04395,-0.24390,0.18293,0.24390
1357,6785,0.01172,-1.09033,-0.04297,-0.30488,0.12195,0.24390
1358,6790,0.01025,-1.09033,-0.04199,-0.48780,0.18293,0.24390
1359,6796,0.00977,-1.09131,-0.04492,-0.24390,0.18293,0.30488
1360,6801,0.01074,-1.09521,-0.04004,-0.36585,0.18293,0.36585
1361,6806,0.01367,-1.08838,-0.04004,-0.36585,0.06098,0.24390
1362,6811,0.01367,-1.09131,-0.04639,-0.24390,0.12195,0.30488
1363,6815,0.01465,-1.09326,-0.04102,-0.24390,0.18293,0.30488
1364,6820,0.01318,-1.09082,-0.03955,-0.42683,0.12195,0.36585
1365,6825,0.01270,-1.08936,-0.04785,-0.36585,0.12195,0.36585
1366,6830,0.01025,-1.09180,-0.04492,-0.42683,0.12195,0.18293
1367,6836,0.01318,-1.09424,-0.04150,-0.30488,0.24390,0.24390
1368,6841,0.01416,-1.09326,-0.04053,-0.36585,0.24390,0.24390
1369,6846,0.01318,-1.09229,-0.03955,-0.42683,0.24390,0.24390
1370,6851,0.01123,-1.09375,-0.04297,-0.42683,0.18293,0.30488
1371,6855,0.01416,-1.08887,-0.04297,-0.36585,0.18293,0.30488
1372,6860,0.01465,-1.08984,-0.03955,-0.42683,0.18293,0.30488
1373,6865,0.01416,-1.08984,-0.03906,-0.42683,0.12195,0.42683
1374,6870,0.01367,-1.09180,-0.04492,-0.36585,0.24390,0.30488
1375,6875,0.01367,-1.09180,-0.04492,-0.36585,0.24390,0.30488
1376,6881,0.01221,-1.09229,-0.04053,-0.24390,0.18293,0.24390
1377,6886,0.01416,-1.09082,-0.03760,-0.24390,0.18293,0.36585
1378,6891,0.01221,-1.09033,-0.03809,-0.30488,0.12195,0.30488
1379,6895,0.01123,-1.09277,-0.03955,-0.24390,0.24390,0.18293
1380,6900,0.01221,-1.09082,-0.04492,-0.24390,0.24390,0.18293
1381,6905,0.01123,-1.08984,-0.03906,-0.18293,0.12195,0.30488
1382,6910,0.01123,-1.08984,-0.03906,-0.18293,0.12195,0.30488
1383,6915,0.01367,-1.09082,-0.03320,-0.24390,0.06098,0.30488
1384,6921,0.01367,-1.09326,-0.04541,-0.36585,0.24390,0.30488
1385,6926,0.01074,-1.09033,-0.04395,-0.24390,0.12195,0.24390
1386,6931,0.01172,-1.09229,-0.04053,-0.36585,0.12195,0.24390
1387,6936,0.01465,-1.09229,-0.04102,-0.24390,0.06098,0.36585
1388,6940,0.01465,-1.09229,-0.04102,-0.24390,0.06098,0.36585
1389,6945,0.00928,-1.09082,-0.04297,-0.30488,0.24390,0.36585
1390,6950,0.01074,-1.09131,-0.03760,-0.30488,0.30488,0.24390
1391,6955,0.01318,-1.09229,-0.03760,-0.24390,0.18293,0.36585
1392,6961,0.01465,-1.09375,-0.04150,-0.24390,0.18293,0.30488
1393,6966,0.01514,-1.08984,-0.04004,-0.18293,0.12195,0.30488
1394,6971,0.01514,-1.08984,-0.04004,-0.18293,0.12195,0.30488
1395,6976,0.01074,-1.09082,-0.04248,-0.42683,0.06098,0.36585
1396,6980,0.01562,-1.09082,-0.04199,-0.18293,0.18293,0.30488
1397,6985,0.01123,-1.09424,-0.04297,-0.30488,0.12195,0.30488
1398,6990,0.01416,-1.09277,-0.03906,-0.36585,0.06098,0.24390
1399,6995,0.01416,-1.09131,-0.03809,-0.30488,0.12195,0.24390
1400,7000,0.01318,-1.09131,-0.03760,-0.36585,0.06098,0.30488
1401,7006,0.01221,-1.09473,-0.04346,-0.42683,0.06098,0.30488
1402,7011,0.01074,-1.09277,-0.04150,-0.36585,0.18293,0.42683
1403,7016,0.01514,-1.09131,-0.04443,-0.36585,0.18293,0.42683
1404,7020,0.01270,-1.08984,-0.03955,-0.30488,0.18293,0.24390
1405,7025,0.01172,-1.08838,-0.03857,-0.36585,0.18293,0.24390
1406,7030,0.01318,-1.09180,-0.04395,-0.42683,0.12195,0.30488
1407,7035,0.01318,-1.09180,-0.04297,-0.30488,0.24390,0.36585
1408,7040,0.01270,-1.08936,-0.04492,-0.30488,0.24390,0.24390
1409,7046,0.01562,-1.08984,-0.04053,-0.36585,0.12195,0.30488
1410,7051,0.01465,-1.09375,-0.03857,-0.30488,0.06098,0.36585
1411,7056,0.01318,-1.09180,-0.03760,-0.18293,0.06098,0.24390
1412,7061,0.01318,-1.09180,-0.04248,-0.30488,0.18293,0.24390
1413,7065,0.01123,-1.09229,-0.04492,-0.42683,0.18293,0.36585
1414,7070,0.01221,-1.09033,-0.03857,-0.24390,0.30488,0.24390
1415,7075,0.01025,-1.08838,-0.04248,-0.30488,0.30488,0.36585
1416,7080,0.01367,-1.09131,-0.04492,-0.42683,0.12195,0.24390
1417,7086,0.01416,-1.09375,-0.04150,-0.42683,0.06098,0.30488
1418,7091,0.01270,-1.09424,-0.04004,-0.36585,0.24390,0.30488
1419,7096,0.01562,-1.09131,-0.04004,-0.30488,0.12195,0.24390
1420,7101,0.01221,-1.09180,-0.04297,-0.24390,0.24390,0.30488
1421,7105,0.01074,-1.09180,-0.04443,-0.36585,0.12195,0.24390
1422,7110,0.01123,-1.09229,-0.04541,-0.54878,0.12195,0.24390
1423,7115,0.00977,-1.09180,-0.04248,-0.42683,0.12195,0.30488
1424,7120,0.01465,-1.09326,-0.04150,-0.42683,0.06098,0.30488
1425,7125,0.01465,-1.09033,-0.03857,-0.36585,0.12195,0.42683
1426,7131,0.01367,-1.09326,-0.04346,-0.36585,0.18293,0.24390
1427,7136,0.01514,-1.09082,-0.04395,-0.42683,0.18293,0.36585
1428,7141,0.01465,-1.08936,-0.03711,-0.42683,0.24390,0.36585
1429,7145,0.01318,-1.09180,-0.03809,-0.48780,0.18293,0.24390
1430,7150,0.01221,-1.09277,-0.04297,-0.36585,0.18293,0.30488
1431,7155,0.01318,-1.08740,-0.04004,-0.42683,0.24390,0.30488
1432,7160,0.01514,-1.09082,-0.04004,-0.30488,0.24390,0.36585
1433,7165,0.01123,-1.09131,-0.04297,-0.18293,0.30488,0.36585
1434,7171,0.01074,-1.08740,-0.04297,-0.24390,0.18293,0.30488
1435,7176,0.01074,-1.09131,-0.04102,-0.24390,0.06098,0.36585
1436,7181,0.00928,-1.09375,-0.03857,-0.24390,0.18293,0.36585
1437,7186,0.01172,-1.09180,-0.04004,-0.42683,0.18293,0.24390
1438,7190,0.01367,-1.09229,-0.04150,-0.30488,0.24390,0.24390
1439,7195,0.01318,-1.09131,-0.04053,-0.30488,0.24390,0.30488
1440,7200,0.01270,-1.09277,-0.04639,-0.24390,0.12195,0.30488
1441,7205,0.01562,-1.09229,-0.04297,-0.30488,0.12195,0.36585
1442,7211,0.01318,-1.09131,-0.04199,-0.30488,0.06098,0.36585
1443,7216,0.00928,-1.09180,-0.04443,-0.36585,0.12195,0.42683
1444,7221,0.01270,-1.09277,-0.03809,-0.18293,0.18293,0.42683
1445,7226,0.01416,-1.09180,-0.04199,-0.36585,0.24390,0.36585
1446,7230,0.01367,-1.09082,-0.04150,-0.36585,0.18293,0.30488
1447,7235,0.01074,-1.09326,-0.03955,-0.36585,0.06098,0.30488
1448,7240,0.01465,-1.09277,-0.04053,-0.30488,0.12195,0.42683
1449,7245,0.01367,-1.08984,-0.03955,-0.30488,0.12195,0.24390
1450,7250,0.01367,-1.08936,-0.04150,-0.36585,0.18293,0.24390
1451,7256,0.01318,-1.09082,-0.04004,-0.36585,0.18293,0.24390
1452,7261,0.01270,-1.09180,-0.03711,-0.30488,0.18293,0.18293
1453,7266,0.01172,-1.09082,-0.04199,-0.30488,0.18293,0.18293
1454,7270,0.01465,-1.09033,-0.04297,-0.36585,0.18293,0.24390
1455,7275,0.01270,-1.09082,-0.04150,-0.48780,0.18293,0.30488
1456,7280,0.01123,-1.09277,-0.03857,-0.42683,0.24390,0.36585
1457,7285,0.01270,-1.09473,-0.03857,-0.42683,0.30488,0.24390
1458,7290,0.01270,-1.09229,-0.04053,-0.48780,0.18293,0.30488
1459,7296,0.01270,-1.09473,-0.04248,-0.48780,0.12195,0.30488
1460,7301,0.01367,-1.09326,-0.03809,-0.48780,0.18293,0.30488
1461,7306,0.01172,-1.08789,-0.04150,-0.30488,0.18293,0.30488
1462,7311,0.01416,-1.09180,-0.04004,-0.24390,0.18293,0.30488
1463,7315,0.01562,-1.09229,-0.04004,-0.30488,0.18293,0.24390
1464,7320,0.01660,-1.09326,-0.04102,-0.24390,0.12195,0.30488
1465,7325,0.01221,-1.09375,-0.03955,-0.30488,0.12195,0.36585
1466,7330,0.01123,-1.08936,-0.03955,-0.42683,0.18293,0.24390
1467,7336,0.01514,-1.09326,-0.04395,-0.42683,0.06098,0.24390
1468,7341,0.01465,-1.09229,-0.04297,-0.42683,0.18293,0.24390
1469,7346,0.01465,-1.09277,-0.04053,-0.48780,0.12195,0.30488
1470,7351,0.01025,-1.09375,-0.04248,-0.36585,0.12195,0.42683
1471,7355,0.01123,-1.09229,-0.04297,-0.36585,0.12195,0.30488
1472,7360,0.01318,-1.09229,-0.03955,-0.30488,0.18293,0.24390
1473,7365,0.01514,-1.09033,-0.04395,-0.30488,0.24390,0.24390
1474,7370,0.01514,-1.09131,-0.04395,-0.42683,0.18293,0.24390
1475,7375,0.01318,-1.09180,-0.04199,-0.42683,0.12195,0.30488
1476,7381,0.01318,-1.09131,-0.04443,-0.42683,0.12195,0.24390
1477,7386,0.01611,-1.09131,-0.04150,-0.36585,0.12195,0.18293
1478,7391,0.01514,-1.09277,-0.04004,-0.30488,0.12195,0.24390
1479,7395,0.01221,-1.09424,-0.04053,-0.18293,0.06098,0.30488
1480,7400,0.01465,-1.08838,-0.04199,-0.24390,0.06098,0.42683
1481,7405,0.01416,-1.09180,-0.04053,-0.36585,0.18293,0.30488
1482,7410,0.01416,-1.09082,-0.04102,-0.30488,0.12195,0.24390
1483,7415,0.01367,-1.09180,-0.04297,-0.36585,0.12195,0.24390
1484,7421,0.00928,-1.09375,-0.03857,-0.24390,0.18293,0.30488
1485,7426,0.01172,-1.09229,-0.03564,-0.24390,0.24390,0.24390
1486,7431,0.01318,-1.09229,-0.04004,-0.24390,0.06098,0.18293
1487,7436,0.00928,-1.09082,-0.03906,-0.24390,0.06098,0.36585
1488,7440,0.01318,-1.09131,-0.04004,-0.36585,0.18293,0.36585
1489,7445,0.01318,-1.09229,-0.04150,-0.42683,0.24390,0.36585
1490,7450,0.01074,-1.09375,-0.04248,-0.36585,0.00000,0.30488
1491,7455,0.01123,-1.09180,-0.04053,-0.42683,0.06098,0.30488
1492,7461,0.01416,-1.09033,-0.03906,-0.42683,0.12195,0.30488
1493,7466,0.01318,-1.08984,-0.04150,-0.48780,0.18293,0.36585
1494,7471,0.01318,-1.09180,-0.04395,-0.42683,0.24390,0.24390
1495,7476,0.01514,-1.09082,-0.04395,-0.30488,0.24390,0.18293
1496,7480,0.01514,-1.09277,-0.04297,-0.36585,0.18293,0.24390
1497,7485,0.01465,-1.08984,-0.03662,-0.48780,0.24390,0.30488
1498,7490,0.01221,-1.08936,-0.04346,-0.36585,0.24390,0.24390
1499,7495,0.01318,-1.08887,-0.04199,-0.30488,0.12195,0.30488
1500,7500,0.01367,-1.09033,-0.03662,-0.42683,0.30488,0.18293
1501,7506,0.01318,-1.09180,-0.03906,-0.48780,0.12195,0.18293
1502,7511,0.01172,-1.09424,-0.04541,-0.30488,0.18293,0.30488
1503,7516,0.01270,-1.09131,-0.04150,-0.36585,0.12195,0.30488
1504,7520,0.01514,-1.08887,-0.04004,-0.30488,0.12195,0.30488
1505,7525,0.01123,-1.09131,-0.04346,-0.36585,0.12195,0.36585
1506,7530,0.01221,-1.08936,-0.04346,-0.42683,0.12195,0.30488
1507,7535,0.01416,-1.09229,-0.03906,-0.24390,0.06098,0.18293
1508,7540,0.01221,-1.09326,-0.04639,-0.36585,0.00000,0.30488
1509,7546,0.01025,-1.09082,-0.04639,-0.42683,0.00000,0.30488
1510,7551,0.01270,-1.08789,-0.04102,-0.36585,0.00000,0.36585
1511,7556,0.01123,-1.08838,-0.04443,-0.36585,0.18293,0.30488
1512,7561,0.01123,-1.09131,-0.03809,-0.42683,0.18293,0.30488
1513,7565,0.01514,-1.09424,-0.03711,-0.48780,0.12195,0.42683
1514,7570,0.01660,-1.08984,-0.04102,-0.36585,0.24390,0.30488
1515,7575,0.01660,-1.08984,-0.04102,-0.36585,0.24390,0.30488
1516,7580,0.01367,-1.09082,-0.04346,-0.42683,0.36585,0.12195
1517,7586,0.01416,-1.09131,-0.04395,-0.24390,0.06098,0.24390
1518,7591,0.01025,-1.09326,-0.03857,-0.36585,0.18293,0.24390
1519,7596,0.01611,-1.08984,-0.03906,-0.42683,0.24390,0.36585
1520,7601,0.01123,-1.09082,-0.04395,-0.30488,0.24390,0.30488
1521,7605,0.01318,-1.08789,-0.04004,-0.42683,0.12195,0.30488
1522,7610,0.01318,-1.08789,-0.04004,-0.42683,0.12195,0.30488
1523,7615,0.01172,-1.08887,-0.04004,-0.30488,0.06098,0.24390
1524,7620,0.01221,-1.08984,-0.04395,-0.30488,0.12195,0.42683
1525,7625,0.01562,-1.09375,-0.04053,-0.36585,0.18293,0.36585
1526,7631,0.01318,-1.09131,-0.04053,-0.36585,0.18293,0.24390
1527,7636,0.00879,-1.09033,-0.03955,-0.30488,0.24390,0.30488
1528,7641,0.00879,-1.09033,-0.03955,-0.30488,0.24390,0.30488
1529,7645,0.01172,-1.09277,-0.04248,-0.30488,0.06098,0.36585
1530,7650,0.01074,-1.09131,-0.03711,-0.36585,0.24390,0.30488
1531,7655,0.01465,-1.08838,-0.03564,-0.36585,0.24390,0.18293
1532,7660,0.01123,-1.09033,-0.04443,-0.48780,0.12195,0.24390
1533,7665,0.01172,-1.09277,-0.04443,-0.36585,0.12195,0.30488
1534,7671,0.01416,-1.09131,-0.04199,-0.30488,0.00000,0.42683
1535,7676,0.01562,-1.09131,-0.03760,-0.18293,0.12195,0.36585
1536,7681,0.01318,-1.09180,-0.04297,-0.30488,0.24390,0.24390
1537,7686,0.01270,-1.09375,-0.04395,-0.36585,0.18293,0.24390
1538,7690,0.01465,-1.09033,-0.04199,-0.24390,0.24390,0.36585
1539,7695,0.01221,-1.09131,-0.04248,-0.30488,0.18293,0.30488
1540,7700,0.01172,-1.09180,-0.03906,-0.30488,0.12195,0.24390
1541,7705,0.01221,-1.09131,-0.04199,-0.36585,0.24390,0.36585
1542,7711,0.01514,-1.09277,-0.04053,-0.36585,0.18293,0.42683
1543,7716,0.01465,-1.08936,-0.03906,-0.24390,0.12195,0.36585
1544,7721,0.01172,-1.09082,-0.04395,-0.36585,0.12195,0.24390
1545,7726,0.01025,-1.09277,-0.04248,-0.42683,0.06098,0.30488
1546,7730,0.01367,-1.09033,-0.04053,-0.36585,0.06098,0.36585
1547,7735,0.01465,-1.09180,-0.04150,-0.30488,0.12195,0.30488
1548,7740,0.01367,-1.09082,-0.04395,-0.36585,0.12195,0.18293
1549,7745,0.01074,-1.09131,-0.04053,-0.36585,0.12195,0.36585
1550,7750,0.01270,-1.09570,-0.04590,-0.30488,0.24390,0.24390
1551,7756,0.01270,-1.09277,-0.03906,-0.18293,0.18293,0.18293
1552,7761,0.01416,-1.09424,-0.03955,-0.24390,0.36585,0.18293
1553,7766,0.01416,-1.09277,-0.03320,-0.54878,0.24390,0.36585
1554,7770,0.01221,-1.09131,-0.04053,-0.30488,0.30488,0.30488
1555,7775,0.01318,-1.09180,-0.04541,-0.24390,0.12195,0.30488
1556,7780,0.01025,-1.09082,-0.04102,-0.30488,0.24390,0.24390
1557,7785,0.01025,-1.09131,-0.04150,-0.36585,0.30488,0.36585
1558,7790,0.01367,-1.09180,-0.04199,-0.36585,0.24390,0.24390
1559,7796,0.01416,-1.08984,-0.03760,-0.30488,0.12195,0.30488
1560,7801,0.01465,-1.09375,-0.04395,-0.30488,0.24390,0.36585
1561,7806,0.01270,-1.09424,-0.04102,-0.30488,0.30488,0.30488
1562,7811,0.01514,-1.09326,-0.03711,-0.18293,0.12195,0.42683
1563,7815,0.00879,-1.09082,-0.04199,-0.24390,0.06098,0.30488
1564,7820,0.01367,-1.09180,-0.03760,-0.30488,0.12195,0.24390
1565,7825,0.01221,-1.09570,-0.04102,-0.36585,0.12195,0.42683
1566,7830,0.01025,-1.09033,-0.04590,-0.36585,0.18293,0.42683
1567,7836,0.01123,-1.09326,-0.04346,-0.42683,0.18293,0.42683
1568,7841,0.01514,-1.09131,-0.04102,-0.36585,0.12195,0.24390
1569,7846,0.01367,-1.09668,-0.04102,-0.18293,0.06098,0.24390
1570,7851,0.01660,-1.09180,-0.04248,-0.30488,0.12195,0.24390
1571,7855,0.01318,-1.09229,-0.03711,-0.12195,0.12195,0.30488
1572,7860,0.01270,-1.09326,-0.03857,-0.30488,0.18293,0.30488
1573,7865,0.01318,-1.09033,-0.03906,-0.30488,0.18293,0.36585
1574,7870,0.01416,-1.09277,-0.04639,-0.18293,0.24390,0.30488
1575,7875,0.01514,-1.09033,-0.04248,-0.30488,0.18293,0.30488
1576,7881,0.01562,-1.08887,-0.04248,-0.36585,0.12195,0.24390
1577,7886,0.01416,-1.09131,-0.03857,-0.36585,0.18293,0.42683
1578,7891,0.01367,-1.09326,-0.03662,-0.36585,0.12195,0.42683
1579,7895,0.01367,-1.09375,-0.03906,-0.18293,0.18293,0.24390
1580,7900,0.01172,-1.09277,-0.04004,-0.24390,0.18293,0.12195
1581,7905,0.01367,-1.09131,-0.03906,-0.42683,0.12195,0.24390
1582,7910,0.01416,-1.09375,-0.04150,-0.24390,0.24390,0.30488
1583,7915,0.01270,-1.09229,-0.03760,-0.36585,0.18293,0.30488
1584,7921,0.01074,-1.09277,-0.03662,-0.36585,0.06098,0.30488
1585,7926,0.01514,-1.09326,-0.04199,-0.24390,0.12195,0.36585
1586,7931,0.01660,-1.09473,-0.04053,-0.24390,0.18293,0.36585
1587,7936,0.01270,-1.09277,-0.03857,-0.60976,0.12195,0.30488
1588,7940,0.01562,-1.09424,-0.04053,-0.36585,0.24390,0.24390
1589,7945,0.01025,-1.09375,-0.04492,-0.30488,0.18293,0.24390
1590,7950,0.01270,-1.09375,-0.04248,-0.36585,0.24390,0.36585
1591,7955,0.01514,-1.09473,-0.04199,-0.48780,0.24390,0.42683
1592,7961,0.01318,-1.09180,-0.03809,-0.60976,0.12195,0.18293
1593,7966,0.01221,-1.09229,-0.04102,-0.36585,0.30488,0.42683
1594,7971,0.01318,-1.09473,-0.04297,-0.36585,0.24390,0.36585
1595,7976,0.01367,-1.09277,-0.04053,-0.42683,0.12195,0.36585
1596,7980,0.01074,-1.09277,-0.03906,-0.36585,0.12195,0.48780
1597,7985,0.01123,-1.09180,-0.04150,-0.30488,0.18293,0.18293
1598,7990,0.01074,-1.09473,-0.03760,-0.24390,0.24390,0.30488
1599,7995,0.01172,-1.09033,-0.04150,-0.30488,0.06098,0.30488
1600,8000,0.01074,-1.09131,-0.04639,-0.30488,0.18293,0.24390
1601,8006,0.01123,-1.09473,-0.04395,-0.36585,0.12195,0.18293
1602,8011,0.01172,-1.09180,-0.04004,-0.24390,0.18293,0.30488
1603,8016,0.01221,-1.09131,-0.04199,-0.36585,0.12195,0.24390
1604,8020,0.01416,-1.09326,-0.04541,-0.30488,0.12195,0.24390
1605,8025,0.01660,-1.09424,-0.04004,-0.30488,0.18293,0.30488
1606,8030,0.01221,-1.08887,-0.04102,-0.36585,0.24390,0.36585
1607,8035,0.01367,-1.09033,-0.04102,-0.42683,0.12195,0.30488
1608,8040,0.01465,-1.09131,-0.03760,-0.42683,0.00000,0.36585
1609,8046,0.01514,-1.09180,-0.03662,-0.36585,0.24390,0.24390
1610,8051,0.01074,-1.09180,-0.03857,-0.12195,0.30488,0.18293
1611,8056,0.01318,-1.09082,-0.04053,-0.30488,0.12195,0.36585
1612,8061,0.01611,-1.09326,-0.04102,-0.36585,0.18293,0.36585
1613,8065,0.01318,-1.09033,-0.04150,-0.36585,0.12195,0.18293
1614,8070,0.00928,-1.09082,-0.03564,-0.30488,0.06098,0.24390
1615,8075,0.01514,-1.09180,-0.04199,-0.42683,0.12195,0.30488
1616,8080,0.01660,-1.09424,-0.04346,-0.48780,0.24390,0.30488
1617,8086,0.01709,-1.08887,-0.03760,-0.42683,0.18293,0.24390
1618,8091,0.01172,-1.08887,-0.03662,-0.36585,0.12195,0.36585
1619,8096,0.01318,-1.09375,-0.04102,-0.36585,0.18293,0.30488
1620,8101,0.01758,-1.08838,-0.04150,-0.30488,0.18293,0.36585
1621,8105,0.01270,-1.10156,-0.04150,-0.36585,0.12195,0.30488
1622,8110,0.00879,-1.10352,-0.04199,-0.36585,0.18293,0.18293
1623,8115,0.01318,-1.08447,-0.04443,-0.30488,0.18293,0.30488
1624,8120,0.01611,-1.08887,-0.04150,-0.36585,0.12195,0.24390
1625,8125,0.01318,-1.09326,-0.03955,-0.30488,0.18293,0.18293
1626,8131,0.01562,-1.08643,-0.03418,-0.18293,0.18293,0.24390
1627,8136,0.01172,-1.09424,-0.04102,-0.36585,0.18293,0.36585
1628,8141,0.01074,-1.09131,-0.04541,-0.42683,0.12195,0.30488
1629,8145,0.01465,-1.09277,-0.04004,-0.24390,0.18293,0.36585
1630,8150,0.01367,-1.08838,-0.03955,-0.42683,0.18293,0.42683
1631,8155,0.01025,-1.08887,-0.04053,-0.48780,0.12195,0.30488
1632,8160,0.00977,-1.09229,-0.04346,-0.24390,0.18293,0.24390
1633,8165,0.01221,-1.09033,-0.04248,-0.36585,0.18293,0.36585
1634,8171,0.01318,-1.08740,-0.04492,-0.30488,0.12195,0.24390
1635,8176,0.01074,-1.09082,-0.03516,-0.24390,0.30488,0.24390
1636,8181,0.01172,-1.09277,-0.03760,-0.36585,0.06098,0.30488
1637,8186,0.01367,-1.09082,-0.04102,-0.36585,0.00000,0.30488
1638,8190,0.01123,-1.08984,-0.04346,-0.36585,0.18293,0.30488
1639,8195,0.01074,-1.09277,-0.03809,-0.42683,0.12195,0.36585
1640,8200,0.01025,-1.09131,-0.04443,-0.30488,0.12195,0.42683
1641,8205,0.01270,-1.08887,-0.04443,-0.30488,0.18293,0.30488
1642,8211,0.01123,-1.08936,-0.03955,-0.36585,0.12195,0.36585
1643,8216,0.01416,-1.08691,-0.04004,-0.42683,0.12195,0.36585
1644,8221,0.01611,-1.06396,-0.03320,-0.48780,0.24390,0.42683
1645,8226,0.00293,-1.13037,-0.04004,-0.67073,0.12195,0.48780
1646,8230,0.00684,-1.11426,-0.06250,-0.24390,0.12195,0.12195
1647,8235,0.02100,-1.05957,-0.05664,-0.06098,0.18293,0.18293
1648,8240,0.01025,-1.10107,-0.02539,-0.24390,0.24390,0.36585
1649,8245,0.01025,-1.10107,-0.02539,-0.24390,0.24390,0.36585
1650,8250,0.01562,-1.07129,-0.01611,-0.30488,0.24390,0.18293
1651,8256,0.00781,-1.09375,-0.05908,-0.18293,0.12195,0.30488
1652,8261,0.01025,-1.08154,-0.04150,-0.42683,0.18293,0.30488
1653,8266,0.01562,-1.10840,-0.02979,-0.42683,0.18293,0.30488
1654,8270,0.02246,-1.08789,-0.03369,-0.18293,0.18293,0.36585
1655,8275,0.01660,-1.08252,-0.04297,-0.24390,0.24390,0.36585
1656,8280,0.01660,-1.08252,-0.04297,-0.24390,0.24390,0.36585
1657,8285,0.00537,-1.10303,-0.05469,-0.30488,0.12195,0.30488
1658,8290,0.01270,-1.10010,-0.04834,-0.24390,0.18293,0.24390
1659,8296,0.01465,-1.09180,-0.03271,-0.30488,0.12195,0.24390
1660,8301,0.00830,-1.09766,-0.04150,-0.54878,0.18293,0.30488
1661,8306,0.01367,-1.09180,-0.04346,-0.42683,0.06098,0.30488
1662,8311,0.01367,-1.09180,-0.04346,-0.42683,0.06098,0.30488
1663,8315,0.01025,-1.08936,-0.04443,-0.42683,0.06098,0.42683
1664,8320,0.01318,-1.09619,-0.03760,-0.36585,0.12195,0.30488
1665,8325,0.01758,-1.09229,-0.04053,-0.42683,0.18293,0.24390
1666,8330,0.01416,-1.08887,-0.05078,-0.42683,0.12195,0.24390
1667,8336,0.01123,-1.09619,-0.04297,-0.30488,0.12195,0.30488
1668,8341,0.01123,-1.09619,-0.04297,-0.30488,0.12195,0.30488
1669,8346,0.01611,-1.08887,-0.04199,-0.18293,0.18293,0.24390
1670,8351,0.01270,-1.08936,-0.04297,-0.30488,0.18293,0.36585
1671,8355,0.01221,-1.09521,-0.04492,-0.42683,0.12195,0.24390
1672,8360,0.01172,-1.09277,-0.04639,-0.36585,0.12195,0.36585
1673,8365,0.01318,-1.09229,-0.03711,-0.42683,0.18293,0.24390
1674,8370,0.01416,-1.09375,-0.03760,-0.24390,0.18293,0.24390
1675,8375,0.01221,-1.09326,-0.04150,-0.36585,0.06098,0.30488
1676,8381,0.01123,-1.09082,-0.04639,-0.36585,0.12195,0.36585
1677,8386,0.00977,-1.09473,-0.03613,-0.42683,0.24390,0.30488
1678,8391,0.00977,-1.09668,-0.03760,-0.36585,0.12195,0.36585
1679,8395,0.01221,-1.09033,-0.04688,-0.30488,0.18293,0.36585
1680,8400,0.01367,-1.08936,-0.04150,-0.36585,0.18293,0.36585
1681,8405,0.01367,-1.09180,-0.04248,-0.42683,0.12195,0.24390
1682,8410,0.01172,-1.09180,-0.04297,-0.30488,0.12195,0.30488
1683,8415,0.01221,-1.09131,-0.03564,-0.48780,0.18293,0.42683
1684,8421,0.01416,-1.09326,-0.03711,-0.42683,0.12195,0.24390
1685,8426,0.01416,-1.09326,-0.03906,-0.42683,0.12195,0.30488
1686,8431,0.01562,-1.08936,-0.04004,-0.30488,0.24390,0.30488
1687,8436,0.01416,-1.08984,-0.04004,-0.30488,0.12195,0.30488
1688,8440,0.01465,-1.09131,-0.04004,-0.30488,0.24390,0.30488
1689,8445,0.01416,-1.08984,-0.04053,-0.30488,0.24390,0.36585
1690,8450,0.01416,-1.09326,-0.04150,-0.30488,0.06098,0.30488
1691,8455,0.01025,-1.09473,-0.03906,-0.42683,0.18293,0.30488
1692,8461,0.01172,-1.09424,-0.04053,-0.30488,0.18293,0.42683
1693,8466,0.01465,-1.09131,-0.03711,-0.36585,0.18293,0.30488
1694,8471,0.01514,-1.09521,-0.03809,-0.42683,0.18293,0.18293
1695,8476,0.01465,-1.09082,-0.04297,-0.42683,0.12195,0.30488
1696,8480,0.01074,-1.09082,-0.04004,-0.36585,0.12195,0.24390
1697,8485,0.01367,-1.09229,-0.04150,-0.30488,0.06098,0.30488
1698,8490,0.01221,-1.09766,-0.04443,-0.54878,0.12195,0.30488
1699,8495,0.01221,-1.09277,-0.03662,-0.42683,0.18293,0.36585
1700,8500,0.01416,-1.09375,-0.03955,-0.24390,0.18293,0.24390
1701,8506,0.01416,-1.09229,-0.04443,-0.30488,0.12195,0.30488
1702,8511,0.01123,-1.08936,-0.04346,-0.24390,0.18293,0.36585
1703,8516,0.01416,-1.09277,-0.04590,-0.30488,0.06098,0.36585
1704,8520,0.01074,-1.08887,-0.03906,-0.48780,0.18293,0.36585
1705,8525,0.01465,-1.08936,-0.03760,-0.36585,0.12195,0.42683
1706,8530,0.01367,-1.09229,-0.03955,-0.36585,0.18293,0.36585
1707,8535,0.01270,-1.09180,-0.03857,-0.36585,0.18293,0.30488
1708,8540,0.01123,-1.09131,-0.03955,-0.36585,0.18293,0.36585
1709,8546,0.01318,-1.08936,-0.04443,-0.24390,0.12195,0.36585
1710,8551,0.01221,-1.09521,-0.04346,-0.24390,0.12195,0.24390
1711,8556,0.00928,-1.09424,-0.04102,-0.30488,0.18293,0.24390
1712,8561,0.01270,-1.09717,-0.03564,-0.36585,0.18293,0.36585
1713,8565,0.01514,-1.09131,-0.03809,-0.30488,0.18293,0.30488
1714,8570,0.01465,-1.09082,-0.04053,-0.48780,0.12195,0.12195
1715,8575,0.01465,-1.08936,-0.04102,-0.42683,0.18293,0.18293
1716,8580,0.01318,-1.09229,-0.03906,-0.42683,0.18293,0.24390
1717,8586,0.01416,-1.09326,-0.04199,-0.24390,0.12195,0.30488
1718,8591,0.01514,-1.08936,-0.03955,-0.18293,0.24390,0.30488
1719,8596,0.01221,-1.08887,-0.04150,-0.30488,0.12195,0.30488
1720,8601,0.01123,-1.09375,-0.04150,-0.30488,0.24390,0.24390
1721,8605,0.01562,-1.09033,-0.04102,-0.30488,0.18293,0.30488
1722,8610,0.01465,-1.08740,-0.03809,-0.42683,0.18293,0.36585
1723,8615,0.01172,-1.08984,-0.03516,-0.36585,0.24390,0.42683
1724,8620,0.01318,-1.09180,-0.04150,-0.36585,0.24390,0.18293
1725,8625,0.01514,-1.09082,-0.03809,-0.18293,0.18293,0.24390
1726,8631,0.01367,-1.09473,-0.03906,-0.36585,0.24390,0.30488
1727,8636,0.01416,-1.09033,-0.03809,-0.48780,0.18293,0.30488
1728,8641,0.01270,-1.09082,-0.04248,-0.36585,0.12195,0.24390
1729,8645,0.01172,-1.09473,-0.04346,-0.42683,0.12195,0.24390
1730,8650,0.01270,-1.09131,-0.03906,-0.36585,0.06098,0.42683
1731,8655,0.01514,-1.09131,-0.04004,-0.36585,0.18293,0.36585
1732,8660,0.01465,-1.09326,-0.03857,-0.42683,0.18293,0.30488
1733,8665,0.01416,-1.09180,-0.04102,-0.18293,0.24390,0.30488
1734,8671,0.01221,-1.08984,-0.04102,-0.42683,0.12195,0.30488
1735,8676,0.01465,-1.08984,-0.03906,-0.42683,0.12195,0.24390
1736,8681,0.01221,-1.08740,-0.04150,-0.36585,0.12195,0.24390
1737,8686,0.01367,-1.09033,-0.04150,-0.42683,0.12195,0.30488
1738,8690,0.01221,-1.09277,-0.03906,-0.42683,0.18293,0.30488
1739,8695,0.01074,-1.09229,-0.04004,-0.54878,0.24390,0.36585
1740,8700,0.01025,-1.08936,-0.03857,-0.36585,0.18293,0.30488
1741,8705,0.01562,-1.09033,-0.03857,-0.24390,0.24390,0.18293
1742,8711,0.01465,-1.09082,-0.03955,-0.36585,0.24390,0.24390
1743,8716,0.01123,-1.09570,-0.04150,-0.30488,0.30488,0.24390
1744,8721,0.01074,-1.09082,-0.04150,-0.24390,0.06098,0.30488
1745,8726,0.00977,-1.08936,-0.04102,-0.36585,0.24390,0.30488
1746,8730,0.01416,-1.08740,-0.04150,-0.42683,0.18293,0.36585
1747,8735,0.01465,-1.08936,-0.03857,-0.24390,0.18293,0.30488
1748,8740,0.01221,-1.09375,-0.04102,-0.36585,0.18293,0.18293
1749,8745,0.01270,-1.09180,-0.04053,-0.24390,0.06098,0.30488
1750,8750,0.01514,-1.09082,-0.04248,-0.24390,0.18293,0.30488
1751,8756,0.01270,-1.09375,-0.03613,-0.42683,0.12195,0.12195
1752,8761,0.01172,-1.09082,-0.04443,-0.30488,0.12195,0.24390
1753,8766,0.01465,-1.08936,-0.03906,-0.30488,0.18293,0.24390
1754,8770,0.01318,-1.09082,-0.03857,-0.36585,0.18293,0.36585
1755,8775,0.01123,-1.09375,-0.04443,-0.30488,0.30488,0.36585
1756,8780,0.01025,-1.09424,-0.04102,-0.30488,0.12195,0.24390
1757,8785,0.01367,-1.09521,-0.04395,-0.30488,0.12195,0.30488
1758,8790,0.01318,-1.09229,-0.03809,-0.36585,0.12195,0.36585
1759,8796,0.01221,-1.08984,-0.04639,-0.42683,0.18293,0.30488
1760,8801,0.01123,-1.09082,-0.04395,-0.24390,0.24390,0.30488
1761,8806,0.00928,-1.09033,-0.04150,-0.36585,0.12195,0.36585
1762,8811,0.01367,-1.09033,-0.04102,-0.48780,0.24390,0.30488
1763,8815,0.01367,-1.09277,-0.04150,-0.36585,0.06098,0.36585
1764,8820,0.01270,-1.09375,-0.04395,-0.36585,0.06098,0.24390
1765,8825,0.01318,-1.09082,-0.03467,-0.42683,0.18293,0.30488
1766,8830,0.01172,-1.09033,-0.04004,-0.24390,0.18293,0.42683
1767,8836,0.01172,-1.09131,-0.04346,-0.24390,0.12195,0.30488
1768,8841,0.01318,-1.08740,-0.03711,-0.36585,0.18293,0.30488
1769,8846,0.01318,-1.08838,-0.04053,-0.30488,0.12195,0.36585
1770,8851,0.01318,-1.09131,-0.04395,-0.36585,0.18293,0.36585
1771,8855,0.01172,-1.08984,-0.03711,-0.30488,0.18293,0.42683
1772,8860,0.01270,-1.09326,-0.04639,-0.36585,0.12195,0.36585
1773,8865,0.01514,-1.08887,-0.03809,-0.42683,0.24390,0.18293
1774,8870,0.01172,-1.09082,-0.04053,-0.30488,0.18293,0.24390
1775,8875,0.01367,-1.09277,-0.04297,-0.24390,0.24390,0.36585
1776,8881,0.01660,-1.08936,-0.04297,-0.30488,0.18293,0.24390
1777,8886,0.01318,-1.09033,-0.04248,-0.30488,0.18293,0.24390
1778,8891,0.01367,-1.09375,-0.03516,-0.24390,0.12195,0.30488
1779,8895,0.01709,-1.09131,-0.03906,-0.42683,0.18293,0.24390
1780,8900,0.01416,-1.09131,-0.04248,-0.42683,0.18293,0.30488
1781,8905,0.01221,-1.09229,-0.04150,-0.42683,0.24390,0.30488
1782,8910,0.01270,-1.08936,-0.04443,-0.30488,0.24390,0.30488
1783,8915,0.01270,-1.08936,-0.04443,-0.30488,0.24390,0.30488
1784,8921,0.01221,-1.09375,-0.04053,-0.30488,0.18293,0.24390
1785,8926,0.01416,-1.09375,-0.03906,-0.30488,0.06098,0.30488
1786,8931,0.01562,-1.09082,-0.04102,-0.30488,0.18293,0.30488
1787,8936,0.01562,-1.09326,-0.03955,-0.36585,0.18293,0.36585
1788,8940,0.01562,-1.09277,-0.04004,-0.42683,0.12195,0.30488
1789,8945,0.01416,-1.09180,-0.04297,-0.24390,0.12195,0.24390
1790,8950,0.01416,-1.09180,-0.04297,-0.24390,0.12195,0.24390
1791,8955,0.01172,-1.09277,-0.04297,-0.48780,0.12195,0.36585
1792,8961,0.01172,-1.09277,-0.04004,-0.24390,0.24390,0.36585
1793,8966,0.00928,-1.09082,-0.04150,-0.24390,0.12195,0.36585
1794,8971,0.01172,-1.08838,-0.03662,-0.36585,0.18293,0.42683
1795,8976,0.01221,-1.09277,-0.03857,-0.36585,0.18293,0.36585
1796,8980,0.01221,-1.09277,-0.03857,-0.36585,0.18293,0.36585
1797,8985,0.01318,-1.09180,-0.03906,-0.36585,0.18293,0.30488
1798,8990,0.01221,-1.08887,-0.04053,-0.42683,0.12195,0.42683
1799,8995,0.01270,-1.08936,-0.04004,-0.60976,0.24390,0.24390
1800,9000,0.01465,-1.09277,-0.03760,-0.54878,0.18293,0.24390
1801,9006,0.01221,-1.09229,-0.04053,-0.24390,0.30488,0.24390
1802,9011,0.01221,-1.09229,-0.04053,-0.24390,0.30488,0.24390
1803,9016,0.00879,-1.08936,-0.03857,-0.36585,0.30488,0.18293
1804,9020,0.01221,-1.09033,-0.04395,-0.54878,0.18293,0.30488
1805,9025,0.01562,-1.08936,-0.04297,-0.42683,0.18293,0.24390
1806,9030,0.01416,-1.08936,-0.04395,-0.30488,0.12195,0.24390
1807,9035,0.01465,-1.09180,-0.03857,-0.30488,0.18293,0.30488
1808,9040,0.01318,-1.09033,-0.04102,-0.48780,0.18293,0.24390
1809,9046,0.01367,-1.08838,-0.04102,-0.42683,0.12195,0.24390
1810,9051,0.01465,-1.08936,-0.04346,-0.42683,0.12195,0.30488
1811,9056,0.01270,-1.09033,-0.04199,-0.36585,0.24390,0.30488
1812,9061,0.01172,-1.09326,-0.04150,-0.30488,0.12195,0.30488
1813,9065,0.01611,-1.09473,-0.04053,-0.30488,0.18293,0.36585
1814,9070,0.01318,-1.08838,-0.04053,-0.36585,0.18293,0.24390
1815,9075,0.01611,-1.09277,-0.04102,-0.42683,0.18293,0.30488
1816,9080,0.01611,-1.08838,-0.03809,-0.30488,0.12195,0.36585
1817,9086,0.01318,-1.09082,-0.04150,-0.30488,0.18293,0.18293
1818,9091,0.01416,-1.08887,-0.03809,-0.42683,0.24390,0.24390
1819,9096,0.01270,-1.09033,-0.03711,-0.42683,0.24390,0.24390
1820,9101,0.01074,-1.09326,-0.03955,-0.36585,0.24390,0.18293
1821,9105,0.01416,-1.09131,-0.04443,-0.30488,0.24390,0.36585
1822,9110,0.01416,-1.09131,-0.04053,-0.24390,0.06098,0.30488
1823,9115,0.01123,-1.09131,-0.04346,-0.48780,0.18293,0.30488
1824,9120,0.01514,-1.09082,-0.04346,-0.36585,0.24390,0.36585
1825,9125,0.01367,-1.09033,-0.03760,-0.48780,0.12195,0.30488
1826,9131,0.01416,-1.09082,-0.03906,-0.54878,0.18293,0.30488
1827,9136,0.01465,-1.09521,-0.04053,-0.42683,0.24390,0.36585
1828,9141,0.01855,-1.09180,-0.03516,-0.18293,0.12195,0.18293
1829,9145,0.01660,-1.09277,-0.03857,-0.30488,0.12195,0.30488
1830,9150,0.01270,-1.08984,-0.03711,-0.24390,0.18293,0.36585
1831,9155,0.01318,-1.08936,-0.04102,-0.30488,0.06098,0.36585
1832,9160,0.00977,-1.09082,-0.03760,-0.30488,0.12195,0.24390
1833,9165,0.01367,-1.09082,-0.04004,-0.30488,0.18293,0.30488
1834,9171,0.01514,-1.09424,-0.03760,-0.30488,0.24390,0.36585
1835,9176,0.01270,-1.09277,-0.03760,-0.42683,0.12195,0.36585
1836,9181,0.01465,-1.09229,-0.03516,-0.36585,0.18293,0.30488
1837,9186,0.01562,-1.08984,-0.04395,-0.30488,0.24390,0.36585
1838,9190,0.01025,-1.08984,-0.04248,-0.36585,0.18293,0.42683
1839,9195,0.01270,-1.09180,-0.04248,-0.48780,0.12195,0.36585
1840,9200,0.01074,-1.08691,-0.04639,-0.36585,0.30488,0.24390
1841,9205,0.01221,-1.09033,-0.04199,-0.30488,0.24390,0.36585
1842,9211,0.01367,-1.09131,-0.03662,-0.42683,0.12195,0.18293
1843,9216,0.01465,-1.09326,-0.03711,-0.36585,0.18293,0.24390
1844,9221,0.01172,-1.09180,-0.03223,-0.36585,0.18293,0.30488
1845,9226,0.01367,-1.09033,-0.04248,-0.36585,0.18293,0.18293
1846,9230,0.01172,-1.08984,-0.04053,-0.36585,0.24390,0.30488
1847,9235,0.01562,-1.09082,-0.03906,-0.24390,0.12195,0.36585
1848,9240,0.01416,-1.09326,-0.03906,-0.36585,0.12195,0.30488
1849,9245,0.01221,-1.09180,-0.03906,-0.30488,0.06098,0.36585
1850,9250,0.01416,-1.08887,-0.03760,-0.36585,0.12195,0.24390
1851,9256,0.01514,-1.09277,-0.03662,-0.36585,0.12195,0.24390
1852,9261,0.01123,-1.09033,-0.04102,-0.30488,0.30488,0.24390
1853,9266,0.01367,-1.08936,-0.04053,-0.24390,0.12195,0.24390
1854,9270,0.01318,-1.09033,-0.04102,-0.36585,0.06098,0.24390
1855,9275,0.01660,-1.09229,-0.04150,-0.42683,0.18293,0.24390
1856,9280,0.01367,-1.08984,-0.04053,-0.36585,0.24390,0.30488
1857,9285,0.01172,-1.09180,-0.04346,-0.36585,0.24390,0.30488
1858,9290,0.01270,-1.09229,-0.04053,-0.36585,0.18293,0.42683
1859,9296,0.01270,-1.08838,-0.04297,-0.30488,0.06098,0.36585
1860,9301,0.01123,-1.09131,-0.04102,-0.24390,0.12195,0.36585
1861,9306,0.01318,-1.08887,-0.03809,-0.18293,0.12195,0.24390
1862,9311,0.01562,-1.09180,-0.03613,-0.30488,0.18293,0.30488
1863,9315,0.01611,-1.09229,-0.03662,-0.30488,0.12195,0.24390
1864,9320,0.01367,-1.09131,-0.03857,-0.48780,0.18293,0.30488
1865,9325,0.01270,-1.08887,-0.04102,-0.36585,0.12195,0.36585
1866,9330,0.01074,-1.08936,-0.04297,-0.24390,0.06098,0.36585
1867,9336,0.01172,-1.09326,-0.04297,-0.30488,0.24390,0.30488
1868,9341,0.01465,-1.09375,-0.03955,-0.24390,0.24390,0.36585
1869,9346,0.01416,-1.09180,-0.03809,-0.36585,0.18293,0.24390
1870,9351,0.01562,-1.08887,-0.03369,-0.36585,0.18293,0.30488
1871,9355,0.01270,-1.09375,-0.03955,-0.24390,0.06098,0.30488
1872,9360,0.01318,-1.09131,-0.04102,-0.24390,0.12195,0.30488
1873,9365,0.01562,-1.09180,-0.03906,-0.24390,0.06098,0.30488
1874,9370,0.01221,-1.09180,-0.03906,-0.36585,0.24390,0.30488
1875,9375,0.01270,-1.09277,-0.04639,-0.36585,0.24390,0.30488
1876,9381,0.01514,-1.09180,-0.03809,-0.24390,0.24390,0.24390
1877,9386,0.01416,-1.09033,-0.04199,-0.24390,0.12195,0.30488
1878,9391,0.01172,-1.08936,-0.04053,-0.24390,0.12195,0.36585
1879,9395,0.01416,-1.09180,-0.03711,-0.30488,0.12195,0.36585
1880,9400,0.01660,-1.09180,-0.04248,-0.24390,0.12195,0.24390
1881,9405,0.01514,-1.09375,-0.04395,-0.36585,0.00000,0.30488
1882,9410,0.01172,-1.09131,-0.04199,-0.36585,0.18293,0.36585
1883,9415,0.01172,-1.09570,-0.04102,-0.24390,0.30488,0.42683
1884,9421,0.01367,-1.09424,-0.03906,-0.18293,0.12195,0.42683
1885,9426,0.00830,-1.08887,-0.04150,-0.42683,0.00000,0.36585
1886,9431,0.01221,-1.09180,-0.04199,-0.36585,0.24390,0.30488
1887,9436,0.01123,-1.09180,-0.03906,-0.42683,0.24390,0.36585
1888,9440,0.01367,-1.08936,-0.03516,-0.30488,0.24390,0.30488
1889,9445,0.01172,-1.09131,-0.03662,-0.30488,0.18293,0.24390
1890,9450,0.01514,-1.09033,-0.03711,-0.30488,0.18293,0.24390
1891,9455,0.01221,-1.08984,-0.04248,-0.30488,0.24390,0.30488
1892,9461,0.01416,-1.09082,-0.04297,-0.42683,0.24390,0.24390
1893,9466,0.01514,-1.09180,-0.04199,-0.30488,0.12195,0.30488
1894,9471,0.01367,-1.09326,-0.03809,-0.42683,0.18293,0.30488
1895,9476,0.01270,-1.08984,-0.04346,-0.36585,0.18293,0.30488
1896,9480,0.01318,-1.09082,-0.03662,-0.48780,0.06098,0.30488
1897,9485,0.01465,-1.09277,-0.04102,-0.36585,0.18293,0.30488
1898,9490,0.01318,-1.09473,-0.04053,-0.24390,0.18293,0.24390
1899,9495,0.01123,-1.09082,-0.04541,-0.36585,0.12195,0.30488
1900,9500,0.01611,-1.08838,-0.03760,-0.30488,0.18293,0.36585
1901,9506,0.01270,-1.09131,-0.04346,-0.36585,0.06098,0.42683
1902,9511,0.01025,-1.09131,-0.03906,-0.24390,0.24390,0.30488
1903,9516,0.01367,-1.09180,-0.03955,-0.48780,0.24390,0.36585
1904,9520,0.01270,-1.09033,-0.03906,-0.36585,0.12195,0.36585
1905,9525,0.01123,-1.08984,-0.03711,-0.36585,0.18293,0.30488
1906,9530,0.01367,-1.09131,-0.04443,-0.24390,0.18293,0.36585
1907,9535,0.01416,-1.08789,-0.04004,-0.24390,0.24390,0.30488
1908,9540,0.01660,-1.09229,-0.03760,-0.42683,0.18293,0.36585
1909,9546,0.01611,-1.09424,-0.04150,-0.30488,0.18293,0.36585
1910,9551,0.01270,-1.09082,-0.04590,-0.24390,0.12195,0.30488
1911,9556,0.01562,-1.09473,-0.04248,-0.48780,0.18293,0.30488
1912,9561,0.01514,-1.09326,-0.04150,-0.30488,0.18293,0.18293
1913,9565,0.01465,-1.09033,-0.04004,-0.24390,0.06098,0.18293
1914,9570,0.01025,-1.09180,-0.03662,-0.36585,0.06098,0.36585
1915,9575,0.00830,-1.09033,-0.03857,-0.24390,0.18293,0.30488
1916,9580,0.01074,-1.09082,-0.04150,-0.36585,0.24390,0.30488
1917,9586,0.01367,-1.08936,-0.03857,-0.36585,0.18293,0.42683
1918,9591,0.01416,-1.09326,-0.03857,-0.42683,0.18293,0.36585
1919,9596,0.01123,-1.09033,-0.03809,-0.24390,0.24390,0.30488
1920,9601,0.01123,-1.09033,-0.04150,-0.36585,0.18293,0.30488
1921,9605,0.01562,-1.09277,-0.04199,-0.30488,0.06098,0.30488
1922,9610,0.01807,-1.09326,-0.03955,-0.36585,0.18293,0.30488
1923,9615,0.01318,-1.09229,-0.03857,-0.42683,0.18293,0.24390
1924,9620,0.01318,-1.09229,-0.03857,-0.42683,0.18293,0.24390
1925,9625,0.01172,-1.09180,-0.04199,-0.30488,0.12195,0.24390
1926,9631,0.01416,-1.09131,-0.04395,-0.36585,0.12195,0.30488
1927,9636,0.01562,-1.09277,-0.04297,-0.36585,0.12195,0.30488
1928,9641,0.01367,-1.09326,-0.04053,-0.30488,0.06098,0.36585
1929,9645,0.00977,-1.09326,-0.04150,-0.24390,0.06098,0.36585
1930,9650,0.00977,-1.09326,-0.04150,-0.24390,0.06098,0.36585
1931,9655,0.01123,-1.09033,-0.03906,-0.30488,0.18293,0.36585
1932,9660,0.01758,-1.09180,-0.03711,-0.30488,0.24390,0.30488
1933,9665,0.01123,-1.09131,-0.03613,-0.30488,0.24390,0.30488
1934,9671,0.01221,-1.08838,-0.04688,-0.30488,0.18293,0.24390
1935,9676,0.01514,-1.08984,-0.03955,-0.30488,0.12195,0.36585
1936,9681,0.01514,-1.08984,-0.03955,-0.30488,0.12195,0.36585
1937,9686,0.01221,-1.08838,-0.04150,-0.42683,0.12195,0.36585
1938,9690,0.01318,-1.08936,-0.04053,-0.30488,0.24390,0.24390
1939,9695,0.01367,-1.09424,-0.03955,-0.36585,0.24390,0.30488
1940,9700,0.01318,-1.09521,-0.04590,-0.42683,0.18293,0.30488
1941,9705,0.01367,-1.08838,-0.03955,-0.36585,0.18293,0.30488
1942,9711,0.01465,-1.08936,-0.03809,-0.48780,0.18293,0.18293
1943,9716,0.01465,-1.08936,-0.03809,-0.48780,0.18293,0.18293
1944,9721,0.01465,-1.09424,-0.04248,-0.42683,0.24390,0.36585
1945,9726,0.01221,-1.09277,-0.04053,-0.42683,0.24390,0.36585
1946,9730,0.01123,-1.08691,-0.04053,-0.30488,0.18293,0.24390
1947,9735,0.01074,-1.09229,-0.04199,-0.18293,0.12195,0.24390
1948,9740,0.01318,-1.09375,-0.03906,-0.24390,0.18293,0.30488
1949,9745,0.01611,-1.09082,-0.04053,-0.24390,0.06098,0.18293
1950,9750,0.01318,-1.09033,-0.03955,-0.42683,0.12195,0.24390
1951,9756,0.01465,-1.08984,-0.04102,-0.36585,0.24390,0.36585
1952,9761,0.01123,-1.09473,-0.04150,-0.24390,0.30488,0.36585
1953,9766,0.01221,-1.09424,-0.04492,-0.24390,0.18293,0.42683
1954,9770,0.01465,-1.09131,-0.04346,-0.12195,0.18293,0.42683
1955,9775,0.01270,-1.08984,-0.04004,-0.36585,0.12195,0.24390
1956,9780,0.01562,-1.09375,-0.04053,-0.42683,0.12195,0.30488
1957,9785,0.01611,-1.09229,-0.03906,-0.36585,0.06098,0.24390
1958,9790,0.01465,-1.09229,-0.04199,-0.18293,0.18293,0.18293
1959,9796,0.01270,-1.09131,-0.03662,-0.30488,0.24390,0.24390
1960,9801,0.01172,-1.09229,-0.03760,-0.42683,0.18293,0.30488
1961,9806,0.01514,-1.08838,-0.04395,-0.36585,0.18293,0.30488
1962,9811,0.01367,-1.09033,-0.04004,-0.18293,0.24390,0.30488
1963,9815,0.01367,-1.09277,-0.04443,-0.36585,0.18293,0.30488
1964,9820,0.01221,-1.09521,-0.04395,-0.54878,0.12195,0.30488
1965,9825,0.01318,-1.08984,-0.03857,-0.24390,0.06098,0.36585
1966,9830,0.01367,-1.08887,-0.03809,-0.24390,0.06098,0.30488
1967,9836,0.01270,-1.09033,-0.04248,-0.30488,0.18293,0.30488
1968,9841,0.01465,-1.09033,-0.04688,-0.36585,0.12195,0.36585
1969,9846,0.01367,-1.08838,-0.03857,-0.42683,0.12195,0.36585
1970,9851,0.01221,-1.08838,-0.04004,-0.54878,0.24390,0.24390
1971,9855,0.01367,-1.09180,-0.04346,-0.42683,0.12195,0.30488
1972,9860,0.01465,-1.09375,-0.04199,-0.42683,0.06098,0.30488
1973,9865,0.01367,-1.09326,-0.04199,-0.24390,0.18293,0.30488
1974,9870,0.01416,-1.08594,-0.03613,-0.12195,0.24390,0.36585
1975,9875,0.01514,-1.09473,-0.03516,-0.30488,0.12195,0.30488
1976,9881,0.01465,-1.09229,-0.03760,-0.42683,0.18293,0.36585
1977,9886,0.01270,-1.09375,-0.04346,-0.30488,0.18293,0.24390
1978,9891,0.01367,-1.08984,-0.03955,-0.36585,0.24390,0.24390
1979,9895,0.01270,-1.08740,-0.04004,-0.30488,0.12195,0.30488
1980,9900,0.01172,-1.09033,-0.03906,-0.18293,0.30488,0.30488
1981,9905,0.01172,-1.09082,-0.04346,-0.30488,0.24390,0.24390
1982,9910,0.00928,-1.08984,-0.04346,-0.36585,-0.06098,0.30488
1983,9915,0.01367,-1.09619,-0.04297,-0.48780,0.18293,0.42683
1984,9921,0.01221,-1.09277,-0.04004,-0.30488,0.18293,0.30488
1985,9926,0.01514,-1.08984,-0.03809,-0.36585,0.18293,0.18293
1986,9931,0.01270,-1.09570,-0.04492,-0.36585,0.24390,0.36585
1987,9936,0.01172,-1.08984,-0.04150,-0.42683,0.24390,0.30488
1988,9940,0.01318,-1.09131,-0.03711,-0.42683,0.06098,0.36585
1989,9945,0.01367,-1.09033,-0.03711,-0.30488,0.06098,0.30488
1990,9950,0.01465,-1.08447,-0.04053,-0.30488,0.36585,0.24390
1991,9955,0.01221,-1.09326,-0.04248,-0.42683,0.36585,0.24390
1992,9961,0.01465,-1.08984,-0.04004,-0.42683,0.12195,0.36585
1993,9966,0.01514,-1.09717,-0.04150,-0.30488,0.12195,0.36585
1994,9971,0.01465,-1.09033,-0.03906,-0.36585,0.12195,0.42683
1995,9976,0.01367,-1.09033,-0.03809,-0.30488,0.24390,0.24390
1996,9980,0.01318,-1.09082,-0.03613,-0.06098,0.18293,0.06098
1997,9985,0.01172,-1.09180,-0.04443,-0.30488,0.24390,0.18293
1998,9990,0.01123,-1.09277,-0.04199,-0.30488,0.24390,0.36585
1999,9995,0.01514,-1.09277,-0.04248,-0.42683,0.12195,0.30488
2000,10000,0.01562,-1.09375,-0.04248,-0.36585,0.06098,0.36585
2001,10006,0.01074,-1.09082,-0.04102,-0.30488,0.06098,0.30488
2002,10011,0.01318,-1.08691,-0.04346,-0.36585,0.18293,0.30488
2003,10016,0.01270,-1.09326,-0.03760,-0.42683,0.24390,0.36585
