seq,t_ms,ax_g,ay_g,az_g,gx_dps,gy_dps,gz_dps
0,0,0.03711,-0.13672,1.00195,-0.36585,0.06098,0.24390
1,6,0.03369,-0.13428,1.00049,-0.30488,0.12195,0.24390
2,11,0.03223,-0.13477,0.99805,-0.18293,0.18293,0.30488
3,16,0.03369,-0.13965,1.00146,-0.30488,0.18293,0.24390
4,21,0.03467,-0.13721,1.00586,-0.36585,0.30488,0.24390
5,26,0.03271,-0.13525,1.00195,-0.36585,0.18293,0.24390
6,30,0.03369,-0.13770,1.00098,-0.42683,0.24390,0.24390
7,35,0.03125,-0.13818,1.00293,-0.42683,0.18293,0.36585
8,40,0.03223,-0.13916,0.99951,-0.36585,0.12195,0.18293
9,46,0.03369,-0.13770,0.99951,-0.30488,0.18293,0.18293
10,51,0.03564,-0.13818,0.99854,-0.30488,0.12195,0.30488
11,56,0.03564,-0.13721,1.00488,-0.30488,0.18293,0.30488
12,61,0.03369,-0.13770,1.00391,-0.36585,0.30488,0.24390
13,66,0.03223,-0.14062,1.00049,-0.36585,0.12195,0.18293
14,70,0.03418,-0.13721,0.99756,-0.30488,0.18293,0.24390
15,75,0.03320,-0.13721,1.00146,-0.24390,0.24390,0.42683
16,80,0.03564,-0.13525,1.00244,-0.30488,0.12195,0.30488
17,86,0.03320,-0.13623,1.00439,-0.30488,0.18293,0.30488
18,91,0.03320,-0.13574,1.00146,-0.36585,0.06098,0.36585
19,96,0.03613,-0.13574,1.00049,-0.30488,0.18293,0.24390
20,101,0.03369,-0.13623,1.00195,-0.42683,0.36585,0.30488
21,106,0.03564,-0.13672,1.00098,-0.24390,0.24390,0.30488
22,110,0.03760,-0.13672,1.00195,-0.30488,0.12195,0.24390
23,115,0.03516,-0.13672,1.00049,-0.36585,0.18293,0.24390
24,120,0.03223,-0.13770,1.00049,-0.42683,0.24390,0.30488
25,125,0.03125,-0.13623,0.99902,-0.36585,0.18293,0.36585
26,131,0.02930,-0.13477,0.99902,-0.48780,0.30488,0.36585
27,136,0.03662,-0.13623,0.99951,-0.42683,0.30488,0.30488
28,141,0.03369,-0.13818,1.00586,-0.36585,0.24390,0.30488
29,146,0.03320,-0.13623,1.00000,-0.30488,0.18293,0.30488
30,151,0.03223,-0.13770,1.00049,-0.42683,0.18293,0.18293
31,155,0.03369,-0.13525,1.00488,-0.48780,0.18293,0.24390
32,160,0.03320,-0.13623,0.99854,-0.54878,0.06098,0.30488
33,165,0.03320,-0.13623,0.99902,-0.36585,0.18293,0.36585
34,171,0.03564,-0.13770,1.00098,-0.36585,0.24390,0.30488
35,176,0.03516,-0.13721,1.00244,-0.36585,0.18293,0.18293
36,181,0.03223,-0.13525,1.00293,-0.30488,0.18293,0.30488
37,186,0.03369,-0.13623,1.00195,-0.36585,0.12195,0.36585
38,191,0.03271,-0.13525,1.00537,-0.42683,0.24390,0.36585
39,195,0.03369,-0.13770,1.00293,-0.42683,0.18293,0.36585
40,200,0.03369,-0.13574,1.00244,-0.42683,0.24390,0.42683
41,205,0.03320,-0.13623,1.00684,-0.30488,0.06098,0.30488
42,211,0.03467,-0.13818,1.00195,-0.18293,0.12195,0.30488
43,216,0.03516,-0.13721,1.00146,-0.36585,0.18293,0.30488
44,221,0.03174,-0.13770,0.99854,-0.36585,0.18293,0.30488
45,226,0.03320,-0.13623,0.99951,-0.30488,0.18293,0.18293
46,231,0.03662,-0.13770,0.99902,-0.30488,0.18293,0.24390
47,235,0.03418,-0.13818,1.00000,-0.36585,0.18293,0.30488
48,240,0.03271,-0.13623,1.00146,-0.54878,0.24390,0.30488
49,245,0.03418,-0.13867,1.00439,-0.30488,0.36585,0.24390
50,250,0.03027,-0.13574,1.00342,-0.36585,0.24390,0.30488
51,256,0.03271,-0.13525,1.00439,-0.54878,0.12195,0.36585
52,261,0.03223,-0.13672,1.00146,-0.30488,0.18293,0.24390
53,266,0.02979,-0.13672,1.00000,-0.36585,0.18293,0.30488
54,271,0.03320,-0.13672,0.99902,-0.36585,0.24390,0.24390
55,276,0.03516,-0.14014,0.99609,-0.42683,0.18293,0.24390
56,280,0.03516,-0.13574,1.00488,-0.36585,0.18293,0.30488
57,285,0.03516,-0.13428,1.00342,-0.24390,0.24390,0.24390
58,290,0.03271,-0.13770,1.00000,-0.42683,0.18293,0.30488
59,296,0.03320,-0.13721,1.00049,-0.30488,0.18293,0.36585
60,301,0.03174,-0.13721,1.00293,-0.30488,0.18293,0.24390
61,306,0.03174,-0.13721,0.99854,-0.30488,0.30488,0.30488
62,311,0.03271,-0.13623,1.00195,-0.48780,0.18293,0.24390
63,316,0.03271,-0.13623,1.00146,-0.30488,0.18293,0.24390
64,320,0.03467,-0.13623,1.00342,-0.24390,0.24390,0.24390
65,325,0.03516,-0.13574,1.00293,-0.42683,0.24390,0.30488
66,330,0.03516,-0.13770,1.00586,-0.36585,0.18293,0.30488
67,336,0.03711,-0.13867,1.00244,-0.30488,0.18293,0.36585
68,341,0.03613,-0.13818,1.00586,-0.18293,0.18293,0.36585
69,346,0.03418,-0.13916,1.00439,-0.24390,0.18293,0.24390
70,351,0.03418,-0.13867,1.00391,-0.60976,0.18293,0.30488
71,356,0.03174,-0.13672,1.00049,-0.30488,0.18293,0.30488
72,360,0.03418,-0.13916,1.00439,-0.48780,0.12195,0.36585
73,365,0.03223,-0.13916,1.00098,-0.54878,0.18293,0.24390
74,370,0.03223,-0.13916,1.00098,-0.54878,0.18293,0.24390
75,375,0.03418,-0.13965,1.00098,-0.18293,0.06098,0.24390
76,381,0.03174,-0.13721,1.00195,-0.30488,0.24390,0.36585
77,386,0.03076,-0.13867,1.00049,-0.30488,0.18293,0.18293
78,391,0.03271,-0.13867,1.00244,-0.24390,0.06098,0.30488
79,396,0.03613,-0.13477,1.00098,-0.24390,0.18293,0.24390
80,401,0.03223,-0.13721,1.00098,-0.30488,0.24390,0.12195
81,405,0.03223,-0.13721,1.00098,-0.30488,0.24390,0.12195
82,410,0.03027,-0.13623,1.00000,-0.30488,0.18293,0.18293
83,415,0.03369,-0.13721,1.00537,-0.36585,0.18293,0.24390
84,421,0.03418,-0.14014,1.00098,-0.36585,0.12195,0.24390
85,426,0.03418,-0.14014,0.99902,-0.42683,0.18293,0.30488
86,431,0.03223,-0.13770,0.99756,-0.36585,0.12195,0.36585
87,436,0.03223,-0.13770,0.99756,-0.36585,0.12195,0.36585
88,441,0.03516,-0.13916,0.99756,-0.36585,0.18293,0.30488
89,445,0.03174,-0.13721,1.00195,-0.42683,0.18293,0.24390
90,450,0.03223,-0.13574,1.00098,-0.36585,0.18293,0.24390
91,455,0.03076,-0.13623,0.99805,-0.42683,0.30488,0.24390
92,461,0.03564,-0.13623,1.00391,-0.36585,0.12195,0.30488
93,466,0.03564,-0.13623,1.00391,-0.36585,0.12195,0.30488
94,471,0.03418,-0.13623,1.00195,-0.42683,0.12195,0.30488
95,476,0.03564,-0.13818,1.00488,-0.30488,0.12195,0.30488
96,481,0.03271,-0.13721,1.00244,-0.36585,0.24390,0.24390
97,485,0.03271,-0.13818,0.99414,-0.30488,0.18293,0.24390
98,490,0.03076,-0.13574,1.00098,-0.36585,0.06098,0.30488
99,495,0.03271,-0.13818,1.00146,-0.24390,0.06098,0.24390
100,500,0.03320,-0.13672,0.99902,-0.24390,0.12195,0.30488
101,506,0.03271,-0.13867,0.99609,-0.36585,0.18293,0.24390
102,511,0.03320,-0.13867,0.99854,-0.24390,0.12195,0.18293
103,516,0.03125,-0.13379,1.00439,-0.18293,0.12195,0.36585
104,521,0.03271,-0.13721,1.00342,-0.30488,0.12195,0.30488
105,526,0.03369,-0.13770,1.00195,-0.36585,0.12195,0.30488
106,530,0.03418,-0.13574,1.00049,-0.42683,0.12195,0.24390
107,535,0.03223,-0.13623,0.99902,-0.30488,0.12195,0.30488
108,540,0.03418,-0.13574,1.00195,-0.36585,0.18293,0.30488
109,546,0.03418,-0.13672,1.00195,-0.30488,0.18293,0.24390
110,551,0.03516,-0.13916,1.00195,-0.36585,0.12195,0.30488
111,556,0.03271,-0.13770,1.00146,-0.30488,0.18293,0.36585
112,561,0.03369,-0.13721,1.00049,-0.48780,0.12195,0.36585
113,566,0.03125,-0.13916,0.99854,-0.48780,0.18293,0.36585
114,570,0.03271,-0.14014,0.99854,-0.36585,0.12195,0.30488
115,575,0.03516,-0.13477,0.99707,-0.36585,0.18293,0.30488
116,580,0.03613,-0.13770,0.99902,-0.48780,0.24390,0.30488
117,586,0.03564,-0.13672,1.00098,-0.36585,0.12195,0.30488
118,591,0.03564,-0.13623,0.99902,-0.24390,0.18293,0.24390
119,596,0.03271,-0.13818,0.99756,-0.30488,0.24390,0.24390
120,601,0.03369,-0.13965,1.00293,-0.30488,0.30488,0.24390
121,606,0.03223,-0.13672,1.00635,-0.30488,0.24390,0.30488
122,610,0.03223,-0.13623,1.00244,-0.36585,0.18293,0.24390
123,615,0.03369,-0.13721,1.00293,-0.18293,0.18293,0.18293
124,620,0.03418,-0.13721,1.00537,-0.12195,0.24390,0.24390
125,625,0.03613,-0.13477,1.00195,-0.30488,0.18293,0.36585
126,631,0.03369,-0.13770,1.00146,-0.42683,0.12195,0.36585
127,636,0.03174,-0.13477,1.00049,-0.30488,0.30488,0.30488
128,641,0.03418,-0.13623,1.00049,-0.24390,0.24390,0.18293
129,646,0.03223,-0.13672,0.99805,-0.36585,0.18293,0.18293
130,651,0.03613,-0.14111,1.00098,-0.36585,0.12195,0.24390
131,655,0.03320,-0.13965,1.00000,-0.42683,0.18293,0.24390
132,660,0.03320,-0.13672,0.99561,-0.36585,0.12195,0.42683
133,665,0.03613,-0.13574,1.00195,-0.42683,0.12195,0.30488
134,671,0.03613,-0.13672,1.00586,-0.30488,0.18293,0.36585
135,676,0.03369,-0.13867,0.99805,-0.42683,0.12195,0.24390
136,681,0.03369,-0.13965,1.00146,-0.48780,0.06098,0.18293
137,686,0.03760,-0.13818,1.00244,-0.48780,0.12195,0.24390
138,691,0.03223,-0.13574,0.99951,-0.36585,0.24390,0.30488
139,695,0.03223,-0.13428,1.00000,-0.30488,0.24390,0.36585
140,700,0.03516,-0.13818,0.99951,-0.30488,0.18293,0.24390
141,705,0.03027,-0.13574,1.00244,-0.30488,0.12195,0.18293
142,711,0.03564,-0.13818,1.00049,-0.42683,0.24390,0.24390
143,716,0.03271,-0.13672,1.00000,-0.36585,0.24390,0.30488
144,721,0.03320,-0.13379,1.00049,-0.42683,0.18293,0.24390
145,726,0.03223,-0.13818,0.99951,-0.24390,0.18293,0.12195
146,731,0.03223,-0.14014,1.00293,-0.42683,0.18293,0.30488
147,735,0.03613,-0.13477,1.00244,-0.36585,0.12195,0.30488
148,740,0.03223,-0.13867,1.00098,-0.30488,0.12195,0.30488
149,745,0.03076,-0.14160,1.00146,-0.48780,0.24390,0.24390
150,750,0.03027,-0.13867,1.00049,-0.24390,0.12195,0.30488
151,756,0.03125,-0.13623,1.00000,-0.24390,0.18293,0.36585
152,761,0.03564,-0.13770,1.00195,-0.36585,0.06098,0.36585
153,766,0.03564,-0.13818,1.00293,-0.30488,0.06098,0.18293
154,771,0.03662,-0.13770,1.00537,-0.30488,0.12195,0.24390
155,776,0.03662,-0.13965,1.00342,-0.36585,0.24390,0.24390
156,780,0.03369,-0.13721,0.99951,-0.24390,0.30488,0.18293
157,785,0.03125,-0.13623,0.99805,-0.24390,0.24390,0.18293
158,790,0.03320,-0.13721,0.99951,-0.36585,0.18293,0.24390
159,796,0.03516,-0.13770,1.00537,-0.48780,0.24390,0.18293
160,801,0.02979,-0.13818,1.00586,-0.48780,0.06098,0.12195
161,806,0.03174,-0.13770,1.00439,-0.54878,0.30488,0.24390
162,811,0.03174,-0.13770,1.00195,-0.48780,0.24390,0.18293
163,816,0.03467,-0.13867,1.00000,-0.36585,0.18293,0.24390
164,820,0.03516,-0.13672,1.00342,-0.24390,0.24390,0.30488
165,825,0.02979,-0.13818,1.00000,-0.36585,0.18293,0.30488
166,830,0.03174,-0.13770,0.99805,-0.42683,0.12195,0.30488
167,836,0.03516,-0.13672,1.00146,-0.36585,0.18293,0.24390
168,841,0.03613,-0.13770,1.00293,-0.42683,0.18293,0.24390
169,846,0.03223,-0.13818,1.00391,-0.42683,0.18293,0.18293
170,851,0.03467,-0.13770,1.00732,-0.30488,0.12195,0.18293
171,856,0.03613,-0.13770,1.00342,-0.36585,0.18293,0.24390
172,860,0.03418,-0.13721,0.99951,-0.42683,0.18293,0.24390
173,865,0.03564,-0.13770,1.00146,-0.42683,0.18293,0.30488
174,870,0.03564,-0.13672,1.00244,-0.30488,0.24390,0.36585
175,875,0.03418,-0.13525,1.00293,-0.36585,0.18293,0.30488
176,881,0.03711,-0.13818,0.99902,-0.54878,0.18293,0.24390
177,886,0.03369,-0.13623,1.00293,-0.48780,0.18293,0.24390
178,891,0.03320,-0.13672,1.00488,-0.42683,0.24390,0.18293
179,896,0.03467,-0.13721,1.00439,-0.42683,0.12195,0.30488
180,901,0.03076,-0.13672,1.00342,-0.36585,0.24390,0.24390
181,905,0.03418,-0.13867,1.00000,-0.30488,0.18293,0.12195
182,910,0.03516,-0.13916,1.00049,-0.42683,0.12195,0.24390
183,915,0.03076,-0.13916,1.00000,-0.54878,0.18293,0.30488
184,921,0.02979,-0.13672,1.00000,-0.42683,0.18293,0.24390
185,926,0.03516,-0.13721,1.00342,-0.48780,0.24390,0.30488
186,931,0.03516,-0.13721,1.00195,-0.54878,0.18293,0.24390
187,936,0.03809,-0.13672,0.99756,-0.30488,0.12195,0.12195
188,941,0.03516,-0.13623,1.00049,-0.36585,0.18293,0.24390
189,945,0.03369,-0.13721,0.99756,-0.48780,0.24390,0.30488
190,950,0.03320,-0.13818,0.99805,-0.42683,0.24390,0.18293
191,955,0.03125,-0.13965,0.99951,-0.36585,0.12195,0.30488
192,961,0.03516,-0.14160,0.99951,-0.36585,0.12195,0.30488
193,966,0.03662,-0.13818,1.00146,-0.48780,0.18293,0.36585
194,971,0.03467,-0.13623,1.00244,-0.42683,0.18293,0.30488
195,976,0.03271,-0.13721,0.99951,-0.24390,0.18293,0.18293
196,981,0.03223,-0.13916,1.00293,-0.36585,0.12195,0.12195
197,985,0.03223,-0.13525,1.00098,-0.48780,0.18293,0.12195
198,990,0.03174,-0.13770,1.00098,-0.42683,0.12195,0.30488
199,995,0.03223,-0.13721,1.00000,-0.36585,0.12195,0.30488
200,1000,0.03271,-0.13672,0.99805,-0.36585,0.18293,0.30488
201,1006,0.03271,-0.13721,1.00293,-0.42683,0.18293,0.24390
202,1011,0.03467,-0.13818,1.00586,-0.30488,0.12195,0.30488
203,1016,0.03271,-0.13721,1.00342,-0.36585,0.06098,0.30488
204,1021,0.03467,-0.13574,1.00244,-0.30488,0.06098,0.36585
205,1026,0.03418,-0.13770,1.00293,-0.42683,0.18293,0.30488
206,1030,0.03174,-0.13770,1.00146,-0.36585,0.18293,0.12195
207,1035,0.03271,-0.13623,1.00049,-0.42683,0.18293,0.30488
208,1040,0.03271,-0.13623,1.00049,-0.42683,0.18293,0.30488
209,1046,0.03271,-0.13623,1.00391,-0.42683,0.12195,0.18293
210,1051,0.03320,-0.13672,0.99902,-0.24390,0.18293,0.30488
211,1056,0.03320,-0.13721,0.99756,-0.24390,0.18293,0.24390
212,1061,0.03369,-0.13525,1.00195,-0.36585,0.24390,0.24390
213,1066,0.03320,-0.13525,1.00098,-0.48780,0.18293,0.24390
214,1070,0.03271,-0.14014,1.00488,-0.36585,0.12195,0.30488
215,1075,0.03271,-0.14014,1.00488,-0.36585,0.12195,0.30488
216,1080,0.03418,-0.13916,0.99951,-0.30488,0.12195,0.30488
217,1086,0.03223,-0.13721,0.99902,-0.42683,0.12195,0.30488
218,1091,0.03369,-0.13818,1.00488,-0.42683,0.12195,0.30488
219,1096,0.03564,-0.13721,0.99756,-0.42683,0.18293,0.30488
220,1101,0.03467,-0.13916,1.00293,-0.30488,0.12195,0.36585
221,1106,0.03467,-0.13916,1.00293,-0.30488,0.12195,0.36585
222,1110,0.03467,-0.13574,1.00439,-0.42683,0.18293,0.24390
223,1115,0.03271,-0.13623,1.00244,-0.36585,0.24390,0.30488
224,1120,0.02979,-0.13818,1.00195,-0.36585,0.12195,0.30488
225,1125,0.03613,-0.13818,0.99854,-0.30488,0.24390,0.24390
226,1131,0.03223,-0.13867,1.00391,-0.42683,0.18293,0.18293
227,1136,0.03223,-0.13867,1.00391,-0.42683,0.18293,0.18293
228,1141,0.03174,-0.13574,1.00342,-0.30488,0.18293,0.30488
229,1146,0.03564,-0.13379,1.00000,-0.30488,0.18293,0.30488
230,1151,0.03320,-0.13770,1.00049,-0.36585,0.24390,0.24390
231,1155,0.03369,-0.13721,0.99463,-0.42683,0.24390,0.36585
232,1160,0.03418,-0.13574,0.99902,-0.36585,0.12195,0.36585
233,1165,0.03467,-0.13721,1.00049,-0.36585,0.12195,0.30488
234,1171,0.03320,-0.14014,0.99902,-0.42683,0.18293,0.24390
235,1176,0.03564,-0.13721,1.00391,-0.36585,0.24390,0.24390
236,1181,0.03174,-0.13867,0.99951,-0.36585,0.24390,0.12195
237,1186,0.03516,-0.13867,0.99902,-0.24390,0.18293,0.24390
238,1191,0.03125,-0.13574,1.00244,-0.24390,0.24390,0.30488
239,1195,0.03271,-0.13721,1.00000,-0.36585,0.18293,0.36585
240,1200,0.03369,-0.13770,1.00244,-0.36585,0.18293,0.30488
241,1205,0.03369,-0.13672,1.00391,-0.36585,0.24390,0.30488
242,1211,0.03467,-0.13525,1.00195,-0.54878,0.12195,0.24390
243,1216,0.03076,-0.13623,0.99805,-0.42683,0.18293,0.36585
244,1221,0.02979,-0.13965,1.00000,-0.36585,0.12195,0.24390
245,1226,0.03271,-0.13623,1.00244,-0.42683,0.12195,0.24390
246,1231,0.03564,-0.13525,1.00244,-0.36585,0.18293,0.36585
247,1235,0.03125,-0.13672,0.99854,-0.24390,0.00000,0.36585
248,1240,0.03125,-0.13428,1.00195,-0.24390,0.06098,0.24390
249,1245,0.03760,-0.13574,1.00146,-0.24390,0.18293,0.30488
250,1250,0.03418,-0.13721,1.00000,-0.36585,0.12195,0.42683
251,1256,0.03418,-0.13818,1.00098,-0.30488,0.24390,0.36585
252,1261,0.03125,-0.13574,1.00049,-0.30488,0.30488,0.12195
253,1266,0.02979,-0.13525,1.00244,-0.36585,0.18293,0.24390
254,1271,0.03320,-0.13867,1.00488,-0.30488,0.06098,0.36585
255,1276,0.03564,-0.13623,1.00146,-0.36585,0.00000,0.24390
256,1280,0.03223,-0.13965,1.00195,-0.42683,0.18293,0.30488
257,1285,0.03174,-0.13770,1.00342,-0.30488,0.30488,0.18293
258,1290,0.03320,-0.13574,1.00195,-0.54878,0.12195,0.30488
259,1296,0.03320,-0.13770,1.00244,-0.42683,0.12195,0.42683
260,1301,0.03271,-0.13818,1.00293,-0.42683,0.12195,0.36585
261,1306,0.03369,-0.14111,1.00000,-0.48780,0.18293,0.18293
262,1311,0.03418,-0.14062,1.00342,-0.36585,0.12195,0.24390
263,1316,0.03320,-0.13965,0.99902,-0.36585,0.24390,0.18293
264,1320,0.03760,-0.13672,1.00293,-0.36585,0.18293,0.06098
265,1325,0.03320,-0.13672,1.00537,-0.36585,0.24390,0.18293
266,1330,0.03564,-0.13818,1.00244,-0.30488,0.24390,0.42683
267,1336,0.03467,-0.13623,1.00342,-0.30488,0.18293,0.30488
268,1341,0.03125,-0.13770,1.00391,-0.42683,0.24390,0.12195
269,1346,0.03174,-0.13623,1.00244,-0.30488,0.12195,0.18293
270,1351,0.03467,-0.13770,0.99854,-0.24390,0.18293,0.24390
271,1356,0.03076,-0.13623,0.99902,-0.30488,0.24390,0.30488
272,1360,0.03027,-0.13818,0.99756,-0.48780,0.18293,0.30488
273,1365,0.03467,-0.13672,0.99805,-0.54878,0.06098,0.24390
274,1370,0.03223,-0.13623,1.00391,-0.42683,0.18293,0.30488
275,1375,0.03174,-0.13916,1.00244,-0.42683,0.24390,0.36585
276,1381,0.03516,-0.13916,0.99951,-0.36585,0.18293,0.24390
277,1386,0.03076,-0.13623,0.99756,-0.42683,0.18293,0.24390
278,1391,0.03320,-0.13623,0.99707,-0.48780,0.12195,0.24390
279,1396,0.03467,-0.13818,1.00586,-0.42683,0.12195,0.24390
280,1401,0.03613,-0.13916,1.00049,-0.24390,0.18293,0.36585
281,1405,0.03369,-0.13867,0.99854,-0.30488,0.24390,0.30488
282,1410,0.03320,-0.13672,1.00391,-0.36585,0.18293,0.30488
283,1415,0.03418,-0.13867,1.00195,-0.36585,0.18293,0.30488
284,1421,0.03662,-0.13721,1.00049,-0.42683,0.18293,0.18293
285,1426,0.03809,-0.13770,1.00488,-0.42683,0.18293,0.24390
286,1431,0.03613,-0.13818,1.00195,-0.24390,0.18293,0.30488
287,1436,0.03125,-0.13721,1.00049,-0.42683,0.00000,0.18293
288,1441,0.03418,-0.13623,1.00488,-0.48780,0.12195,0.18293
289,1445,0.03320,-0.13721,1.00488,-0.54878,0.24390,0.24390
290,1450,0.03418,-0.13770,0.99805,-0.48780,0.18293,0.24390
291,1455,0.03174,-0.13623,1.00098,-0.30488,0.18293,0.24390
292,1461,0.03320,-0.13672,1.00391,-0.36585,0.24390,0.30488
293,1466,0.03320,-0.13721,1.00195,-0.30488,0.12195,0.30488
294,1471,0.03467,-0.13672,1.00195,-0.12195,0.18293,0.24390
295,1476,0.03223,-0.13867,1.00391,-0.30488,0.24390,0.24390
296,1481,0.02979,-0.13672,1.00049,-0.36585,0.18293,0.24390
297,1485,0.03271,-0.13623,1.00146,-0.06098,0.18293,0.30488
298,1490,0.03174,-0.13623,1.00098,-0.30488,0.24390,0.30488
299,1495,0.03369,-0.13721,1.00244,-0.42683,0.12195,0.18293
300,1500,0.03076,-0.13672,1.00098,-0.48780,0.30488,0.18293
301,1506,0.03418,-0.13672,1.00000,-0.42683,0.24390,0.18293
302,1511,0.03125,-0.13867,1.00000,-0.42683,0.18293,0.18293
303,1516,0.03418,-0.13721,1.00098,-0.24390,0.12195,0.12195
304,1521,0.03369,-0.13623,1.00244,-0.42683,0.18293,0.12195
305,1526,0.03369,-0.14014,1.00342,-0.42683,0.30488,0.18293
306,1530,0.03516,-0.13916,1.00342,-0.42683,0.18293,0.36585
307,1535,0.03418,-0.13721,1.00684,-0.42683,0.18293,0.30488
308,1540,0.03174,-0.13574,1.00391,-0.36585,0.12195,0.30488
309,1546,0.03564,-0.13672,1.00195,-0.36585,0.18293,0.24390
310,1551,0.03516,-0.13818,1.00391,-0.42683,0.18293,0.24390
311,1556,0.03516,-0.13672,1.00244,-0.36585,0.12195,0.24390
312,1561,0.03760,-0.13721,1.00049,-0.36585,0.18293,0.18293
313,1566,0.03711,-0.13916,0.99951,-0.36585,0.18293,0.36585
314,1570,0.03418,-0.14209,1.00537,-0.30488,0.12195,0.30488
315,1575,0.03369,-0.13818,1.00244,-0.36585,0.18293,0.30488
316,1580,0.03369,-0.13721,1.00146,-0.24390,0.18293,0.36585
317,1586,0.03711,-0.13525,1.00000,-0.42683,0.18293,0.42683
318,1591,0.03320,-0.13623,0.99854,-0.18293,0.36585,0.30488
319,1596,0.03320,-0.13965,1.00195,-0.30488,0.30488,0.24390
320,1601,0.03418,-0.13525,1.00195,-0.30488,0.18293,0.36585
321,1606,0.03369,-0.13965,0.99854,-0.24390,0.06098,0.24390
322,1610,0.03125,-0.13770,1.00000,-0.42683,0.18293,0.18293
323,1615,0.03320,-0.13721,1.00195,-0.42683,0.24390,0.24390
324,1620,0.03467,-0.13672,1.00146,-0.42683,0.24390,0.30488
325,1625,0.03076,-0.13721,1.00244,-0.48780,0.12195,0.42683
326,1631,0.03369,-0.13428,1.00635,-0.30488,0.18293,0.18293
327,1636,0.03369,-0.13916,1.00244,-0.24390,0.18293,0.18293
328,1641,0.03271,-0.13623,1.00098,-0.30488,0.18293,0.30488
329,1646,0.03418,-0.13818,1.00049,-0.36585,0.12195,0.30488
330,1651,0.03516,-0.13525,0.99951,-0.36585,0.12195,0.24390
331,1655,0.03174,-0.13574,1.00049,-0.42683,0.06098,0.18293
332,1660,0.03174,-0.13525,1.00391,-0.36585,0.18293,0.24390
333,1665,0.03516,-0.13379,1.00146,-0.36585,0.18293,0.30488
334,1671,0.03516,-0.13770,0.99707,-0.36585,0.24390,0.36585
335,1676,0.03613,-0.13818,1.00098,-0.48780,0.18293,0.24390
336,1681,0.03564,-0.13867,1.00146,-0.48780,0.06098,0.18293
337,1686,0.03369,-0.13916,0.99951,-0.42683,0.18293,0.12195
338,1691,0.03320,-0.13477,1.00342,-0.30488,0.30488,0.24390
339,1695,0.03320,-0.13623,1.00586,-0.54878,0.24390,0.24390
340,1700,0.03320,-0.13672,1.00195,-0.48780,0.18293,0.30488
341,1705,0.03174,-0.13965,0.99805,-0.42683,0.18293,0.36585
342,1711,0.03125,-0.13477,1.00244,-0.30488,0.18293,0.24390
343,1716,0.03369,-0.13330,1.00488,-0.48780,0.12195,0.30488
344,1721,0.03467,-0.13574,1.00244,-0.36585,0.06098,0.36585
345,1726,0.03223,-0.13574,0.99854,-0.36585,0.18293,0.18293
346,1731,0.03564,-0.13525,1.00049,-0.48780,0.06098,0.24390
347,1735,0.03223,-0.13770,1.00293,-0.30488,0.18293,0.24390
348,1740,0.03320,-0.13721,0.99951,-0.42683,0.30488,0.36585
349,1745,0.03320,-0.13721,0.99951,-0.42683,0.30488,0.36585
350,1750,0.03320,-0.13574,1.00195,-0.42683,0.30488,0.42683
351,1756,0.03516,-0.13818,1.00098,-0.36585,0.24390,0.36585
352,1761,0.03516,-0.13770,1.00537,-0.36585,0.12195,0.24390
353,1766,0.03564,-0.13623,1.00293,-0.42683,0.18293,0.06098
354,1771,0.03613,-0.13623,1.00195,-0.36585,0.12195,0.24390
355,1776,0.03613,-0.13623,1.00195,-0.36585,0.12195,0.24390
356,1780,0.03418,-0.13867,0.99902,-0.36585,0.18293,0.30488
357,1785,0.03369,-0.13965,0.99854,-0.30488,0.18293,0.30488
358,1790,0.03271,-0.14111,1.00439,-0.30488,0.18293,0.18293
359,1796,0.03516,-0.13770,1.00049,-0.36585,0.12195,0.30488
360,1801,0.03271,-0.13770,0.99902,-0.42683,0.18293,0.24390
361,1806,0.03271,-0.13770,0.99902,-0.42683,0.18293,0.24390
362,1811,0.03516,-0.13867,1.00146,-0.42683,0.24390,0.30488
363,1816,0.03516,-0.13574,1.00244,-0.24390,0.30488,0.30488
364,1820,0.03271,-0.13525,0.99512,-0.36585,0.24390,0.24390
365,1825,0.03027,-0.13672,0.99854,-0.42683,0.24390,0.36585
366,1830,0.03369,-0.13623,1.00244,-0.42683,0.30488,0.24390
367,1836,0.03125,-0.13525,0.99658,-0.24390,0.18293,0.30488
368,1841,0.03125,-0.13525,0.99658,-0.24390,0.18293,0.30488
369,1846,0.02881,-0.13721,0.99756,-0.30488,0.18293,0.30488
370,1851,0.03223,-0.13818,1.00146,-0.24390,0.24390,0.36585
371,1856,0.03320,-0.13770,1.00244,-0.30488,0.18293,0.36585
372,1860,0.03418,-0.13525,1.00244,-0.36585,0.06098,0.24390
373,1865,0.03662,-0.13672,1.00439,-0.42683,0.18293,0.24390
374,1870,0.03320,-0.13721,1.00146,-0.30488,0.18293,0.24390
375,1875,0.03320,-0.13721,1.00342,-0.18293,0.18293,0.30488
376,1881,0.03467,-0.13818,0.99951,-0.30488,0.12195,0.24390
377,1886,0.03320,-0.13867,0.99756,-0.36585,0.06098,0.42683
378,1891,0.03223,-0.13965,1.00146,-0.36585,0.06098,0.48780
379,1896,0.03076,-0.14062,1.00146,-0.36585,0.06098,0.30488
380,1901,0.03418,-0.13818,1.00195,-0.48780,0.06098,0.24390
381,1905,0.03906,-0.13721,0.99951,-0.24390,0.12195,0.24390
382,1910,0.03369,-0.13623,1.00049,-0.42683,0.12195,0.30488
383,1915,0.03418,-0.13721,0.99854,-0.30488,0.24390,0.24390
384,1921,0.03027,-0.13965,1.00195,-0.36585,0.24390,0.12195
385,1926,0.03125,-0.13965,1.00244,-0.42683,0.18293,0.30488
386,1931,0.03320,-0.13818,1.00195,-0.36585,0.18293,0.30488
387,1936,0.03418,-0.13965,1.00000,-0.30488,0.18293,0.24390
388,1941,0.03271,-0.13916,1.00146,-0.30488,0.12195,0.18293
389,1945,0.03418,-0.13818,0.99854,-0.36585,0.12195,0.18293
390,1950,0.03027,-0.13867,0.99902,-0.48780,0.18293,0.36585
391,1955,0.03125,-0.13965,0.99854,-0.36585,0.18293,0.24390
392,1961,0.03320,-0.13721,0.99854,-0.36585,0.30488,0.24390
393,1966,0.03223,-0.13818,1.00049,-0.42683,0.18293,0.30488
394,1971,0.03369,-0.13672,1.00000,-0.36585,0.24390,0.18293
395,1976,0.03418,-0.13721,1.00195,-0.24390,0.24390,0.24390
396,1981,0.03418,-0.13818,1.00488,-0.30488,0.18293,0.30488
397,1985,0.03320,-0.13574,1.00342,-0.42683,0.30488,0.30488
398,1990,0.03320,-0.13818,1.00195,-0.30488,0.18293,0.24390
399,1995,0.03662,-0.13916,1.00244,-0.36585,0.12195,0.36585
400,2000,0.03613,-0.13477,1.00146,-0.36585,0.18293,0.24390
401,2006,0.03418,-0.13770,1.00098,-0.24390,0.24390,0.18293
402,2011,0.03223,-0.13818,1.00391,-0.30488,0.12195,0.30488
403,2016,0.03418,-0.13721,1.00342,-0.48780,0.12195,0.30488
404,2021,0.03271,-0.13428,1.00146,-0.36585,0.24390,0.18293
405,2026,0.03467,-0.13623,1.00146,-0.42683,0.24390,0.36585
406,2030,0.03418,-0.13623,1.00244,-0.36585,0.18293,0.36585
407,2035,0.03174,-0.13916,1.00293,-0.36585,0.12195,0.24390
408,2040,0.03174,-0.13721,1.00049,-0.42683,0.18293,0.18293
409,2046,0.03027,-0.13428,0.99805,-0.30488,0.36585,0.06098
410,2051,0.03467,-0.13770,1.00342,-0.48780,0.12195,0.12195
411,2056,0.03760,-0.13965,1.00342,-0.36585,0.12195,0.18293
412,2061,0.03418,-0.13574,0.99951,-0.24390,0.18293,0.30488
413,2066,0.03369,-0.13477,0.99902,-0.24390,0.06098,0.30488
414,2070,0.03418,-0.13770,1.00342,-0.36585,0.18293,0.24390
415,2075,0.03418,-0.13574,1.00488,-0.48780,0.24390,0.24390
416,2080,0.03174,-0.13867,1.00195,-0.18293,0.18293,0.30488
417,2086,0.02930,-0.13721,1.00049,-0.24390,0.12195,0.24390
418,2091,0.03174,-0.13721,1.00195,-0.36585,0.12195,0.30488
419,2096,0.03174,-0.13770,0.99854,-0.24390,0.12195,0.24390
420,2101,0.03369,-0.13818,1.00391,-0.30488,0.18293,0.30488
421,2106,0.03516,-0.13916,1.00488,-0.42683,0.24390,0.36585
422,2110,0.03564,-0.13818,1.00195,-0.42683,0.18293,0.24390
423,2115,0.03125,-0.13574,1.00293,-0.24390,0.24390,0.18293
424,2120,0.03369,-0.13623,0.99902,-0.42683,0.24390,0.30488
425,2125,0.03369,-0.13818,0.99805,-0.54878,0.06098,0.24390
426,2131,0.03564,-0.14014,1.00098,-0.30488,0.06098,0.24390
427,2136,0.03516,-0.13623,1.00293,-0.36585,0.12195,0.24390
428,2141,0.03125,-0.13916,1.00244,-0.36585,0.18293,0.12195
429,2146,0.03320,-0.13965,1.00391,-0.36585,0.30488,0.30488
430,2151,0.03369,-0.13672,1.00146,-0.24390,0.12195,0.36585
431,2155,0.03271,-0.13916,1.00049,-0.30488,0.24390,0.24390
432,2160,0.03662,-0.13965,0.99902,-0.18293,0.30488,0.36585
433,2165,0.03564,-0.13721,1.00049,-0.30488,0.12195,0.30488
434,2171,0.03418,-0.13477,1.00098,-0.36585,0.12195,0.24390
435,2176,0.03369,-0.13525,0.99854,-0.60976,0.24390,0.24390
436,2181,0.03613,-0.13574,1.00195,-0.42683,0.30488,0.18293
437,2186,0.03760,-0.13818,0.99902,-0.24390,0.30488,0.18293
438,2191,0.03516,-0.13770,0.99756,-0.36585,0.18293,0.36585
439,2195,0.03174,-0.13721,1.00195,-0.24390,0.18293,0.36585
440,2200,0.03125,-0.13721,1.00391,-0.36585,0.18293,0.18293
441,2205,0.03076,-0.13623,1.00195,-0.60976,0.18293,0.30488
442,2211,0.03174,-0.13770,0.99805,-0.48780,0.00000,0.30488
443,2216,0.03320,-0.13623,1.00098,-0.12195,0.18293,0.24390
444,2221,0.03711,-0.13623,1.00146,-0.30488,0.30488,0.30488
445,2226,0.03223,-0.13770,0.99854,-0.30488,0.18293,0.36585
446,2231,0.03027,-0.13818,0.99951,-0.36585,0.18293,0.18293
447,2235,0.03076,-0.13818,1.00488,-0.36585,0.24390,0.18293
448,2240,0.03271,-0.13525,1.00098,-0.30488,0.12195,0.24390
449,2245,0.03418,-0.13672,0.99902,-0.36585,0.12195,0.18293
450,2250,0.03320,-0.13525,1.00195,-0.36585,0.18293,0.24390
451,2256,0.03369,-0.13525,1.00391,-0.36585,0.12195,0.30488
452,2261,0.03418,-0.13672,1.00439,-0.24390,0.18293,0.24390
453,2266,0.03662,-0.13672,1.00439,-0.30488,0.12195,0.30488
454,2271,0.03418,-0.13867,1.00293,-0.24390,0.36585,0.24390
455,2276,0.03223,-0.13770,1.00635,-0.18293,0.18293,0.36585
456,2280,0.03369,-0.13672,1.00146,-0.42683,0.12195,0.30488
457,2285,0.03516,-0.13574,1.00146,-0.48780,0.12195,0.18293
458,2290,0.03613,-0.13672,1.00342,-0.36585,0.18293,0.30488
459,2296,0.03516,-0.13525,1.00293,-0.36585,0.06098,0.30488
460,2301,0.03320,-0.13623,1.00293,-0.24390,0.18293,0.36585
461,2306,0.03662,-0.13867,1.00000,-0.36585,0.30488,0.36585
462,2311,0.03369,-0.13965,0.99951,-0.42683,0.24390,0.36585
463,2316,0.03613,-0.13770,1.00586,-0.30488,0.18293,0.30488
464,2320,0.03369,-0.13525,1.00146,-0.42683,0.24390,0.24390
465,2325,0.03320,-0.13525,1.00098,-0.42683,0.24390,0.30488
466,2330,0.03760,-0.13672,1.00293,-0.42683,0.24390,0.30488
467,2336,0.03613,-0.13916,1.00000,-0.36585,0.24390,0.30488
468,2341,0.03125,-0.13770,1.00098,-0.54878,0.24390,0.24390
469,2346,0.03027,-0.13916,0.99951,-0.42683,0.24390,0.30488
470,2351,0.03711,-0.14160,1.00049,-0.30488,0.18293,0.30488
471,2356,0.03809,-0.13525,1.00000,-0.48780,0.18293,0.24390
472,2360,0.03125,-0.13770,0.99805,-0.30488,0.24390,0.24390
473,2365,0.03223,-0.13672,1.00293,-0.36585,0.18293,0.30488
474,2370,0.03613,-0.13477,1.00391,-0.36585,0.06098,0.30488
475,2375,0.03564,-0.13818,1.00000,-0.30488,0.12195,0.36585
476,2381,0.03516,-0.13770,1.00146,-0.24390,0.24390,0.30488
477,2386,0.03418,-0.13867,1.00586,-0.48780,0.24390,0.24390
478,2391,0.03320,-0.13525,1.00146,-0.54878,0.18293,0.24390
479,2396,0.03516,-0.13770,1.00439,-0.30488,0.18293,0.24390
480,2401,0.03613,-0.13916,1.00244,-0.30488,0.24390,0.30488
481,2405,0.03418,-0.13867,1.00146,-0.42683,0.06098,0.24390
482,2410,0.03174,-0.13916,1.00244,-0.48780,0.24390,0.30488
483,2415,0.03174,-0.13916,1.00244,-0.48780,0.24390,0.30488
484,2421,0.03564,-0.13818,1.00244,-0.36585,0.24390,0.30488
485,2426,0.03516,-0.13721,0.99854,-0.30488,0.18293,0.36585
486,2431,0.03809,-0.13525,1.00537,-0.42683,0.00000,0.30488
487,2436,0.03662,-0.13770,1.00244,-0.30488,0.18293,0.12195
488,2441,0.03271,-0.13525,1.00293,-0.18293,0.24390,0.30488
489,2445,0.03271,-0.13525,1.00293,-0.18293,0.24390,0.30488
490,2450,0.03662,-0.13770,1.00488,-0.36585,0.24390,0.24390
491,2455,0.03076,-0.13818,1.00000,-0.60976,0.18293,0.36585
492,2461,0.03467,-0.13574,1.00439,-0.42683,0.24390,0.24390
493,2466,0.03076,-0.13721,1.00342,-0.42683,0.18293,0.30488
494,2471,0.03027,-0.13477,1.00342,-0.42683,0.12195,0.18293
495,2476,0.03027,-0.13477,1.00342,-0.42683,0.12195,0.18293
496,2481,0.03174,-0.13477,1.00000,-0.36585,0.18293,0.18293
497,2485,0.03516,-0.13623,1.00195,-0.30488,0.24390,0.36585
498,2490,0.03467,-0.13818,1.00781,-0.30488,0.18293,0.30488
499,2495,0.03369,-0.13818,1.00146,-0.36585,0.12195,0.30488
500,2500,0.03271,-0.13818,1.00488,-0.36585,0.12195,0.24390
501,2506,0.03467,-0.13623,0.99707,-0.36585,0.30488,0.24390
502,2511,0.03467,-0.13623,0.99707,-0.36585,0.30488,0.24390
503,2516,0.03564,-0.13672,1.00342,-0.48780,0.18293,0.18293
504,2521,0.03418,-0.13818,1.00439,-0.42683,0.24390,0.18293
505,2526,0.03271,-0.13574,1.00244,-0.42683,0.30488,0.24390
506,2530,0.03076,-0.13525,1.00098,-0.36585,0.18293,0.36585
507,2535,0.03564,-0.13525,1.00342,-0.42683,0.18293,0.30488
508,2540,0.03760,-0.13623,1.00049,-0.24390,0.30488,0.12195
509,2546,0.03516,-0.14062,0.99951,-0.18293,0.18293,0.24390
510,2551,0.03320,-0.14014,0.99951,-0.42683,0.18293,0.24390
511,2556,0.03516,-0.13721,1.00391,-0.42683,0.12195,0.18293
512,2561,0.03467,-0.13672,1.00342,-0.36585,0.30488,0.18293
513,2566,0.03418,-0.13916,1.00000,-0.24390,0.24390,0.24390
514,2570,0.03320,-0.13574,1.00000,-0.30488,0.24390,0.24390
515,2575,0.03857,-0.13672,1.00684,-0.42683,0.18293,0.30488
516,2580,0.03369,-0.14014,1.00098,-0.24390,0.24390,0.18293
517,2586,0.03174,-0.13623,1.00195,-0.42683,0.24390,0.24390
518,2591,0.03076,-0.13916,1.00146,-0.36585,0.24390,0.30488
519,2596,0.03418,-0.13574,1.00195,-0.24390,0.12195,0.36585
520,2601,0.03418,-0.13672,1.00195,-0.24390,0.18293,0.30488
521,2606,0.03125,-0.13867,0.99756,-0.18293,0.12195,0.24390
522,2610,0.03125,-0.13525,1.00195,-0.36585,0.24390,0.18293
523,2615,0.03320,-0.13721,1.00488,-0.24390,0.24390,0.12195
524,2620,0.03467,-0.13721,1.00293,-0.42683,0.18293,0.24390
525,2625,0.03711,-0.13867,1.00244,-0.30488,0.24390,0.30488
526,2631,0.03516,-0.13965,1.00195,-0.60976,0.24390,0.18293
527,2636,0.03516,-0.13574,0.99902,-0.48780,0.18293,0.36585
528,2641,0.03223,-0.13574,1.00049,-0.36585,0.24390,0.24390
529,2646,0.03418,-0.13721,0.99805,-0.30488,0.18293,0.18293
530,2651,0.03320,-0.14014,0.99951,-0.30488,0.18293,0.24390
531,2655,0.03467,-0.13867,1.00098,-0.30488,0.12195,0.30488
532,2660,0.03369,-0.13525,1.00342,-0.30488,0.24390,0.24390
533,2665,0.03418,-0.13721,1.00244,-0.30488,0.24390,0.24390
534,2671,0.03369,-0.13623,1.00391,-0.48780,0.18293,0.24390
535,2676,0.03271,-0.13672,0.99854,-0.30488,0.06098,0.24390
536,2681,0.03369,-0.13330,1.00195,-0.18293,0.18293,0.30488
537,2686,0.03418,-0.13623,1.00293,-0.42683,0.24390,0.36585
538,2691,0.03076,-0.13818,1.00439,-0.36585,0.06098,0.30488
539,2695,0.03223,-0.13672,1.00244,-0.36585,0.24390,0.24390
540,2700,0.03320,-0.13916,1.00293,-0.48780,0.24390,0.24390
541,2705,0.03125,-0.13672,1.00146,-0.30488,0.24390,0.30488
542,2711,0.02979,-0.13721,1.00195,-0.42683,0.18293,0.24390
543,2716,0.03223,-0.13770,0.99805,-0.42683,0.18293,0.30488
544,2721,0.03174,-0.13916,0.99951,-0.24390,0.18293,0.36585
545,2726,0.03271,-0.13721,1.00098,-0.18293,0.24390,0.18293
546,2731,0.03516,-0.13330,1.00537,-0.36585,0.18293,0.36585
547,2735,0.03369,-0.13672,1.00293,-0.54878,0.36585,0.24390
548,2740,0.03564,-0.13770,1.00146,-0.36585,0.18293,0.18293
549,2745,0.03711,-0.13379,1.00000,-0.30488,0.18293,0.24390
550,2750,0.03271,-0.13721,0.99854,-0.48780,0.18293,0.36585
551,2756,0.03027,-0.13867,0.99951,-0.42683,0.18293,0.24390
552,2761,0.03369,-0.13916,1.00098,-0.42683,0.18293,0.24390
553,2766,0.03564,-0.13867,1.00244,-0.36585,0.18293,0.30488
554,2771,0.03613,-0.13867,0.99902,-0.42683,0.18293,0.36585
555,2776,0.03516,-0.13574,1.00244,-0.30488,0.18293,0.24390
556,2780,0.03613,-0.13428,1.00049,-0.36585,0.18293,0.18293
557,2785,0.02979,-0.13965,1.00049,-0.36585,0.24390,0.36585
558,2790,0.03369,-0.13574,1.00342,-0.36585,0.24390,0.30488
559,2796,0.03613,-0.13867,1.00244,-0.36585,0.12195,0.18293
560,2801,0.03271,-0.13916,1.00195,-0.36585,0.12195,0.24390
561,2806,0.02881,-0.13623,1.00244,-0.36585,0.12195,0.24390
562,2811,0.03369,-0.13672,1.00098,-0.42683,0.18293,0.18293
563,2816,0.03223,-0.13867,0.99951,-0.30488,0.18293,0.30488
564,2820,0.03125,-0.14014,1.00098,-0.42683,0.12195,0.18293
565,2825,0.03516,-0.13770,1.00342,-0.36585,0.24390,0.30488
566,2830,0.03418,-0.13770,1.00488,-0.42683,0.24390,0.30488
567,2836,0.03369,-0.13818,1.00098,-0.30488,0.18293,0.30488
568,2841,0.03271,-0.13721,1.00586,-0.24390,0.12195,0.30488
569,2846,0.03369,-0.13330,1.00146,-0.36585,0.12195,0.24390
570,2851,0.03271,-0.13525,1.00000,-0.36585,0.18293,0.24390
571,2856,0.03320,-0.13672,1.00293,-0.48780,0.24390,0.30488
572,2860,0.03174,-0.13818,1.00391,-0.48780,0.12195,0.24390
573,2865,0.03369,-0.14062,0.99805,-0.24390,0.18293,0.18293
574,2870,0.03027,-0.13916,1.00049,-0.30488,0.06098,0.36585
575,2875,0.03418,-0.13721,1.00488,-0.36585,0.06098,0.36585
576,2881,0.03369,-0.13574,1.00537,-0.30488,0.12195,0.24390
577,2886,0.03467,-0.13672,1.00684,-0.42683,0.24390,0.24390
578,2891,0.03418,-0.13623,1.00244,-0.48780,0.30488,0.24390
579,2896,0.03467,-0.13965,1.00000,-0.36585,0.18293,0.42683
580,2901,0.03271,-0.13721,1.00244,-0.18293,0.18293,0.30488
581,2905,0.03223,-0.13818,1.00098,-0.30488,0.18293,0.30488
582,2910,0.03320,-0.13770,1.00537,-0.36585,0.24390,0.18293
583,2915,0.03418,-0.13818,1.00684,-0.36585,0.12195,0.30488
584,2921,0.03271,-0.13818,1.00439,-0.30488,0.18293,0.24390
585,2926,0.03418,-0.13818,0.99609,-0.30488,0.24390,0.18293
586,2931,0.03369,-0.13574,0.99902,-0.48780,0.18293,0.24390
587,2936,0.03320,-0.13672,1.00244,-0.36585,0.12195,0.24390
588,2941,0.03271,-0.13965,1.00391,-0.18293,0.12195,0.24390
589,2945,0.03516,-0.13965,1.00391,-0.42683,0.12195,0.30488
590,2950,0.03711,-0.13672,1.00195,-0.30488,0.12195,0.24390
591,2955,0.03320,-0.13770,1.00244,-0.42683,0.12195,0.30488
592,2961,0.03516,-0.13477,1.00391,-0.54878,0.06098,0.30488
593,2966,0.03369,-0.13623,1.00098,-0.42683,0.06098,0.24390
594,2971,0.03271,-0.13525,0.99512,-0.36585,0.18293,0.18293
595,2976,0.03320,-0.13477,1.00391,-0.36585,0.24390,0.12195
596,2981,0.03125,-0.13672,1.00195,-0.42683,0.12195,0.18293
597,2985,0.03271,-0.13770,1.00000,-0.30488,0.12195,0.30488
598,2990,0.03076,-0.13721,1.00049,-0.36585,0.18293,0.18293
599,2995,0.03320,-0.13672,1.00195,-0.42683,0.18293,0.24390
600,3000,0.03320,-0.13477,1.00244,-0.30488,0.12195,0.24390
601,3006,0.03320,-0.13574,0.99951,-0.18293,0.12195,0.30488
602,3011,0.03271,-0.13574,1.00146,-0.36585,0.12195,0.30488
603,3016,0.03027,-0.13574,1.00488,-0.42683,0.24390,0.18293
604,3021,0.03271,-0.13574,1.00195,-0.54878,0.18293,0.24390
605,3026,0.03418,-0.13770,0.99512,-0.42683,0.24390,0.30488
606,3030,0.03174,-0.13965,0.99707,-0.30488,0.18293,0.30488
607,3035,0.03662,-0.13818,1.00049,-0.42683,0.12195,0.30488
608,3040,0.03076,-0.13916,1.00146,-0.36585,0.18293,0.30488
609,3046,0.03320,-0.13867,1.00098,-0.30488,0.24390,0.24390
610,3051,0.03320,-0.13965,1.00000,-0.54878,0.24390,0.18293
611,3056,0.03564,-0.13623,1.00146,-0.42683,0.18293,0.18293
612,3061,0.03613,-0.13672,1.00391,-0.42683,0.06098,0.18293
613,3066,0.03076,-0.13623,1.00342,-0.30488,0.12195,0.30488
614,3070,0.03027,-0.14014,0.99805,-0.36585,0.24390,0.30488
615,3075,0.03516,-0.13818,1.00146,-0.48780,0.30488,0.24390
616,3080,0.03369,-0.13525,1.00195,-0.42683,0.12195,0.24390
617,3086,0.03711,-0.13525,1.00391,-0.36585,0.12195,0.24390
618,3091,0.03564,-0.13623,0.99756,-0.36585,0.18293,0.18293
619,3096,0.03369,-0.13574,1.00293,-0.48780,0.12195,0.24390
620,3101,0.03271,-0.13721,1.00391,-0.36585,0.18293,0.30488
621,3106,0.03076,-0.13867,1.00146,-0.24390,0.24390,0.30488
622,3110,0.03320,-0.13525,1.00342,-0.30488,0.30488,0.30488
623,3115,0.03320,-0.13525,1.00342,-0.30488,0.30488,0.30488
624,3120,0.03418,-0.13818,0.99902,-0.30488,0.18293,0.24390
625,3125,0.03271,-0.13965,0.99805,-0.30488,0.24390,0.24390
626,3131,0.03760,-0.13623,1.00244,-0.30488,0.12195,0.30488
627,3136,0.03320,-0.13623,0.99756,-0.36585,0.18293,0.30488
628,3141,0.03613,-0.13428,1.00781,-0.30488,0.18293,0.24390
629,3146,0.03613,-0.13428,1.00781,-0.30488,0.18293,0.24390
630,3151,0.03760,-0.13574,1.00781,-0.42683,0.24390,0.24390
631,3155,0.03369,-0.13818,1.00342,-0.42683,0.24390,0.30488
632,3160,0.03320,-0.13867,0.99854,-0.48780,0.24390,0.24390
633,3165,0.03369,-0.13721,1.00342,-0.36585,0.24390,0.30488
634,3171,0.03369,-0.13330,1.00391,-0.42683,0.24390,0.24390
635,3176,0.03809,-0.13281,1.00293,-0.24390,0.24390,0.18293
636,3181,0.03809,-0.13281,1.00293,-0.24390,0.24390,0.18293
637,3186,0.03418,-0.13623,1.00195,-0.24390,0.24390,0.30488
638,3191,0.03320,-0.13770,1.00049,-0.36585,0.18293,0.30488
639,3195,0.03564,-0.13867,1.00049,-0.30488,0.18293,0.24390
640,3200,0.03418,-0.13672,1.00146,-0.30488,0.06098,0.36585
641,3205,0.03467,-0.13672,1.00146,-0.36585,0.06098,0.30488
642,3211,0.03320,-0.13623,1.00488,-0.18293,0.12195,0.36585
643,3216,0.03613,-0.13721,1.00391,-0.30488,0.30488,0.36585
644,3221,0.03564,-0.13770,1.00488,-0.48780,0.36585,0.30488
645,3226,0.03174,-0.13867,1.00391,-0.48780,0.18293,0.18293
646,3231,0.03516,-0.13672,1.00244,-0.36585,0.12195,0.18293
647,3235,0.03516,-0.13721,1.00098,-0.18293,0.18293,0.30488
648,3240,0.03662,-0.13721,1.00391,-0.18293,0.24390,0.36585
649,3245,0.03320,-0.13721,1.00244,-0.30488,0.30488,0.30488
650,3250,0.03125,-0.14014,1.00098,-0.30488,0.18293,0.30488
651,3256,0.03320,-0.13672,1.00244,-0.42683,0.24390,0.30488
652,3261,0.03662,-0.13574,1.00244,-0.36585,0.24390,0.36585
653,3266,0.03516,-0.13672,1.00293,-0.30488,0.06098,0.24390
654,3271,0.03369,-0.13477,1.00342,-0.42683,0.12195,0.36585
655,3276,0.03369,-0.13721,1.00635,-0.24390,0.18293,0.12195
656,3280,0.03271,-0.14014,1.00293,-0.30488,0.12195,0.24390
657,3285,0.03125,-0.13721,1.00146,-0.36585,0.12195,0.30488
658,3290,0.03223,-0.13672,1.00391,-0.36585,0.30488,0.18293
659,3296,0.03320,-0.13916,1.00244,-0.30488,0.12195,0.24390
660,3301,0.03613,-0.13672,1.00098,-0.30488,0.24390,0.30488
661,3306,0.03467,-0.13770,1.00049,-0.36585,0.24390,0.30488
662,3311,0.03516,-0.13818,1.00098,-0.48780,0.12195,0.30488
663,3316,0.03564,-0.13672,1.00098,-0.36585,0.06098,0.12195
664,3320,0.03564,-0.13525,1.00293,-0.24390,0.24390,0.12195
665,3325,0.03418,-0.13525,1.00244,-0.30488,0.30488,0.18293
666,3330,0.03418,-0.13721,1.00146,-0.30488,0.30488,0.42683
667,3336,0.03125,-0.13623,1.00195,-0.42683,0.24390,0.36585
668,3341,0.03369,-0.13525,1.00049,-0.24390,0.12195,0.24390
669,3346,0.03467,-0.13916,1.00098,-0.24390,0.18293,0.30488
670,3351,0.03320,-0.13721,1.00293,-0.30488,0.06098,0.24390
671,3356,0.03320,-0.13916,1.00537,-0.42683,0.12195,0.12195
672,3360,0.03418,-0.13672,1.00439,-0.30488,0.12195,0.30488
673,3365,0.03369,-0.13721,1.00098,-0.30488,0.12195,0.30488
674,3370,0.03418,-0.13965,1.00049,-0.24390,0.00000,0.18293
675,3375,0.03027,-0.13818,0.99951,-0.30488,0.12195,0.18293
676,3381,0.03125,-0.13623,0.99707,-0.36585,0.18293,0.18293
677,3386,0.03320,-0.13721,0.99658,-0.36585,0.18293,0.24390
678,3391,0.03613,-0.13623,1.00439,-0.30488,0.24390,0.24390
679,3396,0.03516,-0.13477,1.00342,-0.42683,0.12195,0.18293
680,3401,0.03271,-0.13818,1.00293,-0.30488,0.12195,0.36585
681,3405,0.03613,-0.13916,1.00098,-0.48780,0.18293,0.24390
682,3410,0.03320,-0.13672,1.00146,-0.42683,0.24390,0.24390
683,3415,0.03271,-0.13721,1.00195,-0.36585,0.24390,0.36585
684,3421,0.03320,-0.13916,0.99707,-0.42683,0.30488,0.24390
685,3426,0.03271,-0.13672,1.00146,-0.54878,0.30488,0.24390
686,3431,0.03711,-0.13574,1.00391,-0.42683,0.24390,0.24390
687,3436,0.03516,-0.13477,1.00146,-0.24390,0.18293,0.24390
688,3441,0.03418,-0.13818,1.00488,-0.42683,0.06098,0.30488
689,3445,0.03467,-0.13672,1.00244,-0.42683,0.06098,0.30488
690,3450,0.03564,-0.13574,1.00195,-0.36585,0.12195,0.36585
691,3455,0.03711,-0.13672,1.00342,-0.30488,0.18293,0.12195
692,3461,0.03369,-0.13477,1.00244,-0.24390,0.18293,0.18293
693,3466,0.03516,-0.13477,1.00537,-0.36585,0.24390,0.24390
694,3471,0.03467,-0.13965,1.00195,-0.36585,0.12195,0.24390
695,3476,0.03271,-0.13672,1.00098,-0.48780,0.24390,0.24390
696,3481,0.03516,-0.13672,1.00098,-0.42683,0.06098,0.30488
697,3485,0.03027,-0.13818,1.00244,-0.30488,0.18293,0.42683
698,3490,0.03369,-0.13574,1.00000,-0.42683,0.18293,0.30488
699,3495,0.03467,-0.13867,1.00049,-0.30488,0.12195,0.18293
700,3500,0.03125,-0.13721,1.00244,-0.18293,0.24390,0.24390
701,3506,0.03174,-0.13721,1.00195,-0.36585,0.18293,0.12195
702,3511,0.03174,-0.13525,1.00146,-0.36585,0.18293,0.24390
703,3516,0.03271,-0.13818,0.99951,-0.30488,0.18293,0.36585
704,3521,0.03564,-0.13867,1.00195,-0.36585,0.18293,0.24390
705,3526,0.03516,-0.13477,1.00195,-0.42683,0.12195,0.18293
706,3530,0.03516,-0.13721,1.00195,-0.30488,0.12195,0.24390
707,3535,0.03271,-0.13818,1.00195,-0.36585,0.18293,0.24390
708,3540,0.03564,-0.13770,1.00000,-0.36585,0.18293,0.24390
709,3546,0.03223,-0.13965,1.00244,-0.42683,0.18293,0.30488
710,3551,0.03418,-0.13965,1.00488,-0.36585,0.18293,0.24390
711,3556,0.03223,-0.13818,1.00195,-0.36585,0.18293,0.24390
712,3561,0.03271,-0.13818,1.00391,-0.36585,0.06098,0.30488
713,3566,0.03320,-0.13965,1.00244,-0.42683,0.12195,0.30488
714,3570,0.03369,-0.13818,0.99805,-0.36585,0.24390,0.18293
715,3575,0.03174,-0.13770,1.00244,-0.48780,0.18293,0.30488
716,3580,0.03711,-0.13818,1.00098,-0.24390,0.18293,0.30488
717,3586,0.03174,-0.13721,0.99902,-0.18293,0.06098,0.36585
718,3591,0.03320,-0.13623,1.00098,-0.42683,0.06098,0.30488
719,3596,0.03418,-0.13916,1.00244,-0.30488,0.12195,0.30488
720,3601,0.03516,-0.14014,1.00293,-0.12195,0.18293,0.24390
721,3606,0.03613,-0.13770,1.00049,-0.18293,0.18293,0.30488
722,3610,0.03516,-0.13867,1.00098,-0.30488,0.18293,0.30488
723,3615,0.03516,-0.13477,1.00000,-0.36585,0.18293,0.30488
724,3620,0.03467,-0.13428,1.00244,-0.36585,0.18293,0.30488
725,3625,0.03564,-0.13721,1.00000,-0.42683,0.18293,0.24390
726,3631,0.03418,-0.13477,1.00293,-0.24390,0.18293,0.18293
727,3636,0.03320,-0.13477,1.00391,-0.24390,0.24390,0.24390
728,3641,0.03271,-0.13672,1.00049,-0.36585,0.36585,0.30488
729,3646,0.03320,-0.13672,1.00049,-0.36585,0.18293,0.36585
730,3651,0.03369,-0.13867,1.00488,-0.42683,0.18293,0.24390
731,3655,0.03418,-0.13574,1.00391,-0.36585,0.18293,0.24390
732,3660,0.03662,-0.13477,0.99902,-0.36585,0.24390,0.36585
733,3665,0.02930,-0.13623,0.99951,-0.42683,0.18293,0.30488
734,3671,0.03223,-0.13477,1.00439,-0.36585,0.18293,0.30488
735,3676,0.03418,-0.13721,1.00537,-0.36585,0.12195,0.18293
736,3681,0.03516,-0.13867,0.99951,-0.30488,0.18293,0.12195
737,3686,0.03467,-0.13818,0.99951,-0.30488,0.24390,0.24390
738,3691,0.03467,-0.13721,1.00049,-0.30488,0.24390,0.30488
739,3695,0.03320,-0.13477,1.00293,-0.36585,0.12195,0.30488
740,3700,0.03418,-0.13770,1.00000,-0.42683,0.18293,0.36585
741,3705,0.03418,-0.13770,1.00195,-0.30488,0.18293,0.30488
742,3711,0.03418,-0.13721,0.99805,-0.30488,0.24390,0.18293
743,3716,0.03174,-0.13770,1.00098,-0.18293,0.24390,0.24390
744,3721,0.03271,-0.13916,0.99707,-0.18293,0.24390,0.24390
745,3726,0.03516,-0.13721,1.00098,-0.30488,0.18293,0.18293
746,3731,0.03516,-0.13672,1.00293,-0.30488,0.12195,0.30488
747,3735,0.03125,-0.13672,0.99951,-0.24390,0.18293,0.36585
748,3740,0.03174,-0.13867,0.99854,-0.48780,0.06098,0.30488
749,3745,0.03271,-0.13965,1.00439,-0.36585,0.12195,0.36585
750,3750,0.03564,-0.13818,1.00537,-0.30488,0.12195,0.24390
751,3756,0.03320,-0.13721,1.00146,-0.36585,0.18293,0.30488
752,3761,0.03516,-0.13477,1.00146,-0.36585,0.18293,0.36585
753,3766,0.03369,-0.13525,1.00195,-0.30488,0.24390,0.24390
754,3771,0.03418,-0.13867,1.00732,-0.30488,0.12195,0.30488
755,3776,0.03564,-0.13770,1.00244,-0.42683,0.24390,0.24390
756,3780,0.03174,-0.14014,1.00439,-0.42683,0.30488,0.18293
757,3785,0.03174,-0.14014,1.00439,-0.42683,0.30488,0.18293
758,3790,0.03564,-0.13574,1.00146,-0.30488,0.24390,0.24390
759,3796,0.03418,-0.13672,1.00146,-0.36585,0.18293,0.18293
760,3801,0.03320,-0.13721,1.00049,-0.30488,0.18293,0.18293
761,3806,0.03271,-0.13721,1.00049,-0.36585,0.30488,0.24390
762,3811,0.03223,-0.13672,0.99707,-0.30488,0.18293,0.18293
763,3816,0.03223,-0.13672,0.99707,-0.30488,0.18293,0.18293
764,3820,0.03613,-0.13623,1.00195,-0.24390,0.18293,0.30488
765,3825,0.03467,-0.13672,1.00293,-0.24390,0.12195,0.30488
766,3830,0.03369,-0.13525,1.00146,-0.48780,0.24390,0.12195
767,3836,0.03271,-0.13574,1.00244,-0.42683,0.06098,0.36585
768,3841,0.03369,-0.13867,1.00146,-0.48780,0.18293,0.36585
769,3846,0.03369,-0.13818,1.00293,-0.30488,0.24390,0.24390
770,3851,0.03369,-0.13818,1.00293,-0.30488,0.24390,0.24390
771,3856,0.03271,-0.13818,1.00049,-0.30488,0.18293,0.12195
772,3860,0.03516,-0.13818,1.00098,-0.36585,0.18293,0.24390
773,3865,0.03027,-0.13818,1.00098,-0.36585,0.24390,0.24390
774,3870,0.03125,-0.13867,1.00293,-0.12195,0.06098,0.30488
775,3875,0.03467,-0.13965,1.00342,-0.42683,0.12195,0.24390
776,3881,0.03369,-0.13574,1.00293,-0.24390,0.18293,0.30488
777,3886,0.03467,-0.13916,1.00146,-0.18293,0.18293,0.24390
778,3891,0.03418,-0.13965,1.00049,-0.24390,0.24390,0.18293
779,3896,0.03320,-0.13672,0.99854,-0.30488,0.30488,0.30488
780,3901,0.03271,-0.13770,1.00195,-0.42683,0.30488,0.18293
781,3905,0.03564,-0.13867,1.00342,-0.24390,0.24390,0.24390
782,3910,0.03516,-0.13818,1.00244,-0.36585,0.18293,0.24390
783,3915,0.03369,-0.13721,0.99902,-0.54878,0.24390,0.24390
784,3921,0.03613,-0.13525,1.00049,-0.30488,0.24390,0.30488
785,3926,0.03613,-0.13672,1.00098,-0.36585,0.24390,0.24390
786,3931,0.03125,-0.13818,1.00391,-0.48780,0.18293,0.24390
787,3936,0.03271,-0.13770,1.00049,-0.36585,0.18293,0.30488
788,3941,0.03223,-0.13867,1.00391,-0.42683,0.18293,0.24390
789,3945,0.03369,-0.13867,1.00098,-0.48780,0.06098,0.30488
790,3950,0.03223,-0.13672,0.99707,-0.36585,0.12195,0.24390
791,3955,0.03418,-0.13672,1.00342,-0.42683,0.18293,0.18293
792,3961,0.03516,-0.13770,1.00830,-0.36585,0.30488,0.24390
793,3966,0.03467,-0.13867,0.99951,-0.30488,0.18293,0.30488
794,3971,0.03564,-0.13574,1.00195,-0.36585,0.18293,0.24390
795,3976,0.03760,-0.14014,1.00146,-0.48780,0.24390,0.24390
796,3981,0.03125,-0.13574,0.99512,-0.36585,0.18293,0.24390
797,3985,0.03369,-0.13574,1.00000,-0.30488,0.06098,0.24390
798,3990,0.03076,-0.13672,1.00244,-0.36585,0.24390,0.12195
799,3995,0.03369,-0.13428,1.00293,-0.30488,0.12195,0.24390
800,4000,0.03369,-0.13477,1.00146,-0.36585,0.12195,0.24390
801,4006,0.03467,-0.13623,1.00049,-0.24390,0.12195,0.24390
802,4011,0.03467,-0.13672,1.00244,-0.30488,0.12195,0.18293
803,4016,0.03467,-0.13574,1.00195,-0.36585,0.06098,0.24390
804,4021,0.03662,-0.13965,1.00098,-0.36585,0.12195,0.36585
805,4026,0.03613,-0.13574,1.00000,-0.30488,0.30488,0.24390
806,4030,0.03711,-0.13379,1.00293,-0.24390,0.12195,0.30488
807,4035,0.03369,-0.13574,1.00195,-0.48780,0.18293,0.24390
808,4040,0.03369,-0.13916,1.00049,-0.36585,0.24390,0.24390
809,4046,0.03027,-0.13721,1.00000,-0.54878,0.30488,0.24390
810,4051,0.03369,-0.13428,0.99951,-0.42683,0.18293,0.30488
811,4056,0.03174,-0.13721,1.00391,-0.36585,0.18293,0.24390
812,4061,0.03516,-0.13623,1.00000,-0.36585,0.24390,0.30488
813,4066,0.03809,-0.13281,1.00000,-0.24390,0.18293,0.24390
814,4070,0.03271,-0.13477,1.00195,-0.36585,0.12195,0.24390
815,4075,0.03174,-0.13867,1.00391,-0.36585,0.06098,0.24390
816,4080,0.03174,-0.13770,0.99902,-0.30488,0.24390,0.24390
817,4086,0.03125,-0.13428,1.00098,-0.42683,0.18293,0.24390
818,4091,0.03516,-0.13477,1.00342,-0.24390,0.12195,0.24390
819,4096,0.03271,-0.13623,1.00244,-0.24390,0.18293,0.30488
820,4101,0.03125,-0.13721,1.00391,-0.30488,0.18293,0.18293
821,4106,0.03369,-0.13574,1.00586,-0.42683,0.24390,0.30488
822,4110,0.03564,-0.13672,1.00098,-0.36585,0.24390,0.30488
823,4115,0.03369,-0.13623,1.00391,-0.36585,0.06098,0.24390
824,4120,0.03320,-0.13672,1.00000,-0.42683,0.06098,0.24390
825,4125,0.03418,-0.13721,0.99951,-0.36585,0.18293,0.30488
826,4131,0.03467,-0.13672,1.00000,-0.36585,0.24390,0.30488
827,4136,0.03418,-0.13916,1.00244,-0.42683,0.24390,0.18293
828,4141,0.03418,-0.13867,1.00488,-0.42683,0.12195,0.24390
829,4146,0.03027,-0.13867,1.00195,-0.42683,0.30488,0.24390
830,4151,0.03369,-0.13623,1.00342,-0.42683,0.30488,0.18293
831,4155,0.03271,-0.13916,1.00391,-0.42683,0.12195,0.30488
832,4160,0.03320,-0.13721,1.00098,-0.36585,0.18293,0.36585
833,4165,0.03271,-0.13574,1.00342,-0.24390,0.24390,0.30488
834,4171,0.03076,-0.13818,1.00098,-0.30488,0.24390,0.24390
835,4176,0.03418,-0.13867,1.00244,-0.42683,0.24390,0.18293
836,4181,0.03271,-0.14062,1.00195,-0.30488,0.12195,0.36585
837,4186,0.02979,-0.13770,1.00342,-0.30488,0.18293,0.30488
838,4191,0.03369,-0.13574,1.00244,-0.18293,0.18293,0.30488
839,4195,0.03516,-0.13818,0.99951,-0.36585,0.00000,0.36585
840,4200,0.03320,-0.13867,0.99951,-0.42683,0.18293,0.24390
841,4205,0.03271,-0.13770,1.00244,-0.30488,0.12195,0.30488
842,4211,0.03369,-0.13867,1.00146,-0.24390,0.12195,0.30488
843,4216,0.03271,-0.13770,0.99756,-0.42683,0.18293,0.24390
844,4221,0.03418,-0.13721,0.99902,-0.36585,0.12195,0.24390
845,4226,0.03662,-0.14014,1.00342,-0.42683,0.18293,0.24390
846,4231,0.03369,-0.13867,1.00244,-0.12195,0.12195,0.24390
847,4235,0.03613,-0.13623,1.00098,-0.36585,0.12195,0.30488
848,4240,0.03369,-0.13574,1.00244,-0.30488,0.06098,0.24390
849,4245,0.03320,-0.13965,1.00293,-0.30488,0.18293,0.30488
850,4250,0.03369,-0.14014,1.00391,-0.18293,0.18293,0.30488
851,4256,0.03027,-0.13916,1.00586,-0.36585,0.18293,0.18293
852,4261,0.03174,-0.13721,1.00146,-0.36585,0.00000,0.24390
853,4266,0.03174,-0.13574,0.99707,-0.30488,0.18293,0.30488
854,4271,0.03320,-0.13867,1.00342,-0.36585,0.24390,0.18293
855,4276,0.03711,-0.13867,1.00293,-0.30488,0.24390,0.30488
856,4280,0.03174,-0.13281,1.00195,-0.30488,0.12195,0.36585
857,4285,0.03467,-0.13721,1.00146,-0.42683,0.18293,0.30488
858,4290,0.03857,-0.13818,1.00146,-0.54878,0.24390,0.30488
859,4296,0.03369,-0.13721,1.00098,-0.54878,0.24390,0.30488
860,4301,0.03320,-0.13623,0.99756,-0.42683,0.24390,0.18293
861,4306,0.03320,-0.13672,1.00049,-0.36585,0.24390,0.24390
862,4311,0.03223,-0.13965,1.00195,-0.36585,0.12195,0.30488
863,4316,0.03613,-0.13672,1.00244,-0.36585,0.18293,0.30488
864,4320,0.03711,-0.13428,1.00049,-0.36585,0.30488,0.18293
865,4325,0.03564,-0.13525,1.00000,-0.18293,0.24390,0.24390
866,4330,0.03564,-0.13721,1.00195,-0.36585,0.18293,0.18293
867,4336,0.03320,-0.13965,1.00293,-0.42683,0.12195,0.24390
868,4341,0.03369,-0.13574,1.00000,-0.30488,0.12195,0.18293
869,4346,0.03418,-0.13574,1.00049,-0.48780,0.18293,0.24390
870,4351,0.03467,-0.13623,1.00000,-0.36585,0.18293,0.24390
871,4356,0.03271,-0.13818,0.99951,-0.42683,0.24390,0.30488
872,4360,0.03125,-0.13818,0.99805,-0.42683,0.30488,0.24390
873,4365,0.03223,-0.13672,0.99951,-0.42683,0.24390,0.30488
874,4370,0.03418,-0.13623,1.00146,-0.48780,0.24390,0.30488
875,4375,0.03369,-0.13770,1.00146,-0.48780,0.18293,0.36585
876,4381,0.03174,-0.13574,1.00244,-0.30488,0.18293,0.24390
877,4386,0.03125,-0.14111,1.00146,-0.36585,0.18293,0.30488
878,4391,0.03418,-0.13721,0.99951,-0.42683,0.18293,0.24390
879,4396,0.03223,-0.13672,1.00049,-0.36585,0.18293,0.24390
880,4401,0.03467,-0.13770,1.00098,-0.36585,0.18293,0.24390
881,4405,0.03613,-0.13525,1.00146,-0.36585,0.12195,0.18293
882,4410,0.03516,-0.13867,0.99902,-0.30488,0.12195,0.18293
883,4415,0.03320,-0.13867,1.00244,-0.24390,0.18293,0.24390
884,4421,0.03320,-0.13623,1.00293,-0.36585,0.18293,0.36585
885,4426,0.03223,-0.13916,1.00391,-0.42683,0.12195,0.42683
886,4431,0.03516,-0.13867,0.99902,-0.30488,0.12195,0.30488
887,4436,0.03564,-0.13477,1.00000,-0.30488,0.06098,0.30488
888,4441,0.03174,-0.13770,0.99902,-0.36585,0.18293,0.30488
889,4445,0.03564,-0.13721,1.00146,-0.36585,0.24390,0.36585
890,4450,0.03320,-0.13721,1.00342,-0.42683,0.24390,0.18293
891,4455,0.03320,-0.13721,1.00342,-0.42683,0.24390,0.18293
892,4461,0.03564,-0.13672,1.00391,-0.24390,0.18293,0.30488
893,4466,0.03418,-0.13574,1.00244,-0.30488,0.18293,0.30488
894,4471,0.03613,-0.13477,1.00049,-0.30488,0.18293,0.36585
895,4476,0.03418,-0.13770,1.00195,-0.36585,0.24390,0.30488
896,4481,0.03271,-0.13818,1.00244,-0.54878,0.12195,0.30488
897,4485,0.03271,-0.13818,1.00244,-0.54878,0.12195,0.30488
898,4490,0.03418,-0.14014,1.00146,-0.48780,0.18293,0.18293
899,4495,0.03809,-0.13916,1.00146,-0.30488,0.18293,0.30488
900,4500,0.03467,-0.13721,0.99805,-0.30488,0.18293,0.30488
901,4506,0.03662,-0.13818,0.99658,-0.36585,0.18293,0.24390
902,4511,0.03809,-0.13965,1.00098,-0.36585,0.18293,0.18293
903,4516,0.03125,-0.13721,1.00098,-0.24390,0.24390,0.30488
904,4521,0.03125,-0.13721,1.00098,-0.24390,0.24390,0.30488
905,4526,0.03076,-0.13867,0.99902,-0.36585,0.12195,0.36585
906,4530,0.03564,-0.13916,1.00391,-0.18293,0.06098,0.30488
907,4535,0.03662,-0.13525,1.00342,-0.24390,0.18293,0.30488
908,4540,0.03564,-0.13818,1.00000,-0.36585,0.18293,0.24390
909,4546,0.03174,-0.13916,1.00049,-0.36585,0.24390,0.18293
910,4551,0.03174,-0.13916,1.00049,-0.36585,0.24390,0.18293
911,4556,0.03516,-0.13965,1.00342,-0.42683,0.12195,0.18293
912,4561,0.03369,-0.13916,1.00098,-0.30488,0.12195,0.24390
913,4566,0.03174,-0.13721,1.00049,-0.54878,0.18293,0.30488
914,4570,0.03076,-0.13672,1.00049,-0.48780,0.12195,0.24390
915,4575,0.03711,-0.13672,1.00439,-0.42683,0.00000,0.30488
916,4580,0.03320,-0.13770,1.00586,-0.42683,0.18293,0.18293
917,4586,0.03223,-0.13672,1.00000,-0.30488,0.24390,0.24390
918,4591,0.02930,-0.13721,1.00000,-0.48780,0.18293,0.30488
919,4596,0.03223,-0.13867,1.00000,-0.18293,0.18293,0.30488
920,4601,0.03320,-0.13623,1.00195,-0.30488,0.24390,0.30488
921,4606,0.03320,-0.13770,1.00098,-0.36585,0.18293,0.30488
922,4610,0.03223,-0.13721,1.00342,-0.36585,0.24390,0.36585
923,4615,0.02930,-0.13672,1.00146,-0.24390,0.18293,0.30488
924,4620,0.03027,-0.13574,1.00586,-0.24390,0.18293,0.36585
925,4625,0.03320,-0.13477,1.00000,-0.30488,0.18293,0.24390
926,4631,0.03320,-0.13721,1.00342,-0.30488,0.24390,0.24390
927,4636,0.03076,-0.13721,1.00635,-0.30488,0.30488,0.30488
928,4641,0.03174,-0.13818,1.00098,-0.30488,0.18293,0.30488
929,4646,0.03320,-0.13916,1.00146,-0.36585,0.18293,0.24390
930,4651,0.03223,-0.13770,1.00586,-0.42683,0.24390,0.30488
931,4655,0.03418,-0.13672,1.00244,-0.30488,0.24390,0.30488
932,4660,0.03516,-0.13818,1.00098,-0.36585,0.18293,0.24390
933,4665,0.03271,-0.13770,1.00098,-0.36585,0.18293,0.24390
934,4671,0.03564,-0.13818,1.00439,-0.36585,0.18293,0.36585
935,4676,0.03418,-0.13574,1.00244,-0.30488,0.30488,0.30488
936,4681,0.03516,-0.13672,1.00537,-0.42683,0.18293,0.18293
937,4686,0.03320,-0.13867,1.00244,-0.36585,0.12195,0.18293
938,4691,0.03418,-0.13818,1.00146,-0.42683,0.12195,0.30488
939,4695,0.03271,-0.13867,1.00049,-0.42683,0.24390,0.30488
940,4700,0.03125,-0.13770,0.99902,-0.24390,0.12195,0.18293
941,4705,0.02979,-0.13379,0.99658,-0.36585,0.06098,0.24390
942,4711,0.03418,-0.13574,1.00098,-0.48780,0.12195,0.18293
943,4716,0.03467,-0.13770,1.00195,-0.42683,0.18293,0.30488
944,4721,0.03418,-0.13721,1.00146,-0.24390,0.12195,0.42683
945,4726,0.03467,-0.13818,1.00098,-0.24390,0.18293,0.30488
946,4731,0.03418,-0.13721,1.00000,-0.30488,0.24390,0.24390
947,4735,0.03516,-0.13770,1.00049,-0.36585,0.24390,0.18293
948,4740,0.03662,-0.13672,0.99707,-0.24390,0.24390,0.18293
949,4745,0.03711,-0.13428,1.00391,-0.36585,0.12195,0.24390
950,4750,0.03369,-0.13672,1.00000,-0.42683,0.12195,0.36585
951,4756,0.03369,-0.13672,0.99805,-0.36585,0.18293,0.30488
952,4761,0.03125,-0.13623,1.00342,-0.48780,0.30488,0.24390
953,4766,0.03467,-0.13477,0.99951,-0.48780,0.18293,0.24390
954,4771,0.03564,-0.13574,0.99756,-0.60976,0.18293,0.30488
955,4776,0.03662,-0.13916,1.00293,-0.36585,0.18293,0.18293
956,4780,0.03760,-0.13818,1.00195,-0.24390,0.24390,0.24390
957,4785,0.03369,-0.13916,1.00244,-0.42683,0.24390,0.24390
958,4790,0.03320,-0.13721,1.00000,-0.48780,0.12195,0.30488
959,4796,0.03369,-0.13916,1.00146,-0.42683,0.24390,0.36585
960,4801,0.03613,-0.14014,1.00684,-0.48780,0.24390,0.30488
961,4806,0.03320,-0.13672,1.00342,-0.42683,0.18293,0.18293
962,4811,0.03271,-0.13818,1.00586,-0.30488,0.24390,0.24390
963,4816,0.03418,-0.13721,1.00146,-0.30488,0.12195,0.36585
964,4820,0.03711,-0.13818,1.00488,-0.18293,0.06098,0.24390
965,4825,0.03418,-0.13965,1.00244,-0.24390,0.12195,0.18293
966,4830,0.03564,-0.13867,1.00293,-0.24390,0.18293,0.30488
967,4836,0.03711,-0.13818,1.00195,-0.48780,0.18293,0.24390
968,4841,0.03271,-0.13623,1.00391,-0.30488,0.30488,0.36585
969,4846,0.03418,-0.13867,1.00244,-0.36585,0.18293,0.36585
970,4851,0.03662,-0.13818,1.00342,-0.36585,0.18293,0.42683
971,4856,0.03320,-0.13770,1.00000,-0.36585,0.24390,0.36585
972,4860,0.03125,-0.13525,1.00732,-0.48780,0.30488,0.30488
973,4865,0.03174,-0.13672,1.00000,-0.36585,0.18293,0.30488
974,4870,0.03027,-0.14062,1.00098,-0.30488,0.18293,0.30488
975,4875,0.03320,-0.13623,0.99902,-0.24390,0.18293,0.30488
976,4881,0.03564,-0.13818,0.99756,-0.24390,0.12195,0.30488
977,4886,0.03516,-0.13867,1.00146,-0.24390,0.12195,0.24390
978,4891,0.03369,-0.13623,1.00195,-0.42683,0.18293,0.30488
979,4896,0.03564,-0.13818,1.00098,-0.24390,0.12195,0.18293
980,4901,0.03467,-0.13721,1.00049,-0.24390,0.18293,0.30488
981,4905,0.03174,-0.13672,1.00146,-0.42683,0.18293,0.30488
982,4910,0.03027,-0.13672,1.00098,-0.30488,0.12195,0.24390
983,4915,0.03223,-0.13867,1.00244,-0.30488,0.18293,0.36585
984,4921,0.03467,-0.13721,1.00000,-0.36585,0.12195,0.24390
985,4926,0.03467,-0.13916,1.00342,-0.30488,0.06098,0.18293
986,4931,0.03271,-0.13916,1.00049,-0.30488,0.06098,0.24390
987,4936,0.03369,-0.13672,1.00342,-0.36585,0.12195,0.30488
988,4941,0.03418,-0.13574,1.00049,-0.36585,0.12195,0.24390
989,4945,0.03174,-0.13770,1.00244,-0.48780,0.18293,0.24390
990,4950,0.03467,-0.13721,1.00146,-0.30488,0.24390,0.24390
991,4955,0.03223,-0.13623,1.00244,-0.36585,0.18293,0.30488
992,4961,0.03271,-0.13525,1.00293,-0.42683,0.12195,0.30488
993,4966,0.03662,-0.13574,1.00244,-0.36585,0.18293,0.24390
994,4971,0.03564,-0.13916,1.00098,-0.36585,0.30488,0.24390
995,4976,0.03223,-0.14111,1.00049,-0.30488,0.24390,0.24390
996,4981,0.03564,-0.13672,1.00537,-0.30488,0.24390,0.24390
997,4985,0.03320,-0.13721,1.00049,-0.36585,0.18293,0.30488
998,4990,0.03271,-0.13818,1.00000,-0.36585,0.18293,0.30488
999,4995,0.03271,-0.13916,0.99561,-0.42683,0.12195,0.36585
1000,5000,0.03418,-0.13818,0.99902,-0.42683,0.12195,0.30488
1001,5006,0.03467,-0.13770,1.00293,-0.42683,0.18293,0.36585
1002,5011,0.03516,-0.13623,1.00098,-0.36585,0.24390,0.30488
1003,5016,0.03369,-0.13770,1.00146,-0.24390,0.18293,0.18293
1004,5021,0.03516,-0.13867,0.99902,-0.42683,0.06098,0.24390
1005,5026,0.03418,-0.13672,1.00146,-0.30488,0.06098,0.30488
1006,5030,0.03271,-0.13965,1.00146,-0.42683,0.24390,0.24390
1007,5035,0.03369,-0.14014,1.00049,-0.42683,0.18293,0.12195
1008,5040,0.03564,-0.13721,1.00635,-0.18293,0.06098,0.12195
1009,5046,0.03369,-0.13867,1.00000,-0.30488,0.12195,0.30488
1010,5051,0.03223,-0.13965,1.00049,-0.36585,0.06098,0.24390
1011,5056,0.03369,-0.14258,1.00195,-0.30488,0.12195,0.30488
1012,5061,0.03369,-0.13574,1.00537,-0.12195,0.12195,0.30488
1013,5066,0.03467,-0.13672,1.00049,-0.36585,0.12195,0.24390
1014,5070,0.03369,-0.13525,1.00391,-0.30488,0.18293,0.24390
1015,5075,0.03564,-0.13916,1.00000,-0.18293,0.24390,0.18293
1016,5080,0.03418,-0.13525,1.00000,-0.36585,0.18293,0.24390
1017,5086,0.03320,-0.13574,1.00195,-0.36585,0.18293,0.24390
1018,5091,0.03174,-0.13672,0.99707,-0.42683,0.18293,0.24390
1019,5096,0.03564,-0.13721,1.00391,-0.48780,0.12195,0.24390
1020,5101,0.03223,-0.13721,1.00244,-0.48780,0.12195,0.30488
1021,5106,0.03125,-0.13770,1.00098,-0.48780,0.06098,0.30488
1022,5110,0.03369,-0.13525,1.00488,-0.36585,0.18293,0.24390
1023,5115,0.03564,-0.13770,1.00488,-0.30488,0.18293,0.24390
1024,5120,0.03174,-0.13672,1.00049,-0.30488,0.12195,0.18293
1025,5125,0.03174,-0.13672,1.00049,-0.30488,0.12195,0.18293
1026,5131,0.03564,-0.13721,1.00146,-0.12195,0.30488,0.30488
1027,5136,0.03564,-0.13770,1.00000,-0.30488,0.24390,0.24390
1028,5141,0.03223,-0.13623,1.00000,-0.36585,0.30488,0.18293
1029,5146,0.03418,-0.13818,1.00684,-0.48780,0.18293,0.24390
1030,5151,0.03418,-0.13623,1.00146,-0.42683,0.12195,0.30488
1031,5155,0.03418,-0.13623,1.00146,-0.42683,0.12195,0.30488
1032,5160,0.03027,-0.13623,1.00000,-0.30488,0.24390,0.30488
1033,5165,0.03564,-0.13623,1.00049,-0.30488,0.18293,0.30488
1034,5171,0.03320,-0.13867,0.99951,-0.42683,0.12195,0.30488
1035,5176,0.03174,-0.13916,0.99658,-0.36585,0.06098,0.30488
1036,5181,0.03564,-0.14014,0.99902,-0.30488,0.12195,0.24390
1037,5186,0.03418,-0.13818,1.00293,-0.30488,0.12195,0.12195
1038,5191,0.03418,-0.13818,1.00293,-0.30488,0.12195,0.12195
1039,5195,0.03564,-0.13867,1.00391,-0.36585,0.30488,0.36585
1040,5200,0.03711,-0.13574,1.00391,-0.36585,0.30488,0.42683
1041,5205,0.03662,-0.13721,1.00293,-0.36585,0.18293,0.24390
1042,5211,0.03809,-0.13818,0.99902,-0.48780,0.30488,0.30488
1043,5216,0.03662,-0.13574,1.00439,-0.48780,0.24390,0.30488
1044,5221,0.03662,-0.13574,1.00439,-0.48780,0.24390,0.30488
1045,5226,0.03613,-0.13623,0.99756,-0.42683,0.18293,0.30488
1046,5231,0.03613,-0.13721,1.00195,-0.24390,0.18293,0.24390
1047,5235,0.03467,-0.13818,0.99854,-0.24390,0.12195,0.30488
1048,5240,0.03564,-0.13623,1.00244,-0.24390,0.36585,0.24390
1049,5245,0.03467,-0.13867,1.00293,-0.30488,0.18293,0.30488
1050,5250,0.03223,-0.13770,1.00049,-0.30488,0.18293,0.30488
1051,5256,0.03613,-0.13379,1.00146,-0.54878,0.24390,0.30488
1052,5261,0.03418,-0.13525,0.99902,-0.48780,0.12195,0.30488
1053,5266,0.03369,-0.13574,0.99707,-0.54878,0.18293,0.12195
1054,5271,0.03174,-0.13867,1.00195,-0.42683,0.24390,0.18293
1055,5276,0.03467,-0.13818,1.00244,-0.36585,0.06098,0.36585
1056,5280,0.03613,-0.14014,0.99951,-0.30488,0.18293,0.42683
1057,5285,0.03613,-0.13623,1.00000,-0.36585,0.18293,0.30488
1058,5290,0.03418,-0.13623,1.00293,-0.42683,0.18293,0.30488
1059,5296,0.03223,-0.13525,0.99658,-0.36585,0.18293,0.30488
1060,5301,0.03418,-0.13623,1.00586,-0.42683,0.12195,0.30488
1061,5306,0.03369,-0.13770,1.00195,-0.48780,0.18293,0.24390
1062,5311,0.03174,-0.13916,1.00391,-0.48780,0.18293,0.18293
1063,5316,0.03564,-0.13770,1.00098,-0.42683,0.12195,0.36585
1064,5320,0.03516,-0.13623,1.00049,-0.42683,0.24390,0.24390
1065,5325,0.03809,-0.13672,1.00586,-0.36585,0.12195,0.30488
1066,5330,0.03662,-0.14062,1.00195,-0.30488,0.12195,0.24390
1067,5336,0.03271,-0.13867,1.00049,-0.42683,0.18293,0.36585
1068,5341,0.03564,-0.13867,1.00293,-0.36585,0.12195,0.30488
1069,5346,0.03711,-0.13770,1.00244,-0.30488,0.24390,0.18293
1070,5351,0.03711,-0.13818,1.00146,-0.30488,0.18293,0.30488
1071,5356,0.03320,-0.13477,1.00439,-0.42683,0.18293,0.30488
1072,5360,0.03564,-0.13672,1.00049,-0.42683,0.06098,0.36585
1073,5365,0.03613,-0.13867,0.99854,-0.54878,0.24390,0.24390
1074,5370,0.03320,-0.14258,1.00293,-0.36585,0.18293,0.30488
1075,5375,0.03467,-0.13867,0.99902,-0.36585,0.12195,0.18293
1076,5381,0.03271,-0.13770,1.00049,-0.30488,0.12195,0.24390
1077,5386,0.03516,-0.13721,1.00000,-0.24390,0.24390,0.30488
1078,5391,0.03418,-0.13477,1.00439,-0.36585,0.24390,0.24390
1079,5396,0.03516,-0.13916,1.00439,-0.48780,0.24390,0.24390
1080,5401,0.03223,-0.13721,1.00049,-0.30488,0.12195,0.18293
1081,5405,0.03125,-0.13623,1.00195,-0.30488,0.12195,0.24390
1082,5410,0.02979,-0.13574,1.00000,-0.24390,0.12195,0.36585
1083,5415,0.03125,-0.13770,1.00049,-0.36585,0.18293,0.24390
1084,5421,0.03418,-0.13623,1.00391,-0.42683,0.18293,0.18293
1085,5426,0.03564,-0.13721,1.00635,-0.42683,0.18293,0.18293
1086,5431,0.03418,-0.13525,1.00439,-0.42683,0.18293,0.36585
1087,5436,0.03076,-0.13867,1.00098,-0.36585,0.24390,0.30488
1088,5441,0.03271,-0.13965,1.00293,-0.30488,0.12195,0.24390
1089,5445,0.03369,-0.13525,1.00488,-0.36585,0.24390,0.12195
1090,5450,0.03564,-0.13721,1.00488,-0.42683,0.24390,0.24390
1091,5455,0.03467,-0.13770,1.00293,-0.42683,0.18293,0.24390
1092,5461,0.03418,-0.13574,1.00195,-0.42683,0.24390,0.24390
1093,5466,0.03271,-0.13770,1.00244,-0.24390,0.18293,0.30488
1094,5471,0.03223,-0.13672,0.99951,-0.36585,0.18293,0.42683
1095,5476,0.03369,-0.13525,1.00586,-0.30488,0.12195,0.30488
1096,5481,0.03516,-0.13965,1.00586,-0.30488,0.18293,0.24390
1097,5485,0.03564,-0.13818,1.00195,-0.42683,0.24390,0.24390
1098,5490,0.03271,-0.13721,1.00000,-0.42683,0.30488,0.24390
1099,5495,0.03467,-0.13770,1.00586,-0.42683,0.30488,0.24390
1100,5500,0.03613,-0.13672,1.00488,-0.30488,0.18293,0.24390
1101,5506,0.03125,-0.13770,1.00293,-0.48780,0.12195,0.18293
1102,5511,0.03516,-0.13721,1.00342,-0.36585,0.18293,0.24390
1103,5516,0.03662,-0.13818,1.00488,-0.30488,0.12195,0.30488
1104,5521,0.03662,-0.13672,1.00342,-0.36585,0.24390,0.24390
1105,5526,0.03516,-0.13525,1.00488,-0.48780,0.18293,0.30488
1106,5530,0.03125,-0.13770,1.00000,-0.36585,0.30488,0.24390
1107,5535,0.03613,-0.13770,1.00586,-0.30488,0.18293,0.30488
1108,5540,0.03564,-0.13672,1.00488,-0.36585,0.06098,0.24390
1109,5546,0.02930,-0.13867,0.99951,-0.42683,0.18293,0.24390
1110,5551,0.03320,-0.13965,1.00195,-0.42683,0.24390,0.36585
1111,5556,0.03271,-0.13721,1.00098,-0.36585,0.00000,0.30488
1112,5561,0.03271,-0.13867,0.99951,-0.36585,0.12195,0.36585
1113,5566,0.03467,-0.13428,1.00146,-0.42683,0.30488,0.36585
1114,5570,0.03418,-0.13818,0.99951,-0.42683,0.24390,0.36585
1115,5575,0.03613,-0.13770,1.00195,-0.54878,0.12195,0.30488
1116,5580,0.03271,-0.13916,1.00391,-0.48780,0.18293,0.30488
1117,5586,0.03516,-0.13916,1.00732,-0.42683,0.18293,0.18293
1118,5591,0.03857,-0.13672,1.00488,-0.42683,0.12195,0.30488
1119,5596,0.03271,-0.13525,1.00244,-0.36585,0.18293,0.12195
1120,5601,0.03223,-0.13770,0.99902,-0.30488,0.18293,0.24390
1121,5606,0.03223,-0.13818,1.00195,-0.30488,0.06098,0.36585
1122,5610,0.03418,-0.13525,1.00098,-0.48780,0.12195,0.30488
1123,5615,0.03613,-0.13818,0.99902,-0.30488,0.36585,0.30488
1124,5620,0.03564,-0.13916,1.00098,-0.30488,0.30488,0.30488
1125,5625,0.03223,-0.13574,1.00049,-0.42683,0.18293,0.36585
1126,5631,0.03125,-0.13672,1.00439,-0.48780,0.24390,0.30488
1127,5636,0.03613,-0.13721,1.00244,-0.36585,0.18293,0.18293
1128,5641,0.03516,-0.13770,1.00146,-0.36585,0.24390,0.12195
1129,5646,0.03271,-0.13623,1.00098,-0.42683,0.30488,0.24390
1130,5651,0.03467,-0.13379,1.00488,-0.42683,0.30488,0.30488
1131,5655,0.03076,-0.13428,1.00146,-0.24390,0.18293,0.24390
1132,5660,0.03516,-0.13721,1.00098,-0.42683,0.18293,0.24390
1133,5665,0.03760,-0.13623,1.00293,-0.42683,0.18293,0.30488
1134,5671,0.03174,-0.13818,1.00439,-0.30488,0.18293,0.36585
1135,5676,0.03320,-0.13867,0.99951,-0.42683,0.12195,0.36585
1136,5681,0.03174,-0.13965,1.00000,-0.36585,0.30488,0.24390
1137,5686,0.03223,-0.13818,1.00391,-0.36585,0.24390,0.24390
1138,5691,0.03223,-0.13672,1.00098,-0.48780,0.24390,0.18293
1139,5695,0.02881,-0.13574,1.00098,-0.42683,0.18293,0.30488
1140,5700,0.03271,-0.13672,1.00684,-0.36585,0.18293,0.24390
1141,5705,0.03467,-0.13574,1.00830,-0.48780,0.24390,0.36585
1142,5711,0.03320,-0.13574,1.00244,-0.30488,0.18293,0.24390
1143,5716,0.03418,-0.13623,0.99951,-0.30488,0.18293,0.24390
1144,5721,0.03271,-0.13574,1.00195,-0.42683,0.24390,0.30488
1145,5726,0.03613,-0.13428,0.99902,-0.42683,0.30488,0.36585
1146,5731,0.03564,-0.13525,1.00293,-0.42683,0.24390,0.18293
1147,5735,0.03467,-0.13916,1.00391,-0.42683,0.24390,0.24390
1148,5740,0.03271,-0.13818,0.99609,-0.36585,0.24390,0.30488
1149,5745,0.03369,-0.13477,1.00244,-0.42683,0.24390,0.30488
1150,5750,0.03467,-0.13770,1.00049,-0.48780,0.18293,0.42683
1151,5756,0.03564,-0.13770,1.00195,-0.30488,0.12195,0.30488
1152,5761,0.03564,-0.13525,1.00586,-0.30488,0.06098,0.30488
1153,5766,0.03467,-0.13672,1.00879,-0.42683,0.30488,0.24390
1154,5771,0.03418,-0.13965,1.00146,-0.36585,0.18293,0.30488
1155,5776,0.03418,-0.13965,1.00244,-0.30488,0.06098,0.30488
1156,5780,0.03467,-0.13477,1.00146,-0.30488,0.24390,0.24390
1157,5785,0.03418,-0.13574,1.00391,-0.30488,0.24390,0.18293
1158,5790,0.03125,-0.13867,1.00439,-0.42683,0.18293,0.36585
1159,5796,0.03418,-0.13574,1.00488,-0.36585,0.24390,0.12195
1160,5801,0.03662,-0.13623,1.00049,-0.30488,0.18293,0.12195
1161,5806,0.03174,-0.13721,1.00098,-0.36585,0.12195,0.24390
1162,5811,0.03076,-0.13623,0.99951,-0.36585,0.24390,0.18293
1163,5816,0.03320,-0.13428,1.00146,-0.36585,0.24390,0.18293
1164,5820,0.03564,-0.13672,1.00098,-0.24390,0.18293,0.24390
1165,5825,0.03564,-0.13672,1.00098,-0.24390,0.18293,0.24390
1166,5830,0.04053,-0.14111,1.00293,-0.42683,0.18293,0.30488
1167,5836,0.03516,-0.13770,0.99951,-0.36585,0.12195,0.18293
1168,5841,0.03516,-0.13574,1.00293,-0.42683,0.06098,0.18293
1169,5846,0.03369,-0.13818,1.00000,-0.24390,0.06098,0.24390
1170,5851,0.03516,-0.13672,0.99658,-0.30488,0.12195,0.24390
1171,5856,0.03320,-0.13916,1.00000,-0.42683,0.24390,0.24390
1172,5860,0.03320,-0.13916,1.00000,-0.42683,0.24390,0.24390
1173,5865,0.03320,-0.13916,1.00342,-0.48780,0.18293,0.30488
1174,5870,0.03467,-0.13867,1.00244,-0.30488,0.24390,0.30488
1175,5875,0.03369,-0.13818,1.00000,-0.12195,0.30488,0.30488
1176,5881,0.03564,-0.13770,1.00488,-0.36585,0.06098,0.24390
1177,5886,0.03467,-0.13477,1.00439,-0.36585,0.12195,0.24390
1178,5891,0.03467,-0.13477,1.00439,-0.36585,0.12195,0.24390
1179,5896,0.03174,-0.13574,1.00000,-0.36585,0.24390,0.30488
1180,5901,0.03467,-0.13672,1.00293,-0.24390,0.18293,0.30488
1181,5905,0.03369,-0.13965,0.99756,-0.24390,0.18293,0.18293
1182,5910,0.03467,-0.13672,1.00098,-0.42683,0.24390,0.24390
1183,5915,0.03125,-0.13623,1.00342,-0.48780,0.06098,0.30488
1184,5921,0.03564,-0.13965,1.00098,-0.36585,0.18293,0.30488
1185,5926,0.03369,-0.13867,1.00342,-0.36585,0.18293,0.24390
1186,5931,0.03223,-0.13623,1.00195,-0.36585,0.18293,0.24390
1187,5936,0.03174,-0.13867,1.00146,-0.24390,0.18293,0.24390
1188,5941,0.03369,-0.13721,1.00293,-0.42683,0.12195,0.30488
1189,5945,0.03809,-0.13770,1.00342,-0.36585,0.18293,0.36585
1190,5950,0.03760,-0.13672,1.00195,-0.30488,0.24390,0.36585
1191,5955,0.03564,-0.13623,1.00195,-0.30488,0.18293,0.24390
1192,5961,0.03418,-0.13867,1.00537,-0.36585,0.06098,0.24390
1193,5966,0.03271,-0.13623,0.99805,-0.42683,0.18293,0.12195
1194,5971,0.03174,-0.13770,1.00146,-0.42683,0.24390,0.24390
1195,5976,0.03662,-0.13818,1.00195,-0.36585,0.24390,0.30488
1196,5981,0.03223,-0.13428,1.00098,-0.24390,0.24390,0.36585
1197,5985,0.03467,-0.13721,1.00098,-0.24390,0.24390,0.18293
1198,5990,0.03418,-0.13721,1.00244,-0.36585,0.18293,0.30488
1199,5995,0.03320,-0.13818,1.00488,-0.48780,0.06098,0.36585
1200,6000,0.03613,-0.13574,1.00635,-0.54878,0.12195,0.24390
1201,6006,0.03467,-0.13672,1.00293,-0.42683,0.24390,0.30488
1202,6011,0.03760,-0.13672,1.00049,-0.42683,0.12195,0.24390
1203,6016,0.03516,-0.13623,1.00244,-0.36585,0.00000,0.30488
1204,6021,0.03418,-0.13770,1.00049,-0.36585,0.24390,0.24390
1205,6026,0.03516,-0.13818,1.00049,-0.24390,0.24390,0.24390
1206,6030,0.03271,-0.13379,1.00488,-0.30488,0.18293,0.12195
1207,6035,0.03271,-0.13672,1.00195,-0.42683,0.18293,0.18293
1208,6040,0.03320,-0.13867,1.00049,-0.42683,0.30488,0.30488
1209,6046,0.03467,-0.13574,0.99951,-0.30488,0.18293,0.24390
1210,6051,0.03467,-0.13721,1.00488,-0.48780,0.24390,0.30488
1211,6056,0.03516,-0.13623,1.00146,-0.30488,0.12195,0.36585
1212,6061,0.03369,-0.13867,1.00049,-0.30488,0.18293,0.30488
1213,6066,0.03369,-0.13867,1.00342,-0.48780,0.24390,0.24390
1214,6070,0.03320,-0.13916,1.00293,-0.42683,0.24390,0.36585
1215,6075,0.02979,-0.13525,1.00293,-0.42683,0.18293,0.36585
1216,6080,0.03320,-0.13721,1.00391,-0.54878,0.24390,0.30488
1217,6086,0.03613,-0.13818,0.99902,-0.30488,0.18293,0.30488
1218,6091,0.02979,-0.13721,1.00049,-0.36585,0.24390,0.24390
1219,6096,0.03418,-0.13770,1.00098,-0.42683,0.30488,0.24390
1220,6101,0.03711,-0.13672,1.00098,-0.24390,0.12195,0.24390
1221,6106,0.03418,-0.13965,1.00244,-0.24390,0.24390,0.12195
1222,6110,0.03271,-0.13525,0.99902,-0.24390,0.24390,0.18293
1223,6115,0.03271,-0.13721,0.99707,-0.42683,0.18293,0.18293
1224,6120,0.03662,-0.13818,1.00439,-0.36585,0.18293,0.18293
1225,6125,0.03174,-0.13770,1.00244,-0.42683,0.30488,0.12195
1226,6131,0.03174,-0.13574,1.00098,-0.48780,0.18293,0.18293
1227,6136,0.03516,-0.13818,1.00000,-0.54878,0.12195,0.24390
1228,6141,0.03223,-0.13916,1.00049,-0.54878,0.24390,0.24390
1229,6146,0.03418,-0.13623,1.00000,-0.60976,0.18293,0.36585
1230,6151,0.03516,-0.13867,1.00195,-0.36585,0.18293,0.36585
1231,6155,0.03564,-0.13965,1.00098,-0.36585,0.12195,0.12195
1232,6160,0.03418,-0.13574,1.00439,-0.36585,0.18293,0.24390
1233,6165,0.03418,-0.13770,0.99951,-0.30488,0.12195,0.24390
1234,6171,0.03760,-0.14062,0.99902,-0.36585,0.18293,0.30488
1235,6176,0.03516,-0.13721,1.00049,-0.18293,0.30488,0.30488
1236,6181,0.03125,-0.13867,0.99951,-0.24390,0.18293,0.30488
1237,6186,0.03516,-0.13574,1.00195,-0.36585,0.18293,0.24390
1238,6191,0.03613,-0.13379,0.99854,-0.24390,0.24390,0.24390
1239,6195,0.03223,-0.13916,1.00049,-0.30488,0.24390,0.18293
1240,6200,0.03613,-0.13623,0.99805,-0.24390,0.12195,0.30488
1241,6205,0.03418,-0.13623,1.00098,-0.18293,0.18293,0.18293
1242,6211,0.03613,-0.13770,0.99951,-0.24390,0.12195,0.30488
1243,6216,0.03271,-0.13818,0.99805,-0.24390,0.12195,0.18293
1244,6221,0.03613,-0.13916,0.99902,-0.24390,0.12195,0.18293
1245,6226,0.03369,-0.13770,1.00146,-0.42683,0.24390,0.24390
1246,6231,0.03613,-0.13770,1.00098,-0.24390,0.24390,0.24390
1247,6235,0.03271,-0.13672,1.00049,-0.18293,0.12195,0.18293
1248,6240,0.03223,-0.13867,1.00488,-0.18293,0.00000,0.24390
1249,6245,0.03369,-0.13623,1.00488,-0.24390,0.12195,0.30488
1250,6250,0.03271,-0.13525,1.00000,-0.36585,0.18293,0.24390
1251,6256,0.03564,-0.13623,1.00293,-0.36585,0.18293,0.30488
1252,6261,0.03613,-0.13867,1.00293,-0.24390,0.18293,0.36585
1253,6266,0.03418,-0.13818,0.99854,-0.42683,0.12195,0.30488
1254,6271,0.03516,-0.13818,1.00146,-0.18293,0.18293,0.30488
1255,6276,0.03662,-0.13867,1.00391,-0.24390,0.24390,0.24390
1256,6280,0.03613,-0.13965,1.00195,-0.36585,0.12195,0.36585
1257,6285,0.03564,-0.13721,1.00146,-0.36585,0.12195,0.30488
1258,6290,0.03613,-0.13525,1.00049,-0.42683,0.18293,0.18293
1259,6296,0.03271,-0.13770,1.00000,-0.36585,0.18293,0.18293
1260,6301,0.03320,-0.13623,1.00244,-0.24390,0.18293,0.24390
1261,6306,0.03516,-0.13818,1.00342,-0.48780,0.18293,0.18293
1262,6311,0.03760,-0.13770,1.00439,-0.36585,0.18293,0.24390
1263,6316,0.03418,-0.13721,1.00488,-0.36585,0.18293,0.18293
1264,6320,0.03516,-0.13574,1.00391,-0.36585,0.12195,0.24390
1265,6325,0.03271,-0.13672,0.99902,-0.18293,0.12195,0.30488
1266,6330,0.03320,-0.13916,0.99951,-0.24390,0.18293,0.30488
1267,6336,0.03271,-0.13818,0.99951,-0.30488,0.18293,0.30488
1268,6341,0.03320,-0.13721,0.99805,-0.36585,0.18293,0.30488
1269,6346,0.03467,-0.13770,1.00146,-0.48780,0.18293,0.24390
1270,6351,0.03369,-0.13770,1.00293,-0.36585,0.24390,0.24390
1271,6356,0.03174,-0.13477,1.00391,-0.24390,0.24390,0.36585
1272,6360,0.03369,-0.13477,1.00146,-0.30488,0.12195,0.42683
1273,6365,0.03564,-0.13818,1.00391,-0.30488,0.12195,0.12195
1274,6370,0.03564,-0.13623,1.00244,-0.24390,0.24390,0.12195
1275,6375,0.03271,-0.13818,1.00049,-0.24390,0.24390,0.30488
1276,6381,0.03125,-0.13965,0.99902,-0.42683,0.06098,0.30488
1277,6386,0.03174,-0.14014,0.99707,-0.42683,0.18293,0.24390
1278,6391,0.03223,-0.13818,1.00098,-0.36585,0.12195,0.24390
1279,6396,0.03662,-0.13721,1.00244,-0.36585,0.24390,0.24390
1280,6401,0.03613,-0.13721,1.00000,-0.36585,0.24390,0.24390
1281,6405,0.03271,-0.13525,0.99854,-0.18293,0.24390,0.24390
1282,6410,0.03174,-0.13672,1.00195,-0.36585,0.18293,0.12195
1283,6415,0.03271,-0.13770,1.00391,-0.18293,0.24390,0.30488
1284,6421,0.03418,-0.14014,1.00000,-0.42683,0.24390,0.30488
1285,6426,0.03516,-0.13623,0.99756,-0.48780,0.18293,0.30488
1286,6431,0.03516,-0.13525,1.00000,-0.30488,0.18293,0.30488
1287,6436,0.03516,-0.13867,1.00732,-0.36585,0.24390,0.24390
1288,6441,0.03613,-0.13818,1.00684,-0.30488,0.18293,0.24390
1289,6445,0.03613,-0.13672,1.00098,-0.30488,0.24390,0.18293
1290,6450,0.03467,-0.13525,1.00098,-0.30488,0.12195,0.36585
1291,6455,0.03174,-0.13525,1.00049,-0.42683,0.06098,0.30488
1292,6461,0.03125,-0.13721,1.00488,-0.36585,0.18293,0.24390
1293,6466,0.03320,-0.13770,1.00146,-0.42683,0.24390,0.18293
1294,6471,0.03369,-0.14062,0.99805,-0.54878,0.18293,0.24390
1295,6476,0.03320,-0.13721,1.00244,-0.48780,0.24390,0.36585
1296,6481,0.03223,-0.13525,1.00195,-0.36585,0.24390,0.36585
1297,6485,0.03076,-0.13623,1.00391,-0.36585,0.18293,0.12195
1298,6490,0.03271,-0.13818,0.99951,-0.42683,0.24390,0.30488
1299,6495,0.03271,-0.13818,0.99951,-0.42683,0.24390,0.30488
1300,6500,0.03320,-0.13721,0.99805,-0.30488,0.18293,0.30488
1301,6506,0.03711,-0.13867,1.00391,-0.42683,0.06098,0.18293
1302,6511,0.03564,-0.13965,1.00537,-0.18293,0.06098,0.30488
1303,6516,0.03125,-0.13818,1.00195,-0.36585,0.24390,0.18293
1304,6521,0.03662,-0.13672,1.00781,-0.48780,0.18293,0.24390
1305,6526,0.03369,-0.13623,1.00391,-0.48780,0.24390,0.36585
1306,6530,0.03369,-0.13623,1.00391,-0.48780,0.24390,0.36585
1307,6535,0.03662,-0.13916,1.00146,-0.42683,0.12195,0.12195
1308,6540,0.03369,-0.13867,1.00293,-0.36585,0.18293,0.24390
1309,6546,0.03369,-0.13867,0.99951,-0.48780,0.18293,0.30488
1310,6551,0.03271,-0.13623,0.99609,-0.30488,0.18293,0.18293
1311,6556,0.03418,-0.13477,0.99805,-0.18293,0.06098,0.18293
1312,6561,0.03418,-0.13477,0.99805,-0.18293,0.06098,0.18293
1313,6566,0.03174,-0.13770,1.00146,-0.36585,0.24390,0.30488
1314,6570,0.03467,-0.13818,0.99951,-0.36585,0.06098,0.24390
1315,6575,0.03174,-0.13721,0.99707,-0.48780,0.24390,0.18293
1316,6580,0.03125,-0.13721,1.00293,-0.30488,0.24390,0.24390
1317,6586,0.03369,-0.13867,1.00244,-0.24390,0.24390,0.24390
1318,6591,0.03369,-0.13867,1.00244,-0.24390,0.24390,0.24390
1319,6596,0.03418,-0.14014,1.00146,-0.42683,0.30488,0.18293
1320,6601,0.03418,-0.13770,1.00000,-0.30488,0.12195,0.24390
1321,6606,0.03516,-0.13477,1.00195,-0.30488,0.18293,0.18293
1322,6610,0.03418,-0.13916,0.99902,-0.36585,0.12195,0.30488
1323,6615,0.03369,-0.14111,1.00049,-0.48780,0.24390,0.30488
1324,6620,0.03564,-0.13818,1.00000,-0.24390,0.12195,0.30488
1325,6625,0.03174,-0.13770,0.99951,-0.42683,0.24390,0.18293
1326,6631,0.03369,-0.13623,1.00244,-0.36585,0.24390,0.24390
1327,6636,0.03027,-0.13770,1.00146,-0.36585,0.36585,0.18293
1328,6641,0.03467,-0.13623,0.99951,-0.36585,0.12195,0.24390
1329,6646,0.03271,-0.13721,1.00098,-0.36585,0.18293,0.18293
1330,6651,0.03271,-0.13477,1.00635,-0.30488,0.12195,0.30488
1331,6655,0.03076,-0.13721,0.99756,-0.30488,0.18293,0.24390
1332,6660,0.03418,-0.13477,1.00000,-0.42683,0.12195,0.30488
1333,6665,0.03564,-0.13525,1.00000,-0.36585,0.24390,0.36585
1334,6671,0.03223,-0.13721,1.00098,-0.48780,0.24390,0.30488
1335,6676,0.03223,-0.13818,0.99951,-0.42683,0.18293,0.30488
1336,6681,0.03223,-0.13916,1.00244,-0.30488,0.12195,0.30488
1337,6686,0.02930,-0.13770,0.99854,-0.30488,0.18293,0.24390
1338,6691,0.03320,-0.13818,1.00146,-0.36585,0.12195,0.42683
1339,6695,0.03320,-0.14111,1.00391,-0.42683,0.06098,0.24390
1340,6700,0.03271,-0.13574,0.99902,-0.36585,0.24390,0.18293
1341,6705,0.03271,-0.13770,0.99854,-0.30488,0.12195,0.36585
1342,6711,0.03809,-0.13818,0.99463,-0.18293,0.18293,0.36585
1343,6716,0.03711,-0.13818,1.00293,-0.24390,0.12195,0.24390
1344,6721,0.03564,-0.13770,1.00391,-0.36585,0.18293,0.30488
1345,6726,0.03418,-0.13672,1.00098,-0.42683,0.18293,0.18293
1346,6731,0.03320,-0.13623,0.99902,-0.36585,0.30488,0.12195
1347,6735,0.03271,-0.13721,1.00439,-0.42683,0.24390,0.12195
1348,6740,0.03223,-0.13672,1.00342,-0.30488,0.18293,0.24390
1349,6745,0.03320,-0.13477,1.00146,-0.24390,0.12195,0.30488
1350,6750,0.03320,-0.13672,0.99951,-0.42683,0.12195,0.24390
1351,6756,0.03369,-0.13721,1.00488,-0.24390,0.12195,0.18293
1352,6761,0.03418,-0.13574,1.00195,-0.24390,0.12195,0.24390
1353,6766,0.03516,-0.13818,1.00195,-0.36585,0.24390,0.30488
1354,6771,0.03320,-0.14062,1.00195,-0.36585,0.18293,0.24390
1355,6776,0.03418,-0.13965,1.00098,-0.42683,0.30488,0.30488
1356,6780,0.03613,-0.13623,0.99951,-0.48780,0.24390,0.30488
1357,6785,0.03662,-0.13770,1.00098,-0.36585,0.12195,0.24390
1358,6790,0.03613,-0.13721,1.00439,-0.42683,0.18293,0.30488
1359,6796,0.03174,-0.13770,1.00049,-0.24390,0.30488,0.30488
1360,6801,0.03076,-0.13770,1.00000,-0.36585,0.12195,0.24390
1361,6806,0.03418,-0.13818,1.00439,-0.36585,0.12195,0.24390
1362,6811,0.03418,-0.13623,1.00146,-0.36585,0.18293,0.30488
1363,6816,0.03076,-0.13525,1.00146,-0.36585,0.12195,0.30488
1364,6820,0.03271,-0.13867,1.00488,-0.36585,0.18293,0.30488
1365,6825,0.03564,-0.13721,1.00830,-0.36585,0.18293,0.30488
1366,6830,0.03467,-0.14014,1.00195,-0.24390,0.18293,0.18293
1367,6836,0.03662,-0.13867,1.00098,-0.42683,0.18293,0.30488
1368,6841,0.03613,-0.13574,1.00000,-0.42683,0.30488,0.24390
1369,6846,0.03418,-0.13379,1.00098,-0.48780,0.30488,0.36585
1370,6851,0.03516,-0.13623,1.00293,-0.42683,0.30488,0.42683
1371,6856,0.03760,-0.13672,1.00342,-0.54878,0.06098,0.30488
1372,6860,0.03418,-0.13721,1.00488,-0.30488,0.12195,0.30488
1373,6865,0.03516,-0.13721,1.00098,-0.42683,0.30488,0.24390
1374,6870,0.03271,-0.13867,0.99805,-0.30488,0.18293,0.36585
1375,6875,0.03223,-0.13818,1.00293,-0.24390,0.30488,0.24390
1376,6881,0.03418,-0.13672,0.99951,-0.24390,0.18293,0.30488
1377,6886,0.03320,-0.13818,0.99658,-0.36585,0.18293,0.24390
1378,6891,0.03320,-0.13672,0.99854,-0.42683,0.18293,0.24390
1379,6896,0.03320,-0.13867,1.00049,-0.24390,0.06098,0.24390
1380,6901,0.03662,-0.13818,1.00146,-0.36585,0.18293,0.24390
1381,6905,0.03369,-0.13818,1.00293,-0.36585,0.12195,0.42683
1382,6910,0.03418,-0.13867,0.99854,-0.30488,0.24390,0.36585
1383,6915,0.03662,-0.13721,1.00098,-0.36585,0.18293,0.18293
1384,6921,0.03516,-0.13623,1.00537,-0.42683,0.18293,0.36585
1385,6926,0.03076,-0.13477,0.99902,-0.67073,0.18293,0.36585
1386,6931,0.03076,-0.13672,1.00098,-0.42683,0.18293,0.30488
1387,6936,0.03320,-0.13818,0.99902,-0.36585,0.12195,0.24390
1388,6941,0.03320,-0.13770,1.00244,-0.42683,0.24390,0.18293
1389,6945,0.03076,-0.13818,1.00195,-0.36585,0.30488,0.36585
1390,6950,0.03564,-0.13672,1.00244,-0.48780,0.24390,0.30488
1391,6955,0.03662,-0.13330,1.00146,-0.42683,0.24390,0.24390
1392,6961,0.03662,-0.13770,1.00488,-0.24390,0.24390,0.36585
1393,6966,0.03271,-0.13867,1.00732,-0.42683,0.24390,0.18293
1394,6971,0.03516,-0.13477,1.00391,-0.36585,0.18293,0.24390
1395,6976,0.03662,-0.13770,0.99756,-0.42683,0.06098,0.30488
1396,6981,0.03516,-0.13623,0.99951,-0.48780,0.18293,0.24390
1397,6985,0.03369,-0.13916,0.99951,-0.48780,0.18293,0.30488
1398,6990,0.03076,-0.14062,1.00391,-0.54878,0.18293,0.30488
1399,6995,0.03271,-0.13770,1.00195,-0.36585,0.18293,0.30488
1400,7000,0.03516,-0.13770,1.00293,-0.30488,0.06098,0.24390
1401,7006,0.03467,-0.13770,1.00537,-0.24390,0.18293,0.30488
1402,7011,0.03662,-0.13770,1.00195,-0.42683,0.24390,0.30488
1403,7016,0.03027,-0.13672,1.00391,-0.36585,0.30488,0.24390
1404,7021,0.03467,-0.13477,1.00146,-0.36585,0.24390,0.36585
1405,7026,0.03320,-0.13818,0.99805,-0.30488,0.12195,0.30488
1406,7030,0.03223,-0.13672,1.00049,-0.24390,0.30488,0.24390
1407,7035,0.03613,-0.13428,1.00195,-0.48780,0.06098,0.42683
1408,7040,0.03467,-0.13818,1.00000,-0.36585,0.12195,0.42683
1409,7046,0.03369,-0.13770,1.00195,-0.30488,0.18293,0.24390
1410,7051,0.03418,-0.13867,0.99951,-0.30488,0.12195,0.24390
1411,7056,0.03418,-0.13721,1.00000,-0.42683,0.18293,0.24390
1412,7061,0.03662,-0.13818,1.00049,-0.42683,0.06098,0.30488
1413,7066,0.04004,-0.13965,1.00244,-0.36585,0.12195,0.30488
1414,7070,0.03613,-0.13818,1.00586,-0.30488,0.06098,0.30488
1415,7075,0.03467,-0.13672,1.00098,-0.30488,0.06098,0.30488
1416,7080,0.03564,-0.13672,1.00244,-0.30488,0.18293,0.24390
1417,7086,0.03320,-0.13672,1.00195,-0.36585,0.18293,0.30488
1418,7091,0.03418,-0.13770,1.00244,-0.42683,0.24390,0.24390
1419,7096,0.03516,-0.13916,1.00684,-0.36585,0.24390,0.18293
1420,7101,0.03271,-0.13525,1.00635,-0.42683,0.18293,0.24390
1421,7106,0.03174,-0.13525,1.00195,-0.36585,0.18293,0.30488
1422,7110,0.03467,-0.13770,1.00098,-0.30488,0.24390,0.36585
1423,7115,0.03369,-0.13477,1.00293,-0.18293,0.24390,0.30488
1424,7120,0.03271,-0.13672,1.00391,-0.36585,0.24390,0.18293
1425,7125,0.03369,-0.13672,0.99756,-0.30488,0.06098,0.18293
1426,7131,0.03369,-0.13525,1.00244,-0.36585,0.24390,0.24390
1427,7136,0.03418,-0.13477,1.00391,-0.54878,0.12195,0.30488
1428,7141,0.03320,-0.13623,0.99756,-0.36585,0.24390,0.24390
1429,7146,0.03223,-0.13623,1.00000,-0.36585,0.30488,0.24390
1430,7151,0.03076,-0.13770,1.00098,-0.30488,0.24390,0.30488
1431,7155,0.03418,-0.13525,1.00537,-0.48780,0.24390,0.18293
1432,7160,0.03711,-0.13574,1.00439,-0.48780,0.06098,0.30488
1433,7165,0.03711,-0.13574,1.00439,-0.48780,0.06098,0.30488
1434,7171,0.03125,-0.13623,1.00342,-0.24390,0.42683,0.24390
1435,7176,0.03467,-0.13623,1.00146,-0.24390,0.24390,0.36585
1436,7181,0.03467,-0.13672,0.99854,-0.42683,0.12195,0.36585
1437,7186,0.03369,-0.13770,1.00146,-0.30488,0.12195,0.30488
1438,7191,0.03418,-0.13818,1.00146,-0.36585,0.24390,0.24390
1439,7195,0.03369,-0.13721,1.00000,-0.36585,0.18293,0.18293
1440,7200,0.03369,-0.13721,1.00000,-0.36585,0.18293,0.18293
1441,7205,0.03613,-0.13672,0.99707,-0.42683,0.18293,0.18293
1442,7211,0.03418,-0.13818,1.00391,-0.18293,0.18293,0.24390
1443,7216,0.03369,-0.13818,1.00098,-0.24390,0.12195,0.12195
1444,7221,0.03613,-0.13574,0.99951,-0.36585,0.12195,0.30488
1445,7226,0.03613,-0.13574,1.00439,-0.30488,0.30488,0.18293
1446,7231,0.03613,-0.13574,1.00439,-0.30488,0.30488,0.18293
1447,7235,0.03271,-0.13867,0.99854,-0.36585,0.30488,0.18293
1448,7240,0.03369,-0.13770,1.00391,-0.30488,0.18293,0.42683
1449,7245,0.03613,-0.13916,1.00195,-0.24390,0.18293,0.30488
1450,7250,0.03369,-0.13623,0.99805,-0.36585,0.18293,0.24390
1451,7256,0.03467,-0.13770,1.00000,-0.30488,0.12195,0.30488
1452,7261,0.03467,-0.13770,1.00000,-0.30488,0.12195,0.30488
1453,7266,0.03564,-0.13525,0.99951,-0.42683,0.18293,0.24390
1454,7271,0.03467,-0.13525,1.00244,-0.48780,0.18293,0.30488
1455,7276,0.02979,-0.13721,1.00098,-0.30488,0.06098,0.12195
1456,7280,0.03223,-0.13574,0.99854,-0.36585,0.18293,0.24390
1457,7285,0.03223,-0.13672,1.00342,-0.42683,0.18293,0.24390
1458,7290,0.03564,-0.13574,1.00293,-0.30488,0.18293,0.18293
1459,7296,0.03320,-0.13672,1.00537,-0.24390,0.00000,0.24390
1460,7301,0.03174,-0.13770,1.00342,-0.48780,0.30488,0.24390
1461,7306,0.03760,-0.13721,1.00586,-0.48780,0.12195,0.36585
1462,7311,0.03613,-0.13525,0.99805,-0.48780,0.24390,0.24390
1463,7316,0.03174,-0.14404,1.00195,-0.36585,0.30488,0.30488
1464,7320,0.03271,-0.13818,1.00244,-0.24390,0.06098,0.36585
1465,7325,0.02734,-0.13916,0.99805,-0.54878,0.42683,0.24390
1466,7330,0.03418,-0.13770,1.00488,-0.24390,0.06098,0.30488
1467,7336,0.03027,-0.14111,1.00098,-0.36585,0.24390,0.18293
1468,7341,0.03467,-0.13721,1.00244,-0.24390,0.12195,0.18293
1469,7346,0.03564,-0.13525,1.00635,-0.42683,0.18293,0.24390
1470,7351,0.03662,-0.13330,1.00195,-0.24390,0.06098,0.30488
1471,7356,0.03516,-0.13525,0.99756,-0.24390,0.24390,0.18293
1472,7360,0.03467,-0.13623,1.00342,-0.24390,0.18293,0.24390
1473,7365,0.03174,-0.13721,1.00928,-0.36585,0.24390,0.18293
1474,7370,0.03223,-0.13721,1.00439,-0.42683,0.30488,0.24390
1475,7375,0.03613,-0.13623,1.00195,-0.42683,0.18293,0.30488
1476,7381,0.03271,-0.13379,0.99805,-0.60976,0.30488,0.24390
1477,7386,0.03516,-0.13623,1.00000,-0.42683,0.12195,0.30488
1478,7391,0.03516,-0.13916,1.00391,-0.36585,0.30488,0.30488
1479,7396,0.03271,-0.13428,1.00537,-0.24390,0.06098,0.24390
1480,7401,0.03369,-0.13525,1.00098,-0.30488,0.30488,0.36585
1481,7405,0.03467,-0.13379,1.00146,-0.30488,0.30488,0.18293
1482,7410,0.03320,-0.13867,1.00439,-0.42683,0.24390,0.18293
1483,7415,0.03564,-0.13574,0.99951,-0.30488,0.12195,0.24390
1484,7421,0.03271,-0.13916,1.00098,-0.48780,0.18293,0.18293
1485,7426,0.03125,-0.13721,1.00537,-0.42683,0.12195,0.36585
1486,7431,0.03174,-0.13770,1.00000,-0.42683,0.18293,0.30488
1487,7436,0.03271,-0.13623,1.00293,-0.36585,0.30488,0.12195
1488,7441,0.03467,-0.13721,1.00098,-0.54878,0.24390,0.30488
1489,7445,0.03467,-0.13525,1.00195,-0.48780,0.12195,0.36585
1490,7450,0.03320,-0.13770,1.00195,-0.36585,0.24390,0.30488
1491,7455,0.03320,-0.13672,1.00586,-0.36585,0.18293,0.12195
1492,7461,0.03125,-0.13818,1.00342,-0.30488,0.18293,0.18293
1493,7466,0.03564,-0.13721,1.00195,-0.18293,0.06098,0.30488
1494,7471,0.03369,-0.13623,0.99951,-0.48780,0.12195,0.30488
1495,7476,0.03467,-0.13672,1.00684,-0.42683,0.24390,0.30488
1496,7481,0.03613,-0.13623,1.00488,-0.24390,0.06098,0.30488
1497,7485,0.03369,-0.13965,1.00000,-0.36585,0.24390,0.42683
1498,7490,0.03320,-0.13965,1.00049,-0.42683,0.24390,0.30488
1499,7495,0.03174,-0.13721,0.99854,-0.42683,0.18293,0.30488
1500,7500,0.03320,-0.13672,1.00146,-0.54878,0.24390,0.24390
1501,7506,0.03174,-0.13965,1.00146,-0.36585,0.30488,0.18293
1502,7511,0.03271,-0.13818,0.99561,-0.54878,0.24390,0.18293
1503,7516,0.03271,-0.13574,0.99902,-0.36585,0.36585,0.30488
1504,7521,0.03418,-0.13672,1.00293,-0.18293,0.24390,0.30488
1505,7526,0.03369,-0.13770,0.99707,-0.42683,0.24390,0.24390
1506,7530,0.03223,-0.13721,1.00000,-0.36585,0.24390,0.18293
1507,7535,0.03223,-0.13770,1.00146,-0.48780,0.30488,0.24390
1508,7540,0.03516,-0.13721,1.00342,-0.36585,0.30488,0.18293
1509,7546,0.03271,-0.13818,1.00195,-0.36585,0.12195,0.24390
1510,7551,0.03125,-0.13574,1.00244,-0.24390,0.24390,0.12195
1511,7556,0.03516,-0.13965,1.00146,-0.36585,0.24390,0.18293
1512,7561,0.03027,-0.14111,1.00342,-0.48780,0.18293,0.24390
1513,7566,0.03760,-0.13525,0.99902,-0.42683,0.12195,0.36585
1514,7570,0.03369,-0.13721,1.00049,-0.54878,0.30488,0.24390
1515,7575,0.03418,-0.13623,1.00146,-0.36585,0.30488,0.24390
1516,7580,0.03125,-0.13770,1.00342,-0.24390,0.30488,0.12195
1517,7586,0.03076,-0.13672,1.00537,-0.36585,0.18293,0.24390
1518,7591,0.03467,-0.13721,1.00049,-0.24390,0.12195,0.24390
1519,7596,0.03906,-0.13525,0.99609,-0.36585,0.24390,0.36585
1520,7601,0.03223,-0.13770,0.99902,-0.30488,0.06098,0.24390
1521,7606,0.03076,-0.13818,1.00488,-0.36585,0.30488,0.18293
1522,7610,0.03223,-0.13574,1.00195,-0.30488,0.24390,0.24390
1523,7615,0.03467,-0.13574,0.99756,-0.48780,0.24390,0.30488
1524,7620,0.03369,-0.13525,1.00586,-0.30488,0.12195,0.36585
1525,7625,0.03369,-0.13867,1.00488,-0.36585,0.24390,0.18293
1526,7631,0.03369,-0.13818,1.00146,-0.36585,0.24390,0.18293
1527,7636,0.03076,-0.13770,0.99951,-0.54878,0.24390,0.24390
1528,7641,0.03369,-0.14062,0.99951,-0.30488,0.12195,0.30488
1529,7646,0.03467,-0.13916,0.99707,-0.24390,0.12195,0.06098
1530,7651,0.03369,-0.13379,1.00293,-0.36585,0.18293,0.18293
1531,7655,0.03320,-0.13477,1.00488,-0.36585,0.24390,0.18293
1532,7660,0.03418,-0.13574,1.00391,-0.36585,0.18293,0.24390
1533,7665,0.03125,-0.13867,1.00098,-0.42683,0.36585,0.30488
1534,7671,0.03857,-0.13770,1.00439,-0.42683,0.12195,0.42683
1535,7676,0.03467,-0.13574,1.00342,-0.48780,0.18293,0.30488
1536,7681,0.03613,-0.13379,1.00098,-0.42683,0.12195,0.24390
1537,7686,0.03320,-0.13770,1.00195,-0.48780,0.36585,0.30488
1538,7691,0.03613,-0.13672,1.00244,-0.42683,0.18293,0.18293
1539,7695,0.03564,-0.13770,1.00098,-0.60976,0.24390,0.18293
1540,7700,0.03516,-0.13428,1.00146,-0.36585,0.06098,0.36585
1541,7705,0.03174,-0.14111,0.99707,-0.36585,0.36585,0.12195
1542,7711,0.02734,-0.14160,0.99805,-0.30488,0.18293,0.24390
1543,7716,0.03320,-0.13770,0.99707,-0.42683,0.18293,0.24390
1544,7721,0.03564,-0.13281,0.99609,-0.24390,0.12195,0.30488
1545,7726,0.03418,-0.13770,1.00293,-0.36585,0.24390,0.24390
1546,7731,0.02979,-0.13818,1.00244,-0.60976,0.24390,0.30488
1547,7735,0.03320,-0.13916,1.00195,-0.36585,0.18293,0.36585
1548,7740,0.03076,-0.13721,0.99951,-0.24390,0.18293,0.30488
1549,7745,0.03320,-0.13672,1.00244,-0.42683,0.06098,0.30488
1550,7750,0.03662,-0.13379,1.00488,-0.42683,0.24390,0.30488
1551,7756,0.03320,-0.13770,1.00195,-0.36585,0.30488,0.36585
1552,7761,0.03418,-0.13672,0.99951,-0.42683,0.24390,0.30488
1553,7766,0.03271,-0.13818,0.99951,-0.36585,0.18293,0.30488
1554,7771,0.03516,-0.13623,1.00146,-0.24390,0.24390,0.30488
1555,7776,0.03174,-0.13721,0.99854,-0.48780,0.00000,0.18293
1556,7780,0.03369,-0.13867,1.00293,-0.60976,0.24390,0.30488
1557,7785,0.03271,-0.13770,1.00244,-0.42683,0.24390,0.24390
1558,7790,0.03320,-0.13623,1.00098,-0.36585,0.18293,0.30488
1559,7796,0.03564,-0.13574,0.99805,-0.42683,0.18293,0.42683
1560,7801,0.03418,-0.13623,0.99805,-0.42683,0.18293,0.30488
1561,7806,0.03516,-0.13721,0.99902,-0.54878,0.30488,0.24390
1562,7811,0.03564,-0.13721,1.00098,-0.48780,0.18293,0.24390
1563,7816,0.03125,-0.13672,0.99756,-0.48780,0.12195,0.18293
1564,7820,0.03271,-0.13623,1.00000,-0.18293,0.18293,0.18293
1565,7825,0.03223,-0.13574,1.00244,-0.24390,0.18293,0.36585
1566,7830,0.03174,-0.14160,1.00146,-0.24390,0.30488,0.18293
1567,7836,0.03613,-0.13721,1.00244,-0.24390,0.24390,0.30488
1568,7841,0.03320,-0.13721,1.00098,-0.36585,0.30488,0.30488
1569,7846,0.03467,-0.13574,1.00049,-0.36585,0.24390,0.30488
1570,7851,0.03564,-0.13672,1.00146,-0.36585,0.18293,0.30488
1571,7856,0.03223,-0.13916,0.99756,-0.42683,0.12195,0.30488
1572,7860,0.03418,-0.14014,1.00000,-0.30488,0.12195,0.30488
1573,7865,0.03467,-0.13721,1.00342,-0.36585,0.24390,0.18293
1574,7870,0.03467,-0.13721,1.00342,-0.36585,0.24390,0.18293
1575,7875,0.03027,-0.13867,1.00244,-0.42683,0.24390,0.18293
1576,7881,0.03076,-0.13623,1.00439,-0.48780,0.36585,0.36585
1577,7886,0.03271,-0.13770,1.00244,-0.36585,0.36585,0.36585
1578,7891,0.03418,-0.13818,1.00342,-0.24390,0.36585,0.24390
1579,7896,0.03223,-0.14062,1.00342,-0.30488,0.18293,0.24390
1580,7901,0.03223,-0.14062,1.00342,-0.30488,0.18293,0.24390
1581,7905,0.03516,-0.13672,1.00000,-0.18293,0.18293,0.36585
1582,7910,0.03320,-0.13721,1.00000,-0.18293,0.30488,0.30488
1583,7915,0.03564,-0.13623,1.00146,-0.36585,0.30488,0.30488
1584,7921,0.03223,-0.13770,0.99707,-0.36585,0.06098,0.36585
1585,7926,0.03711,-0.13721,1.00244,-0.24390,0.00000,0.36585
1586,7931,0.03711,-0.13721,1.00244,-0.24390,0.00000,0.36585
1587,7936,0.03223,-0.13770,1.00195,-0.48780,0.24390,0.36585
1588,7941,0.03320,-0.13867,1.00293,-0.54878,0.18293,0.24390
1589,7945,0.03418,-0.13574,1.00244,-0.36585,0.18293,0.24390
1590,7950,0.03418,-0.13672,0.99902,-0.48780,0.24390,0.24390
1591,7955,0.03174,-0.13867,1.00293,-0.42683,0.24390,0.30488
1592,7961,0.03125,-0.13867,1.00586,-0.42683,0.18293,0.24390
1593,7966,0.03125,-0.13867,1.00586,-0.42683,0.18293,0.24390
1594,7971,0.03467,-0.13623,1.00439,-0.42683,0.18293,0.24390
1595,7976,0.03271,-0.13965,1.00098,-0.18293,0.18293,0.30488
1596,7981,0.03467,-0.13721,1.00146,-0.30488,0.18293,0.30488
1597,7985,0.03271,-0.13574,0.99951,-0.42683,0.18293,0.30488
1598,7990,0.03467,-0.13574,0.99512,-0.24390,0.18293,0.30488
1599,7995,0.03369,-0.13672,1.00293,-0.30488,0.18293,0.24390
1600,8000,0.03271,-0.13623,1.00488,-0.36585,0.18293,0.24390
1601,8006,0.03467,-0.13770,1.00586,-0.30488,0.24390,0.24390
1602,8011,0.03320,-0.13574,1.00342,-0.30488,0.24390,0.30488
1603,8016,0.03516,-0.13574,1.00195,-0.24390,0.24390,0.18293
1604,8021,0.03467,-0.13721,1.00000,-0.30488,0.12195,0.24390
1605,8026,0.03027,-0.13818,1.00391,-0.36585,0.18293,0.36585
1606,8030,0.03076,-0.13672,1.00293,-0.54878,0.12195,0.24390
1607,8035,0.03516,-0.13818,1.00000,-0.42683,0.18293,0.18293
1608,8040,0.03369,-0.13818,1.00244,-0.30488,0.12195,0.18293
1609,8046,0.03027,-0.13623,1.00439,-0.18293,0.24390,0.18293
1610,8051,0.03516,-0.13721,1.00146,-0.30488,0.24390,0.24390
1611,8056,0.03467,-0.13818,1.00000,-0.42683,0.18293,0.24390
1612,8061,0.03418,-0.13770,1.00146,-0.42683,0.18293,0.30488
1613,8066,0.03467,-0.14014,1.00488,-0.54878,0.18293,0.24390
1614,8070,0.03564,-0.13770,1.00439,-0.30488,0.30488,0.36585
1615,8075,0.03223,-0.13525,1.00342,-0.24390,0.18293,0.24390
1616,8080,0.03467,-0.13770,1.00342,-0.42683,0.12195,0.30488
1617,8086,0.03516,-0.13672,1.00244,-0.42683,0.24390,0.30488
1618,8091,0.03711,-0.13672,0.99756,-0.36585,0.18293,0.30488
1619,8096,0.03223,-0.13916,1.00146,-0.30488,0.24390,0.30488
1620,8101,0.03418,-0.13623,1.00488,-0.36585,0.18293,0.36585
1621,8106,0.03369,-0.13770,1.00000,-0.36585,0.30488,0.30488
1622,8110,0.03760,-0.13721,1.00000,-0.36585,0.24390,0.30488
1623,8115,0.03418,-0.13770,1.00146,-0.48780,0.30488,0.12195
1624,8120,0.03223,-0.13867,1.00098,-0.36585,0.18293,0.18293
1625,8125,0.03613,-0.13477,1.00244,-0.30488,0.12195,0.18293
1626,8131,0.03223,-0.13770,0.99902,-0.24390,0.18293,0.30488
1627,8136,0.03369,-0.13770,0.99756,-0.42683,0.30488,0.12195
1628,8141,0.03174,-0.13721,0.99951,-0.48780,0.24390,0.12195
1629,8146,0.03174,-0.13672,1.00244,-0.48780,0.18293,0.30488
1630,8151,0.03076,-0.13672,1.00049,-0.36585,0.12195,0.36585
1631,8155,0.03467,-0.13721,0.99902,-0.24390,0.18293,0.30488
1632,8160,0.03467,-0.13477,1.00244,-0.24390,0.18293,0.36585
1633,8165,0.03369,-0.13574,1.00488,-0.30488,0.24390,0.18293
1634,8171,0.03564,-0.13818,1.00195,-0.30488,0.18293,0.18293
1635,8176,0.03467,-0.13672,1.00293,-0.30488,0.18293,0.36585
1636,8181,0.03467,-0.13916,1.00244,-0.30488,0.12195,0.30488
1637,8186,0.03418,-0.13770,1.00146,-0.36585,0.24390,0.30488
1638,8191,0.03076,-0.13574,0.99902,-0.48780,0.06098,0.30488
1639,8195,0.03271,-0.13721,0.99756,-0.18293,0.12195,0.36585
1640,8200,0.03174,-0.13672,1.00293,-0.30488,0.06098,0.24390
1641,8205,0.03369,-0.13672,1.00537,-0.48780,0.12195,0.18293
1642,8211,0.03418,-0.13770,1.00098,-0.42683,0.24390,0.30488
1643,8216,0.03125,-0.13477,1.00342,-0.06098,0.30488,0.36585
1644,8221,0.03369,-0.13721,1.00146,-0.30488,0.18293,0.30488
1645,8226,0.03613,-0.13818,0.99902,-0.48780,0.30488,0.36585
1646,8231,0.03711,-0.13818,1.00049,-0.18293,0.18293,0.30488
1647,8235,0.03613,-0.13623,1.00293,-0.18293,0.12195,0.30488
1648,8240,0.03564,-0.13965,1.00293,-0.36585,0.18293,0.36585
1649,8245,0.03271,-0.13916,1.00146,-0.30488,0.24390,0.36585
1650,8250,0.03760,-0.13721,1.00195,-0.30488,0.18293,0.24390
1651,8256,0.04004,-0.13867,1.00293,-0.36585,0.12195,0.30488
1652,8261,0.03369,-0.13623,0.99902,-0.30488,0.18293,0.30488
1653,8266,0.03223,-0.13623,1.00244,-0.36585,0.24390,0.30488
1654,8271,0.03125,-0.13672,1.00000,-0.48780,0.24390,0.30488
1655,8276,0.03369,-0.13770,1.00244,-0.24390,0.12195,0.30488
1656,8280,0.03467,-0.13867,1.00098,-0.18293,0.24390,0.18293
1657,8285,0.03467,-0.13623,0.99854,-0.24390,0.18293,0.12195
1658,8290,0.03662,-0.13477,1.00537,-0.42683,0.18293,0.36585
1659,8296,0.03418,-0.13770,1.00293,-0.36585,0.30488,0.36585
1660,8301,0.03516,-0.13818,0.99854,-0.36585,0.18293,0.30488
1661,8306,0.03271,-0.13867,1.00488,-0.42683,0.18293,0.36585
1662,8311,0.03613,-0.13574,1.00098,-0.42683,0.00000,0.24390
1663,8316,0.03418,-0.13672,1.00098,-0.30488,0.06098,0.24390
1664,8320,0.03271,-0.13818,0.99902,-0.36585,0.18293,0.18293
1665,8325,0.03320,-0.13672,1.00146,-0.30488,0.12195,0.24390
1666,8330,0.03076,-0.13867,1.00439,-0.30488,0.18293,0.24390
1667,8336,0.03271,-0.13721,1.00293,-0.36585,0.24390,0.30488
1668,8341,0.03467,-0.13721,1.00244,-0.54878,0.30488,0.36585
1669,8346,0.03369,-0.13721,1.00195,-0.36585,0.18293,0.18293
1670,8351,0.03271,-0.13818,1.00098,-0.30488,0.06098,0.18293
1671,8356,0.03369,-0.13721,1.00928,-0.36585,0.12195,0.30488
1672,8360,0.03467,-0.13672,1.00635,-0.36585,0.12195,0.24390
1673,8365,0.02979,-0.13721,1.00049,-0.30488,0.18293,0.24390
1674,8370,0.03320,-0.13818,0.99902,-0.42683,0.18293,0.24390
1675,8375,0.03564,-0.13623,1.00391,-0.30488,0.12195,0.24390
1676,8381,0.03418,-0.13916,1.00391,-0.36585,0.18293,0.24390
1677,8386,0.03320,-0.13770,1.00098,-0.48780,0.00000,0.24390
1678,8391,0.03516,-0.13916,1.00244,-0.30488,0.18293,0.24390
1679,8396,0.03564,-0.13721,1.00049,-0.42683,0.18293,0.30488
1680,8401,0.03271,-0.13525,1.00146,-0.24390,0.18293,0.24390
1681,8405,0.03369,-0.13770,1.00000,-0.42683,0.12195,0.24390
1682,8410,0.03467,-0.13672,1.00293,-0.30488,0.24390,0.30488
1683,8415,0.02881,-0.13672,1.00000,-0.48780,0.18293,0.24390
1684,8421,0.03271,-0.13867,1.00781,-0.24390,0.12195,0.24390
1685,8426,0.03418,-0.13770,0.99512,-0.36585,0.36585,0.36585
1686,8431,0.03613,-0.13818,1.00342,-0.30488,0.00000,0.24390
1687,8436,0.02979,-0.13818,1.00439,-0.36585,0.36585,0.12195
1688,8441,0.03564,-0.13721,1.00244,-0.36585,0.12195,0.24390
1689,8445,0.03564,-0.14062,1.00098,-0.42683,0.24390,0.12195
1690,8450,0.03418,-0.13672,0.99951,-0.18293,0.12195,0.24390
1691,8455,0.03467,-0.13721,0.99902,-0.36585,0.06098,0.12195
1692,8461,0.03467,-0.13623,1.00391,-0.18293,0.12195,0.18293
1693,8466,0.03174,-0.13770,0.99756,-0.36585,0.24390,0.24390
1694,8471,0.03711,-0.13916,0.99951,-0.36585,0.24390,0.30488
1695,8476,0.03223,-0.13721,1.00146,-0.36585,0.36585,0.24390
1696,8481,0.03271,-0.13867,1.00244,-0.42683,0.24390,0.24390
1697,8485,0.03223,-0.13867,1.00000,-0.48780,0.18293,0.42683
1698,8490,0.03564,-0.13770,0.99951,-0.30488,0.06098,0.30488
1699,8495,0.03271,-0.13574,1.00195,-0.30488,0.18293,0.24390
1700,8500,0.03711,-0.13672,1.00098,-0.42683,0.18293,0.24390
1701,8506,0.03271,-0.13916,1.00049,-0.24390,0.24390,0.24390
1702,8511,0.03223,-0.13574,0.99902,-0.24390,0.24390,0.24390
1703,8516,0.03613,-0.13721,0.99902,-0.42683,0.24390,0.24390
1704,8521,0.03809,-0.13867,1.00439,-0.54878,0.12195,0.36585
1705,8526,0.03369,-0.13721,0.99951,-0.30488,0.18293,0.24390
1706,8530,0.03564,-0.13623,0.99707,-0.36585,0.18293,0.36585
1707,8535,0.03369,-0.13574,1.00732,-0.30488,0.24390,0.30488
1708,8540,0.03369,-0.13574,1.00732,-0.30488,0.24390,0.30488
1709,8546,0.03174,-0.13818,1.00146,-0.42683,0.12195,0.36585
1710,8551,0.03418,-0.13916,1.00195,-0.42683,0.24390,0.36585
1711,8556,0.03613,-0.13721,0.99902,-0.30488,0.12195,0.36585
1712,8561,0.03125,-0.13623,1.00342,-0.36585,0.18293,0.36585
1713,8566,0.03320,-0.13672,1.00146,-0.36585,0.24390,0.30488
1714,8570,0.03320,-0.13672,1.00146,-0.36585,0.24390,0.30488
1715,8575,0.03760,-0.13672,1.00488,-0.48780,0.24390,0.24390
1716,8580,0.03564,-0.13770,1.00146,-0.48780,0.24390,0.18293
1717,8586,0.03320,-0.13428,1.00439,-0.30488,0.24390,0.24390
1718,8591,0.03662,-0.13770,1.00244,-0.36585,0.12195,0.30488
1719,8596,0.03418,-0.13721,1.00439,-0.36585,0.12195,0.30488
1720,8601,0.03418,-0.13721,1.00439,-0.36585,0.12195,0.30488
1721,8606,0.03076,-0.13525,1.00439,-0.30488,0.24390,0.24390
1722,8610,0.03369,-0.13525,0.99854,-0.42683,0.36585,0.24390
1723,8615,0.03320,-0.13672,1.00146,-0.30488,0.24390,0.30488
1724,8620,0.03223,-0.13818,1.00098,-0.30488,0.06098,0.30488
1725,8625,0.03369,-0.13770,1.00195,-0.36585,0.06098,0.24390
1726,8631,0.03564,-0.13770,0.99805,-0.36585,0.18293,0.30488
1727,8636,0.03564,-0.13770,0.99805,-0.36585,0.18293,0.30488
1728,8641,0.03711,-0.13770,1.00391,-0.42683,0.18293,0.24390
1729,8646,0.03467,-0.13477,1.00244,-0.54878,0.18293,0.24390
1730,8651,0.03369,-0.13818,1.00195,-0.36585,0.24390,0.24390
1731,8655,0.02930,-0.13672,1.00293,-0.30488,0.24390,0.18293
1732,8660,0.03271,-0.13867,1.00293,-0.24390,0.12195,0.36585
1733,8665,0.03711,-0.13721,1.00244,-0.42683,0.00000,0.24390
1734,8671,0.03857,-0.13574,1.00537,-0.36585,0.18293,0.18293
1735,8676,0.03271,-0.13818,1.00000,-0.30488,0.24390,0.36585
1736,8681,0.03711,-0.13721,1.00049,-0.30488,0.18293,0.30488
1737,8686,0.03076,-0.13721,1.00293,-0.42683,0.06098,0.24390
1738,8691,0.03125,-0.13330,1.00391,-0.42683,0.18293,0.36585
1739,8695,0.03174,-0.14111,0.99805,-0.24390,0.18293,0.42683
1740,8700,0.02881,-0.13525,0.99756,-0.36585,0.12195,0.24390
1741,8705,0.03516,-0.13477,1.00049,-0.30488,0.24390,0.24390
1742,8711,0.03320,-0.13623,0.99805,-0.30488,0.12195,0.18293
1743,8716,0.02930,-0.13721,1.00049,-0.30488,0.18293,0.24390
1744,8721,0.03271,-0.13721,1.00000,-0.24390,0.24390,0.42683
1745,8726,0.03955,-0.13623,1.00293,-0.36585,0.24390,0.24390
1746,8731,0.03223,-0.13574,1.00293,-0.42683,0.18293,0.42683
1747,8735,0.03467,-0.13770,1.00244,-0.42683,0.24390,0.36585
1748,8740,0.03613,-0.13477,1.00586,-0.36585,0.24390,0.18293
1749,8745,0.03369,-0.13623,1.00244,-0.54878,0.24390,0.30488
1750,8750,0.03320,-0.13623,0.99902,-0.48780,0.18293,0.30488
1751,8756,0.03418,-0.13525,1.00146,-0.30488,0.06098,0.18293
1752,8761,0.03223,-0.13721,0.99756,-0.30488,0.12195,0.24390
1753,8766,0.03467,-0.13379,1.00146,-0.36585,0.18293,0.24390
1754,8771,0.03369,-0.13721,1.00244,-0.18293,0.24390,0.30488
1755,8776,0.03564,-0.13770,0.99951,-0.24390,0.12195,0.18293
1756,8780,0.03125,-0.13672,1.00098,-0.36585,0.24390,0.30488
1757,8785,0.03320,-0.13770,1.00195,-0.30488,0.24390,0.30488
1758,8790,0.03516,-0.13574,1.00049,-0.24390,0.12195,0.18293
1759,8796,0.03125,-0.13770,1.00195,-0.36585,0.24390,0.24390
1760,8801,0.03174,-0.13623,1.00342,-0.36585,0.24390,0.18293
1761,8806,0.03369,-0.13818,1.00391,-0.42683,0.18293,0.18293
1762,8811,0.03223,-0.13965,1.00342,-0.30488,0.12195,0.18293
1763,8816,0.03516,-0.13721,1.00098,-0.36585,0.12195,0.30488
1764,8820,0.03320,-0.13916,1.00000,-0.60976,0.12195,0.30488
1765,8825,0.03320,-0.13916,1.00195,-0.48780,0.18293,0.18293
1766,8830,0.03467,-0.13525,1.00000,-0.36585,0.12195,0.36585
1767,8836,0.03223,-0.13525,0.99951,-0.36585,0.18293,0.24390
1768,8841,0.03369,-0.13721,0.99805,-0.48780,0.24390,0.18293
1769,8846,0.03467,-0.13867,1.00098,-0.42683,0.18293,0.30488
1770,8851,0.03467,-0.13477,0.99805,-0.42683,0.12195,0.36585
1771,8856,0.03467,-0.13379,0.99854,-0.24390,0.18293,0.24390
1772,8860,0.03271,-0.13574,1.00439,-0.18293,0.24390,0.24390
1773,8865,0.03223,-0.13721,1.00391,-0.30488,0.30488,0.12195
1774,8870,0.03516,-0.13867,1.00293,-0.36585,0.24390,0.30488
1775,8875,0.03369,-0.13672,1.00146,-0.30488,0.24390,0.30488
1776,8881,0.02930,-0.13672,1.00000,-0.36585,0.18293,0.36585
1777,8886,0.03076,-0.13818,1.00195,-0.36585,0.18293,0.24390
1778,8891,0.03125,-0.13770,1.00146,-0.30488,0.18293,0.24390
1779,8896,0.02979,-0.13770,0.99902,-0.42683,0.12195,0.24390
1780,8901,0.03076,-0.13867,1.00049,-0.42683,0.18293,0.36585
1781,8905,0.03467,-0.13525,1.00391,-0.30488,0.18293,0.36585
1782,8910,0.03418,-0.13770,1.00244,-0.36585,0.18293,0.36585
1783,8915,0.03320,-0.13574,1.00391,-0.36585,0.18293,0.24390
1784,8921,0.03369,-0.13721,1.00293,-0.24390,0.06098,0.30488
1785,8926,0.03662,-0.13672,1.00781,-0.36585,0.12195,0.36585
1786,8931,0.03320,-0.13525,1.00098,-0.48780,0.18293,0.36585
1787,8936,0.03027,-0.13574,1.00098,-0.48780,0.18293,0.30488
1788,8941,0.03320,-0.14014,0.99756,-0.30488,0.24390,0.24390
1789,8945,0.03369,-0.13770,0.99902,-0.36585,0.18293,0.30488
1790,8950,0.03320,-0.13623,1.00049,-0.30488,0.18293,0.36585
1791,8955,0.02979,-0.13525,1.00342,-0.36585,0.18293,0.18293
1792,8961,0.03174,-0.13721,1.00049,-0.18293,0.30488,0.30488
1793,8966,0.03223,-0.13818,0.99951,-0.36585,0.24390,0.36585
1794,8971,0.03564,-0.13818,1.00244,-0.36585,0.18293,0.30488
1795,8976,0.03418,-0.13867,1.00195,-0.30488,0.06098,0.30488
1796,8981,0.03369,-0.13965,1.00000,-0.30488,0.18293,0.24390
1797,8985,0.03662,-0.13867,1.00195,-0.42683,0.24390,0.24390
1798,8990,0.03271,-0.13623,1.00391,-0.42683,0.06098,0.36585
1799,8995,0.03271,-0.13525,1.00537,-0.42683,0.12195,0.36585
1800,9000,0.03369,-0.13672,1.00586,-0.54878,0.12195,0.24390
1801,9006,0.03467,-0.13721,1.00537,-0.36585,0.06098,0.30488
1802,9011,0.03467,-0.13770,1.00146,-0.48780,0.24390,0.42683
1803,9016,0.03711,-0.13721,1.00488,-0.42683,0.24390,0.30488
1804,9021,0.03369,-0.13574,1.00342,-0.18293,0.06098,0.30488
1805,9026,0.03076,-0.13867,1.00098,-0.42683,0.12195,0.24390
1806,9030,0.03369,-0.13818,1.00000,-0.42683,0.24390,0.30488
1807,9035,0.03564,-0.13232,0.99805,-0.30488,0.18293,0.24390
1808,9040,0.03271,-0.13525,1.00195,-0.24390,0.18293,0.30488
1809,9046,0.03125,-0.13623,1.00488,-0.36585,0.12195,0.24390
1810,9051,0.03418,-0.13770,0.99902,-0.36585,0.00000,0.24390
1811,9056,0.03418,-0.14014,0.99658,-0.36585,0.12195,0.18293
1812,9061,0.03418,-0.13672,1.00098,-0.48780,0.24390,0.24390
1813,9066,0.03516,-0.13916,1.00098,-0.36585,0.30488,0.24390
1814,9070,0.03809,-0.13477,1.00146,-0.36585,0.18293,0.24390
1815,9075,0.03369,-0.13672,0.99854,-0.42683,0.06098,0.36585
1816,9080,0.03369,-0.13672,1.00098,-0.36585,0.06098,0.24390
1817,9086,0.03418,-0.13721,1.00049,-0.30488,0.18293,0.30488
1818,9091,0.03174,-0.13867,0.99902,-0.36585,0.18293,0.30488
1819,9096,0.03467,-0.13818,1.00488,-0.42683,0.12195,0.30488
1820,9101,0.03516,-0.13623,1.00342,-0.30488,0.24390,0.18293
1821,9106,0.03271,-0.13672,1.00195,-0.30488,0.24390,0.30488
1822,9110,0.03320,-0.13916,1.00098,-0.30488,0.18293,0.30488
1823,9115,0.03174,-0.13770,1.00049,-0.36585,0.12195,0.30488
1824,9120,0.03418,-0.13916,0.99951,-0.42683,0.12195,0.30488
1825,9125,0.03369,-0.13818,0.99902,-0.30488,0.24390,0.30488
1826,9131,0.03125,-0.13818,0.99805,-0.42683,0.30488,0.24390
1827,9136,0.03662,-0.13916,1.00000,-0.36585,0.12195,0.36585
1828,9141,0.03320,-0.13965,1.00000,-0.24390,0.18293,0.24390
1829,9146,0.03516,-0.13672,1.00342,-0.36585,0.18293,0.18293
1830,9151,0.03564,-0.13721,1.00098,-0.30488,0.24390,0.36585
1831,9155,0.03320,-0.13721,1.00146,-0.36585,0.18293,0.30488
1832,9160,0.03418,-0.13623,1.00098,-0.36585,0.12195,0.30488
1833,9165,0.03271,-0.13770,0.99805,-0.24390,0.06098,0.30488
1834,9171,0.03125,-0.13916,1.00000,-0.30488,0.24390,0.24390
1835,9176,0.03320,-0.13965,1.00244,-0.36585,0.18293,0.24390
1836,9181,0.03613,-0.13770,1.00244,-0.36585,0.24390,0.24390
1837,9186,0.03467,-0.13623,1.00488,-0.36585,0.30488,0.24390
1838,9191,0.03369,-0.13574,0.99902,-0.30488,0.18293,0.24390
1839,9195,0.03418,-0.13818,0.99951,-0.30488,0.12195,0.24390
1840,9200,0.03564,-0.13623,1.00391,-0.24390,0.24390,0.30488
1841,9205,0.03418,-0.13770,1.00391,-0.36585,0.06098,0.36585
1842,9211,0.03467,-0.13965,1.00146,-0.36585,0.06098,0.30488
1843,9216,0.03076,-0.13721,1.00000,-0.42683,0.36585,0.24390
1844,9221,0.03271,-0.13818,0.99951,-0.36585,0.24390,0.30488
1845,9226,0.03564,-0.13867,0.99951,-0.24390,0.06098,0.24390
1846,9231,0.03174,-0.13965,1.00342,-0.36585,0.18293,0.24390
1847,9235,0.03223,-0.13770,0.99902,-0.36585,0.18293,0.36585
1848,9240,0.03223,-0.13770,0.99902,-0.36585,0.18293,0.36585
1849,9245,0.03223,-0.13623,0.99561,-0.36585,0.18293,0.30488
1850,9250,0.03320,-0.13867,1.00195,-0.48780,0.18293,0.24390
1851,9256,0.03125,-0.13818,1.00244,-0.36585,0.18293,0.30488
1852,9261,0.03369,-0.13770,0.99805,-0.36585,0.18293,0.36585
1853,9266,0.03320,-0.13721,1.00049,-0.36585,0.18293,0.24390
1854,9271,0.03320,-0.13721,1.00049,-0.36585,0.18293,0.24390
1855,9276,0.03320,-0.13672,1.00000,-0.42683,0.30488,0.30488
1856,9280,0.03320,-0.13965,0.99854,-0.36585,0.18293,0.36585
1857,9285,0.03760,-0.13574,1.00342,-0.42683,0.06098,0.30488
1858,9290,0.03662,-0.13965,1.00195,-0.42683,0.18293,0.24390
1859,9296,0.03418,-0.13672,1.00732,-0.48780,0.18293,0.18293
1860,9301,0.03418,-0.13574,1.00342,-0.54878,0.06098,0.24390
1861,9306,0.03418,-0.13574,1.00342,-0.54878,0.06098,0.24390
1862,9311,0.03613,-0.13721,1.00146,-0.48780,0.12195,0.30488
1863,9316,0.03125,-0.13721,1.00391,-0.30488,0.12195,0.24390
1864,9320,0.03467,-0.13721,1.00146,-0.30488,0.12195,0.24390
1865,9325,0.03467,-0.13818,0.99707,-0.24390,0.18293,0.30488
1866,9330,0.03320,-0.13574,1.00342,-0.36585,0.18293,0.18293
1867,9336,0.03027,-0.13623,1.00195,-0.42683,0.06098,0.30488
1868,9341,0.03369,-0.13770,1.00000,-0.36585,0.12195,0.36585
1869,9346,0.03516,-0.13623,1.00195,-0.36585,0.24390,0.30488
1870,9351,0.03174,-0.13623,1.00391,-0.48780,0.30488,0.18293
1871,9356,0.03271,-0.13672,0.99951,-0.36585,0.00000,0.18293
1872,9360,0.03564,-0.13623,1.00049,-0.36585,0.18293,0.36585
1873,9365,0.03467,-0.13818,1.00391,-0.24390,0.24390,0.42683
1874,9370,0.03662,-0.13867,1.00146,-0.36585,0.18293,0.30488
1875,9375,0.03467,-0.13623,1.00244,-0.36585,0.24390,0.30488
1876,9381,0.03320,-0.13672,1.00146,-0.24390,0.12195,0.36585
1877,9386,0.03418,-0.13525,1.00098,-0.30488,0.06098,0.24390
1878,9391,0.03467,-0.13525,1.00000,-0.48780,0.12195,0.18293
1879,9396,0.03711,-0.13770,1.00049,-0.36585,0.12195,0.24390
1880,9401,0.03027,-0.13916,1.00195,-0.24390,0.12195,0.24390
1881,9405,0.03467,-0.13867,1.00684,-0.42683,0.18293,0.24390
1882,9410,0.03369,-0.13672,1.00439,-0.48780,0.24390,0.30488
1883,9415,0.03223,-0.13477,1.00098,-0.36585,0.18293,0.18293
1884,9421,0.03516,-0.13818,1.00244,-0.30488,0.18293,0.24390
1885,9426,0.03564,-0.13721,1.00098,-0.30488,0.18293,0.30488
1886,9431,0.03662,-0.13574,1.00146,-0.48780,0.12195,0.42683
1887,9436,0.03076,-0.13818,1.00391,-0.24390,0.06098,0.30488
1888,9441,0.03516,-0.13672,1.00488,-0.36585,0.00000,0.24390
1889,9445,0.03613,-0.13770,0.99951,-0.30488,0.18293,0.24390
1890,9450,0.03271,-0.13574,1.00195,-0.30488,0.18293,0.24390
1891,9455,0.03564,-0.13721,1.00000,-0.36585,0.18293,0.24390
1892,9461,0.03223,-0.13721,0.99951,-0.42683,0.12195,0.30488
1893,9466,0.03174,-0.13916,1.00195,-0.30488,0.18293,0.24390
1894,9471,0.03760,-0.13867,1.00146,-0.18293,0.18293,0.30488
1895,9476,0.02979,-0.13770,0.99707,-0.42683,0.18293,0.24390
1896,9481,0.03369,-0.13721,1.00342,-0.36585,0.24390,0.30488
1897,9485,0.03857,-0.13623,1.00146,-0.42683,0.06098,0.18293
1898,9490,0.03369,-0.13672,1.00049,-0.24390,0.00000,0.24390
1899,9495,0.02979,-0.13477,1.00146,-0.24390,0.12195,0.24390
1900,9500,0.03320,-0.13672,1.00342,-0.36585,0.12195,0.12195
1901,9506,0.03662,-0.13818,1.00293,-0.36585,0.12195,0.24390
1902,9511,0.03271,-0.14160,0.99902,-0.48780,0.24390,0.36585
1903,9516,0.03271,-0.13477,1.00146,-0.48780,0.24390,0.30488
1904,9521,0.03271,-0.13525,1.00342,-0.48780,0.18293,0.30488
1905,9526,0.03076,-0.13428,0.99756,-0.36585,0.06098,0.18293
1906,9530,0.03467,-0.13623,1.00098,-0.30488,0.12195,0.12195
1907,9535,0.03613,-0.13818,1.00000,-0.48780,0.18293,0.30488
1908,9540,0.03076,-0.13623,1.00293,-0.24390,0.24390,0.30488
1909,9546,0.03467,-0.13477,1.00586,-0.24390,0.12195,0.24390
1910,9551,0.03027,-0.13672,1.00098,-0.36585,0.12195,0.36585
1911,9556,0.03174,-0.13623,1.00195,-0.48780,0.18293,0.24390
1912,9561,0.03467,-0.13770,1.00195,-0.54878,0.12195,0.24390
1913,9566,0.03467,-0.13818,0.99951,-0.30488,0.24390,0.24390
1914,9570,0.03564,-0.13818,1.00098,-0.36585,0.18293,0.24390
1915,9575,0.03320,-0.13916,1.00000,-0.48780,0.30488,0.24390
1916,9580,0.03369,-0.13525,1.00049,-0.42683,0.24390,0.30488
1917,9586,0.03467,-0.13623,1.00293,-0.42683,0.18293,0.30488
1918,9591,0.03418,-0.13818,1.00146,-0.36585,0.06098,0.30488
1919,9596,0.03418,-0.13721,0.99951,-0.36585,0.24390,0.24390
1920,9601,0.03125,-0.13721,0.99805,-0.42683,0.12195,0.18293
1921,9606,0.03418,-0.13916,0.99756,-0.42683,0.18293,0.30488
1922,9610,0.03369,-0.13574,1.00439,-0.54878,0.12195,0.30488
1923,9615,0.03320,-0.13818,1.00244,-0.48780,0.12195,0.30488
1924,9620,0.03320,-0.13672,1.00146,-0.36585,0.12195,0.24390
1925,9625,0.03516,-0.13672,1.00293,-0.36585,0.06098,0.24390
1926,9631,0.03613,-0.13672,1.00928,-0.18293,0.24390,0.30488
1927,9636,0.03418,-0.13721,1.00391,-0.36585,0.24390,0.24390
1928,9641,0.03369,-0.13965,1.00488,-0.36585,0.12195,0.18293
1929,9646,0.03467,-0.13818,0.99902,-0.36585,0.18293,0.30488
1930,9651,0.03271,-0.13867,0.99951,-0.36585,0.18293,0.24390
1931,9655,0.03174,-0.13477,1.00293,-0.30488,0.06098,0.18293
1932,9660,0.03467,-0.13623,1.00488,-0.36585,0.06098,0.30488
1933,9665,0.03516,-0.13623,1.00293,-0.30488,0.24390,0.30488
1934,9671,0.03516,-0.13477,1.00586,-0.48780,0.18293,0.36585
1935,9676,0.03467,-0.13818,1.00391,-0.48780,0.12195,0.24390
1936,9681,0.03320,-0.13867,1.00342,-0.30488,0.12195,0.18293
1937,9686,0.03564,-0.14111,1.00488,-0.24390,0.12195,0.36585
1938,9691,0.02881,-0.13818,1.00439,-0.30488,0.12195,0.30488
1939,9695,0.03125,-0.13818,1.00391,-0.36585,0.18293,0.36585
1940,9700,0.03320,-0.13721,1.00146,-0.42683,0.30488,0.30488
1941,9705,0.03369,-0.13916,0.99854,-0.30488,0.18293,0.24390
1942,9711,0.03320,-0.13672,0.99805,-0.30488,0.18293,0.30488
1943,9716,0.03223,-0.13672,1.00146,-0.42683,0.12195,0.30488
1944,9721,0.03662,-0.13428,1.00146,-0.42683,0.12195,0.24390
1945,9726,0.03711,-0.13623,1.00146,-0.36585,0.06098,0.30488
1946,9731,0.03320,-0.13623,0.99951,-0.42683,0.12195,0.30488
1947,9735,0.03223,-0.13818,1.00244,-0.42683,0.18293,0.12195
1948,9740,0.03467,-0.13525,1.00244,-0.36585,0.06098,0.18293
1949,9745,0.03174,-0.13574,0.99658,-0.30488,0.12195,0.18293
1950,9750,0.03174,-0.13965,0.99854,-0.42683,0.18293,0.24390
1951,9756,0.03320,-0.13623,1.00146,-0.48780,0.18293,0.24390
1952,9761,0.03467,-0.13525,1.00195,-0.36585,0.24390,0.30488
1953,9766,0.03564,-0.13672,1.00391,-0.54878,0.12195,0.30488
1954,9771,0.03711,-0.13818,1.00439,-0.24390,0.18293,0.30488
1955,9776,0.03320,-0.13867,1.00342,-0.30488,0.18293,0.36585
1956,9780,0.03223,-0.13721,1.00342,-0.30488,0.18293,0.30488
1957,9785,0.03174,-0.13770,1.00342,-0.42683,0.24390,0.30488
1958,9790,0.03369,-0.13867,0.99707,-0.48780,0.18293,0.30488
1959,9796,0.03467,-0.13916,1.00391,-0.42683,0.18293,0.30488
1960,9801,0.02881,-0.13672,1.00195,-0.42683,0.24390,0.18293
1961,9806,0.03271,-0.13477,1.00146,-0.36585,0.06098,0.24390
1962,9811,0.03271,-0.13672,1.00000,-0.30488,0.12195,0.18293
1963,9816,0.03174,-0.13623,1.00244,-0.48780,0.12195,0.30488
1964,9820,0.03174,-0.13818,1.00098,-0.42683,0.12195,0.36585
1965,9825,0.03662,-0.13721,1.00049,-0.42683,0.18293,0.36585
1966,9830,0.03467,-0.13721,1.00391,-0.54878,0.06098,0.30488
1967,9836,0.03320,-0.13770,0.99902,-0.42683,0.12195,0.18293
1968,9841,0.03223,-0.13672,1.00000,-0.18293,0.24390,0.24390
1969,9846,0.03271,-0.13770,1.00244,-0.30488,0.30488,0.30488
1970,9851,0.03174,-0.13721,1.00195,-0.48780,0.18293,0.30488
1971,9856,0.03125,-0.13721,1.00488,-0.48780,0.12195,0.30488
1972,9860,0.03467,-0.13770,1.00000,-0.30488,0.12195,0.30488
1973,9865,0.03516,-0.13477,0.99902,-0.30488,0.12195,0.24390
1974,9870,0.03467,-0.13623,1.00244,-0.36585,0.06098,0.36585
1975,9875,0.03223,-0.13721,1.00000,-0.30488,0.12195,0.18293
1976,9881,0.03418,-0.13818,1.00244,-0.36585,0.12195,0.18293
1977,9886,0.03223,-0.13672,1.00195,-0.42683,0.18293,0.42683
1978,9891,0.03613,-0.13770,1.00293,-0.30488,0.12195,0.24390
1979,9896,0.03125,-0.13623,0.99902,-0.30488,0.24390,0.24390
1980,9901,0.03174,-0.13428,1.00342,-0.36585,0.24390,0.30488
1981,9905,0.03027,-0.13770,1.00293,-0.36585,0.18293,0.30488
1982,9910,0.03027,-0.13770,1.00293,-0.36585,0.18293,0.30488
1983,9915,0.03516,-0.13721,1.00439,-0.24390,0.18293,0.24390
1984,9921,0.03174,-0.13770,0.99951,-0.36585,0.12195,0.30488
1985,9926,0.03564,-0.13721,1.00098,-0.36585,0.24390,0.30488
1986,9931,0.03613,-0.13721,1.00342,-0.60976,0.30488,0.24390
1987,9936,0.03271,-0.13916,1.00391,-0.48780,0.18293,0.18293
1988,9941,0.03271,-0.13916,1.00391,-0.48780,0.18293,0.18293
1989,9945,0.03369,-0.13477,1.00146,-0.48780,0.18293,0.30488
1990,9950,0.03467,-0.13525,0.99902,-0.42683,0.12195,0.42683
1991,9955,0.03320,-0.13916,0.99854,-0.36585,0.24390,0.30488
1992,9961,0.03174,-0.13818,1.00244,-0.36585,0.24390,0.24390
1993,9966,0.03174,-0.13770,1.00000,-0.42683,0.18293,0.30488
1994,9971,0.03271,-0.13818,0.99951,-0.30488,0.24390,0.24390
1995,9976,0.03271,-0.13818,0.99951,-0.30488,0.24390,0.24390
1996,9981,0.03174,-0.13770,0.99951,-0.24390,0.18293,0.24390
1997,9985,0.03369,-0.13477,1.00342,-0.48780,0.18293,0.36585
1998,9990,0.03369,-0.13721,0.99805,-0.36585,0.06098,0.30488
1999,9995,0.03418,-0.13721,1.00244,-0.18293,0.18293,0.30488
2000,10000,0.03467,-0.13770,1.00195,-0.36585,0.12195,0.30488
2001,10006,0.03760,-0.13623,1.00098,-0.30488,0.18293,0.30488
2002,10011,0.03418,-0.13721,0.99854,-0.18293,0.30488,0.18293
2003,10016,0.03223,-0.13623,0.99561,-0.30488,0.36585,0.18293
2004,10021,0.02734,-0.13525,1.00244,-0.42683,0.30488,0.42683
2005,10026,0.03271,-0.13770,1.00342,-0.36585,0.18293,0.30488
2006,10030,0.03271,-0.13770,1.00293,-0.48780,0.24390,0.24390
2007,10035,0.03516,-0.14014,1.00244,-0.36585,0.24390,0.30488
2008,10040,0.03174,-0.13965,1.00195,-0.42683,0.24390,0.24390
2009,10046,0.03271,-0.13672,1.00000,-0.30488,0.12195,0.24390
2010,10051,0.03418,-0.13574,0.99951,-0.30488,0.12195,0.36585
2011,10056,0.03174,-0.13525,0.99902,-0.48780,0.24390,0.36585
2012,10061,0.02930,-0.13770,1.00000,-0.30488,0.24390,0.42683
