time_s,acc_x_mps2,acc_y_mps2,acc_z_mps2,gyr_x_radps,gyr_y_radps,gyr_z_radps,acc_norm_mps2,gyr_norm_radps
0.0,-5.223626348343617,0.1854551900752397,8.34882896837967,0.0001600655629055955,-0.003190269170504345,0.0005626022665544497,9.85005639567059,0.003243448731679132
0.0048828125,-5.161235579969807,0.1228274095261115,8.372753493191407,0.0002180025554967264,0.0012037297129302408,-0.0058611124970651355,9.83648516199898,0.0059874143032904725
0.009765625,-5.190074310631302,0.14211127662389372,8.34436715100504,0.00527331031130797,-0.004359233206009966,0.0005525517502949156,9.827793756260386,0.006864111684732472
0.0146484375,-5.141932898205901,0.1468376658893266,8.382191206674364,0.002271023400012367,5.4877123436426916e-05,0.0016169054236369197,9.834742734562251,0.002788358285993189
0.01953125,-5.170760183343081,0.17093041125999106,8.353794383288763,0.006278154739232445,-0.005464117083634492,-0.0005164994761628059,9.826080534852467,0.008338979202653618
0.0244140625,-5.190103203355826,0.12768559130376064,8.349101673992992,-0.0018423279643837657,0.00012666526488629403,-0.001577720316901094,9.831631280432743,0.0024288717166704448
0.029296875,-5.185267342502336,0.12768133029677356,8.37263806111893,0.007434936612525427,0.0021725770806927955,-0.0005382983244291094,9.849079552822435,0.00776454368845368
0.0341796875,-5.170786979183987,0.1276637997832435,8.419731825545458,0.0032283475521414084,-0.003221106743167562,-0.0037215214565547976,9.881559595730666,0.005886210879665687
0.0390625,-5.19012176621097,0.10845482570480042,8.372658995741208,0.007400595847601638,-1.702986700648002e-05,0.0005360173671043949,9.851423504056747,0.007420001585831797
0.0439453125,-5.156237808293489,0.2045683821670405,8.367893223588865,0.006333713656520403,-0.002185117552174104,-0.0005253027464175934,9.831087099606133,0.006720610863233064
0.048828125,-5.204485577402539,0.12772021279053877,8.38666333859111,0.005297570769529241,-0.003273040921983384,0.0026864687914164883,9.871124785606474,0.006781899992067359
0.0537109375,-5.165879656047262,0.18054770479282367,8.396122125577271,0.004400394659604912,0.005511448638104569,-0.004814509693051912,9.859704703594177,0.008539264771350924
0.05859375,-5.209292545531506,0.14215015911765888,8.358392428477217,0.00018420966153408742,-0.00210419696365727,0.0026972257270648833,9.849855810167607,0.003425872835352717
0.0634765625,-5.1804292503389755,0.14690498639320537,8.35850788832588,0.004323955701044152,2.4611097723213482e-05,0.0016125001447521682,9.834789393372935,0.004614905776670758
0.068359375,-5.185295119571925,0.12286960352834995,8.358539304147389,-0.00178111340669174,0.0033987115253231188,0.0005512716285574529,9.837050458115193,0.003876532652811484
0.0732421875,-5.180399241959516,0.17094463026504786,8.334940085378435,-0.0038368560639190676,0.0034323003258111186,-0.0005120550001602001,9.815140579714559,0.005173427326732704
0.078125,-5.190070540265281,0.1276912882948433,8.37732015033454,-0.002940269847447682,-0.0042339152659536155,-0.000496113323398335,9.85558877892321,0.00517854744930839
0.0830078125,-5.166009885008228,0.13726305284431428,8.372701059419065,0.005328998738184962,-0.0010800124657335765,0.0005435998428784147,9.83913727458236,0.0054644446439591895
0.087890625,-5.165998997311379,0.13726495184134185,8.38210721819958,0.003204174161623337,-0.004307202613017253,-0.005855452233338216,9.847137082656038,0.007943868532679954
0.0927734375,-5.161255124053633,0.14205152863547527,8.316274615711386,0.005251772933786774,-0.005448965845476524,-0.000512981240957578,9.788725993523524,0.0075852157178816874
0.09765625,-5.194818607290264,0.18058656381393898,8.32074691428525,-0.005910890646380374,0.0023731744220391975,-0.0015725065831315261,9.810890942277709,0.006560744014582497
0.1025390625,-5.252477640184363,0.19031622034843015,8.339286387352027,0.006361055778119907,-0.001102372652924258,0.0026793943743299996,9.857405291182829,0.006989807600460772
0.107421875,-5.26220993647773,0.1374384753428646,8.348765858974792,0.0012000115442950589,-0.0021047120532661193,-0.0015795974942503688,9.869733234391527,0.002892225575131915
0.1123046875,-5.137317022599252,0.1275675078383695,8.255270978108973,0.0052810499895437815,-0.004370586950032084,0.0037603710580436946,9.724083431447532,0.00781868977348659
0.1171875,-5.185254781323084,0.1421041671213653,8.353794299960205,0.005339476440289872,2.3860499445673826e-05,-0.002664735409512982,9.833256833195946,0.005967528197047478
0.1220703125,-5.228447127733022,0.12777949776602524,8.457104578571732,0.002330251961259578,0.0033313479799815036,0.0026764165294869695,9.943621313206169,0.004867356469993957
0.126953125,-5.233434300687454,0.1373711313663359,8.283048688559076,0.00433731209325741,0.0011249194152581474,-0.0005255904506731989,9.798806099948354,0.004511536900766807
0.1318359375,-5.199653486915071,0.14213594011260208,8.377246726387549,0.0012581507019185706,0.00117065040803323,-0.0005201491273970226,9.8607738907365,0.0017955279672838415
0.13671875,-5.1949619552579485,0.11807209576498315,8.325586249265514,0.004238862396475512,-0.004333155747013458,-0.002650388836721033,9.814120293247624,0.0066157958047347075
0.1416015625,-5.1226857705811755,0.16122446871569449,8.363431406214234,0.0021724326274034384,-0.0054035269627316675,-0.0005066201312240746,9.808918784447046,0.005845872998529529
0.146484375,-5.142076804001054,0.07951621856451606,8.396447181634377,0.00635278901030394,-0.0010913094945907453,-0.0005280246808160325,9.846197335074915,0.006467433392465151
0.1513671875,-5.209313763097735,0.14695334039945848,8.330163470936437,-0.002905873694624572,-0.002044366857369548,-0.0015692400909999636,9.825994535881742,0.0038840767551406186
0.15625,-5.228443222940749,0.16142835269700825,8.3911880987135,-0.0028843918088988308,-0.0009546362620319313,-0.0005045768203769308,9.888109796951113,0.0030798773137400556
0.1611328125,-5.199601703141915,0.16617938197849966,8.372491241001132,-0.000776117171680821,0.0022939429196248643,-0.0005177506332926816,9.857082886886552,0.002476408225828257
0.166015625,-5.190070963666496,0.17095315227902202,8.287867311126554,0.002252447246898431,-0.0010384449691734994,0.0016218784977163846,9.780327507553533,0.0029635074515541255
0.1708984375,-5.180482149767066,0.11324758597559834,8.38209665367179,0.00015472246114529324,-0.0031827603950327103,-0.0015753873401958076,9.854428681119993,0.0035546797385729214
0.17578125,-5.214031956169511,0.17581941653036323,8.348891911127433,0.003292201894329595,4.697969020455466e-05,-0.0005220660453753888,9.844848289886189,0.0033336696537079056
0.1806640625,-5.223824134795543,0.12293122704114608,8.306637509457358,0.00019469598023097426,-0.0010003440865174649,-0.0005102765990715937,9.81344370704689,0.0011397267320321276
0.185546875,-5.185326667007535,0.13247786508897674,8.311487547846346,0.002268487258394495,5.850949471950626e-05,0.000550115695679348,9.797243912770718,0.002334970038587921
0.1904296875,-5.218807376862866,0.18064110129685657,8.367672757314583,0.0012793976921462303,0.002259967426308147,0.000545926187865375,9.86339338249168,0.0026537420042724936
0.1953125,-5.218896151920056,0.16620497149307195,8.320673407009698,0.003297663216497294,3.974596378617146e-05,0.0016160479094318389,9.82334500479309,0.0036725703909735465
0.2001953125,-5.161154903472127,0.16129653671214217,8.363263484817042,9.636148467439508e-05,-0.007577091501857042,0.004847782677712934,9.828922251542323,0.008995698864100355
0.205078125,-5.199711137937867,0.16135341273236936,8.287846293175718,-0.0007866760975732541,0.001189763322280423,0.0026929840323912666,9.785265812490838,0.003047385608066554
0.2099609375,-5.175665832997403,0.13246744407797506,8.349154163317708,-0.0007521340200209259,0.0033797803252668627,0.001617479316267551,9.824125390152686,0.0038216305380932842
0.21484375,-5.194890627400966,0.12289141852151698,8.377309641359123,0.003279219938202961,-0.0010529847839112142,0.0016176384128598845,9.85805801152606,0.0038051037296000516
0.2197265625,-5.214145295757737,0.1373445923532499,8.33016344316025,0.00430011264789502,-0.0010611362298293555,-0.0005212786783719042,9.828417863119407,0.0044596760356968015
0.224609375,-5.161160347320552,0.16129558721362838,8.358560405426783,0.00014394319027084127,-0.004287097856824712,0.0016335716547215323,9.824923635752949,0.004590041832829635
0.2294921875,-5.252497876521909,0.15666451692190578,8.391093629039485,0.00025609645116916516,0.002271960584939417,0.0016170529110330818,9.900693410314076,0.0028004018298987492
0.234375,-5.175555148120264,0.1949762151358482,8.316096351995894,0.00023129568791689666,0.0011851728958557895,-0.0005166812209115109,9.797032476795321,0.0013134275664697913
0.2392578125,-5.161079247421656,0.15650285041548034,8.4385232362604,0.003230927900182602,-0.003224846528986959,-0.0026534613861493098,9.892922043019512,0.005280093518062252
0.244140625,-5.199667029323005,0.1661679879963343,8.316054288318036,0.00018397054432012802,-0.002104550010663455,0.0026979553058247762,9.809225654572142,0.00342665124294683
0.2490234375,-5.185253665668149,0.15171812567307472,8.33496102000071,0.004292192684645484,-0.002168824793670732,0.003755896652562925,9.817405419555312,0.006101924179510794
0.25390625,-5.156487936346038,0.11319399799119452,8.339873890032713,0.0012366288314853814,8.096669717541653e-05,-0.0015854002745884985,9.80590012291135,0.002012287380961696
0.2587890625,-5.194857406482953,0.12770409478845438,8.396111477720922,-0.0029188954584889264,-0.0031443467738344407,0.0005694721217626117,9.874084248973853,0.004327951689792198
0.263671875,-5.2815736162292355,0.10380381594428847,8.306427552158494,0.003351311111705959,0.003323182472035474,0.0005402150012443689,9.843908460317534,0.004750437891127205
0.2685546875,-5.238189619469516,0.12777567629932024,8.348891772246501,-0.0038866139701864565,0.00014649300709406363,0.0016338679548987133,9.856924009936227,0.004218619780025322
0.2734375,-5.166060976527664,0.1660954335143048,8.269170425638,-0.003911394689136935,-0.0009402878326073895,-0.0004997318404128643,9.751664126418753,0.004053749071499192
0.2783203125,-5.223694463662046,0.16140889971380074,8.33947521559531,0.0022736243235364937,0.001169736316684282,-0.0047966766683310786,9.8417418963377,0.005435600948897797
0.283203125,-5.161194683893499,0.14686895239498154,8.358591849024476,0.001228858529832306,-0.0010265965241261453,0.002691569189114986,9.824742172332389,0.0031318586190124554
0.2880859375,-5.247763351904861,0.12780128928654239,8.386474427019266,0.006308340834529081,-0.004384671242969179,0.0037556001310372336,9.893851963830222,0.008551317929872262
0.29296875,-5.1948268402760265,0.1565507179361516,8.36312703479373,-0.002916355722341495,-0.0031482398757364336,0.0016387318988143763,9.846452550428316,0.00459368993844847
0.2978515625,-5.166132438810898,0.11320726749773756,8.316316512732126,0.0033533155995168497,0.0033189548020706194,0.0016079141635330356,9.790958104327153,0.004984533523354097
0.302734375,-5.228622446537532,0.11813515526187487,8.32543931804297,0.003236725438266964,-0.003231921736681807,-0.0005129162011528338,9.8318557984625,0.0046026940702338535
0.3076171875,-5.204538900231846,0.13732467635711038,8.320799264729034,0.0012608151680169385,0.0011668792332707877,0.0005498543276266656,9.81538504770334,0.0018037743247285604
0.3125,-5.233408754927735,0.12295494103134066,8.334814005449608,0.001252907440714724,0.0011779712918538478,-0.002656296638873352,9.842398570425669,0.0031643807060971678
0.3173828125,-5.209293661186441,0.13253620056594942,8.377225708436713,0.0022021063376741336,-0.0032059093029191453,-0.003717786437125138,9.86570914141658,0.005380433325768449
0.322265625,-5.175574268802874,0.17093847026103326,8.349070313723857,0.0012474137690338181,6.637715763618844e-05,0.002688994169322862,9.824599944833102,0.002964985106351019
0.3271484375,-5.146769874714328,0.1372279683446042,8.37748809950792,0.0023164256010804254,0.0022302748351500953,0.004817735583095321,9.83312658903361,0.00579228189526955
0.33203125,-5.19957559955473,0.15657017091935913,8.414839917911918,0.0022605022342670517,6.966157006436729e-05,-0.0026583169354311613,9.892908140581843,0.0034901822323010995
0.3369140625,-5.209190651467597,0.17581610502188993,8.37713137764363,0.0001786590222770703,-0.0020971101640463842,0.0005592098793829841,9.86625099338264,0.0021777295000957263
0.341796875,-5.21881128165514,0.14699224636587352,8.433589237172814,-0.0008632909620746524,-0.0031781568895137145,0.0016322208624878654,9.918821771530114,0.0036756084453466883
0.3466796875,-5.204475805360626,0.11810815323585686,8.41490277733112,-0.0008102567625042518,0.00010466524955388307,0.0005558016380538322,9.895004128163864,0.00098812261208383
0.3515625,-5.194929715568619,0.1613396567402445,8.264351886399078,0.004376839788801502,0.0033070453668596713,0.0005376700018599445,9.762829371486676,0.005512020013226011
0.3564453125,-5.156359804268693,0.18531957609631847,8.30209203692218,-0.000920313711181966,-0.005340156147272162,-0.005840960588158153,9.774820815027201,0.007967500586548772
0.361328125,-5.132322174486523,0.13720474083999146,8.396363387592897,0.005368736539919293,0.0011024411262867417,0.0016060998281720114,9.841670294220668,0.005711240244469421
0.3662109375,-5.199820149332602,0.11326557950206038,8.292654184558293,0.0002743562733957244,0.0033646046007356593,0.0016164020648905943,9.788721678624714,0.003742805247327963
0.37109375,-5.1372293631969965,0.1323896790904447,8.321103608373353,0.002369316683229949,0.005512838704178896,0.0037420351547067807,9.780052035572567,0.007071624935104096
0.3759765625,-5.195057847645965,0.08921407863512058,8.302133739509614,-0.002918914161456776,-0.00314450156756363,0.0005717645690875028,9.79397824282444,0.004328378993668051
0.380859375,-5.161275360391179,0.10839982520895088,8.368081857398844,0.0002770107084945841,0.0033611243684327544,0.002683230975303297,9.83236023750219,0.004309712336052168
0.3857421875,-5.180468472932881,0.1372843813518995,8.344419612553569,0.0021805399144971716,-0.004295687543387814,-0.00478324391575648,9.822700202631829,0.006788748643656941
0.390625,-5.190023084685614,0.16134773921393658,8.349028305598372,0.002260298599178802,6.932391221966814e-05,-0.0026569583737756264,9.832021478831393,0.0034890089369664155
0.3955078125,-5.228586994309648,0.14217574863223117,8.306574594485783,0.0012368807561846434,8.105563276841124e-05,-0.001584380423513424,9.816186499568953,0.002011642450097919
0.400390625,-5.151672177403843,0.1276068768177165,8.31634803965838,0.009495539911559768,0.002130997239679818,0.0026636669660793444,9.78353997565185,0.010089675374050932
0.4052734375,-5.190088968694172,0.15652936595591652,8.302007992895023,-0.0008583103006907124,-0.0031860848957461535,0.003772282715182617,9.792081579493725,0.005011781162265477
0.41015625,-5.214121846881636,0.15176932817486913,8.32072584078204,-0.001879510172752705,-0.0020595938551826102,-0.0015716150554901899,9.820620096539782,0.0032006966773548387
0.4150390625,-5.1804733589538365,0.14209041112924048,8.330299893183563,-0.003924231274647074,-0.002040106822956264,0.0016392970869132026,9.810779286995473,0.0047168762846987
0.419921875,-5.180450467905205,0.151708167675005,8.3302789307851,0.0001970822178280688,-0.0010042431612433797,0.0005574638038229585,9.810893409024517,0.001165380461506408
0.4248046875,-5.165986436132128,0.15168778866593355,8.363263457040855,-0.00282085406152906,0.002313382766827238,0.002693603237256363,9.831307171246682,0.004534804942007561
0.4296875,-5.219032382556914,0.11811239077019406,8.30196590144098,-0.0018313115003773099,0.00011228246521573611,0.002698368379260835,9.80687959422975,0.003263050884311163
0.4345703125,-5.218868932677935,0.16620971898564085,8.344188803960987,-0.0008930200869857465,-0.004257283692258914,-0.002638003473536339,9.84325684940224,0.0050873383648548
0.439453125,-5.20925765113109,0.16138377321216044,8.348944344899776,0.00023170208467326175,0.001185669948982276,-0.0005169935899019946,9.842117743268364,0.0013140705673445852
0.4443359375,-5.247762794077393,0.1326082685623971,8.37705778703952,-0.003854795111862381,0.002339969587861614,-0.0005095952066908617,9.885934273663443,0.004538126298511056
0.44921875,-5.252644994855615,0.10857003720200034,8.362979964690254,0.004292359046329458,-0.0010498379978599764,-0.0037276978539294296,9.876310079415813,0.005781196873878891
0.4541015625,-5.16604310592624,0.13245037657737688,8.353899223057264,-0.0008238062355160721,-0.000996132050967038,0.0026969569598334136,9.823094049409294,0.0029907378052635857
0.458984375,-5.209342097994792,0.13733463435518012,8.325481353944642,0.004342693692244035,0.0011177575197998785,0.001610730579891275,9.821901326658407,0.004764747986905729
0.4638671875,-5.1853261091800675,0.13728484436483143,8.302070907866598,0.001266109210642232,0.0011595015007320995,0.002687551072664485,9.789322517226699,0.003189107560376901
0.46875,-5.233307976518762,0.14700692838386226,8.372386234575513,0.007315458271155088,-0.004374892984938778,-0.003727801518015342,9.874511363859849,0.009303339320071874
0.4736328125,-5.209228758406566,0.1758094585322935,8.344209821911823,0.00014094888335263258,-0.0031651032890890334,-0.0069182538518671975,9.838333739775713,0.007609203754480221
0.478515625,-5.233340081781839,0.1518082106686343,8.33475111825422,0.0022206769108034288,-0.002112987664621654,-0.0037195476073522194,9.84271153431059,0.004819871078813038
0.4833984375,-5.247870689817193,0.09413439388379755,8.363032398462597,0.0001737595985683717,-0.00208930096104749,-0.0015771642706151345,9.873667958711662,0.0026235125386461517
0.48828125,-5.214060291066567,0.16620071048608487,8.344209794135637,-0.007995141693204954,0.00021048499003340754,0.0005752294782022062,9.84072581081255,0.008018571168110085
0.4931640625,-5.204488232113625,0.15175415967129854,8.334877059302114,0.006341856495003937,-0.0010772223548393305,-0.004801510350255966,9.827507449850517,0.008027082499177668
0.498046875,-5.156357149557606,0.16128562921555864,8.353878316211173,-0.00485240571029237,0.0034330861007454195,0.0037648304623228803,9.818417134653044,0.00703604077322209
0.5029296875,-5.170657731451705,0.20940333644007686,8.36311669247543,0.0012472510267051936,6.619107228931278e-05,0.0026884294521254504,9.834697348932233,0.0029644003273383165
0.5078125,-5.19969969241355,0.16616229100525165,8.287835811976487,-0.0017922334920697585,0.0034126697475715478,-0.003722148416179039,9.785331330339185,0.0053584330291747365
0.5126953125,-5.213937179436429,0.19506347510851632,8.391177700842828,-0.0018423833138415393,0.00012658069951370832,-0.001578888005334005,9.881045181434645,0.0024296679365704904
0.517578125,-5.218938721478767,0.12774249079663774,8.363084971115871,0.00022648160581545772,0.0011931676177192106,-0.0026544531150202943,9.85874382244561,0.0029190861963271017
0.5224609375,-5.22377248544864,0.09890582564701025,8.400751503258675,0.005406156112665175,0.004407574716001581,-0.0058823207384409975,9.892937236310562,0.009124414285943865
0.52734375,-5.194884067897607,0.13250632657174022,8.363179440789885,-0.002884528212793399,-0.0009547631885936125,-0.0005040047376210852,9.846174321244193,0.0030799507353590936
0.5322265625,-5.170946524270692,0.11321532649877974,8.31159244316722,0.000154529938268953,-0.003183089566285733,-0.0015738973948547022,9.789487964563612,0.0035543060783152767
0.537109375,-5.185169776631915,0.1709602852542003,8.36784065093559,0.007301918218891282,-0.005475572499765671,-0.0015880052220998155,9.845606644137344,0.00926399829776446
0.5419921875,-5.223921700665964,0.07965227208371936,8.3114349196407,0.0012267041341911368,-0.0010224722587016146,0.001624693065163528,9.817110208333187,0.0022781308365953145
0.546875,-5.180447120940399,0.18055004333013333,8.273779090906617,0.0053418573403266455,1.9702331310344853e-05,-0.0015945279104716819,9.763454877046838,0.005574795716753567
0.5517578125,-5.209208098667804,0.16619929797463914,8.38185541943235,0.0022631803081972625,6.592745652472099e-05,-0.0015888836392912516,9.87010493835506,0.0027660229131630646
0.556640625,-5.2285340948815575,0.17583314904983818,8.282985829139873,0.006318244337045042,-0.0032815789543549695,0.000548628417779217,9.796751518915627,0.007140725808841992
0.5615234375,-5.185336015648232,0.0988280606594799,8.37270094831432,0.005246760346365136,-0.005441170854536692,-0.0026512232629527445,9.848837380658486,0.008010232155841112
0.56640625,-5.185237891950345,0.14691399489276133,8.35848689815123,-0.0018505882881107818,0.00013737161357416065,-0.004784179603330793,9.837305471752861,0.0051314639674497516
0.5712890625,-5.165984897075977,0.1180398832334643,8.433883016289343,-0.002876338610893485,-0.0009653589547014311,0.0027004517753116937,9.890991664302659,0.0040617338054977185
0.576171875,-5.21407508355569,0.13254995655807428,8.400720115213353,0.0012954957949538179,0.003357013092205368,-0.000525987639413964,9.88818724145584,0.0036365518355713764
0.5810546875,-5.132284490948769,0.18047325131376662,8.339832104116718,0.0011564105807116407,-0.004284616253129961,-0.003712412705273653,9.794167356918551,0.005785951085348415
0.5859375,-5.185208999225821,0.16133968021289438,8.353752375163278,0.003337439030609318,0.0022222637140138124,0.0026783689339509235,9.833493865539845,0.004821889198645105
0.5908203125,-5.204353117131704,0.190232781842467,8.372417844830325,0.0032205053089206454,-0.004328939588599156,0.000556913998980403,9.859962497267384,0.005424161281598053
0.595703125,-5.156481934670147,0.11800192676556304,8.335160329443225,0.003300236739497041,3.614084905052753e-05,0.002684318623229848,9.801945118945731,0.004254225566271109
0.6005859375,-5.156419821027611,0.13724028835263347,8.349227642817073,0.0034008106221720957,0.00660891087258544,-0.0016073258993056067,9.81412769934314,0.0076043877042293925
0.60546875,-5.228494448886437,0.14219189010696542,8.386526944120169,-0.003764723685968038,0.007808800903988086,-0.001592359300535907,9.883886225574535,0.008813973231852769
0.6103515625,-5.204578680653218,0.12289709203994979,8.316127628936469,-0.0018712877575072437,-0.0020703037788336516,0.0016347039884116049,9.811254847322148,0.0032342128467029185
0.615234375,-5.1851512137767735,0.19019105085316051,8.344283329187375,0.0032597572064007774,-0.0010283375398900756,-0.005863013096677295,9.825936597765615,0.00678663522759537
0.6201171875,-5.199606031335404,0.17579239103169533,8.34895488165138,0.0012770171866777107,0.001145143187434775,0.006961198784998143,9.837268597618678,0.007169408227954254
0.625,-5.233357528982046,0.14219140362138358,8.339475160042939,-0.0018366990818077954,0.00011957380100343878,0.0005600872754688722,9.846577850521982,0.0019239176612168602
0.6298828125,-5.223797473380889,0.11812899525786023,8.339569546388395,-0.0008447342776430625,-0.002085270568854246,0.0016317534233512329,9.841261845996678,0.0027793072121975516
0.634765625,-5.238247962746031,0.09411732638319939,8.367777458202152,-0.002932162491089857,-0.003126035457780326,-0.004772949910132351,9.87257815265772,0.006414883116790714
0.6396484375,-5.2283135518072505,0.19990602536966295,8.424025804851455,-0.003934420381008975,-0.0031436787499881805,0.004846046445647255,9.91662421269424,0.00698903040278095
0.64453125,-5.218922947760962,0.12293836001632434,8.386610849266393,-0.006915442122127285,0.0034785428843159237,-0.0005049120254546676,9.878639183210522,0.007757482613320252
0.6494140625,-5.1515871727126745,0.15646299495055152,8.330394390633764,0.00022589221082690487,0.0011925197622778803,-0.002654329029855177,9.795856357172104,0.0029186629255649726
0.654296875,-5.180526816209396,0.10362603143577867,8.363305298509221,-0.0018712628296712185,-0.002070137064530875,0.0016336268066085668,9.838367342396207,0.0032335473689005623
0.6591796875,-5.228492217576567,0.16141980721038426,8.34886038420118,-0.0008475910203839508,-0.002081850503344316,0.000562622742562785,9.85224121397271,0.0023171224409942945
0.6640625,-5.24772078234615,0.1662637699829766,8.344062862913093,0.004401323753252587,0.00439348118603954,0.002670894823463023,9.858478691508243,0.006768161262191558
0.6689453125,-5.214182844869238,0.14214492513950816,8.287825247448698,-0.0027993577499277112,0.0034028628617223896,0.0037615915128658283,9.792648020414072,0.005793569726639532
0.673828125,-5.141924665220139,0.170873511767114,8.339811086165884,-0.0038955617649209994,0.00015650718281618923,-0.0015729040976920083,9.799032399821844,0.004204036543980533
0.6787109375,-5.175677836349187,0.12285158652923804,8.358581284496687,-0.002892781996154335,-0.0009440264685022136,-0.0037100787318364056,9.832019867124314,0.004798339071692647
0.68359375,-5.214072294418351,0.15658485293734786,8.353636915314615,0.008384257747625336,-0.0022113734604742776,-0.0015982152655398525,9.848569359074318,0.008817042735254835
0.6884765625,-5.2429965875984825,0.14220562262644038,8.320620862132609,0.0012156851783742477,-0.0010082813325646887,-0.002650566451829282,9.835749447196807,0.0030854536480200315
0.693359375,-5.1804538148700106,0.12286629201987667,8.386778770663586,0.0022183282236669694,-0.0032275761725440587,0.0026940967257836077,9.858511855334424,0.004753565527619196
0.6982421875,-5.185243335798768,0.14691304539424754,8.353783818760972,0.005337207687936259,-0.0010908419718510536,0.0037501910778605387,9.83331256418432,0.00661359624048691
0.703125,-5.190137539928774,0.1132589564851138,8.349133117590686,0.004310521458164904,4.281879648645858e-05,-0.0037305518991138124,9.831499330715106,0.005700828550536694
0.7080078125,-5.194730390060542,0.19021571434186887,8.377162904569882,0.00229246235519414,0.0011443635012314023,0.0026830655745713225,9.858918002149265,0.0037099585375557228
0.712890625,-5.204457665906698,0.18060078281899578,8.301892616374918,0.004339716160402221,0.0011209968716985122,0.0005422622592170461,9.800021288384542,0.004514844260546007
0.7177734375,-5.132414719909735,0.1371885993652572,8.316411037958511,0.0022178433757993805,-0.0032281897278868808,0.002695255756690856,9.773596785279208,0.0047544128715107156
0.72265625,-5.1420096699113085,0.142017393634279,8.325764735190498,0.006299356857408923,-0.004374749746897862,0.0005500718443674292,9.786663926553205,0.007689142422854028
0.7275390625,-5.141975333338361,0.15644402845292582,8.325733291592803,-0.0008295514392432768,-0.000989303768751483,0.0005598770223512731,9.786839117173402,0.0014072454716123296
0.732421875,-5.175665832997403,0.13246744407797506,8.349154163317708,0.002218187321000165,-0.0032278041243669607,0.0026948375514664223,9.824125390152686,0.004754074450944137
0.7373046875,-5.146644531774319,0.1853186500704546,8.38678944629612,0.0012762553379403977,0.002263234451205393,-0.0005236821206465776,9.841774746203575,0.0026505284062294508
0.7421875,-5.194805064882329,0.15655451593020672,8.38193935235476,0.004297291945202064,-0.0010575409634249772,-0.0015913551572778206,9.862424462835627,0.0047029269809571875
0.7470703125,-5.194977728975753,0.12287622654529654,8.302060371114994,0.0032260398447258856,-0.004336092024063957,0.00269620154811543,9.794238029435578,0.006039745848044446
0.751953125,-5.223502678886011,0.2191249339735259,8.386380235107115,0.0032069128955585996,-0.004310939859994641,-0.004786956670611797,9.882528493296315,0.007196071634058783
0.7568359375,-5.23333575358835,0.1421952016154387,8.358287477603971,0.002273798528206982,0.0011699695338674944,-0.004796916941856377,9.862504354545043,0.005435936037530528
0.76171875,-5.194928176512468,0.12769175130777524,8.33497144564757,0.004286905147754226,-0.0021614368841432305,0.0016186916008402886,9.822185751768062,0.005066510401509838
0.7666015625,-5.132433840592345,0.11315085449044228,8.349384999686476,0.0033985172883029113,0.005494243631133108,0.004807613758862902,9.80137286898723,0.00805293629004653
0.771484375,-5.132330830873501,0.15643075894638278,8.349290668893394,-0.002940792253666873,-0.004234493751014948,-0.0004960309094272706,9.801833757698072,0.005179309130542313
0.7763671875,-5.223665570937522,0.1758345850339338,8.33474069260736,-0.0018849715988165418,-0.002052420712008377,-0.0037094098069950024,9.837962299749735,0.00463953336270542
0.78125,-5.175625494748563,0.15170200767099037,8.344409159130525,0.003214992120309595,-0.0043217851436114,-0.0015798336650626693,9.820350145285254,0.005613365796958038
0.7861328125,-5.209299662862333,0.12772827179158094,8.381939269026201,0.0073716453713300375,-0.0022139417082765464,0.0037474018498554543,9.869651635116407,0.00856070756378222
0.791015625,-5.209229874061501,0.16619549998058403,8.363043101871318,0.00019725881422235402,-0.0010040419526731997,0.0005568411910307262,9.854145663059079,0.0011649392235411847
0.7958984375,-5.185374680414669,0.09401443489402872,8.349196032562261,0.0010723453154202792,-0.009759964670941831,-0.0004919927098261342,9.828836333992308,0.009831016818216647
0.80078125,-5.1900262972241675,0.1805747068188417,8.306658666289124,-0.0019196986469308156,-0.004242477474622533,-0.0026348602120396095,9.796405380998548,0.005350359460325727
0.8056640625,-5.291119994996207,0.15190301968411293,8.268656124694818,0.0012502865884854075,0.00118145504593229,-0.003723348569335208,9.817825596194451,0.004101509130512315
0.810546875,-5.137175482540222,0.12759219479972775,8.37755104225568,0.0031514689640846907,-0.008708406213206281,0.0027050873958806396,9.828032009114816,0.009648087542365642
0.8154296875,-5.190100972045956,0.1469135084071795,8.311435114074003,0.004286750987385532,-0.0021616632519442683,0.0016190662109986018,9.799932924997355,0.005066596237934741
0.8203125,-5.242924701914033,0.15183192465882892,8.36292761424647,0.001189444559732875,-0.0032087117508381524,0.0016287294641655508,9.87167010411167,0.0037899035776766113
0.8251953125,-5.223739687931842,0.14698036589812635,8.33010050041249,-0.003964360603042334,-0.003104167493388644,-0.0069073439737973264,9.833597200526683,0.008547713822439258
0.830078125,-5.180495134347534,0.14208661313518536,8.311487575622532,-0.0008877685939519243,-0.004264683503778354,-0.0004999802602960051,9.794822313975809,0.004384705089797061
0.8349609375,-5.194886299207477,0.11327840946832134,8.400846000708874,0.005347913533571403,1.3456331401572579e-05,0.0005405692586204593,9.877949644909693,0.005375181425661504
0.83984375,-5.252577860765869,0.17107121227176328,8.292297518246375,0.0032420328116677406,-0.003239423963315437,0.0016250615938076466,9.817384461973102,0.004862660747954887
0.8447265625,-5.194840940511429,0.17577578654402914,8.311351236703965,-0.0008003353958085279,0.0012077542637490928,-0.0026511641693092954,9.802847999648334,0.0030212379184727496
0.849609375,-5.242953594638557,0.13740623933869586,8.36766213723442,0.0012103489709194796,-0.0010008668393473735,-0.00478897950417367,9.875485431767347,0.005039940848155515
0.8544921875,-5.21412352036404,0.137348390347305,8.348975760721284,-0.005022442238439144,-0.0052822432121140146,-0.004762302544464757,9.844355993108742,0.008706695407294187
0.859375,-5.204518798320551,0.12290753652360135,8.367861502229307,0.0032715653997788937,-0.00216044463527844,0.005895455002688653,9.855111785520121,0.007080045965660145
0.8642578125,-5.223714007745873,0.18063301882316452,8.282996338115291,-0.00285025727857936,0.001234543869947373,-0.0015765132043831377,9.794276117173792,0.0034833114997820168
0.869140625,-5.190144099432134,0.10364404843489058,8.363263318159923,0.002305908445449212,0.0022450408841357254,0.0005437064599117715,9.843399371686871,0.003263899361926576
0.8740234375,-5.233323192409099,0.1566180384400304,8.339443716445244,0.004310583913529986,4.276694719051645e-05,-0.003730318426280093,9.846751867795279,0.005700722607599871
0.87890625,-5.199841924726299,0.11326178150800527,8.273841866997259,-0.003924576660996469,-0.0009217892541039772,-0.005842828044211822,9.772801211186502,0.0070986362740492566
0.8837890625,-5.199620265997058,0.14694861637953946,8.396048562749348,0.004350424640185481,0.0022254045272411286,-0.0026684867069956025,9.87680496286469,0.0055677141777582765
0.888671875,-5.25243408939697,0.19032381633654039,8.376911022474093,-0.0008742681031920206,-0.0031640413693000756,-0.002641385972790095,9.889232796176469,0.004213362358040612
0.8935546875,-5.209260305842177,0.18541772009292026,8.29715806561078,0.00012270682740645893,-0.005376689110313996,0.000569117338555976,9.79865320493982,0.005408117722415656
0.8984375,-5.199661027647114,0.17097591677070284,8.311340727728547,0.004350162844521616,0.002224935278562782,-0.002666764317896155,9.80530939129139,0.005566496716504357
0.9033203125,-5.209363873388488,0.137330836361125,8.30666903638361,0.009466351511073714,0.0010525448760657621,-0.0016078894557317303,9.80597176234946,0.009659449785013284
0.908203125,-5.1852406810876825,0.12287909851348774,8.405570098049967,0.002215670124774459,-0.003223875598451673,0.0016250105684783235,9.877015180047557,0.004235944679026916
0.9130859375,-5.252523422281627,0.17108070725690105,8.339328312148954,0.004313837001011445,-0.0010790898627186958,0.004822082250290613,9.857112539066485,0.006559428468371727
0.91796875,-5.209267981000471,0.16618885349098758,8.330121546139512,0.003287205524062128,-0.0010641403464256211,0.004824623899557054,9.826241224718592,0.005934232099142443
0.9228515625,-5.170833184682467,0.1516901506758931,8.330320911134399,0.0032706958118502777,-0.0010426568356292868,-0.0015877589207125178,9.805853976483055,0.003782269525145135
0.927734375,-5.175648943624663,0.13727727184937108,8.353846761508734,0.0032418257552101586,-0.003239399918467635,0.0016234181008649641,9.82817087518219,0.0048619576704377054
0.9326171875,-5.161227346984044,0.14686325540389888,8.330373372682928,0.008330897324696234,-0.005494501956237155,-0.0005210739621830478,9.80076308617592,0.009993243720423811
0.9375,-5.175579712651299,0.17093752076251947,8.344367234333598,0.0011539978277107625,-0.004280714010360316,-0.004780885539217207,9.820606373306706,0.006520206282315956
0.9423828125,-5.194830610642048,0.170970706265202,8.330174035464228,-0.0017414139290235023,0.005580919209403656,0.0016149081845328076,9.818721684455001,0.00606523784682504
0.947265625,-5.242968810528894,0.14701734939486394,8.334719619104153,0.001192133815139087,-0.003212396988956688,0.0026980813417894203,9.847735129372719,0.004361229227496334
0.9521484375,-5.185180106501297,0.17576536553302746,8.349017852175328,-0.003905720415029107,-0.0009471266987311984,0.0016359837301771873,9.82970423240293,0.004339140895295872
0.95703125,-5.199769481214382,0.12769506281624854,8.306731979131373,0.005247075675110456,-0.006559793064612864,0.0048338077395172355,9.800801235611297,0.009691665772894544
0.9619140625,-5.161115680878222,0.17091714175344805,8.377351760589352,-0.002908897509115599,-0.002040969631491619,-0.002639426388162651,9.841054326717323,0.004426489965394626
0.966796875,-5.151694510625007,0.12279609954780668,8.306952362077094,0.005294396316125488,-0.003270007884452332,0.0016192123191081465,9.775504731658934,0.0064300414035163974
0.9716796875,-5.185053782332605,0.1854011625505538,8.438355398191765,0.004231043843652969,-0.005440613350551111,0.0016242234497508075,9.905806284343988,0.007080967974212925
0.9765625,-5.194931389051021,0.14691871891268035,8.292601806338322,0.0032626202817154773,-0.0010318484004847772,-0.0047928587170696394,9.786528596259254,0.0058890488965566085
0.9814453125,-5.223670033557263,0.13737875082709602,8.410073812445338,0.00223668615054779,-0.00101598969704312,-0.004792618905216925,9.901259670942977,0.005385554379188157
0.986328125,-5.166034315113011,0.161293201731019,8.302102462569037,0.001225996726587456,-0.0010232739967078923,0.001624054395666846,9.779510792511283,0.002277654566879382
0.9912109375,-5.2332261843661465,0.1950900141216024,8.344062946241651,-0.0028687294601917766,0.00014168500000423797,-0.0015751451561373897,9.851299551896101,0.0032757847331443325
0.99609375,-5.209301759745951,0.15656919794819546,8.320736349757459,0.003215130284932147,-0.004321727127322639,-0.0015791281404704993,9.818146064304273,0.005613201741978465
1.0009765625,-5.190109762859185,0.11807068325353742,8.36323187456223,-0.0029615661007931205,-0.005323385706686402,-0.0015617154571685701,9.843517025152334,0.0062887410759769145
1.005859375,-5.209231547543904,0.15177456215301985,8.39129302181056,0.0032923539784723986,4.7256517448568324e-05,-0.0005228882895742422,9.877900961820279,0.0033339526183463184
1.0107421875,-5.1323107289622065,0.14201361911287377,8.396352906393666,0.004310142519496544,4.2537226708582865e-05,-0.003732124655596522,9.841723599824345,0.005701569292654395
1.015625,-5.1661378826593225,0.11320631799922379,8.311613433341869,0.002335103039980893,0.0033233216750061393,0.004816712184945274,9.786966545278046,0.006300626114561465
1.0205078125,-5.238138393523827,0.1470121388893631,8.353552926839832,0.0032766128323336694,-0.0010493831909511074,0.0005495907191110294,9.861113167396647,0.0034841708759757142
1.025390625,-5.233214315440615,0.15663702841030597,8.433505304250405,-0.003942361656548689,-0.0031325700187659405,0.0016400120980955858,9.92648371513405,0.005295738856419986
1.0302734375,-5.151457501579176,0.1949406676232062,8.36323209677172,0.0073628113366722035,-0.0022038966132501875,0.0005409441237476351,9.824416896637807,0.0077045941882971005
1.03515625,-5.151644400334255,0.13241860358614013,8.330446796629921,-0.0019010985779291693,-0.0031492477079316083,-0.002638080109198308,9.795576478469897,0.004526743155013829
1.0400390625,-5.199738491606239,0.11327982197976706,8.363200375412163,0.00327109327651676,-0.0010421581452932966,-0.0015880742426504456,9.848514264519975,0.003782608177388203
1.044921875,-5.2621903923939035,0.11821435623350082,8.405244736454813,0.006281748427700412,-0.005466733686135017,0.0005519600192894435,9.917296075015798,0.008345669557736751
1.0498046875,-5.170965644953302,0.08917758162396479,8.34456640489518,0.005275663808905072,-0.003244361923093882,-0.005862218935675125,9.817261676662026,0.00852784402779508
1.0546875,-5.170886084110557,0.11803275025828602,8.353909676480308,0.0022259221405275323,-0.002120256292226885,-0.0015827608951327035,9.825466986753,0.003457650672288866
1.0595703125,-5.170785863529052,0.13727775833495293,8.400898545585964,0.00013104172684927758,-0.005387016482581841,0.0037729834861813883,9.86564584822675,0.006578185380846418
1.064453125,-5.161274244736243,0.11801378376066032,8.349248577439349,0.0011387513755784352,-0.006495421291414612,0.0037743214711702536,9.81644695856949,0.007598207355428044
1.0693359375,-5.223744573952799,0.15178639567546728,8.315980781042486,0.004271079394900188,-0.0032581646265033935,0.0026905892037188605,9.821714862206164,0.006008080075540558
1.07421875,-5.262200030009565,0.17589525904821615,8.27813581852707,0.00021596291086428804,8.891919789547446e-05,0.0005562522561262331,9.8106687299067,0.0006032936060235309
1.0791015625,-5.2045247999964435,0.11809960774923285,8.372575062818797,0.0012315156762343386,8.852549705720369e-05,-0.0037232499687406867,9.859058732640948,0.003922634058151189
1.083984375,-5.18033712831698,0.19018299185211834,8.349007398752281,-0.0049961107192221625,-0.004200451560648897,-0.00155945119903891,9.827409978108655,0.006710946555760092
1.0888671875,-5.204351020248085,0.1613918556858525,8.433620764099068,0.0012237569061872152,-0.001018950203578586,0.0005527017020384771,9.91147194243529,0.0016856214445272035
1.09375,-5.185250876530811,0.17575302205234833,8.287877820101972,-0.0008403342967563212,-0.000974927987557741,-0.003713942150919776,9.777864518301648,0.003930650405671679
1.0986328125,-5.180469588587815,0.12767042280019006,8.363252892513065,0.0012258665761963512,9.550913948429922e-05,-0.005860659892239643,9.838575295197437,0.005988255608344284
1.103515625,-5.122878113184678,0.09870145518011464,8.325943026682177,0.004241230523659028,-0.004337029609320882,-0.0015820371686155051,9.776244136853316,0.006269027340012487
1.1083984375,-5.1899958654434935,0.16135248670650545,8.372543702549661,-0.002015148445109399,-0.009703857536853065,-0.0036912254778455234,9.851983544413324,0.010575954797542525
1.11328125,-5.185287021012415,0.0988366061461039,8.415028662826641,0.00021063407875418884,9.668542956702137e-05,-0.0015842014938233279,9.884820562923144,0.0016010650081915003
1.1181640625,-5.233322076754163,0.16623199699173982,8.320610436485751,-0.0008077398433349083,0.00010057516832085634,0.0016264798298483711,9.830963893312902,0.0018187896128736432
1.123046875,-5.175670161190892,0.1420804531311707,8.325617803967955,-0.0028394141496327617,0.0012202694145590231,0.002697283374383735,9.804267453020236,0.004102032149919095
1.1279296875,-5.233362972830471,0.1421904541228698,8.334772080652682,-0.0008261990827433402,-0.0009923037364740867,0.0016290440669260943,9.842597815976434,0.002078715036202288
1.1328125,-5.1661074508786475,0.09398409788688755,8.377498469602406,0.0022024801733155222,-0.004324197978014495,0.0037658167268928796,9.842762814010614,0.006142555061817421
1.1376953125,-5.185308796406111,0.09883280815204878,8.396216345265609,0.005337489177771965,-0.0010904045190351932,0.003749539399802386,9.868821822008906,0.006613381770972824
1.142578125,-5.209188420157726,0.1950440221253088,8.33946481772464,0.0012207430534316068,-0.0010158843089896283,-0.000514097248311614,9.834650965506565,0.0016692904218482867
1.1474609375,-5.199680148329724,0.1469381718958879,8.34431468945651,-0.0019484324766460904,-0.006439031304070277,0.0005761490956862804,9.832896425162529,0.006751996818075843
1.15234375,-5.185189455141994,0.14211556110353066,8.4102312526433,0.0002689269811618536,0.003372031925690803,-0.000523850923918634,9.881213298039953,0.0034230601542428758
1.1572265625,-5.170675178651912,0.1997865293928261,8.36784073426415,-0.00494810805654703,-0.0020287463965430177,0.002709360565256383,9.838524026217764,0.005995016259637525
1.162109375,-5.185221002577604,0.1517238226641574,8.363179496342259,0.0042473787894626094,-0.005462326591361112,0.008038293687959016,9.841357033050638,0.010606196480630995
1.1669921875,-5.233300859187935,0.16142881570994022,8.34883939402653,-0.004934465568020195,-0.0009280023165893588,0.0005702579821432504,9.854776322807533,0.0050532497373245045
1.171875,-5.19004332102316,0.1276960357874122,8.40083554728583,0.00031161731763788706,0.005551039062680276,0.0016084073660538414,9.875570557906725,0.0057877555479849355
1.1767578125,-5.204376566007802,0.17580804602084776,8.381855447208537,0.008472134231167374,0.0021428533825542224,0.0037335671768022774,9.867722363735021,0.009503073340437682
1.181640625,-5.194858387711636,0.16615897949677835,8.316075278492685,-0.0008714351280044077,-0.0042863295779002105,0.005912088798357519,9.806695188105039,0.0073542378525831426
1.1865234375,-5.214072852245819,0.15177787366149315,8.363053555294364,0.006334273690355285,-0.0021845337485648254,-0.0005245213456540839,9.856482993450642,0.006720887852433829
1.19140625,-5.238189619469516,0.12777567629932024,8.348891772246501,0.0012611122033821963,0.001167222510207602,0.0005495057291284954,9.856924009936227,0.0018040978144767742
1.1962890625,-5.214173630654793,0.12772588630897155,8.325481326168456,-0.0008076862892371623,0.00010070844955164488,0.0016264763120340713,9.82433508513573,0.0018187700589246422
1.201171875,-5.204494791616984,0.14213925162107538,8.349007259871351,0.0012313704479555239,8.829749204666605e-05,-0.003722872405634931,9.839354238373788,0.0039222249522226455
1.2060546875,-5.233266522614986,0.17585545052858706,8.348807950428837,0.006244052745202163,-0.007653572928474756,0.000558150647618856,9.854978327188098,0.009893275766993745
1.2109375,-5.228602768027454,0.1469798794125445,8.283048716335262,0.003223383683531084,-0.004332522687073414,0.001627988629253906,9.796365960291586,0.005640150900662167
1.2158203125,-5.166090427079656,0.14686276891831704,8.2833215886057,-0.0008507564378016875,-0.002078758519778612,-0.0005049499801005288,9.76337418692532,0.002302172448453136
1.220703125,-5.199589141962663,0.18060221880309138,8.353647479842405,0.0022258351805299692,-0.0021204554220621338,-0.0015829387261735045,9.841329718291629,0.0034577982096498025
1.2255859375,-5.20923420225499,0.1758085090337797,8.339506742521564,0.002215468777513874,-0.0032243058481535546,0.0016263059941693393,9.834348087918919,0.004236663934423777
1.23046875,-5.19961747685972,0.17098351275881307,8.348965362850612,0.001223526336301141,-0.0010193637274536484,0.0005544770092548991,9.837198783057076,0.001686287003526667
1.2353515625,-5.247774239601709,0.1277993902895148,8.377068268238752,0.0022526721539200215,8.073225713028477e-05,-0.005863122611728966,9.885885894785467,0.0062815011176115786
1.240234375,-5.1755612842224075,0.1420994431014463,8.419679391773114,0.007341975349678783,-0.0032927182687957535,-0.0005258038701348583,9.884211041793902,0.008063688073257856
1.2451171875,-5.2621876032565655,0.14224925261277444,8.358161536556077,0.003311237024790872,0.001140529972462186,-0.0005245034120368669,9.87773848068987,0.0035412149160519496
1.25,-5.175652713990684,0.15169726017842147,8.320893762179235,0.005267692333151638,-0.004352254422023738,-0.0015844860517846503,9.800391118524713,0.0070143636289452405
1.2548828125,-5.14190121634404,0.18529824758873328,8.330373483787675,0.00021801908814880403,8.483313619017454e-05,0.0016229894965549992,9.791251500119511,0.0016397633639403419
1.259765625,-5.151519615221713,0.17570230603613576,8.349164783397871,0.0033131342620685927,0.0011361182612793983,0.0005435007536838499,9.812113851086915,0.003544434568638591
1.2646484375,-5.151560511298021,0.15166076316726568,8.363326427564802,-0.0018584971045163645,-0.0009702882692608232,-0.0005069792898111993,9.823787743159633,0.002156965185917089
1.26953125,-5.214080950805329,0.17581087104373921,8.30656419661511,0.0002234212279863199,0.0011962500253844394,-0.0037222252341532077,9.80900394415336,0.0039161067225133295
1.2744140625,-5.161297693612344,0.10358904793904104,8.35868617981756,0.002236825229219276,-0.0021346111715422993,0.002691970699037237,9.824324873782123,0.004099592443672918
1.279296875,-5.204686018565551,0.08923019663720495,8.2926856003798,0.0013647867354564507,0.0066179835502471395,0.00481189286517111,9.791085386543726,0.008295460327824144
1.2841796875,-5.19489607124939,0.12289046902300321,8.372606561968864,0.005292059972641988,-0.0032659184856086597,0.0005493387881064827,9.854064537031565,0.0062429076088628905
1.2890625,-5.161227904811511,0.14205627612804417,8.339790012662675,0.0022366287308608797,-0.0021349017507382973,0.002692161007393004,9.808697718163227,0.004099761511935189
1.2939453125,-5.209207540840337,0.17100627725049386,8.372438779452603,0.0032364781931191666,-0.0032321352727450164,-0.0005143815274593601,9.862191311574152,0.004602833678469149
1.298828125,-5.175638613755282,0.13247219157054393,8.372669560268998,-0.0008531907880400681,-0.0020746730496299195,-0.0015754731646299438,9.844103794007317,0.0027412257251321413
1.3037109375,-5.214080527404113,0.1325490070595605,8.396017035823094,0.006339862726751991,-0.002191497550309009,0.0016122727657442186,9.88419481047186,0.006898981401499072
1.30859375,-5.16594330874595,0.1949572486382225,8.311435252954935,0.004320855234611431,2.7679806624095287e-05,0.0005444593523532251,9.787999517880849,0.004355111033777284
1.3134765625,-5.12269275348575,0.19487142464965,8.288108767575485,-0.0008271768717803157,-0.0009933711418020385,0.0016290608225733646,9.74539393056648,0.0020796266410624677
1.318359375,-5.190147311970687,0.12287101603979568,8.320893678850675,0.0023030244524125895,0.002248366632785344,-0.0005241775020083143,9.80764997444731,0.0032609563317291586
1.3232421875,-5.15633104597042,0.15167641815641808,8.396226993121958,-0.002921950918151785,-0.0031410843068338918,-0.00049961791690716,9.854307855526587,0.004319007507937542
1.328125,-5.233287740181216,0.18065863181038666,8.320578992888057,0.005435198800023778,0.005485516352799058,-0.0016088971381128941,9.831173525559839,0.007888017853278076
1.3330078125,-5.2862390442991725,0.11825844923276685,8.40043670619131,0.0012347856407730385,8.546781359000941e-05,-0.0026546423003352445,9.926008520498774,0.0029290145217373605
1.337890625,-5.262175042077314,0.15667208943736613,8.33931777539735,-0.002812644126570527,0.0034212446188836504,-0.001582837604478708,9.862010610221844,0.004703323995550797
1.3427734375,-5.185240123260215,0.12768607778934246,8.39615345807022,-0.0007918622971111076,0.0011975051021847255,0.0005533011018074823,9.86906336800982,0.0015385728700993996
1.34765625,-5.242991143750059,0.14220657212495416,8.325323941522866,-0.00383909935725551,0.0034363566985022454,-0.0015799821935962197,9.839725482648939,0.00538920912252457
1.3525390625,-5.16122846263898,0.13724929685218942,8.349206652642424,-0.0008402021530191714,-0.0009745974264517499,-0.003715217935054059,9.816637323522228,0.003931745681822742
1.357421875,-5.228234548791973,0.22395421472812949,8.44278571641633,-0.0028156540177318007,0.00342469735681432,-0.0026544240338326496,9.933036929398787,0.005167439064442716
1.3623046875,-5.18996487583535,0.14693724587002396,8.429012098830453,0.0012581712348784947,0.0011707766803189354,-0.0005213767695755084,9.899776307011116,0.001795980686785717
1.3671875,-5.117904348211926,0.16121071272356963,8.339936999437592,-0.0008192720692983359,0.00011447043757776366,-0.0026494603634305315,9.786392745334284,0.002775599110462652
1.3720703125,-5.252580649903207,0.14703631589248967,8.339380718145112,-0.003969140253679886,-0.004215052428269575,-0.0015611143694918912,9.85679937525865,0.0059964839198548125
1.376953125,-5.2236111324532795,0.1758440800190716,8.381771486509939,0.0011838180342486591,-0.0032016724899830468,-0.0005093540663705441,9.877809861281934,0.003451314740248245
1.3818359375,-5.223749036572539,0.11333056146862953,8.391313900880464,0.005308173620979132,-0.002168966995590487,-0.0005222719596128739,9.885066858467122,0.005757941734527834
1.38671875,-5.1948225120825375,0.14693770888295593,8.386663394143481,0.001196913989066816,-0.00210137243675751,-0.00264961664242832,9.866300953700812,0.003587316206723511
1.3916015625,-5.21414040973678,0.13253856257590893,8.344283162530257,0.002276893022002097,4.798901862796903e-05,0.0037556866489982304,9.840319516128815,0.0043922348508491985
1.396484375,-5.266900910307384,0.16630929896633823,8.391009696117075,0.0011764425977459966,-0.00430882617882389,0.003768320821266776,9.90842811460275,0.005843820842317306
1.4013671875,-5.185174104825405,0.18057329430739597,8.344304291585837,0.0011649075991062704,-0.004295121039515842,-0.0005060666206363375,9.825785023220627,0.004478970627618523
1.40625,-5.19958369811424,0.18060316830160517,8.358350559232663,0.001185856740006375,-0.002087243925243136,-0.0069239736264399485,9.845319304579252,0.007328318646928427
1.4111328125,-5.18524933747466,0.1421051166198791,8.358497379350462,0.0012979238472504333,0.0033530386115561664,0.000543405445195437,9.837249767925966,0.003636311829548715
1.416015625,-5.219007394624663,0.09888922115934407,8.36314785831126,-0.0040330262410399045,-0.007483273620519073,-0.004759473522178384,9.858501882293508,0.009742549612334042
1.4208984375,-5.132166265339588,0.214142045713539,8.372680291453905,-0.000795310649594625,0.0012002469940374306,-0.0005157275234531688,9.822767565901819,0.00152940732131818
1.42578125,-5.132329715218566,0.16604471749809224,8.330457388933898,0.0053127309294791186,-0.0021771903235527855,0.0016155852007560833,9.78595419275851,0.005964510304703816
1.4306640625,-5.175661504803914,0.12285443502477938,8.37269052266746,0.00012787989415484548,-0.004265143982966976,-0.004778642059070885,9.844008929947183,0.00640649876231079
1.435546875,-5.238043616790745,0.16625619746751624,8.395838716555229,6.738990771439292e-05,-0.008655248180477701,0.0005754467119724359,9.897214244877514,0.008674618226967927
1.4404296875,-5.204602129529318,0.10847235621833051,8.325565231314679,-0.0009672481767121497,-0.008629388796859453,-0.002626407504468307,9.819098023731126,0.009071931239942457
1.4453125,-5.300397259454271,0.26734550921456485,8.32479954824706,-0.003020075607506063,-0.008599396618022812,-0.0026215419799493597,9.872586907585164,0.009483826296477182
1.4501953125,-5.171012542705502,0.06032810998072625,8.363441609651602,0.0012211180089989088,-0.0010152375493497053,-0.0005140794020137837,9.83311577048309,0.0016691656913218364
1.455078125,-5.223507564906968,0.22393096375086682,8.372260515737109,-0.0020310699515227017,-0.010800701994180106,-0.002619934263358416,9.870659679096292,0.011297984964558236
1.4599609375,-5.1756603891489785,0.13246839357648882,8.353857242707965,0.00207719864080259,-0.010864870380190579,-0.001560934582235606,9.828119818696088,0.011171243410727104
1.46484375,-5.204448028291036,0.12291988000428049,8.429001534302662,-0.006016458694375077,-0.00419164407324192,0.0005793270422905396,9.90704070049979,0.007355492850910445
1.4697265625,-5.189950641173696,0.17578102052217986,8.381918417732484,0.0011142404703327715,-0.0064630550288592775,-0.005844881839955319,9.86017459209106,0.008784944840739188
1.474609375,-5.238110616454239,0.15182386565778674,8.367651683811374,-0.004043539702326889,-0.008587323530177545,-0.0015509160438761898,9.873117441719469,0.009617571383222863
1.4794921875,-5.199712945846522,0.09886363164477179,8.414965692302694,-0.001961712070498507,-0.0064204778146024636,-0.004768639537149514,9.892342308042988,0.00823472966469498
1.484375,-5.185234544985539,0.17575587054788966,8.301987058272747,0.0020688083880924966,-0.010854464274392808,-0.0047660960548937,9.789818002816581,0.012033911850898067
1.4892578125,-5.2236754774056875,0.13737780132858227,8.405370733055081,-0.0009457906609002075,-0.0075396651040916494,-0.0015622418330553465,9.897268073243563,0.007757684538639833
1.494140625,-5.2045993403919795,0.13250725259760412,8.278482031415944,0.0021728848874149713,-0.005403266817658569,-0.0005040653471162116,9.779502912238241,0.00584557977543117
1.4990234375,-5.194718386708757,0.1998315718906059,8.367735783390902,0.0010692744910070912,-0.009756833653793671,-0.0015616625603603728,9.851093031485128,0.009938709213844148
1.50390625,-5.219055831433014,0.10368765494857478,8.311403503819191,-0.007194303287593678,-0.012917692786705733,-0.00046212155472067154,9.814719716054128,0.014793185696695894
1.5087890625,-5.137034789283624,0.2141406097294434,8.320925427986419,-0.002254689036943872,-0.023918146899157344,-0.002586477608719686,9.78124647502334,0.024163013888242362
1.513671875,-5.185122878879716,0.19980975689743885,8.34896544617917,0.0030820296032329025,-0.011969873840281546,-0.0026297136176129995,9.830088871903806,0.012636937126460657
1.5185546875,-5.242961693198068,0.1614392367209419,8.311172778555168,0.007143089030601709,-0.015323867194193647,0.0016443865829660932,9.828036573929293,0.016986719339490648
1.5234375,-5.189960547641862,0.13732423681682832,8.452548458180205,-0.001105488252009857,-0.016269811986575105,-0.005816426315618439,9.919683657757483,0.017313569864093697
1.5283203125,-5.1948253012198755,0.12290281250368233,8.433746594042217,-0.0030942513843820276,-0.012970996614898887,-0.002612823152555719,9.90602829715493,0.013588524189182565
1.533203125,-5.1227407668928855,0.15640799445470197,8.325817252291401,-5.49816336986289e-06,-0.0119136859631399,-0.0058277018255731144,9.776817955964445,0.013262656296002899
1.5380859375,-5.011923987041924,0.25237646542553294,8.316684243543186,-0.0061593741147831105,-0.011830920705207637,-0.003675848686133269,9.713408914432996,0.013835477504665992
1.54296875,-5.021429180757624,0.23318650479001532,8.453073490308295,-0.006129971603989469,-0.009633281151051528,-0.006890254730760591,9.834814609128799,0.013336126418705343
1.5478515625,-5.055272108172545,0.20918333445667872,8.344808139105975,-0.008068377230945962,-0.0030482005756028723,-0.0058300560688149435,9.758860416748005,0.010410561543715058
1.552734375,-5.19973193210288,0.12289473002999028,8.349070174842925,-0.008093891977358656,-0.00412920001177455,-0.009032104878636652,9.836629913992454,0.01281172504454735
1.5576171875,-5.199676377963703,0.1325181835668375,8.377267688786011,-0.00596951012827345,0.00021636087174104252,-0.01011759393478855,9.860669826847856,0.011749364673362126
1.5625,-5.194930407822339,0.10846383420435639,8.372638005566559,-0.005908242155011861,0.0034884596357497855,-0.007988179902741085,9.853939999700884,0.010530322604320881
1.5673828125,-5.185141999562327,0.1757720120226239,8.381939407907133,-0.0049035003365106395,0.002383410220924904,-0.009057392836497173,9.857662075444779,0.010571722888252396
1.572265625,-5.180544821237071,0.08920224511267316,8.37744598027769,0.007458635384161431,0.004376930865896512,-0.005887195250415442,9.850259023896285,0.010461731860223557
1.5771484375,-5.199575041727262,0.16137715019521384,8.405423277932169,-0.0017339809689377922,0.007807045535183832,-0.010147865819016859,9.88497666564581,0.012920364958848607
1.58203125,-5.2669815868050645,0.12784017178030757,8.400499704491445,-0.0038600601088319116,0.0023473929214024103,-0.0026473674643498323,9.915938353500653,0.005236303282139379
1.5869140625,-5.190182206371103,0.10363740194529412,8.330341762428116,0.004422044954605232,0.006601217427629684,-0.0037464916586965047,9.815463612344919,0.008784460874525763
1.591796875,-5.194876950566779,0.14692821389781813,8.3396326002409,-0.005810086928711197,0.008946260484545134,-0.005863947262966039,9.82638317686472,0.01217286179496676
1.5966796875,-5.2527011068222595,0.09413960438929839,8.344199090726915,-0.0069419547365107874,0.002396448999019403,-0.0037069720151613143,9.860293588347876,0.008226502591615394
1.6015625,-5.204458781561633,0.17098682426728634,8.320725896334414,0.0033528414038383266,0.004437128452596226,-0.0058759350792468345,9.815809041794626,0.008090504770387015
1.6064453125,-5.1900623072795184,0.15172713417263067,8.334940029826061,-0.0007603231332627055,0.0033904955142782123,-0.0015883391754767289,9.819928369264447,0.003820519916931358
1.611328125,-5.247808018347189,0.1181797347467227,8.367683071856696,0.00433219488945072,0.001132639717270036,-0.0026646546162088854,9.877832527339738,0.0052106784119732245
1.6162109375,-5.199540147326846,0.1806107642897154,8.395975194354728,-0.0028452154821479894,0.0023459366987513136,-0.0069254015721963,9.877258600242321,0.007846008989963101
1.62109375,-5.170904512539448,0.14687082791935924,8.278597519040792,0.00021008622140879436,9.580061288466664e-05,-0.0015815735181369196,9.76191586729587,0.0015983393792079628
1.6259765625,-5.262200722263285,0.12301943651232798,8.38642193769455,0.003258334514931532,-0.0021420608339882347,0.0005518956059735779,9.901412179088014,0.003938242906118592
1.630859375,-5.214064195858841,0.13255185555510182,8.41012627399387,-0.0018978460235441435,-0.003152202888490989,-0.001570733924398449,9.896173976717982,0.004000675897963918
1.6357421875,-5.252564318357934,0.147039164388031,8.353489956315885,-0.005992854261890803,-0.0019876778574251736,-0.004767834653731191,9.86873076360994,0.00791185267522602
1.640625,-5.2141104013573205,0.15657820644775142,8.32071535958281,0.006307891749653064,-0.00438527115273529,0.0037566645726334526,9.82068063361569,0.008551761813780407
1.6455078125,-5.161306907826789,0.11800808676957765,8.321030101097803,0.0023427665104948417,0.004430779889163864,0.0005388985480639507,9.792474500793926,0.0050409103338603985
1.650390625,-5.2092408961846015,0.11812475772352306,8.452506422278534,0.0001763204602299977,-0.002092887784516097,-0.0005108133178557707,9.929501950829621,0.0021615268744503814
1.6552734375,-5.141909449329803,0.16126240171094586,8.372753604296154,0.0023212588788893125,0.003341170141188735,-0.0005285827046262536,9.826914127312142,0.004102567533974745
1.66015625,-5.1758178373520645,0.08917899413541053,8.30692077959847,-0.0028895427973705816,-0.0020659185960494493,0.004843615675824749,9.787848385471225,0.0060065039780586495
1.6650390625,-5.204596685680894,0.10847330571684428,8.330268310704938,0.006355643122706215,-0.001095002211293176,0.0005423607835447551,9.82308318436674,0.0064720463970422085
1.669921875,-5.276685971602591,0.12784299680319902,8.325208453898018,0.00021089444688519827,9.665330504698535e-05,-0.0015818167109893093,9.857426361662268,0.0015987377634460742
1.6748046875,-5.19003453020993,0.15653886094105432,8.349038786797603,0.00020437635147286303,0.0012216047532709149,-0.011204121740003351,9.831958680914344,0.011272374720132008
1.6796875,-5.127582763848518,0.1035354834272871,8.405863904942683,0.0031456448800459636,-0.007582732220613077,-0.006916519574758,9.846896596637093,0.010734577433177968
1.6845703125,-5.204610785916295,0.12769837432472186,8.278492512615175,0.002191491500592202,-0.004310169978466626,-0.0005067723154607612,9.779453900351845,0.004861791688272989
1.689453125,-5.228621330882596,0.1277491138135843,8.306606038083476,-0.0018263130192519082,0.0012233722368176548,-0.0026479803327318714,9.816033044451588,0.0034414907695125446
1.6943359375,-5.185199227183907,0.15172762065821252,8.381991813903289,0.005395723988868103,0.0021848507750843725,0.004810040994949383,9.857337321244563,0.007551417393213486
1.69921875,-5.117902809155775,0.12756280729110037,8.410556558686082,0.010497856204206853,0.0010301343734524897,0.0005241253674439281,9.846149656623448,0.010561291072230274
1.7041015625,-5.084437180764529,0.13707952439942206,8.222559351899843,0.005354499776951138,0.001119505137240495,-0.0037338977408076504,9.668545626756172,0.006623137621436393
1.708984375,-4.963773783803294,0.28594567984460795,8.302711538724283,0.0014336797382126167,0.01210979802606379,-0.003754304356694637,9.677594432701756,0.012759210282243812
1.7138671875,-4.920250901695632,0.3339761740417578,8.415669543670004,0.0034145549372690807,0.007703487689082953,-0.002682871222824529,9.754173613829064,0.00884311630556453
1.71875,-4.973223981207284,0.2715721934700828,8.476714939412226,-0.006566952589748653,0.024248688428744575,-0.0016299852811592693,9.831653186904825,0.025174999679188348
1.7236328125,-5.223703812302744,0.12775909528430393,8.400688616063286,0.001773377832655455,0.03178410750681663,-0.0027344119340611726,9.893178110655311,0.03195076474151076
1.728515625,-5.127727093044886,0.07947590008665527,8.330667040694712,0.0017996193653457596,0.03286585843430215,0.0004701762296059869,9.782633331693381,0.03291844993572152
1.7333984375,-5.14213822538987,0.11315367951333376,8.27409374909305,0.009090613463034462,0.038206549221226176,0.005783062774422742,9.742433815684034,0.039696643076980655
1.73828125,-5.069723155365154,0.18036468630616317,8.38243269089948,0.006037267018802833,0.04045232440908483,0.0015073006630433872,9.797948872573903,0.04092812112036144
1.7431640625,-5.074493132210087,0.1851873205711703,8.405916616476889,0.0011683926245846037,0.055827732985713634,0.0025501250428428593,9.820601257342135,0.05589815783532992
1.748046875,-5.065145655549975,0.06495019524554277,8.420329864977747,0.012498857276823806,0.05784388188305835,0.0035852518039583624,9.826590155025057,0.05928735223490254
1.7529296875,-5.069874601892349,0.14188321563945339,8.330782667200493,0.008536150884625454,0.06665563522729756,0.0014378547564570289,9.753240444791745,0.06721537774780642
1.7578125,-5.13257062905667,0.06025129449170968,8.340094134097505,0.012804684554123041,0.07532226305685848,0.006749822094299198,9.793062934871333,0.07670047820477963
1.7626953125,-5.146890889460847,0.07952427756555824,8.391723112069469,0.01915705931760082,0.08615120089142979,0.00991191692620289,9.844685202096525,0.08881029463910993
1.767578125,-5.094030726136205,0.06019156997594113,8.401402087568052,0.01515517293104849,0.09166276491557773,0.014182959747028573,9.825290280745334,0.09398349900766775
1.7724609375,-5.156579077139352,0.0314611078239576,8.42941057883455,0.019359593066019597,0.09706076292206095,0.016296300953518788,9.88161223114248,0.10030530877008481
1.77734375,-5.151836877364008,0.02182674679052685,8.391827896285596,0.02270430748178104,0.11231085366500866,0.018388516932165623,9.847064286309921,0.1160489163420098
1.7822265625,-5.166125032505107,0.03629844757960336,8.481091990578859,0.019776802326840863,0.12109772350333495,0.0194411387394847,9.930714313755757,0.124232598070929
1.787109375,-5.271857362506178,0.06534800521010059,8.471161160760673,0.02300558630932461,0.1286788003294628,0.026895881572980524,9.977841541334259,0.13345740556916777
1.7919921875,-5.266994705811783,0.10861035567986112,8.428760105629918,0.01906436162588228,0.13858034659586854,0.025813552165006477,9.939669328436873,0.14224732623922665
1.796875,-5.180342148764188,0.14692017836942584,8.433757158570007,0.007885109212682729,0.1453051809646203,0.02582469276788944,9.898777203614884,0.14779271064234822
1.8017578125,-5.305408150137306,0.16637472047318944,8.357920218988077,0.01928453370015387,0.15170038544835146,0.024713493669065,9.901003311489477,0.1549053160951608
1.806640625,-5.223691251123491,0.14218193210889565,8.381844854904559,0.024453221425645467,0.15381037990120083,0.02469419712532965,9.877372583869272,0.15768765447906188
1.8115234375,-5.189971858739925,0.18058420180397947,8.353689460191704,0.02040354772988818,0.15603156036625634,0.032180170330059085,9.83628721346482,0.1606166739562432
1.81640625,-5.156309559551687,0.24301092339468536,8.226716992287274,0.027615979022361944,0.15923943095591878,0.021469053109367548,9.71212927498401,0.16303606628577985
1.8212890625,-5.132454500331107,0.12276101504809663,8.31173940216595,0.026635941120640865,0.16031256270234487,0.03215461743009661,9.769450923890382,0.1656608298350922
1.826171875,-5.050941120592606,0.12737402139540752,8.100447181374143,0.03698623630168459,0.16563193706473986,0.029981790394140808,9.54701392495329,0.17233928167083729
1.8310546875,-5.045787708621859,0.18991461238981722,8.269642774008071,0.02594868816340602,0.1799948024417042,0.034245364423697876,9.689325712875098,0.1850519070637795
1.8359375,-5.136957170775786,0.13243715401613365,8.556257577886251,0.041571376526212483,0.19288215459510505,0.03523708839432729,9.980752091565273,0.2004329247056076
1.8408203125,-5.161526046271196,0.0122184617572502,8.34947916382244,0.05130312352548872,0.2211508579157314,0.03942293513196939,9.816073691871345,0.23042109333729635
1.845703125,-5.002986028972358,-0.11308306786464989,8.482130573693102,0.06826390914687158,0.2526072543661792,0.03929907635534786,9.848309299342175,0.2646031059016794
1.8505859375,-5.094259905475028,-0.1321236820017713,8.599350669928144,0.08227542280815235,0.288410146470501,0.060547399431575846,9.99588778429759,0.30596673898207116
1.85546875,-4.869276460745795,-0.45478655219416164,8.379994717143033,0.11883540957346168,0.3250354746559441,0.06250663271037755,9.702628278903346,0.35167739973745443
1.8603515625,-5.162801385491233,-0.5167609967553417,8.336522857567124,0.16570637893011145,0.364804522240582,0.060154896534654646,9.819326526220467,0.40516608328240405
1.865234375,-4.901282082471798,0.1079703361437558,8.651400090245376,0.19826381243353788,0.4080528341078315,0.059953140530144416,9.943889941413461,0.4576134108650464
1.8701171875,-4.823514852918182,0.44925940602104353,8.665101006065106,0.22233815259352466,0.43613905287571963,0.054476278064448755,9.927341285335725,0.49256389678272844
1.875,-5.166942129816231,1.8299706274400465,8.237304464187734,0.10489024479584097,0.4093818798599495,0.07301352644261411,9.894405909699197,0.4288664851146378
1.8798828125,-4.603198240888785,0.22276791780963426,8.370265168876587,0.06909041978340338,0.41646762012841754,0.07629658778693987,9.555124205756588,0.42899875760799705
1.884765625,-4.815145420820857,0.016404364521975415,8.47796311873491,0.14451245335011959,0.4493547775629211,0.04396219778173729,9.749961700922563,0.47406354017757296
1.8896484375,-5.17839473614806,0.9788504225869773,8.403725434761425,0.11816482586644318,0.4694139701868703,0.04611589331596503,9.919502072988378,0.48625001500768744
1.89453125,-5.017016535451324,0.15139143420645082,8.279258723430333,0.1000799397910068,0.49264871192488,0.0450428315321532,9.681916096147516,0.504725276147578
1.8994140625,-5.113971702550719,-0.2571498165494414,8.44433760053105,0.13660034796481763,0.5270988131174283,0.044864217731506416,9.87550860028907,0.5463566709454282
1.904296875,-5.031383693607699,0.14181494563706085,8.34976290615872,0.15488048715383967,0.5749110306061905,0.05111138485604303,9.749537114149144,0.5975977175956961
1.9091796875,-5.041585121971771,-0.06015796529664477,8.260802627762239,0.15436260228172946,0.6033144591502431,0.0606643920317611,9.677916076187024,0.6256966661758083
1.9140625,-5.118687106485158,-0.20424884403926305,8.41598284082331,0.18184437395744582,0.6476940453032862,0.07330741334609756,9.852484075674578,0.6767192397980173
1.9189453125,-5.026392058033526,0.17067914624358785,8.448485676333396,0.18031272024737677,0.6783243128871684,0.0743012189285093,9.832123815088757,0.7058025373085026
1.923828125,-5.1699959879249935,0.5171592024238636,8.301305863651264,0.1867062810573836,0.6924485323983974,0.0721148719781268,9.793262541038256,0.7207945339466683
1.9287109375,-5.347958182800566,0.7145672732353123,7.858010035336508,0.1764650470059373,0.695920922381494,0.05931779800922502,9.532029418146577,0.720391868488103
1.93359375,-5.709205106857448,0.5276700721012146,7.725158316080625,0.1628139126090719,0.6786496981494914,0.05405794545409708,9.620370557606817,0.6999971745687181
1.9384765625,-5.834899496413012,0.2922502677481623,7.631064562496929,0.1471837045890642,0.6646620271981,0.05627391882162032,9.610650795301853,0.6830852122796913
1.943359375,-6.022972785416855,0.08100525823294183,7.602488642110248,0.12957549994232442,0.6550774667881996,0.05848293579955269,9.699515275473757,0.6703257055034385
1.9482421875,-6.080691411668657,-0.0006062369604306995,7.757616560279906,0.13160070053006873,0.6517332485341548,0.06917043519215162,9.856745056447044,0.6684755199179391
1.953125,-5.830517128338673,0.09027786677268845,7.678556556941878,0.12147593043748088,0.6595200653619411,0.07345157365769739,9.641748330838903,0.674624526654244
1.9580078125,-5.675713489182806,0.2920403411260833,8.064440542164084,0.11657056718232986,0.6749417678332088,0.060591125561809484,9.865810277429647,0.6876091706746458
1.962890625,-5.607765234096129,0.5371746100374062,8.101824498570432,0.09635997802718828,0.6949408082380639,0.05417868931180198,9.86788466126566,0.7036784085756209
1.9677734375,-5.645895329451088,0.691126035273518,8.077805781846545,0.08222328914209205,0.7104916752723122,0.043489425929807236,9.879510894623477,0.7165545478721804
1.97265625,-5.674376036320233,0.8402581612257457,8.09146416179325,0.05252649036788343,0.7164292615904817,0.03393139071538672,9.918486248448215,0.7191531535975701
1.9775390625,-5.90061264159705,0.7781519006796994,8.020067688320879,0.037096519561086214,0.7178234411733451,0.012596729597008808,9.987203595198956,0.718891731805304
1.982421875,-6.025771880647098,0.7447144787728407,7.972564518272043,0.024618072992959397,0.7103980871299052,-0.00017551421824903895,10.021292901143122,0.7108245370841919
1.9873046875,-6.108610172191381,0.3937748829147381,7.751928081504777,0.012204287299682995,0.7062420092713131,-0.009744459655139386,9.877376467212175,0.7064146620661588
1.9921875,-6.113702162773312,0.29759683097151074,7.705085921412176,-0.00013315156759323055,0.7053351800793929,-0.010777786158843962,9.840440389802048,0.7054175321477737
1.9970703125,-6.243762165456727,0.22089041210529492,7.667062250762289,-0.013684859373008,0.6935170316288942,-0.012849397601172608,9.890257939508606,0.6937710397199675
2.001953125,-6.349655021773186,0.2739463811596524,7.468955839337627,-0.025386543086722165,0.6696396498375493,-0.013824782939727854,9.807062090415027,0.6702632779943866
2.0068359375,-6.369147814830723,0.20664102836427634,7.384363186403627,-0.033978961509670294,0.6456777571313741,-0.0030545272946390207,9.753848679904745,0.6465784299034968
2.01171875,-6.35894471298425,0.42303487712554605,7.445073544860866,-0.050704597389470904,0.6284378276811446,-0.005109482020946006,9.800217163840918,0.6305007266161925
2.0166015625,-6.5608575503709945,0.43303573814522983,7.46768639207843,-0.05347057652884523,0.586943460539674,-0.00820577160134063,9.94980963622945,0.5894311351737268
2.021484375,-6.85470506680336,0.45272202186423943,6.977243810041077,-0.07397504480503256,0.5293240563094953,-0.015480101943849845,9.79152030926235,0.5346923390119185
2.0263671875,-7.162485214746849,0.5013626616032855,6.853515562724513,-0.08052942745285012,0.44746024630764614,-0.027013408709894278,9.925887090755378,0.45545074921632417
2.03125,-6.9318704351629306,0.4191783734870868,6.849998192104346,-0.08087999292100474,0.36767539123955034,-0.03429817260765818,9.754435579289968,0.3780253050025658
2.0361328125,-6.964966036410043,0.5491257727819477,7.07061299984468,-0.09347473727521578,0.2935680497933141,-0.05011971509364272,9.940113641012934,0.31214053278801884
2.041015625,-6.901625981771722,0.8327590663461604,7.201953704287687,-0.09766041433124022,0.2302501695179152,-0.06064531505420242,10.009698597537858,0.25735297031198545
2.0458984375,-6.7766769559265985,0.8373185316543672,7.127239697385206,-0.10102922379523462,0.1549009568619,-0.07327505196282463,9.870258283977272,0.1989232106556559
2.05078125,-6.897632781646589,0.6547531978569682,6.8637407827353245,-0.11575560152971098,0.07645921837707177,-0.09120486475013279,9.752793306183296,0.166023187279452
2.0556640625,-6.854419620949179,0.5200681561504084,7.085267899227771,-0.1127700268981546,0.010822880301636063,-0.09319287414347079,9.871907638897474,0.14669398588815713
2.060546875,-6.594907747304791,0.26478995708826936,7.477312461609501,-0.10237728691382866,-0.041802737094533436,-0.09523621180634081,9.973621386706851,0.1459401032740942
2.0654296875,-6.4838783683903225,0.2694647512569255,7.839921867477064,-0.08926517404473211,-0.056223677880421534,-0.0909681515003071,10.177311277365694,0.13930031528686695
2.0703125,-6.1805875030322905,0.34586775310642986,7.982168930999995,-0.07984608462246319,-0.0465458261693084,-0.08460930582720284,10.101203256459074,0.1253022178410349
2.0751953125,-5.949820295692495,0.26371005094861716,8.110337783307052,-0.07329289539616023,-0.023689950547646114,-0.0825486420278547,10.062180852148485,0.1129041211521763
2.080078125,-5.853694764496069,0.09047387953415909,8.426241229119652,-0.07841901022343561,0.0342743709055099,-0.06451667086364987,10.260383480654244,0.10717590440355654
2.0849609375,-5.6234624186868265,-0.2849969123140593,8.696141816287565,-0.06158742862049969,0.11485643908145599,-0.04125155460717565,10.359895525698935,0.13669931865253077
2.08984375,-5.556515079089103,-0.5495667098862205,8.918056876032503,-0.055673779196071235,0.2174670301180181,-0.018011261304447263,10.521816470406161,0.2252018747970384
2.0947265625,-5.609232028872316,-0.5157883775076808,9.002408044741388,-0.04458915076346362,0.3221826388660468,0.006281381580418952,10.619457246400284,0.32531415724965806
2.099609375,-5.512288710575991,-0.25626253480477124,9.133948086403098,-0.04657351778373537,0.44461174595976916,0.022010937562145456,10.671457489986778,0.44758594546356223
2.1044921875,-5.3772217220018135,-0.11223418212816309,9.204767566170199,-0.03837926437710079,0.5625312997194749,0.033452540180178576,10.660903146845719,0.5648305086862037
2.109375,-5.107933597997911,-0.17042051041652592,9.328348854488034,-0.047003520733951636,0.716759379864676,0.05125922280819781,10.636640500785703,0.720125577596215
2.1142578125,-5.083517997060808,0.03629532385232911,9.224535367208654,-0.04621053447813191,0.8829058595729188,0.05939923326088185,10.532593475391423,0.88610746485792
2.119140625,-4.986671821233689,0.20928034761363332,9.450325658261688,-0.049303338430151084,1.0644711906938593,0.05147323636749182,10.687345281396246,1.0668548303587064
2.1240234375,-4.654481785054026,0.27121690612486177,9.663276297284078,-0.05084536187475541,1.2777376837414147,0.038121265508271766,10.729243593805666,1.279317032701825
2.12890625,-4.452289369062739,0.3718230938770118,9.654531620654964,-0.04715741715155074,1.4975042564626349,0.01940191745911265,10.638191286738358,1.4983722015965208
2.1337890625,-4.326450784737058,0.5832336383106623,9.922691717674365,-0.05827248276025403,1.7524813666412549,-0.00044113030372300023,10.840578803440913,1.7534499756958535
2.138671875,-3.9283049959303917,0.09201453096002143,10.094813842541134,-0.059902509469709264,2.0226448749506436,-0.025684755954807393,10.832604180460004,2.0236947169702577
2.1435546875,-3.9569277805635736,0.048846596910757205,10.381670075092059,-0.07100154758425252,2.339969678844616,-0.05315997597513181,11.110298690795288,2.341650123463625
2.1484375,-3.7025580077918705,-0.3122321581329425,10.70337804282836,-0.07452823316423611,2.679028371093408,-0.07429647106242046,11.329992332271734,2.6810944474737015
2.1533203125,-3.957445867025177,-0.4751939020325648,11.013025164102851,-0.0810837373394117,3.020305911105014,-0.09115353278521404,11.712126634395917,3.022768819419712
2.158203125,-3.6029064058387306,-1.2644159209099388,11.514823769068185,-0.026326427556859613,3.403274886692629,-0.09544974987592567,12.131399285448563,3.4047149205083245
2.1630859375,-3.7666215501346354,-1.7640639615693405,12.352348279316104,0.07444477209076299,3.77573602326145,-0.10304956765293057,13.033797128080899,3.7778755610579986
2.16796875,-3.097015837208738,-0.861412240447148,11.534959634231937,0.1353175099214001,4.218767538889521,-0.11817903663287505,11.974507585169174,4.222591225820794
2.1728515625,-3.2000432329827446,0.10064420749023739,11.941569517495815,0.11913245044491017,4.71871933297504,-0.13648001177466432,12.36331219741074,4.72219562044558
2.177734375,-7.153092633880176,0.6135591708871849,14.740338632604825,0.17219765374952667,5.055700398055374,-0.1054223783656702,16.395754697143797,5.059730469571911
2.1826171875,-5.472824330686066,0.5955048119670627,12.39617694220072,0.12010862521436894,5.370153857876662,-0.07930396796392844,13.563614375157313,5.372082246061885
2.1875,-8.955134287472639,1.4727714680225934,14.006327437548483,0.13486570605698572,5.616695600947225,0.02690396569498578,16.68953846550326,5.6183789526642185
2.1923828125,-12.43962879788248,-0.775663902916783,16.008964212572472,0.23675686113359184,5.61267034775401,0.13778986648611696,20.288739593154165,5.619351234008888
2.197265625,-11.106669668639565,0.269909397112181,14.690928280855337,0.31727951194872406,5.639890932422808,0.13646286313629577,18.418858161247744,5.650456453362222
2.2021484375,-16.252159041045395,1.6896179879469166,19.866961627882002,0.26648856729197073,5.539899331734268,0.19552773795875497,25.723212217068912,5.549750612285059
2.20703125,-21.673997840747674,2.5510004036689193,20.085989666907256,0.14879945417978654,5.153884815679493,0.08993198171412285,29.66001966215395,5.1568166277453455
2.2119140625,-20.934692675201877,2.4331864382609925,15.113636697866477,-0.020108029666767696,4.593594807444774,-6.204554703150418e-05,25.93460560493613,4.593638818158249
2.216796875,-17.94557449088005,0.6085624558399807,8.955553220748275,-0.1711029864086568,4.369939404266797,-0.13793060234615456,20.065291564291748,4.375462430416377
2.2216796875,-21.34802619114163,4.991258952001297,10.02692980337692,-0.5194209228762421,4.054830604562346,-0.16301112298241394,24.107886872669916,4.091212772886914
2.2265625,-29.990758972860444,2.9769678662927457,4.4722603017945435,-0.7823375949826586,3.6359033695342755,-0.2423418620531717,30.46816492098197,3.727006171609774
2.2314453125,-35.400824425028176,-1.960086783310951,10.183100117442029,-0.8521335581320183,2.3632266633958845,-0.22627220584156893,36.88842417577131,2.5223344295743946
2.236328125,-19.570985205136687,-26.402227892604998,-1.9975384926095425,0.029787556393276036,1.710078116153853,-1.062333710998782,32.92554114395366,2.013406907554615
2.2412109375,-38.60367586637859,-28.790951405319756,-5.475619498265337,1.1060935580905003,2.147520623507379,-2.2372440001686114,48.46797996729065,3.2924988236792547
2.24609375,-36.60027311086522,-13.39802022090348,11.143529165850783,2.053657085999429,0.23247477952477213,-2.335882639738549,40.537207352009695,3.118958104339122
2.2509765625,-26.677237591098727,-4.450432403314172,-0.6939027528199603,2.848591881219874,-0.7021020367019193,-2.371807189902306,27.054812050701273,3.7726505697937407
2.255859375,-26.730320785896286,6.922996059609406,0.6589546393742898,2.9093666666275335,-1.4283002588648144,-2.2644717010823445,27.62014020556448,3.9537688495104857
2.2607421875,-18.849416596497004,12.831925033376754,-3.589993368532459,2.5899300444122284,-2.1029856094950365,-1.8280955610476881,23.083475875106085,3.8042370442724254
2.265625,-13.569332249405292,13.946878245396482,-5.714002959345519,2.1894207009428888,-2.3677776661595504,-1.3123694671067005,20.28033580358258,3.4817018396576036
2.2705078125,-9.68988744253791,13.968252766219084,-6.731804241455826,1.8305815524539035,-2.4779310311236746,-0.7917954920879123,18.284506893414534,3.1808978475394207
2.275390625,-6.2786717773701275,12.865378363901907,-6.982587029274895,1.4669055992958109,-2.4558236465863224,-0.23627446833927615,15.927843587745878,2.870314868575737
2.2802734375,-4.160617910151101,11.654432240018078,-6.697920976612585,1.1225470738868095,-2.371376203774209,0.23033882420838264,14.07120029138914,2.6337412566264207
2.28515625,-2.6387431716224166,10.20908207452961,-5.850974600013469,0.7552311746762018,-2.238247197798977,0.6284870087327614,12.059113819027852,2.4444059740156963
2.2900390625,-1.5558387469418706,8.144222526773648,-4.924633904972184,0.40688153223995205,-2.121451009196923,0.9240362489663809,9.643703327565328,2.3494573746089618
2.294921875,-0.5031930304366474,5.824406905270742,-4.6892163177874515,0.09662348701336955,-1.989724100966633,1.1628271628117235,7.494375804498305,2.3066220121170398
2.2998046875,1.6391845266475527,3.261883106567834,-5.534921240145393,-0.15324058337878552,-1.7974516460949035,1.335073682761315,6.630396703661554,2.2442675497465556
2.3046875,4.104571708947592,1.0546098820924246,-6.394104667715742,-0.3414498512901246,-1.529301302700914,1.428957091534035,7.671002895254583,2.1206765064087847
2.3095703125,6.209676334919347,-1.0509794227199432,-7.146911637592701,-0.4884960133496894,-1.1226400147944262,1.4433102545396994,9.525911184080822,1.8926419230101665
2.314453125,6.360911894052203,-2.277483229866512,-6.90371019729676,-0.6120082961302601,-0.7072680286471197,1.3667276605181895,9.659676209608541,1.6561179658780865
2.3193359375,5.964946779128878,-3.2287960871000716,-6.376611222461273,-0.7550727037409216,-0.2803573984199315,1.196116561263953,9.309505085251942,1.4420228454893915
2.32421875,5.742804770581017,-4.00245443079977,-5.599881198026307,-0.8859666551316255,0.08419751302952284,0.9818032872198962,8.964268934812551,1.3251278542092726
2.3291015625,4.784658940127993,-5.043968990446905,-4.515372483398671,-0.9665378467730751,0.39791287870613246,0.7097760651447589,8.289944089906191,1.2634524648507006
2.333984375,3.5003755471360214,-5.9837781845601645,-2.905766314122139,-0.9758089176610971,0.6187532589184582,0.43244146453082355,7.516761816453472,1.2337196843102967
2.3388671875,2.3996915108790278,-6.548840994365788,-1.3149923693100238,-0.918510686599255,0.7641332868459304,0.19252391459325466,7.097537787727117,1.2102177569153871
2.34375,1.5165256836749068,-6.623810249307034,0.24273549530789099,-0.8018851813313718,0.8331157409892305,-0.024918177939932007,6.799531813937849,1.1565995839160272
2.3486328125,0.8161680472755973,-6.386660578312738,1.2268040230009563,-0.6557974432011611,0.8184490259826654,-0.20802182698643937,6.554434509156301,1.0692063295472627
2.353515625,0.24129527948064652,-5.890093237028154,2.074463008158921,-0.48992141999977307,0.7575093405314443,-0.3739623659170295,6.249385451786775,0.9765711699048052
2.3583984375,0.5466424545457513,-5.169209394755102,2.666801212449608,-0.30184083204891604,0.6676575184487361,-0.4950044025293535,5.842206128395241,0.8842532489940585
2.36328125,0.1645829240976563,-4.302790928327868,3.157058718593112,-0.1078532937337864,0.5557007627443309,-0.5700472586623896,5.339299304632576,0.8033614054660349
2.3681640625,0.24450722164485822,-3.105500636910232,3.272361727535324,0.05942745611768302,0.43744866018384,-0.6075985033473088,4.517993942351441,0.7510452011078598
2.373046875,0.5356373947546745,-2.0384578268230444,3.33243434385825,0.19729310485843157,0.33370227616192855,-0.6023615755130736,3.94301108120706,0.7163248187763177
2.3779296875,0.6680201264980635,-0.8509565473333355,3.0905551734604586,0.3262822440315342,0.24526130342130087,-0.5575907110287297,3.274432655447225,0.6910286613098572
2.3828125,1.059971939384961,0.2927793182229251,2.8546068826770608,0.39725464254327847,0.18162805898619097,-0.48174180571053554,3.0590914821380943,0.6502885284260569
2.3876953125,1.3358086734263135,1.2491395591974583,2.392815783739726,0.4440277342192618,0.1379057287045242,-0.3673999796974546,3.0116941785757314,0.5925886970294888
2.392578125,1.548678881486997,1.950772948161844,2.0629935390184415,0.45839343100177643,0.11533200346163697,-0.22096731963791816,3.2341712563307006,0.5217782718320314
2.3974609375,1.5639446376672033,2.479649421294666,1.6997664645770685,0.45255719255547655,0.11275358856079433,-0.07880400834206264,3.388774131793944,0.4730025961850605
2.40234375,1.472961899597182,2.811561971226573,1.345913494242419,0.41623101388946965,0.1225302607961521,0.10081299529154887,3.4476050541928713,0.44544941548270417
2.4072265625,1.4348439218977969,3.210666491035734,0.8275369003806403,0.3583622901479852,0.13596140301889653,0.26337971306605895,3.612751543956263,0.46505688616096746
2.412109375,1.2233134921908886,3.499484470063021,0.2757241720820103,0.2700982972610719,0.16944563503753288,0.4494886971924739,3.7173796248780997,0.5510943678902831
2.4169921875,0.9677572695601312,3.581557133422226,-0.49687150756363596,0.16267298445352615,0.22512357025985696,0.622773996951849,3.7431252888171764,0.6819021726295814
2.421875,0.7467004285712937,3.8559883330957945,-0.9405239466379364,0.03669089835981264,0.281182961480559,0.7640361507520973,4.038662259857691,0.8149609312755485
2.4267578125,0.5057857878279933,3.966912877053497,-1.5861363994180584,-0.13789298641078443,0.37732932618574094,0.9031920341987781,4.302097827207154,0.9885078384824254
2.431640625,0.3562818321741486,3.962309201382775,-1.9536168060730723,-0.34135099095034666,0.4740822699196098,0.9889791099023387,4.432093137138605,1.1486314367533808
2.4365234375,-0.4373305291780648,4.045480069552543,-2.286473922595169,-0.6113896288132411,0.586183061634225,1.0310846200003225,4.667454336531398,1.3343700212341687
2.44140625,-1.5823606245546327,3.7975662202510376,-2.2721122442405934,-0.8894243892269184,0.6581209266967804,1.0230768895862852,4.6997732279079925,1.5069456593764268
2.4462890625,-3.5784747517763003,3.286876308178121,-1.677707516449194,-1.230536707548597,0.6547299557841395,0.9363258266777477,5.1404027006756206,1.6791658516446224
2.451171875,-5.474309466812309,2.261538394273448,-0.6302448852076347,-1.5786354903644817,0.5510510972546957,0.7921217327444842,5.956494662344135,1.850190304457905
2.4560546875,-6.151707218526245,0.3248957011237988,-0.2621193939281271,-1.838716448481729,0.3773166475803281,0.6083355761644951,6.1658548065738525,1.9731493110471667
2.4609375,-6.296629498255191,-1.8388942955984164,-0.5354932533640343,-2.0091384756787964,0.16958268170056548,0.38487403946973975,6.581476148485248,2.0526869529091445
2.4658203125,-6.095132218914854,-3.897547077270389,-0.8546172005108761,-2.0403196280176803,-0.001990075650528272,0.17379046625115271,7.285044992654603,2.047708785700519
2.470703125,-5.11035791173203,-5.847202670876701,-1.8572104077498999,-1.904544980907299,-0.13447254366082687,-0.04421856656940553,7.984658261877232,1.909798348236601
2.4755859375,-3.100459444890318,-7.034328743244521,-3.6659288735908295,-1.6685209380573047,-0.16677049574004324,-0.2627233154833735,8.516669780123717,1.6972913890913321
2.48046875,-1.2332149294218422,-7.475837862782837,-5.6226970916501005,-1.3344406325821898,-0.04410756100298794,-0.5021651016005536,9.435236796033095,1.4264806581547054
2.4853515625,-1.0475160791922582,-7.788957131204136,-6.566516154330596,-0.9709765695906432,0.1743152407138596,-0.7323113835566817,10.241302531074197,1.228601344751765
2.490234375,-1.9129865846699763,-7.57101108938695,-6.942309311563232,-0.6128689149748586,0.3763579730384494,-0.9431759883350582,10.448702558986213,1.1861005757455327
2.4951171875,-3.1225840227177915,-6.794452676656947,-6.657695386455073,-0.27342767603815904,0.5711067355762734,-1.178570699702668,10.011994107723414,1.3378918086459206
2.5,-5.196434372227416,-5.674756921765989,-5.954326712805967,-0.00018503641518040714,0.6738553350987279,-1.3986139892607072,9.72932695045409,1.5524825724739209
2.5048828125,-5.986358734342573,-4.302698433633201,-5.753841740232675,0.19728303915837708,0.7296361920471394,-1.6268964330769122,9.351812630644018,1.7939012164115937
2.509765625,-60.1090680141954,54.59675997276475,62.85618845417634,-0.28407502237132287,-0.6193258920756998,-1.1247750552393831,102.6879091424389,1.3150597339358339
2.5146484375,-96.57482657556817,25.640249611830868,0.3604043998971702,0.35598352697776614,-2.82223705472812,-0.04410537597386216,99.9212160634043,2.8449413963647445
2.51953125,-55.617736135324925,4.663819870016064,-0.5061545173752678,-0.0060793703109666645,-6.334036649683408,0.22182336654962495,55.815230725976974,6.337922596894301
2.5244140625,-24.391226221811152,-19.06446808662709,-2.199235734594265,0.6998560358940599,-6.797685120761732,0.37609906041436936,31.035826037756866,6.843958794093325
2.529296875,1.9379269691535423,-1.2994528923141626,8.538513195450182,1.1837758602438477,-6.901869216488235,0.8854503551524684,8.851573100076232,7.058409615504304
2.5341796875,-22.363627010820736,6.296781412503612,35.58546358695332,1.3766590695854815,-6.804071611619371,0.9237749574356591,42.49831158921896,7.003137929664232
2.5390625,-14.820033538719109,4.998158638137802,33.10036608816894,0.6500085394735339,-7.5024729497500235,0.458202774449864,36.60941434974828,7.54450536785765
2.5439453125,0.6356700827911593,4.155842367689349,6.380996075275164,0.18490129317366216,-6.894464204905819,0.4669394141646623,7.641479775011813,6.912731556877162
2.548828125,-14.254580629472597,-5.368859808061977,19.500776840941064,0.42266150514985296,-6.845044587362118,0.7129429045618774,24.744656432469256,6.895039212076759
2.5537109375,-9.613585114455809,-5.632203274941041,20.612702281576578,0.9767696166544435,-6.374328529576239,0.6953557234362008,23.4313087093328,6.4861130632378226
2.55859375,3.626028195021588,1.5544152010901933,11.206258948335538,0.79277028375009,-5.819224555411291,0.5769841030592997,11.880426200504008,5.901251545586078
2.5634765625,-5.85688582750219,5.554773816883076,15.196070116671523,0.4463440092551814,-5.4113859040870365,0.48170125699137,17.20695123326393,5.4510876417956196
2.568359375,-2.1826606927237178,-0.43999384026888405,11.284059134808972,0.4099000271582007,-5.109530203335118,0.28664630583556794,11.501634355034138,5.13395393782485
2.5732421875,-2.3687129294547393,-0.5451349407637163,12.783753429873043,0.5264357565197262,-4.5828802782846365,0.20059520409087697,13.012775445753235,4.617376385647701
2.578125,-2.327683023292886,1.3972199535475542,10.997219857872969,0.3980739943906985,-4.210098851936578,0.12308772183609736,11.327364056033199,4.230667303789634
2.5830078125,-3.0514565589426335,0.6915274955842415,10.308962476984954,0.2767527762972863,-3.790469737190398,0.07109217734656627,10.773314474206478,3.80122441134753
2.587890625,-2.1731623877312614,0.03584870708918046,10.201355216675024,0.22011057807854448,-3.48986068367498,0.011719852980850144,10.430319657135755,3.496814781053804
2.5927734375,-3.23296009440167,0.8795518494972473,10.980296436385155,0.20747036363067684,-3.195303459698542,-0.06593386676243544,11.480093739113814,3.202710637277861
2.59765625,-3.8213945658247654,2.2559563535538416,10.763078449361519,0.196299861724188,-2.9413772589646823,-0.09965892821630726,11.642003831126553,2.949604332319972
2.6025390625,-3.5758466425195263,2.510315246120991,10.50492407824517,0.1457194024181511,-2.6384990822215486,-0.21141668632116567,11.377248864968227,2.6509637052174213
2.607421875,-2.27633153697931,4.686454343136149,11.20187820173213,-0.23799127542656845,-2.365719543716105,-0.31373872969999306,12.35421445592506,2.398270376169723
2.6123046875,0.33259147958957797,15.22861055106017,16.71155886959243,-1.1479123114325578,-2.1135902614765745,-0.09421840793503954,22.611886172100064,2.407040418551559
2.6171875,9.308107275078052,-1.307016526583355,15.601742360074432,-0.4839212878713638,-1.4596152122922013,-0.12738201563003224,18.214376682040587,1.5430108744645505
2.6220703125,-0.7933356775758378,-2.6354481510848347,11.32784726803855,-0.386228025332983,-1.148247974987548,-0.14960513623337413,11.65740503638694,1.2206667016032782
2.626953125,-0.8783933994862866,-4.145233410354702,11.575341659921595,-0.2363867843671141,-0.619335420284336,-0.07754397697433456,12.326518954453377,0.6674339989895598
2.6318359375,-2.340036248008347,-1.5074436566013842,10.457972302764171,-0.13282584942358894,-0.27227331593326853,-0.02734578983382284,10.822076543122549,0.30417635849294894
2.63671875,-3.448979015329093,-2.577821819446281,10.10745399514439,-0.021429535587046522,-0.005040847227338128,-0.0004801230971117853,10.986411964101567,0.022019665175343518
2.6416015625,-4.574721398566995,-0.33494985060213456,9.194645822330473,0.02946323513828618,0.14495631020612518,0.03537098740989414,10.27529946400709,0.15209050214835645
2.646484375,-5.449139788704905,0.3974673345641625,8.337975098624463,0.04131697990638487,0.17757128597011748,0.03741801346690548,9.968597366940552,0.1861149165474798
2.6513671875,-5.775419065974053,0.8260159574052052,8.067539414772023,0.033765287830511394,0.15692554526370595,0.03215006476990855,9.956051424053852,0.16370506431780912
2.65625,-6.097891195070715,0.9275129197516319,7.60501118764139,0.013156407197105854,0.0949732762156811,0.01313002799593012,9.791871751987863,0.0967750581536897
2.6611328125,-6.050004238891353,0.8504779338944145,7.59127955040481,0.001734400837303433,0.02848043256993216,0.003704824419491791,9.744402968834926,0.028772711196794684
2.666015625,-5.7950353940629435,0.7731097039715762,7.846526015922847,-0.00435747335417036,-0.026057417402629072,-0.007908018424022518,9.785096031790967,0.02757740617102741
2.6708984375,-5.660981189903253,0.4458869758759968,8.012434241019788,-0.02451413335686792,-0.06289902822430993,-0.017386835456220398,9.820622469801018,0.06971034738819284
2.67578125,-5.473877134526503,0.18588850060713977,8.173723541858372,-0.027967446887169577,-0.08471015800184616,-0.01839629955980498,9.839087455515365,0.0910846462999032
2.6806640625,-5.387407282466748,0.10399440694640935,8.26834113319415,-0.028012316104797184,-0.08800339757268938,-0.014115431887142147,9.869165980908528,0.09342661962873569
2.685546875,-5.3875993360952865,-0.049859313833382636,8.41917507205781,-0.03319036562887618,-0.0923342856780778,-0.00340695207507504,9.995560086930093,0.09817753309541459
2.6904296875,-5.353987550476558,-0.14126162606111048,8.565316607163748,-0.01635040187915552,-0.0696579300413222,0.007178398118317906,10.101969417821977,0.07191030704145757
2.6953125,-5.2099724285121445,-0.22809833644926675,8.533213418257581,-0.00761637313130166,-0.04029576435438808,0.015633803551325917,10.000578623183705,0.04388819406242455
2.7001953125,-5.132620584798711,-0.08877076005086935,8.603791497128126,-0.000943124344602978,-0.012011202832914954,0.028368770137712825,10.018827398522928,0.030821187455209995
2.705078125,-5.209292256556542,0.05081945187344674,8.546714746872935,0.004720301727576264,0.01738552963508614,0.040038664912285526,10.009277765919176,0.04390481268665318
2.7099609375,-5.122398785670843,0.19492269756939404,8.542075054649416,0.010050511036995148,0.028220994474965354,0.04534061746020676,9.962128809483126,0.054343434681050413
2.71484375,-5.199166907644157,0.30084791308799286,8.47096243461807,0.0103450605470917,0.04571324532375869,0.044229587101273386,9.943794575968573,0.06444359899091817
2.7197265625,-5.218507138519564,0.281637989511036,8.41918652542356,0.00017661438535907358,0.05244515786244482,0.037828179522162206,9.909330878610781,0.06466449521815512
2.724609375,-5.309882640233639,0.32506911598975036,8.319928714116728,-0.0018809201134306701,0.05136430949569424,0.04318210819192934,9.875309483312861,0.06713065334362585
2.7294921875,-5.252365839652289,0.2624389499580128,8.28739529607072,-0.008068783567443075,0.05037668972206887,0.03892625560282288,9.815148593339606,0.06417296557638691
2.734375,-5.348709239089476,0.20009990440760725,8.268299430606714,0.00012713844065069546,0.0491592984907312,0.03997840997404123,9.849543439684723,0.06336344416409526
2.7392578125,-5.339199851606539,0.16160801272989575,8.25431602237909,0.0031161220251726524,0.04364489370207713,0.0410535053571218,9.831932933176363,0.059999810540105926
2.744140625,-5.276567611567157,0.20958063446300487,8.259187162047473,0.005035469389191873,0.03596604741420987,0.03999799244988787,9.803074129042953,0.0540254747188025
2.7490234375,-5.358330850505702,0.2097309304599148,8.244721090907664,-0.00012493107777487934,0.033845422478703,0.04322333153449203,9.835198139007185,0.05489794731569388
2.75390625,-5.343981697377002,0.2048836327061993,8.188357589947746,-0.00224722516577686,0.03061432241589689,0.0378943662556872,9.780046917357101,0.04876750713180193
2.7587890625,-5.339029707797949,0.26738909225559915,8.183539245142128,0.00688103231071375,0.023915212955952097,0.038955925006174695,9.774817119731075,0.0462260760769972
2.763671875,-5.271635723899397,0.28650323384591375,8.20730657974158,0.0006829337929943942,0.020705156333435976,0.04539079669768951,9.758694000857181,0.04989483262030867
2.7685546875,-5.27641826192358,0.2769030312863292,8.249634266477715,-0.004401188281427697,0.02407135627566729,0.04218856202143054,9.796618319304857,0.04877166612567972
2.7734375,-5.233271274209692,0.22873032356596143,8.235818751871097,-0.0034574180356281214,0.019694677771013098,0.038991118767143985,9.760540779283621,0.04381941823770202
2.7783203125,-5.281187546514793,0.33460148808722445,8.164832072887647,-0.0004316232190129683,0.01636568345182848,0.04006151831610092,9.729716482804003,0.04327755934938953
2.783203125,-5.266756735659729,0.32976843281121565,8.1790147627816,0.001480084126547671,0.008698228642063753,0.03580030492869664,9.733640440333476,0.036871556293692535
2.7880859375,-5.329479982066172,0.24813176417090307,8.164810832727321,-0.0007174643286452977,-0.0011370961750109085,0.04438090151519136,9.753412848119165,0.044401263068467076
2.79296875,-5.3678874247158035,0.31070405773859994,8.08925738549599,-0.007011897870197077,-0.00757242225400919,0.03479602965874709,9.71323002222838,0.0362942415618166
2.7978515625,-5.425471359386899,0.31083304870057454,8.192473249985879,-0.010236913640234963,-0.015156027313526934,0.028408803710470512,9.831021035855136,0.03378697519852948
2.802734375,-5.252375900669167,0.3633817167569068,8.070833538934993,-0.012527336078139023,-0.02934445464489209,0.03058820397056571,9.636277958174587,0.044200332462162595
2.8076171875,-5.377231131009892,0.416521194735177,8.107797136324635,-0.012660033945910996,-0.035873554360641276,0.0220546555928441,9.737786141919502,0.04397267555308038
2.8125,-5.372597519228068,0.31553713648725856,8.164475184366239,-0.010734171415109177,-0.043558255159867096,0.02313664792552054,9.77870251230961,0.05047621722921131
2.8173828125,-5.305044837045243,0.4356234793303943,8.11747622292796,-0.024330528864322166,-0.05755752890395347,0.018930894896422752,9.707043255729578,0.06529335762484924
2.822265625,-5.391578476229936,0.48385827357649014,8.037041238157576,-0.02655358102433668,-0.06624303185713913,0.010410352985472458,9.690060327887531,0.07212216985174599
2.8271484375,-5.338664990075986,0.45492110242030137,8.112584287518235,-0.02893052126344492,-0.08478385936481284,0.007254078888814953,9.7222590434414,0.08987713574592901
2.83203125,-5.28119174028203,0.39228334040045354,8.042426234350161,-0.025992622947660547,-0.0924667405841884,0.0029921999844963977,9.629407673981957,0.0960971790569841
2.8369140625,-5.343607207613127,0.3828035833162196,8.145642071063861,-0.03331761368810252,-0.09999671504212071,-0.0012471934429155419,9.749469796996154,0.10540854753087521
2.841796875,-5.305241642268486,0.3346446315879767,8.155320963233883,-0.029302820958403888,-0.10440803727668845,-0.007658987250236905,9.734825931965723,0.10871225160850055
2.8466796875,-5.31986312224465,0.2913756111559699,8.075399973868635,-0.026271653055225986,-0.10662533370987588,-0.011933982192566564,9.674602220461193,0.110460768936166
2.8515625,-5.233057579613708,0.3345189990797751,8.202666609756202,-0.030385298582496403,-0.10767225394343914,-0.007649695533590648,9.7355294721503,0.11213874656408702
2.8564453125,-5.223393956466239,0.35854347444804696,8.193250025328828,-0.03148666789624045,-0.11091129165921193,-0.015119823338730076,9.72325788123858,0.11628127076411456
2.861328125,-5.223384742251794,0.3441244356175104,8.230906104048586,-0.028415587286397818,-0.11094582399270653,-0.018334431318108,9.754485382963171,0.11598522679207869
2.8662109375,-5.252343506431125,0.26724972722792256,8.296790973652005,-0.029534271617649967,-0.11639513978234103,-0.01831898795973359,9.823200862586797,0.12147298911611872
2.87109375,-5.218583217971251,0.32969353979187654,8.254473934772218,-0.02853519936288257,-0.11749329143819506,-0.02152459597701176,9.77131764773337,0.12280976902361508
2.8759765625,-5.218714985988367,0.32005679327583636,8.160433309365521,-0.022369408773070747,-0.1164772644217328,-0.025815527941909222,9.69175393066208,0.12138280380245998
2.880859375,-5.2235391123425785,0.2335392253114936,8.325208759436066,-0.030651307851946884,-0.1207304768753381,-0.02471829352058375,9.831022445103194,0.12698954584591246
2.8857421875,-5.290879081158103,0.2576964426904955,8.25901937953121,-0.02443985586110972,-0.1175388353552616,-0.025808969332650724,9.811789338315608,0.12279571356198399
2.890625,-5.237981368721957,0.23356340231462014,8.311036550741346,-0.02349339552111585,-0.12191904102988615,-0.027939359062533184,9.826715078282149,0.12726664914102126
2.8955078125,-5.271626086283735,0.22882233103119845,8.334415497669324,-0.025572628042513236,-0.12297063384090784,-0.031137837376559143,9.864323744715415,0.12940363599499208
2.900390625,-5.209142080232994,0.21908651449269267,8.330006252947966,-0.02141941892606993,-0.12085994574487428,-0.026879075657621973,9.827113731255933,0.1256519108521339
2.9052734375,-5.238217396539104,0.12296394953089662,8.334793015274958,-0.02544725529365482,-0.11642980264453831,-0.025810332171611192,9.84493860995412,0.12194111280710658
2.91015625,-5.127289085008574,0.19491746359124332,8.471507873620897,-0.026439886127814977,-0.11422532571838302,-0.026886049883254447,9.904217880866806,0.12028862079285539
2.9150390625,-5.069707939474817,0.17075357624999504,8.41537520902975,-0.02610296087290851,-0.09455406268648307,-0.025865564506119085,9.825967396858625,0.10144388973256187
2.919921875,-5.156180157270693,0.18535090954727318,8.457293656800692,-0.021792001937820906,-0.08370878108606469,-0.018422788875006892,9.906884715755163,0.0884389649945417
2.9248046875,-5.1228084588100975,0.08909984010908431,8.405916338715025,-0.02168310584159498,-0.07714660247444154,-0.019506421130465357,9.84431484566803,0.08247578928149996
2.9296875,-5.15159931049071,0.09877829414178109,8.438690991000476,-0.01418185611816413,-0.059788781789894455,-0.012087945193763806,9.887377723584475,0.06262540929912842
2.9345703125,-5.1900744450575536,0.09404243336386027,8.44323663019277,-0.007842940456137523,-0.048941762582033234,-0.014268038026124667,9.91130473338104,0.05157891767718247
2.939453125,-5.09373258467652,0.19002938434673505,8.391712936408286,-0.01486632139384384,-0.040110144325884584,-0.008928345845620807,9.818506445391412,0.043698358655301514
2.9443359375,-5.1562842826444735,0.13245704653962323,8.476221267553269,-0.013639689152655331,-0.029211650470655194,-0.0036158887224137974,9.92225475631153,0.03244127455347081
2.94921875,-5.1418745549293865,0.18049601580544744,8.363305520718711,-0.008290737102949045,-0.016164344310168242,-0.005796927409080256,9.819181838790643,0.019068998822015546
2.9541015625,-5.209083313555264,0.20948300042463477,8.4005734062003,-0.012406287385179538,-0.017207122049759323,-0.002578306250416432,9.886762141772527,0.021369339695926845
2.958984375,-5.2429922594049945,0.1325926135732447,8.344157221482362,-0.011384469772733132,-0.018332996924368752,0.0027672646712866658,9.855531866427663,0.021756899641174516
2.9638671875,-5.243121930538492,0.09411494090059003,8.311319515344408,-0.009392832418202308,-0.021635294475633282,0.0006338408704163683,9.827370822694094,0.023594766837856447
2.96875,-5.242749672084487,0.2528069744071914,8.306270556379513,-0.00726913578311951,-0.017290701850257842,-0.00045179005016049813,9.825704353695368,0.01876200468386474
2.9736328125,-5.242836908085526,0.20472293917093753,8.329890765323116,-0.010430522797234415,-0.02160625025321127,-0.0036394436383794795,9.844609209553314,0.024266672739066634
2.978515625,-5.218746802276481,0.2335273683163963,8.311120511439944,-0.0083857737734197,-0.02274446382026827,0.0006330263877163929,9.81654610205145,0.0242493826448842
2.9833984375,-5.184855861454426,0.2959939688446809,8.381677377926346,-0.005392223850408491,-0.02714815504308442,-0.0036407325542724394,9.860165231946826,0.027916900505392847
2.98828125,-5.228378877988341,0.1998946313874976,8.367588852168359,-0.006505447313519026,-0.032604803787626105,-0.0014859196633801078,9.868761156010635,0.0332806555227596
2.9931640625,-5.25240408101751,0.2143634602083829,8.353343219526645,-0.015721906896737105,-0.030260374119062426,-0.00787996468620134,9.869753961805415,0.03499946344947409
2.998046875,-5.12737241621734,0.18048228328597246,8.429211602706271,-0.011576991025072005,-0.02813876280113943,-0.006829333217960236,9.867833095080428,0.031184234564525085
3.0029296875,-5.20448711645869,0.161368118223008,8.316043779342618,-0.011547183292824285,-0.027060027452820278,-0.0025541663956670587,9.811692512248149,0.02953144584544113
3.0078125,-5.20433609333271,0.24311145287389654,8.278240963833621,-0.005383915275512008,-0.027158967009536194,-0.00043191609061109883,9.781282676938492,0.0276908393557923
3.0126953125,-5.228506317811969,0.18064487581826183,8.297084586111415,-0.00851065587274589,-0.02928458527589298,-0.0046934010426068346,9.808747295941858,0.030855246093850798
3.017578125,-5.170652845430748,0.20459730666273593,8.377236411845434,-0.01043359127217485,-0.021602844841285832,-0.004709644700279388,9.846603516228512,0.024448384103542362
3.0224609375,-5.295659522298667,0.21925531397429637,8.36254998553609,-0.007499775849991171,-0.030396045113443935,-0.003625787018992549,9.900723454849556,0.031516861008763615
3.02734375,-5.223523338624773,0.2287350945311802,8.348734637586588,-0.005471565514779981,-0.03151278038187727,-0.005765837102746707,9.850831734501709,0.032499818985255426
3.0322265625,-5.252466194660046,0.19512509862131244,8.339275906152796,-0.01056820705060686,-0.030365070355929207,0.0006571593570375779,9.857484342827997,0.03215830151618038
3.037109375,-5.218763268248005,0.18545567656082151,8.3958807524569,-0.011695736494096703,-0.03580432934271428,-0.002534092795482206,9.887400946025172,0.037751316243503495
3.0419921875,-5.276488185150664,0.19036695983729265,8.36739991282033,-0.005616544888919743,-0.04137864599824848,0.0028085525224365083,9.893985468379157,0.041852429898500514
3.046875,-5.290948312131467,0.22403619377734713,8.268498906706347,-0.008719936767074691,-0.042419451965821496,0.0006837048891375267,9.818981639048578,0.043311830424005965
3.0517578125,-5.190066635473008,0.16134014322582635,8.31140367047631,-0.009847678396790169,-0.047858824834679896,-0.002507362066783022,9.800114963411058,0.04892576773947572
3.056640625,-5.2091638556266915,0.21908271649863756,8.311193935386935,-0.006699785546858112,-0.043525131413523946,-0.004663674302334126,9.81118392157891,0.04428401572731034
3.0615234375,-5.136927027970075,0.20454564114800955,8.433820295751072,-0.0077448863981115015,-0.04460283044281044,-0.004661423757298531,9.87720522167201,0.045509610196911784
3.06640625,-5.117860797424533,0.16121830871167986,8.377561634559658,-0.005601974591600261,-0.03916433793817743,-0.005747601913631007,9.818453514974983,0.03997827426513398
3.0712890625,-5.238153051586698,0.16143022822138595,8.311193768729817,-0.010764964581122404,-0.04128136281155841,-0.0035895810446741425,9.825489757350724,0.0428126204534203
3.076171875,-5.146697989029877,0.14685427037699278,8.419794851621777,-0.0035888105869981497,-0.0413768524969077,-0.006816666882443467,9.869296414152771,0.042087889366971214
3.0810546875,-5.209325766449519,0.13733748285072145,8.339590592115416,-0.0013816624460882031,-0.03266980360276063,-0.004704093194696284,9.833855183461397,0.03303564062254991
3.0859375,-5.122677114194197,0.14199845060930316,8.41050412491374,-0.00961933156969781,-0.0347490469830339,-0.0004052675147680308,9.8487849002532,0.036058175880587864
3.0908203125,-5.223709256151167,0.12775814578579014,8.395985536673027,-0.00446823985119142,-0.03373135942049427,-0.0004198836782373163,9.889187715309923,0.03402860675998347
3.095703125,-5.2091977687984246,0.161394217695812,8.400678218192613,0.0027084545654757243,-0.03494539766311294,0.0038391788797968863,9.886009509077763,0.035259833216245144
3.1005859375,-5.170936194401311,0.10841024621995257,8.330415241927481,0.006899036981821952,-0.030648459350053326,0.008094324927315747,9.805414423214996,0.03244137586227475
3.10546875,-5.2909125709286196,0.15674607990349126,8.437956501544873,0.000778705631812608,-0.028370398739668637,0.008102477551170533,9.960794902453268,0.029515013968758864
3.1103515625,-5.1516340704648735,0.127613523307313,8.349269595390185,0.0069759456026569555,-0.026279916679873522,0.00915143947631931,9.811519840667518,0.028688790184339577
3.115234375,-5.180321912426642,0.18057188179595024,8.38194991688255,0.009068602659322956,-0.024127769661958762,0.010208657197198594,9.855223271442933,0.027723735405300848
3.1201171875,-5.166065439147405,0.12763959930746707,8.344503545475979,0.009092697248599851,-0.023041828939570068,0.012344371010307055,9.815052898957083,0.027676461474964845
3.125,-5.219058062742884,0.0844597378451559,8.34907006373818,0.009231480717102763,-0.015400601764018562,0.015531824187596941,9.846454764980512,0.02374102637879317
3.1298828125,-5.1417655435346505,0.22858384903575643,8.358497629336139,0.014309258096354999,-0.018760534024748053,0.016594268905729286,9.816032095523019,0.028845836175737466
3.134765625,-5.223507141505753,0.18066909976668813,8.461713354945093,0.011275899466815875,-0.015420245536777682,0.012317534222748474,9.945765987706942,0.022729969875229277
3.1396484375,-5.146815656811591,0.11799245525307511,8.377530024304845,0.011212080685823743,-0.01980731743882696,0.01660501786394625,9.832936638300215,0.02817387434645534
3.14453125,-5.228378877988341,0.1998946313874976,8.367588852168359,0.012355552280201952,-0.013271353736989995,0.01872368722969757,9.868761156010635,0.026064630548631642
3.1494140625,-5.17063762954041,0.1949861966065678,8.410178929975702,0.01238206039200372,-0.012189197578052185,0.021925788325731412,9.874442908189485,0.027975563459076216
3.154296875,-5.19483438100807,0.1853906945942524,8.297221036134728,0.023716995854662404,-0.009062919397649376,0.01761703071937018,9.791044422237205,0.03090294762228347
3.1591796875,-5.108232068677479,0.1660091699854502,8.377593133709723,0.02067748488185679,-0.006834849677860808,0.018685815736909275,9.813544753348024,0.028695526844999663
3.1640625,-5.16579953737705,0.21420985270299964,8.396048757182651,0.021770217821478356,-0.002466847256520706,0.015465859061963665,9.860274106451012,0.02681828696815181
3.1689453125,-5.141889212992256,0.19491410513747026,8.320946362608696,0.012437001257490822,-0.007792216852106514,0.014435706122059843,9.783412725449057,0.020586093728329254
3.173828125,-5.093650234696436,0.2429194493603299,8.353973008094677,0.021767332808602456,-0.003582233060459693,0.021881113577861586,9.787397386040633,0.031071406513178478
3.1787109375,-5.136926893543823,0.25261448440804296,8.334950816563342,0.019650844303466867,-0.00682016279533433,0.018689014075332067,9.794040897498665,0.027963360840605675
3.18359375,-5.088735236401418,0.31503222097184275,8.297399827597761,0.018642435444331956,-0.005712658846621376,0.01868901952371133,9.738650599824558,0.027008412044243348
3.1884765625,-5.088630129798955,0.32947119927116875,8.35850841607342,0.014722867024446083,0.005278952204378785,0.01867058110733099,9.791188426877358,0.02435612343294931
3.193359375,-5.064684487612529,0.28614720181596215,8.363410777130007,0.01161976158892516,0.00423878394337167,0.01654365747533619,9.781592355398196,0.020656203701631456
3.1982421875,-5.127190826884435,0.2910722410845582,8.358424344270079,0.007549069685357225,0.006489562142252387,0.015480300732245399,9.809998284592336,0.018404960762612135
3.203125,-5.141696312561287,0.26224409794890485,8.349018102161004,0.010559002341515194,0.0031829940790415907,0.010137701911723963,9.808767313364484,0.014979885907653263
3.2080078125,-5.035802071737389,0.31493977396632367,8.330552275250707,0.012687921524062689,0.007520365174042143,0.011189722877106394,9.739434828450019,0.018513485436787894
3.212890625,-5.107779268152047,0.31510148741804883,8.461923645558192,0.008665632732114438,0.011943495224899377,0.014392799054992116,9.889026735872129,0.0206129312198064
3.2177734375,-5.136793452044304,0.27667216875164724,8.400741522030795,0.008681714419781841,0.013040293505210227,0.013323114539073151,9.850667620922922,0.020565184195380753
3.22265625,-5.117664550028757,0.25739017717824275,8.34913353423348,0.011782007138205965,0.014084000042922387,0.014382454565031899,9.79616102983158,0.023324445303779057
3.2275390625,-5.199137457092165,0.3200805776839806,8.45681127165037,0.01690886219659494,0.014015767847671024,0.012229906624675038,9.93232796268136,0.025138058500837262
3.232421875,-5.2042163286673775,0.24313234184119967,8.381708710419296,0.006756862976211174,0.020726230274026813,0.012241478366307188,9.8689422856523,0.02500171216625065
3.2373046875,-5.146640626982045,0.2189675050014376,8.32087296643789,0.008857308693364903,0.022867178713962096,0.01650676578564976,9.786357005298017,0.029560668062953793
3.2421875,-5.1321576089526095,0.1949160276071477,8.41975301015341,0.016089708691022643,0.026051321893379564,0.013272232219295757,9.862518680992991,0.03337217772692336
3.2470703125,-5.141742652486019,0.238201605581521,8.358476666937676,0.006817192331180941,0.025116118121162406,0.006887166111006192,9.816230931525457,0.026920745862570133
3.251953125,-5.2189413761898535,0.15177643767739757,8.311298691826877,0.013070044678490527,0.028254492610301097,0.021827329598098327,9.815195928757797,0.03802071459017199
3.2568359375,-5.243087036138076,0.11334855499509158,8.301871431766966,0.013046299943784687,0.02716893096117596,0.01969324281859476,9.81956612244284,0.0360025077530507
3.26171875,-5.13705502562117,0.18048890630291903,8.372732669673876,0.016071596040769368,0.02383989669772646,0.020759773975859628,9.824691493343817,0.03546272817176819
3.2666015625,-5.1514852786487655,0.19012894085478257,8.349133339800177,0.019232756416041958,0.029274014037001153,0.016464086037698025,9.812338004576095,0.03870313871321119
3.271484375,-5.185200208412591,0.1901825053665365,8.301955614675052,0.019257376617224136,0.029241597862903552,0.026083666017132662,9.79004277900276,0.04366091195390561
3.2763671875,-5.1320572539448515,0.262229878943848,8.367872400071333,0.017204136799610997,0.029271549026748164,0.026086628564215064,9.819779257755973,0.042817263986532024
3.28125,-5.209135520729635,0.22870142254291587,8.31587605237873,0.022357815021762664,0.03028546833521255,0.027141500538874732,9.81535489590297,0.046408431737479085
3.2861328125,-5.060039295880139,0.23804086510095945,8.321208864784648,0.013215187427870019,0.035883087454644164,0.028218675734274924,9.741826220000016,0.04752400240118178
3.291015625,-5.127005043784292,0.3439803465699148,8.41004292437137,0.023396532378247292,0.03136984194277602,0.024995509794916236,9.855624038465796,0.046435333752960974
3.2958984375,-5.2571391634620275,0.2384197085678916,8.367379061526613,0.018167435470980688,0.025988750000678882,0.022887081480718507,9.884704775597186,0.039106129147424985
3.30078125,-5.1992540092189445,0.3008327211117724,8.395713164373943,0.01611958102004396,0.0260113795105199,0.02502830310195555,9.879814882724915,0.03953288140858713
3.3056640625,-5.151302708087177,0.26226401394504434,8.35838228059222,0.019201220353983518,0.025962027660115884,0.026089994098581894,9.821774602986716,0.04151387160180186
3.310546875,-5.228266519628799,0.2768243402729349,8.306281120907304,0.011974298974944758,0.02388952891479614,0.023977699434967966,9.818640872095287,0.03590297338530483
3.3154296875,-5.233115499489008,0.25759878517947554,8.311005134919839,0.009860940969020172,0.01952977367116171,0.029337364126276397,9.824696500034083,0.03659687350470025
3.3203125,-5.242519222542016,0.31533663443236776,8.376680491643375,0.020153612948301924,0.021574819704558025,0.026098214697990212,9.88697228937233,0.03940504752663725
3.3251953125,-5.2233309960212715,0.29125810806676006,8.386223017118644,0.015002691778563337,0.021676038213357913,0.018630025221947417,9.884166857776215,0.032280167796960434
3.330078125,-5.228318303401956,0.2527808984070373,8.311036606293719,0.014880801144214965,0.014013691671219231,0.02185718885179032,9.822043572263441,0.029925883469874296
3.3349609375,-5.228223950070089,0.31528682096936916,8.26386955680113,0.012058821383781886,0.02936529734260171,0.020758622705192263,9.783929246646665,0.037929622695221876
3.33984375,-5.218520257526283,0.26240817341058953,8.447446926562035,0.02020413691140674,0.024861679775018544,0.023951204606172564,9.932832994909722,0.03999963089401171
3.3447265625,-5.1515076118699294,0.18531816358487274,8.33973766221889,0.0171220052389303,0.024910495645088883,0.02289264963156175,9.804264264672822,0.0379179280003456
3.349609375,-5.175454927538758,0.2142212232125151,8.363085221101548,0.01721773030207641,0.03037230123956169,0.023947147953787655,9.837297334881518,0.04233666040752762
3.3544921875,-5.223541767053664,0.2575731721922534,8.27342248014707,0.014027032559054574,0.023859105290573546,0.023973334798201892,9.787811403280623,0.0366160528870348
3.359375,-5.27173063505873,0.21919033200772722,8.263890269213915,0.01720496156182094,0.02927212095343976,0.02609005160928884,9.804645361861429,0.0428200719339879
3.3642578125,-5.194618031701,0.2671454232273062,8.315855173308826,0.017127326116266783,0.0249029698964339,0.025030376470940863,9.80861205450963,0.03924312622399848
3.369140625,-5.208898511683804,0.3008459906183154,8.372155787073355,0.019195988801355344,0.025969373737773343,0.023952424425276987,9.864893539117325,0.04020712616244187
3.3740234375,-5.184920206406834,0.2575276901541916,8.405276624471488,0.018198718838543907,0.028181750652480554,0.020742802512071466,9.879189905649595,0.03944196107266675
3.37890625,-5.194726485268268,0.22386456927285195,8.311246424711651,0.008942798835413712,0.02722524404847236,0.020771127028399755,9.803678683759761,0.03539247494227375
3.3837890625,-5.204112761121067,0.2912192255729949,8.372197739646467,0.017148700855355494,0.025992577033797735,0.02609502554169353,9.862114036024318,0.040628098157629994
3.388671875,-5.194861734676443,0.13731710384165002,8.37257511837117,0.015093817335935195,0.026027369053193875,0.025032324076082215,9.854210193728415,0.03913904074261067
3.3935546875,-5.165893198455197,0.20457975267655595,8.334929687507762,0.020275940999579436,0.028118883209275122,0.03035769762236224,9.808127156024696,0.046080095282953336
3.3984375,-5.209052747348337,0.238329623572332,8.367588963273104,0.01912734067740758,0.021590225690979258,0.0261012371571991,9.85939027488106,0.038900740197499874
3.4033203125,-5.194767381344576,0.1998230264039819,8.32540806887858,0.01712265350456063,0.02379231113518511,0.03037681184181931,9.815190110309194,0.04221386063680967
3.408203125,-5.175514944297675,0.1661419354688301,8.410220826996442,0.01921500620235554,0.027063171371011354,0.02394942791171763,9.87650608465436,0.04092929031038591
3.4130859375,-5.185066766913072,0.2142401897101408,8.367746320142507,0.019207562410923786,0.024837034815054733,0.035711346959375063,9.846318840789785,0.04755112042661708
3.41796875,-5.209290314221636,0.16137807622107775,8.320725868558227,0.01825036632723516,0.02923194306284693,0.0335670818660556,9.81820897317949,0.04810749786998158
3.4228515625,-5.2333100734023805,0.17584785454047683,8.311183315306772,0.02134044268900165,0.029171983356666868,0.037834417969616764,9.823147402587166,0.052324585905899654
3.427734375,-5.189708611680657,0.2911884020802719,8.353448392609382,0.022368401592519082,0.030270759842408606,0.03141499925049649,9.838595743684497,0.049026181466127694
3.4326171875,-5.180048758899209,0.32963286577759415,8.311078808852507,0.022418415887625925,0.03355673692756516,0.029270033804686485,9.798754713622094,0.049853533907476044
3.4375,-5.146238783549797,0.44496104636406025,8.202803365317562,0.01412402942825142,0.029315512818625277,0.026097034806030876,9.6936962506651,0.04171262068938227
3.4423828125,-5.131689747085551,0.47379678548782383,8.249834242548701,0.012118757214663215,0.03263584860275772,0.02288659520220907,9.72720350788502,0.04166244268402723
3.447265625,-5.093186277621651,0.488151352310023,8.2499707203482,0.005952060819905121,0.032737496511879086,0.019695663410727086,9.707772921114204,0.03866639190638039
3.4521484375,-5.223086177390893,0.43070038600412563,8.310669792096805,0.002698636323856712,0.022957487655045457,0.016521746616680082,9.825139410320155,0.028412972190634742
3.45703125,-5.20880583183434,0.3489309753530831,8.353238657520007,0.01087277845047804,0.020650392634342256,0.01650598911970681,9.850381063126388,0.02858502587029713
3.4619140625,-5.22813238587556,0.3537578471524274,8.263785707207278,0.005748536058820918,0.021833529411093035,0.012243426405166293,9.785124785781022,0.02568365557126462
3.466796875,-5.209041725225236,0.286400365829393,8.278125642865888,0.0026247427547735776,0.01858581366717332,0.016534155769787964,9.784861011979602,0.02501399710600518
3.4716796875,-5.266806422549266,0.2768840647887035,8.244973167436758,0.008798692671282707,0.02070986035648365,0.007964701724089918,9.787517418104155,0.02386947385809872
3.4765625,-5.271519306198869,0.2576822471580886,8.36727416620574,0.006666497995778745,0.01637577561376854,0.005840857439363858,9.892754566276363,0.018620521961190847
3.4814453125,-5.18481650443427,0.3536834171460202,8.296896174510927,0.0004514449757609823,0.013186419152153059,0.00586500805248295,9.790091944145987,0.014438967140280453
3.486328125,-5.204175298164819,0.3152427279701031,8.268677587064634,0.0025651441504005532,0.017546533168261057,0.0005063502707261079,9.775164834947384,0.017740270046813944
3.4912109375,-5.170345913157834,0.363277946187172,8.315750500197442,-0.0005859107787317191,0.01321595507454762,0.001592217524424539,9.798783297401158,0.013324410554248904
3.49609375,-5.266555178841781,0.3778724075162589,8.254159221033413,0.0035702963795817434,0.016441799110017846,-0.0005618541595361641,9.798496591534757,0.016834353397408117
3.5009765625,-5.184882946270296,0.3440580646121454,8.259292501787327,-0.0026200095427966297,0.014339363070816073,0.001596098033444694,9.757935219524136,0.014663877802729916
3.505859375,-5.2086857983165045,0.4450895508404531,8.258967445730221,-0.004769161143145342,0.0100258270042974,-0.006937850952709576,9.774408203235783,0.013091824967184657
3.5107421875,-5.156050217284691,0.31996626873999473,8.292392404563182,-0.00565971627498722,0.017685855507582022,-0.004817341546271776,9.769902970221867,0.019184072897116
3.515625,-5.1704205879796215,0.3296167477755098,8.320526947982321,-0.012977051978540743,0.010144419077252385,-0.005849390670640831,9.801686842024573,0.017479373206338102
3.5205078125,-5.213704364157835,0.3248898954971449,8.325051596999968,-0.013928788219923783,0.014532160765314342,-0.005857542988707743,9.828262854327122,0.0209643899899088
3.525390625,-5.204290311235447,0.26234696596542567,8.278199039036695,-0.008926918006625182,0.00680484615071599,-0.005849986863799371,9.781719833652897,0.012657730544554515
3.5302734375,-5.266797208334821,0.2624650259581669,8.282629246156516,0.0003769980189993944,0.011051582775451717,-0.00909000146043829,9.81885879075883,0.014314598698523156
3.53515625,-5.204362889173616,0.19984484139714892,8.344178406090315,-0.006754098264054487,0.013322696984880261,-0.0026665412672625534,9.836190538796231,0.015173086061887858
3.5400390625,-5.247512108197375,0.2287896320140978,8.395660480615922,-0.008915400279610951,0.006791324291974625,-0.0015772865099050618,9.90332484205033,0.01131787438164871
3.544921875,-5.218765499557875,0.16622775945740265,8.43354731237589,-0.005730050764307965,0.013311727790610784,-0.0037395066349278695,9.919065746201724,0.014967280594868774
3.5498046875,-5.319866180234491,0.17120302825662936,8.320222132142835,-0.0025997712908859888,0.015434359071013967,0.0015938888601640863,9.877063479632314,0.015732728065928722
3.5546875,-5.315016776973066,0.14716671936591005,8.404950957338285,-0.0006079990161322183,0.012132418911901777,-0.0005422358396165128,9.94556494011556,0.012159739765441293
3.5595703125,-5.324707484936404,0.17120633976510266,8.291982665626637,-0.0026659732867555996,0.011051191136737464,0.004811589812585427,9.85590168061584,0.012344538696564362
3.564453125,-5.281441713785868,0.16150940572036201,8.301598698377457,0.0045474355059983195,0.013141678362945757,0.0015814875275474885,9.840541286593734,0.013995855910808711
3.5693359375,-5.262010476543401,0.21438337620452239,8.362707397957864,0.0005083765780588705,0.01646707911471934,0.005856659412814154,9.88279259678683,0.01748495355422054
3.57421875,-5.2428695711760716,0.20471724217985485,8.30167228898157,0.005608319625696902,0.014197507633171746,0.007987888801328193,9.820761339288017,0.017228721354770684
3.5791015625,-5.271539408110163,0.27209938699159764,8.320211928705467,0.0005294224634502608,0.0175561072441954,0.006923285346061931,9.853379742313416,0.01887932916439278
3.583984375,-5.28122257534146,0.26729903073268946,8.27314963565282,0.0006196205916252975,0.023024949444774297,0.005842031767531767,9.818745620293322,0.023762608480232733
3.5888671875,-5.2666936407885085,0.3105519096899621,8.273118275383684,-0.0005081212767049976,0.017585271916110368,0.0026518372559166227,9.812185811174883,0.017791352293382526
3.59375,-5.314822626460909,0.2721795139890875,8.315319937743366,-0.0015394083113335004,0.01760829947076774,0.0005166168989919897,9.8724853459303,0.01768301109035354
3.5986328125,-5.247527189661461,0.2864695853302993,8.263848483297922,0.00045701210731324246,0.01429807263932481,0.0005202736675086705,9.793354797231691,0.014314832376061641
3.603515625,-5.280988221006715,0.3634775456888488,8.277643091058449,-0.004707143212688601,0.013298749585293172,-0.004808124719367939,9.825493761617242,0.01490409343348641
3.6083984375,-5.194456813131891,0.2960148343393341,8.395744635747823,-0.005781123333537851,0.010024310853962614,-0.0015939765334956387,9.877172386585627,0.011681136771897813
3.61328125,-5.1272539217556545,0.31028876420581175,8.264320831667993,0.004412984256007325,0.005491990907722666,0.000530901753892783,9.730570934127794,0.007065284909086355
3.6181640625,-5.3004108018622045,0.2913775570982972,8.26360711017755,-0.0037306940106484384,0.00999760168723392,-0.0026642453837772266,9.821733962017861,0.010998559940403512
3.623046875,-5.2813158130183915,0.21440706672206708,8.301483405185913,-0.0026909039541651563,0.011083164645846534,-0.004807475778371519,9.841386784070403,0.01237696756144707
3.6279296875,-5.314906515497143,0.25293735440796195,8.282440306808487,-0.0017257304084697428,0.00779585615775225,-0.006938855859115282,9.844339795515733,0.010578338211111388
3.6328125,-5.338759054432889,0.3010844726137574,8.34807365540654,-0.0027225546903492373,0.00888982684044497,-0.002665766123632545,9.913795128861144,0.009672002601371927
3.6376953125,-5.281151247484478,0.2721183534892233,8.324873027746426,-0.0017073465666303752,0.008888806946694949,-0.006942849757858701,9.862460029080598,0.011407413554105747
3.642578125,-5.252315729361536,0.27206145399634624,8.310889730623547,0.003445624594238062,0.009902126461300233,-0.0058896804637037685,9.835228826531345,0.012025505114735694
3.6474609375,-5.237971462253792,0.2720201860199717,8.240406510293624,-0.0006890911706403291,0.007765582461389839,-0.002666302584596743,9.768041742124007,0.008239434876174893
3.65234375,-5.2858552058946,0.32982820427228393,8.296507786839452,-0.002720369942350409,0.008885580037260815,-0.0015964323272435275,9.842819380599453,0.009428814421616307
3.6572265625,-5.285998553862284,0.2673137362233281,8.301347121819719,-0.002821201551117393,0.00343140400290276,-0.004788607853608856,9.84508005970253,0.006531805018431635
3.662109375,-5.281139801960162,0.27692723176210554,8.324862546547195,0.000244751102642848,0.002285580883404967,-0.002656824884933162,9.862578908097186,0.0035131896541506593
3.6669921875,-5.295565034540549,0.3298300797966617,8.216513456855768,-0.007974738083381035,0.002417241591278783,-0.005840091452380549,9.780740784995738,0.01017576398022793
3.671875,-5.256780447415958,0.42114378995822527,8.301137664492208,-0.007983359200730787,0.002427661352185001,-0.009048841161604738,9.834632137960536,0.012308902881115677
3.6767578125,-5.2426809989385905,0.2816602440444851,8.306207669184124,-0.007094757124888495,-0.005227486038168192,-0.012237777390884552,9.826399258798723,0.015080629443403368
3.681640625,-5.2955041709792,0.2913856395719892,8.348283529376843,-0.003993970380273081,-0.004183189520322199,-0.011180210613991468,9.890455394099483,0.012587612296803538
3.6865234375,-5.213823147594485,0.2864141218215178,8.30162004964253,-0.005983349669271405,-0.0008849968980440889,-0.00797659862570677,9.807287102568054,0.010010485423292172
3.69140625,-5.27156118350386,0.27209558899754255,8.301399611144435,-0.01011790983454778,-0.0019025239434907408,-0.01223788301118595,9.837511312567091,0.01599241937203586
3.6962890625,-5.23299238785887,0.286461549801907,8.357973041627028,-0.002053083670212407,-0.010772250912507516,-0.011169551329229711,9.86519046524029,0.015652968382233737
3.701171875,-5.276519732586274,0.1999752213979194,8.32034815651929,-0.00814459081675858,-0.006297472447727311,-0.014369483400661338,9.85443270935671,0.01767695030270195
3.7060546875,-5.204287098696892,0.24311999836052053,8.320568678345943,-0.008150652646126744,-0.006290895063341933,-0.016507604653989018,9.817106226905018,0.019455320883197805
3.7109375,-5.22828564031141,0.25278659539812004,8.339255082635265,-0.011101772385381655,0.0002916299896670097,-0.010104355338267016,9.845915251146415,0.015014406246990289
3.7158203125,-5.1947150397439525,0.22867344754573424,8.31123594351242,-0.009089079867049106,-0.0019214391251837913,-0.011172214263950141,9.803774721936815,0.014530026589824102
3.720703125,-5.28596533294427,0.27212641249026553,8.32014895818152,-0.008131693398083164,-0.005197555618742592,-0.01650998206690492,9.861052731417294,0.019123768712779238
3.7255859375,-5.261897002528924,0.30092704364166917,8.282566386737313,-0.010168437846208245,-0.00518922251182115,-0.010092087390751802,9.817281859126211,0.01523730246506786
3.73046875,-5.237884918506473,0.2672283987203374,8.325072420517499,-0.0111657300334435,-0.0029768625702972936,-0.013301972071328461,9.839394302672359,0.017620377377587055
3.7353515625,-5.247559987178258,0.23839504507918322,8.334499486144106,-0.006993866304884072,0.0013457166329293507,-0.016529338207481713,9.851781549602537,0.017998448286562104
3.740234375,-5.2282159859368305,0.24318498032708968,8.419228394668114,-0.007081327744527192,-0.00412662886186673,-0.014380270737966246,9.913464989187581,0.016551932059013848
3.7451171875,-5.343817266269341,0.21452607621332215,8.31061669169599,-0.011186207333862622,-0.0040655306719354625,-0.014366643238756431,9.882750336265195,0.018656371890330547
3.75,-5.223613229336898,0.20468500617568613,8.320568567241198,-0.010112437019215667,-0.0019095270447555606,-0.010100808084802005,9.826489322419215,0.014419916780906119
3.7548828125,-5.223578334936483,0.22391862027018772,8.311120483663757,-0.006988550003202913,0.0013383760679887317,-0.014391485096173558,9.818891682043182,0.016054467444297803
3.759765625,-5.252284181925926,0.26245319243571946,8.35794148692459,-0.010003161634463393,0.0035341926717182824,-0.0037032405658923074,9.874743374122906,0.011236892418053042
3.7646484375,-5.257162054510659,0.22880195202212705,8.367400023925075,-0.015103583942093409,0.006922003564602322,-0.013316830946445679,9.884507390913177,0.02129249557239457
3.76953125,-5.291102547795999,0.1615198267313637,8.263932082906097,-0.013076833142555437,0.004691231927442901,-0.00903883457731252,9.813991455906477,0.01657443068558665
3.7744140625,-5.233224510883744,0.20951095194916655,8.31581302630241,-0.008960901430118113,0.0046157040001736345,-0.004776148766369019,9.827679273802229,0.011154105741654059
3.779296875,-5.213922386947307,0.22871422903652694,8.334667379765113,-0.007884375750712474,0.007886791444817657,-0.006924993886747574,9.833818037110243,0.013127086523824057
3.7841796875,-5.2909222085442815,0.21442698271820657,8.310847583617132,-0.0006009098837354008,0.013239015671835594,-0.004818260332961237,9.854441856640053,0.014101356717836305
3.7890625,-5.276434727895105,0.2288313395307544,8.334394507494673,-0.004852471710044998,0.004551544789636803,-0.0037180323066004915,9.866876862829814,0.007621470061725751
3.7939453125,-5.276574171070516,0.19996572641278162,8.273317362616709,-0.007947923234328167,0.004618636179434515,-0.010120984945209337,9.814784840083016,0.013672440168379199
3.798828125,-5.199485016588884,0.23349608181074133,8.33471986908983,-0.006948320033904657,0.0024025500194060794,-0.005845321528907846,9.826327907929496,0.009392506676368269
3.8037109375,-5.199556344445867,0.2286767590542075,8.282996476996223,-0.007951212927670748,0.004621705464349478,-0.01119055692355527,9.78241840636203,0.01448483733701166
3.80859375,-5.218660681930376,0.27199744500094075,8.306333582455833,-0.0028379566784849674,0.003452645456192403,-0.01120139119503855,9.813438719747865,0.01206009632877825
3.8134765625,-5.213919174408754,0.20948726143162183,8.377037019074361,-0.010053924939999702,0.001366226232236382,-0.009041640633592632,9.869325574167247,0.013590410080782411
3.818359375,-5.281354477784828,0.20959344095661595,8.277978489433854,-0.010072293621071511,0.00027312242775526143,-0.009036300879780147,9.821484735112074,0.013534416435130708
3.8232421875,-5.300527488415235,0.22406085726605549,8.301378482088854,-0.009112471966888601,-0.0030067581689015308,-0.013305971488025061,9.851836358065036,0.016405079008457182
3.828125,-5.228398422072168,0.2191187504968614,8.311109974688339,-0.004946173470625268,0.00020417941453931287,-0.011187751236259234,9.821339628488063,0.012234054886228803
3.8330078125,-5.2380419433083425,0.18067713529508042,8.367588796615987,-0.006998117959511538,-0.0008832306092458896,-0.0036998800493165717,9.873513553762372,0.007965102865856636
3.837890625,-5.233017933618587,0.3008777401369023,8.306207724736497,-0.01315250330378169,0.001436306977735064,-0.016513664463452874,9.821817086189087,0.021160161504624322
3.8427734375,-5.262083477882785,0.19514311562042436,8.339233925803498,-0.009141515985774892,-0.005203593108020071,-0.010095299000627916,9.8625770381302,0.014579429264003817
3.84765625,-5.204357310898939,0.24791463415569612,8.250012006292842,-0.014175739345352665,0.0003295402748389654,-0.00795735538264305,9.757535282504072,0.016259756685319707
3.8525390625,-5.218913041292797,0.16139514372167588,8.31598080881867,-0.008107139912423483,-0.005229716308999945,-0.006891339261682437,9.8192992895437,0.011856062038123606
3.857421875,-5.185062862120798,0.24788904464112385,8.301829840284276,-0.007041937045431935,-0.0019448098429745676,-0.013314757020563341,9.791154403829603,0.015187294597583804
3.8623046875,-5.233229396904701,0.21431698172650748,8.301693306932403,-0.009051632407014922,0.00026494773528567666,-0.01117714626096308,9.81584094470006,0.014385091069336917
3.8671875,-5.223618115357855,0.2094910359530271,8.306448847871192,-0.009083388498285511,-0.00192839894504536,-0.009034407236447028,9.814640348557866,0.012955585020214409
3.8720703125,-5.238127371400727,0.1950828811464241,8.264089606432616,-0.009157668065883764,-0.006300687790319663,-0.009022360115524158,9.786276754347462,0.014316582451485817
3.876953125,-5.300367251074811,0.29138515308640744,8.301231745299614,-0.0009570581855016143,-0.0075261285039721635,-0.005835178707723632,9.853387579552303,0.00957120061328824
3.8818359375,-5.213949606189429,0.22870948154395807,8.311151982813824,-0.014204962881643973,-0.0007487255337894045,-0.012230604798357815,9.813909812315435,0.01875977756071336
3.88671875,-5.21394304668607,0.23832438959418129,8.297021782244586,0.00011387173636201055,-0.004247882003256053,-0.010120926499410383,9.802171752412962,0.010976822012422179
3.8916015625,-5.242839004969145,0.23356386532755208,8.268687846054375,-0.007102322696353197,-0.006334837607972578,-0.00795912253377283,9.793523962634692,0.012406481641066815
3.896484375,-5.271734539851004,0.18554147707674418,8.329806749072148,-0.009162745250350966,-0.006292994178372858,-0.011160942805592206,9.859578651000346,0.01575196243525118
3.9013671875,-5.257182714249422,0.23841211257978137,8.32975442640455,-0.010274189415725313,-0.011754331426735357,-0.007938973669242795,9.852899026714619,0.017514296399246843
3.90625,-5.262220689748327,0.18550541960587047,8.240490221006544,-0.005131829684185233,-0.010726429744799464,-0.011158438707108193,9.779113350954828,0.016306524012121463
3.9111328125,-5.286007902502981,0.2336639317938313,8.362560522287692,-0.0041048054570249045,-0.011859555274872908,-0.0036801804096865667,9.895903034451678,0.013078310556246477
3.916015625,-5.242868455521137,0.2143312007315643,8.282839009022075,-0.006123433629544606,-0.009639874209600037,-0.004747591478703706,9.805051226530303,0.012367830813890113
3.9208984375,-5.218859584037238,0.19985952341513766,8.282975403493015,-0.011308891993301283,-0.011728512838865987,-0.011141487757058834,9.792043745912666,0.019737826652605144
3.92578125,-5.242780238291413,0.2239603512594942,8.339254999306707,-0.005139612685617975,-0.011833831570346197,-0.006883410239942319,9.852922247202459,0.01462315030097244
3.9306640625,-5.295752625549347,0.21443219322370743,8.29201427588145,-0.00514478902731655,-0.011826481704975017,-0.009019386620411093,9.841162420564213,0.015737975049610296
3.935546875,-5.281357266922167,0.1855585445773423,8.32506168933259,-0.008295433549578353,-0.016156581143204275,-0.007932638499818612,9.86072100231674,0.019818579302796114
3.9404296875,-5.242640795116003,0.25282596437746696,8.400332144184674,-0.006179603999081463,-0.011800559649845953,-0.012225854131242352,9.905290687683033,0.018080714114034648
3.9453125,-5.262137916367028,0.19513362063528658,8.29220313190092,-0.006227518218087411,-0.01397229614970724,-0.016492359248342386,9.822871543569995,0.02249455392818713
3.9501953125,-5.242841794106483,0.20952896894827847,8.315771045953111,-0.0022599599392022036,-0.022792101224090845,-0.012206730860901951,9.832768712604315,0.025953642816500696
3.955078125,-5.257079704530577,0.2816920170357219,8.329660095611466,-0.008221625079678161,-0.01178495131329364,-0.007944394716521466,9.853906571541613,0.016419305826355406
3.9599609375,-5.194700381681082,0.2142553582137114,8.353595101622435,-0.011308962784392479,-0.011728442645115375,-0.011143277728354144,9.83937846288124,0.0197388359502218
3.96484375,-5.262008803060998,0.22880431403208654,8.334457478018622,-0.0030124345037536126,-0.007491872855804794,-0.006899320416398375,9.859222561161284,0.01062090122047472
3.9697265625,-5.160942882358547,0.2526642743983917,8.358361262641386,-0.007294037127816941,-0.017258521184828925,-0.010071782362545035,9.826564693083169,0.02127205516793415
3.974609375,-5.281150824083262,0.2288564895050446,8.41432586695441,-0.0031078216734068895,-0.012953203795257684,-0.007955984214874593,9.936991955053701,0.015515854115791027
3.9794921875,-5.2235325528392185,0.24315413336171682,8.31107855886683,-0.011316684519378182,-0.0128360930333509,-0.00686478106072649,9.819289336545586,0.018437945977892504
3.984375,-5.228388650030254,0.2095066909421795,8.339349413428348,-0.004224786164122143,-0.018407433677281128,-0.00686959448926849,9.84503375151972,0.02009661068844817
3.9892578125,-5.266785204983036,0.27208088350690385,8.273202124977535,-0.010338308080019844,-0.01502309917673417,-0.011135771111052835,9.811163427613002,0.021367721475841858
3.994140625,-5.247684214463331,0.19991832190504233,8.306364859396409,-0.004155792545847386,-0.014027926804825829,-0.00901703704906196,9.827199709356501,0.017186049553920987
3.9990234375,-5.247574645241127,0.25281313441120606,8.29214032803409,-0.0010370266993171239,-0.011891306044680701,-0.00796155499127138,9.81634073156172,0.014347994344241798
4.00390625,-5.242765445802292,0.2576111051875048,8.282744678228992,-0.0032390053465015203,-0.0194873011140656,-0.01541801573655089,9.805958005516091,0.025059155404711042
4.0087890625,-5.247507087750167,0.27205244549679025,8.310910720798196,-0.00826702080964423,-0.013960359042433212,-0.011144626781563879,9.832679196341525,0.019683443899914676
4.013671875,-5.1996479086403955,0.19020573287114925,8.283080326590074,-0.009394497503192371,-0.019399622621720986,-0.014333690499778989,9.781714384063205,0.025885451986514176
4.0185546875,-5.247571990530042,0.22877918753044624,8.343926607323084,-0.0031775337381516823,-0.016214864692212158,-0.013289960266158956,9.859536649398725,0.02120475421974809
4.0234375,-5.194701362909766,0.25271024292203537,8.273558902394198,-0.010423900973829586,-0.019381247527201148,-0.015399996093297745,9.7724388781962,0.02685982775254584
4.0283203125,-5.2091306347086785,0.22389539276557494,8.329995771748735,-0.009410353923901979,-0.02049624627715147,-0.0132634205960305,9.82720716550302,0.02616427331943215
4.033203125,-5.213994830459225,0.21428094772828365,8.301777267631,-0.008346792963629524,-0.01832532678160462,-0.013270767769064176,9.805670003521927,0.02411638098079236
4.0380859375,-5.213885953490741,0.21429993769855923,8.39583885543616,-0.013417270688982125,-0.014977006897717762,-0.011130710868696712,9.885375121145238,0.022983181085268145
4.04296875,-5.242871802485942,0.18548932507643598,8.339338848900558,-0.01047126920011426,-0.021552090883351308,-0.019670087590129788,9.852242560138356,0.03100084589021522
4.0478515625,-5.242748556429552,0.2624209329589009,8.287437276420018,-0.012439196099259192,-0.017164475794129015,-0.015400353604290443,9.810040457745076,0.026201597661597804
4.052734375,-5.233237629890463,0.1902811358487201,8.344073427440883,-0.01143105934765352,-0.01827215630547601,-0.015401087635974572,9.851220450486654,0.02649026829294661
4.0576171875,-5.218803472070594,0.2142899562278396,8.30175627745635,-0.013481349545538935,-0.01824575920536746,-0.014326516065034052,9.80821019124907,0.02683101893538397
4.0625,-5.218875357755043,0.20466365419545107,8.259449525342493,-0.009394486529508642,-0.01939969491278818,-0.014333133511690199,9.772259394470236,0.025885193762580097
4.0673828125,-5.175560591968688,0.19497526563733444,8.311393272605637,-0.011386148327026861,-0.016097281354020387,-0.012200122144428133,9.793043496649235,0.023186414579544522
4.072265625,-5.204385780222249,0.19022708485138434,8.344199368488779,-0.008246042592265817,-0.011752252833841167,-0.01756284333768922,9.836029727195783,0.022684050150010786
4.0771484375,-5.3052828071972975,0.2144654021990398,8.367221565776278,-0.01758619190590839,-0.018184289101148884,-0.014317069091569767,9.909713305836615,0.02906752454610441
4.08203125,-5.199620131570806,0.1950174596395729,8.297179083561616,-0.00932239321840663,-0.016141990239821866,-0.007930013972372587,9.793735858542085,0.02025724526738823
4.0869140625,-5.2428406784515476,0.21914292749998793,8.296937765993617,-0.011452520977475698,-0.019361922183845654,-0.01646612733996965,9.817055479881464,0.0278779055341127
4.091796875,-5.204207537854148,0.27197516699484175,8.32991194993107,-0.012505564851381028,-0.021547648117207573,-0.012184538241550816,9.825740668373262,0.027733612526948413
4.0966796875,-5.271613525104484,0.24324516785579017,8.315571736510597,-0.01050807967989025,-0.024856771712389817,-0.012180592761040835,9.848746655021824,0.029608202892629356
4.1015625,-5.252436186280588,0.21916474249315493,8.31570810320535,-0.013656587385743319,-0.02807237807394003,-0.01750813375029242,9.838044538068376,0.03579239496274035
4.1064453125,-5.295700841776191,0.23847563508960504,8.287258790495034,-0.008423496184838794,-0.022693764003115163,-0.014327835635775487,9.837681449140222,0.028129150122441972
4.111328125,-5.218766480786559,0.20468264416572662,8.353511113147652,-0.01662153387974564,-0.021471943758753803,-0.01644904547713614,9.85183061584421,0.031747296804665294
4.1162109375,-5.209059306851696,0.22871471552210879,8.381719163842341,-0.011612186992677605,-0.02809197469628117,-0.020721195278824045,9.871161300724276,0.03678817558499704
4.12109375,-5.185145769928349,0.1901920003516743,8.348986408577632,-0.0167069237310214,-0.02582993445752375,-0.020712947838922666,9.829927960215052,0.037085482642296434
4.1259765625,-5.247525092777843,0.25762865917368477,8.325051402566663,-0.011702392673167037,-0.03356110630848537,-0.019637496633784456,9.844255836818641,0.040606959070685726
4.130859375,-5.199518237506897,0.22868340554380395,8.315918032728028,-0.013651975014648175,-0.0269616371451794,-0.022854780564367263,9.810289431468837,0.037889936579443825
4.1357421875,-5.165947636939439,0.20457025769141818,8.287898893605181,-0.021907979378797727,-0.030133898286914623,-0.01855054018287223,9.76822051596677,0.04161891309854571
4.140625,-5.257400737038893,0.14223644611916336,8.339370209169694,-0.014780943426219271,-0.033514786033990156,-0.019629320307279024,9.85928948768666,0.041557519021219166
4.1455078125,-5.213977383259017,0.22389775477553445,8.29705322584228,-0.019836420070156967,-0.02907102197880906,-0.0185584544678768,9.801876483112295,0.039787235545189384
4.150390625,-5.194577827878412,0.23831114356028812,8.409979648309374,-0.012792296830681569,-0.03793243826618881,-0.015351249289754893,9.887779765751707,0.04287392664287575
4.1552734375,-5.233319845444294,0.1854599140951587,8.282943876566762,-0.012715491165318305,-0.03244548396718468,-0.021773795829335384,9.799448517483627,0.04109125612898332
4.16015625,-5.271620642435311,0.22882328052971224,8.33911857705958,-0.022016139125660347,-0.03669529014277355,-0.017466025567235813,9.86829483415056,0.04622030668199964
4.1650390625,-5.286110354394357,0.1951910066137455,8.353238213101028,-0.009784652405365812,-0.04123510332597871,-0.021760938859643128,9.887246879324364,0.04764044110890555
4.169921875,-5.223610574625813,0.1806510592949263,8.372354846530193,-0.017852193007068206,-0.03348028840751351,-0.016416619947220136,9.869907188863763,0.04134169708059122
4.1748046875,-5.122622541283704,0.19007678885447438,8.358665439628586,-0.014880299282158865,-0.03897384072719213,-0.02175461031960406,9.805339301511728,0.04704940635027164
4.1796875,-5.247772431693054,0.1902891713771124,8.249948869111776,-0.011850947309591311,-0.04230558297377276,-0.01961357113486568,9.779416230355455,0.048113402244571286
4.1845703125,-5.213908844539373,0.20468218115279468,8.395859817834623,-0.013866504633144,-0.040088750594737106,-0.019617378233838797,9.885201177273904,0.04673574011137013
4.189453125,-5.223610574625813,0.1806510592949263,8.372354846530193,-0.013826495004746297,-0.03790611869649798,-0.018553426093033662,9.869907188863763,0.04441030757086614
4.1943359375,-5.190017083009722,0.16615566798830508,8.344314745008882,-0.012797596145412598,-0.03792511593932759,-0.017486819377447345,9.82809613260422,0.04367930560404992
4.19921875,-5.141930109068563,0.1708725622686002,8.335108006775627,-0.008724161290003023,-0.0401795286163397,-0.015354412242350427,9.795032831169951,0.04388921832697968
4.2041015625,-5.112917598658709,0.19488094310743764,8.424540050242266,-0.006504241528455677,-0.0303722120217802,-0.01538648652818287,9.8566109799868,0.03466295412451758
4.208984375,-5.170907859504254,0.11802895226423091,8.335097358919278,-0.00853245505954671,-0.029255582618467297,-0.013243862153042804,9.809488616014526,0.03322787667633834
4.2138671875,-5.180293577529587,0.19019058784022858,8.386632033874346,-0.008521707680349874,-0.029270137087725037,-0.008970544326067626,9.859371728497948,0.0317778396438382
4.21875,-5.1226568778566515,0.17565015403582754,8.358696883226282,-0.01047689010117554,-0.022663672220437126,-0.014324966553935921,9.805114994252827,0.02878562022050083
4.2236328125,-5.243030924171431,0.1277789878077935,8.320652305730304,-0.009518563430159511,-0.02705758438056677,-0.012177326093289966,9.835596348691732,0.03116092413693441
4.228515625,-5.204561791280478,0.12770691981134585,8.320820227127497,-0.012547599438904463,-0.0237258116311331,-0.014315429977867285,9.815285107871215,0.030418545735889934
4.2333984375,-5.151662963189397,0.1131878379871799,8.354004118378136,-0.006370973882711933,-0.022723939753530927,-0.014334653867963487,9.815387286441856,0.027612479925762216
4.23828125,-5.204440353132742,0.14214874660621316,8.39603805377393,-0.006309963281602818,-0.018333371654003176,-0.01968986862262531,9.879264175833042,0.027633658447538713
4.2431640625,-5.190102645528358,0.13249257057961536,8.339685034013243,-0.008399561569023729,-0.02160765593722197,-0.012194366927839997,9.823699212563653,0.0261943889874145
4.248046875,-5.22375057562869,0.14697846690109878,8.320694341631974,-0.005336200583308858,-0.022749868923980343,-0.011130137006650529,9.825636217211587,0.025882649062845247
4.2529296875,-5.21413385023342,0.14215347062613218,8.33015296196102,-0.005370670684661457,-0.024939596108422037,-0.010056204683459335,9.828471284336592,0.02742179443964109
4.2578125,-5.213997061769095,0.19505303062486476,8.33944382754999,-0.0104841497013756,-0.02377084544941671,-0.010046529705775157,9.837181222166965,0.027855039893526126
4.2626953125,-5.165967873276984,0.17091855426489377,8.339706135292637,-0.005254098175989562,-0.018388758427664808,-0.007935890994673414,9.811581709538967,0.0207058047424699
4.267578125,-5.18504610717431,0.2046300291524865,8.405391917663033,-0.010404446300697154,-0.01940571487144987,-0.007921752291028594,9.878116716857999,0.02340060751041558
4.2724609375,-5.170687739831164,0.18536369256823437,8.386684495422875,-0.008287815305327004,-0.01616772706709884,-0.004728584001329852,9.854280705720194,0.018773459662753844
4.27734375,-5.16599466911789,0.1276519427881462,8.405643577549332,-0.002273052986625385,-0.02389196707080614,-0.010068574277222955,9.867048185381908,0.026026314536800006
4.2822265625,-5.2139557422915725,0.17583270950955612,8.414735022591044,-0.009324724678355894,-0.016137740976057594,-0.009001099021810302,9.900707910282428,0.02069775248035163
4.287109375,-5.315034089747023,0.1856187555786927,8.310805519939274,-0.00632727606693159,-0.02166298725412209,-0.004717497284591459,9.866789249185809,0.02305589338606399
4.2919921875,-5.17083485816487,0.1372692128483289,8.358570831073642,-0.006282988245571058,-0.018369680300801057,-0.00900219678950884,9.829653213887255,0.021400015015991595
4.296875,-5.175592831658018,0.15170770466207303,8.372627635472073,-0.0032251845125528824,-0.019504713949279,-0.010076282842613814,9.844321708936292,0.022189347834210074
4.3017578125,-5.165812098556302,0.19978701587840791,8.414892518341379,-0.006314897796950437,-0.020563176058443808,-0.006860955903651039,9.876028836761362,0.02257863724205538
4.306640625,-5.084317416099196,0.13710041336672518,8.326027098485518,-0.0053075143369479385,-0.021671867029557142,-0.006859002240840207,9.756628892999371,0.023342781340782097
4.3115234375,-5.093858351017744,0.18520056660506345,8.292958750412101,-0.005270546802805563,-0.019486076963997685,-0.006863965489882986,9.734210650388693,0.021321348017742915
4.31640625,-5.151465734564939,0.17090482174541882,8.405612217280197,-0.011415017791112708,-0.018293844430711057,-0.008990626304964567,9.860077302931384,0.02336233585457581
4.3212890625,-5.151571956822337,0.14685188489438342,8.363336908764033,-0.010383179620107158,-0.018316266350134933,-0.006854733901324674,9.823729604987612,0.022142344250111905
4.326171875,-5.33417778425169,0.17124999322408663,8.418923828814306,-0.001256236491639753,-0.02501032642044442,-0.006861795095038192,9.968001686875903,0.025964953104259555
4.3310546875,-5.262096596889505,0.17591329951997794,8.367494326941973,-0.005362280462773907,-0.024950185707537036,-0.006850809173100667,9.886130051509044,0.026423463151681544
4.3359375,-5.218700596778001,0.2095010174237467,8.400531425851002,-0.0022490516861103623,-0.02280629798207043,-0.007933934357374732,9.891797350927835,0.02425144893652577
4.3408203125,-5.166029005690838,0.11322530796949935,8.405675021147026,-0.00013228668237894227,-0.01956798794364217,-0.004741083447764673,9.866916854779861,0.020134585274783495
4.345703125,-5.290956679543481,0.1519315046395263,8.409748506402558,-0.0044629355411390575,-0.032620008786823904,-0.005766152431377529,9.936859448932939,0.033425009809403376
4.3505859375,-5.185103200369638,0.2286544810481085,8.30657484447146,-0.009447262656666662,-0.023800909096885463,-0.005773958249363431,9.794731426486022,0.026250193130863738
4.35546875,-5.14187776746794,0.19972298341035255,8.320935881409465,0.000773729828052403,-0.026131739997128107,-0.007932163812980541,9.783494783982405,0.027320060685882105
4.3603515625,-5.319647599617551,0.2721856739931021,8.301189709397942,-0.003423956579085613,-0.031535875831371636,-0.007907012405241685,9.863188440694932,0.03269183060466023
4.365234375,-5.108094164558219,0.2285226885358923,8.368050719339198,-0.011540251357403502,-0.025953236518335615,-0.006833861108960772,9.806585616543746,0.02921385878012847
4.3701171875,-5.1517446209157605,0.11317359550947323,8.283457927524267,-0.0034352371342025985,-0.031521543090717224,-0.012181570849539193,9.755457761628596,0.033967619895283956
4.375,-5.141847893514733,0.1756937840221616,8.396237557649748,-0.005400125006522077,-0.0271368491197806,-0.006846732266258655,9.847145433590088,0.02850346773572699
4.3798828125,-5.357720870629686,0.3059749608135249,8.573727024241093,-0.008669449771954456,-0.03801366217006876,-0.00895233060021383,10.114721384715834,0.04000427594775442
4.384765625,-5.13673301188417,0.2814895925111536,8.443058755343886,-0.0054218155979182505,-0.02822675277455837,-0.00791438056727526,9.88688543335371,0.029812465116751626
4.3896484375,-5.166068651685959,0.14686656691237215,8.30213390616673,-0.006410547778025393,-0.026025071987894312,-0.007913194590903776,9.779328325520739,0.02794670183443721
4.39453125,-5.430130631232233,0.19069606025917585,8.568960641012653,-0.0087329445154347,-0.0401627807812865,-0.019632656096054073,10.146416615084801,0.045549472723416536
4.3994140625,-5.1516095059338385,0.15165221768064166,8.32099871305248,-0.009521938011083265,-0.027054601386027517,-0.013246755905235929,9.787803557457433,0.031592646322469685
4.404296875,-5.136998913654525,0.19491933911562098,8.391513543637213,-0.003438182251348581,-0.031518051300622456,-0.013253220979724506,9.840947664767647,0.03436359296289559
4.4091796875,-5.295522733834343,0.272154873973029,8.371840851125059,-0.009500161508729107,-0.0259648422973598,-0.012181697219543786,9.909810721529952,0.030212908687634554
4.4140625,-5.132220838250081,0.16606370746836782,8.424518976739058,-0.0043524070360971105,-0.026062453891612512,-0.005783975325523365,9.86609283743788,0.027049016995568602
4.4189453125,-5.1852161165566475,0.14691779288681645,8.377299215712265,-0.0023256333811395038,-0.028293171653928695,-0.0015073761356340157,9.853283369661042,0.028428582723667804
4.423828125,-5.372568471954833,0.19056327130314607,8.446932458961735,-0.009578530310120868,-0.03144703280252684,-0.00682519248503427,10.012565820631302,0.03357450472371665
4.4287109375,-5.204354232786638,0.18061882329075757,8.39125112478982,-0.008540100034885081,-0.030363007205384134,-0.008967702556881542,9.875779542848127,0.03279123669989823
4.43359375,-5.1611015806428195,0.15169207314557048,8.429127558679117,-0.0022808321857362966,-0.024999508460483485,-0.005791714167567721,9.884845543115622,0.02576279433066376
4.4384765625,-5.2188618153471085,0.18063160631171876,8.320641963412005,0.0009551680123774562,-0.016311601851407488,-0.0026126557242105992,9.823554810158065,0.016547104605457708
4.443359375,-5.329564274381161,0.08468307480967721,8.428539639355636,-0.0002666866936715157,-0.027211155761260562,-0.0068586450462356716,9.972547669984259,0.02806348395204021
4.4482421875,-5.218853158960131,0.16140558820532747,8.367714682111508,-0.008327356712599076,-0.018349950663167313,-0.005790955091676802,9.86311964136685,0.02096665734048613
4.453125,-5.10818293961541,0.21408655873210766,8.321051369034313,-0.005246493955154599,-0.01840018374575878,-0.004729989524091216,9.766230689744917,0.019709522104738413
4.4580078125,-4.8485488212657755,0.2616632460250366,8.195096882936086,-0.009385720649048019,-0.020534915667373466,-0.002575928188099786,9.525571176954527,0.022724654443981182
4.462890625,-5.09381703154022,0.1659802454897548,8.368249945453154,-0.010418049193088039,-0.0205064013766402,-0.0057811466924377036,9.798067592248932,0.02371644795261206
4.4677734375,-5.103252302028838,0.23332635630327372,8.386873545875648,-0.004313037895797814,-0.0238805947498291,-0.004720490723207356,9.820248119126989,0.024721814944781866
4.47265625,-5.3435700617803805,0.23379672074986105,8.48458870433861,-0.012615311900475141,-0.029222777726580256,-0.004686765681106312,10.029788003421572,0.032172699683939814
4.4775390625,-5.180202571162525,0.22385463474743209,8.395964824260242,-0.006264633376313863,-0.017276898022933543,-0.009006200341232949,9.867970151251576,0.02046578806742841
4.482421875,-5.088826377194731,0.23329933080460585,8.386936516399595,-0.008227778029114672,-0.011778145542052537,-0.010083844342170571,9.812812369810384,0.017552918857650986
4.4873046875,-5.103227737497803,0.2573650506766024,8.358602663537944,-0.01042158788441544,-0.019385024205148694,-0.014333769723532373,9.796703965976533,0.02626491218249261
4.4921875,-4.882221450323393,0.20404160471315788,8.303246552080251,-0.009274025487995437,-0.01285729134142479,-0.010077823149220774,9.634397883162412,0.018785100713523895
4.4970703125,-5.059987646533235,0.21401546370682364,8.415322858585965,-0.009259636456023783,-0.011755688339596625,-0.012219360312438417,9.82175831590322,0.01931967499935358
4.501953125,-5.0698108147674095,0.17554251505408797,8.3166000606351,-0.009336675217443639,-0.01612448912025232,-0.013274666277665317,9.741644288346802,0.022877705704212267
4.5068359375,-5.137446828159001,0.041020991905681405,8.32130275115875,-0.008253565760286232,-0.012859336504518648,-0.013284344617576332,9.779525658761784,0.02024741205720732
4.51171875,-5.118092920449407,0.08426771085893942,8.335401619235038,-0.009248006719582612,-0.011769372505257064,-0.007941663760019804,9.78166122616163,0.016944432145402748
4.5166015625,-5.098676899097277,0.14675279139926786,8.363567800685175,-0.011402176637566245,-0.017193884026271523,-0.011130036777419212,9.796290566323028,0.02344177891393571
4.521484375,-5.127460633447063,0.17085313275804254,8.372795612421637,-0.010354402998376094,-0.016119549080803416,-0.010066814484958714,9.81955954755149,0.02164241848536768
4.5263671875,-5.1753721541574595,0.22384942424193124,8.414798131995923,-0.008288367428826573,-0.015049530301471317,-0.012213054962105264,9.88146816525783,0.021079471256118844
4.53125,-5.108351409941596,0.12272641703396839,8.363578226332033,-0.006259738000888848,-0.016165766613630485,-0.014351604054912063,9.801007940455184,0.022505218705782672
4.5361328125,-5.16134068657227,0.10838843122678554,8.311644904715749,-0.009133648666383666,-0.005214554017294911,-0.006888714370686224,9.784407327834293,0.01257256923787328
4.541015625,-5.084221523711178,0.16595843049658776,8.349479608241422,-0.01133299639978866,-0.013932919400072411,-0.005794619286299729,9.777047633680642,0.018871689460132967
4.5458984375,-5.194732621370412,0.17098779723845,8.414829464488871,-0.00716600234521276,-0.009602571401257953,-0.01116018019728904,9.890593447855617,0.016374082849546546
4.55078125,-5.161182680541716,0.15648480994371855,8.349164727845498,-0.016414041032548392,-0.010570106312561323,-0.007926756348812155,9.816865375992801,0.021070865114903678
4.5556640625,-5.137086707483031,0.14202832460351242,8.424550392560565,-0.011401333599673455,-0.018311688852291667,-0.003647448883966238,9.868276506157542,0.021877208227635725
4.560546875,-5.194906401118771,0.12769554930183036,8.3537837632086,-0.009287583432010667,-0.013951673817315945,-0.00900506820216665,9.838143210593344,0.01902628869845644
4.5654296875,-5.156304384555766,0.14687418637313226,8.429159030052997,-0.012353729357426919,-0.01280585191857648,-0.011139469191573062,9.88229572957295,0.020992671251345456
4.5703125,-5.0840319702450145,0.204446547652894,8.434051187672212,-0.0052862796963699926,-0.020582349970282732,-0.005795804296523701,9.849994868099966,0.022026557397175208
4.5751953125,-5.156048254827325,0.24305649932334675,8.452464803019657,-0.009383764761472917,-0.019413884458122053,-0.010063186907785184,9.903942210769273,0.02379541303682273
4.580078125,-5.146572088262401,0.19975193137869787,8.419679558430232,-0.010423692247414835,-0.019380628837947538,-0.015403204579994162,9.870061244005482,0.02686114006434301
4.5849609375,-5.166069343939678,0.09399074437648401,8.410420025334211,-0.00637839356026996,-0.023831006222250165,-0.010058142921673278,9.870778678957628,0.02664145268200339
4.58984375,-5.122664553014946,0.15642128743389486,8.391660363755012,-0.007355484729998689,-0.01941178480378663,-0.01968505436760154,9.832910220402463,0.028608074215808268
4.5947265625,-5.055284111524328,0.19956747690794172,8.354235260284954,-0.006350606012948008,-0.021635465816911868,-0.013269806127841595,9.766727773940366,0.026163167478670386
4.599609375,-5.209109974969917,0.21428523220792062,8.367641369269261,-0.015582092055633608,-0.02038690956133653,-0.01859219969358409,9.858913072787479,0.03168749854025185
4.6044921875,-5.074770479504757,0.09380818890275544,8.354381885969447,-0.00937837784947979,-0.019421069591081853,-0.007923267092877235,9.775366596326327,0.022976293795439
4.609375,-5.161251353687612,0.1276315403064249,8.349227615040887,-0.006171504837734313,-0.011811295368422181,-0.009018405222357561,9.816537429958922,0.016091171585591132
4.6142578125,-5.108206522917761,0.15159297965045493,8.429358450600256,-0.006120983966885162,-0.009643259690009811,-0.003682596833797976,9.857526982005417,0.01200085087033966
4.619140625,-5.1901692217906366,0.07479837478570715,8.400950840477377,-0.0009861120273231745,-0.008603772223971011,-0.010108882563836042,9.87519247264634,0.013311153973335101
4.6240234375,-5.161325470681932,0.09877732117061744,8.344587422846017,-0.004020269659576705,-0.00638338105562531,-0.006899571801540535,9.812297224962544,0.010223219301259382
4.62890625,-5.156357707385074,0.15647864993970392,8.363294956190922,-0.004065845749817343,-0.008558993533692246,-0.010100991660781112,9.826352980564302,0.013849819655947256
4.6337890625,-5.156471046973299,0.1180038257625906,8.344566488223741,-0.01012285452296062,-0.003013175774056342,-0.006892410261312947,9.809939267781182,0.012611769548665101
4.638671875,-5.137157477512546,0.14201598112283328,8.363410360487212,-0.007174023264863202,-0.010710391696914243,-0.006881697399601917,9.8161697390358,0.014612900437826018
4.6435546875,-5.141931224723499,0.16125860371689074,8.35394128673512,-0.0060788197964271404,-0.006346218767169513,-0.009032502292538798,9.810901899380957,0.012602088732544604
4.6484375,-5.2235070070795,0.22873794302672154,8.362843875757363,-0.003097850835801114,-0.011849840192116302,-0.011164061610334714,9.862783795150392,0.016572617898778636
4.6533203125,-4.838326578614229,0.3146264458968423,8.60889455643654,-0.0009276336866435363,-0.005334155068848701,-0.007987884123496393,9.880357248886563,0.00964987084501787
4.658203125,-5.213890416110481,0.17584410349172147,8.471171975274139,-0.004025475653373032,-0.006375831362005184,-0.009039878603263428,9.948684790192695,0.011771791917731466
4.6630859375,-5.118050619743201,0.026592505035306767,8.490729013504328,-0.00812816467611018,-0.006318274861140106,-0.007961001655822387,9.914011725247352,0.013014038788434861
4.66796875,-5.189783844329912,0.252720224392755,8.367641480374006,-0.0070998108553850334,-0.006338436492996034,-0.006893043207226941,9.849626785150825,0.011751473780538528
4.6728515625,-5.1515032836764405,0.1757051545316771,8.363274021568644,-0.014266226079076967,-0.0040205617172191874,-0.014361038782138692,9.82411373829228,0.02063806090608795
4.677734375,-5.098595241370914,0.14676703387697454,8.434113991539043,-0.009142122236804395,-0.00520381534991811,-0.010098138816681262,9.856545683952255,0.014581855188887372
4.6826171875,-5.146564413104106,0.21898079798063053,8.3867160779015,-0.01112879081768394,-0.0007906940230308864,-0.013309094230866994,9.842361729760057,0.017366841144777028
4.6875,-5.084154524047685,0.18039076230631726,8.377666640985275,-0.010200557061180277,-0.007382456784686351,-0.007951724525164459,9.801350233462607,0.014892345532529732
4.6923828125,-5.19970038466727,0.11328646846936351,8.396121931143968,-0.009168199651200087,-0.0062855079419890545,-0.013299841880293909,9.876466037854023,0.01733347307881178
4.697265625,-5.08902150893557,0.14674142088975237,8.396531336766277,-0.01438018786060893,-0.011693694039507546,-0.007930633010088176,9.81944048570547,0.020160040256326846
4.7021484375,-5.112914251693903,0.22372281876256597,8.36804021036378,-0.010240951987561232,-0.008446847139666468,-0.016498474839264903,9.808977571952889,0.02117607131255189
4.70703125,-5.093828611490788,0.11310252395683909,8.46712990584012,-0.015231282884227103,-0.0007329110133835079,-0.012231535532892647,9.881911300276869,0.019548391195832553
4.7119140625,-5.132438861039554,0.06988804100774981,8.434134759504202,-0.02036279546881552,-0.0006566530359832278,-0.012217388799470043,9.87326907068079,0.023755825003394345
4.716796875,-5.074565575722004,0.17075403926292698,8.373026504342779,-0.012258774892141519,-0.007344893697718046,-0.010083863861760193,9.792239047666987,0.017490264025150987
4.7216796875,-5.190077657596108,0.11326940096876538,8.400866990883525,-0.01007718176729904,-0.0008374114229474128,-0.0036927675325025243,9.875439344535035,0.010765100199792465
4.7265625,-5.117901693500841,0.1371767658428098,8.391723278726587,-0.006007169562931495,-0.001970182003215942,-0.010112987511181436,9.830196071093779,0.0119264504226915
4.7314453125,-5.1372278241408456,0.09874177365797543,8.391723167621842,-0.010125523560904815,-0.0030093827144820457,-0.007962159807807827,9.839810840508733,0.013227947705888931
4.736328125,-5.1564498294070695,0.11320064448079098,8.37279544576452,-0.001840177297718871,0.0012413367636911511,-0.007993324393334576,9.83389509836861,0.0082958064288536
4.7412109375,-5.069844727939142,0.11785401625126243,8.406084343440778,-0.0007240745903872665,0.006694743971224,-0.009079595044873759,9.817304575269072,0.011304111067730212
4.74609375,-5.0939222725689355,0.1034724239303954,8.406010836165226,0.008396518251497146,7.041024811424323e-06,-0.011223617202660836,9.82953553527404,0.01401681673689213
4.7509765625,-5.079614015516542,0.07458358330780986,8.363808979372243,-0.0007447517660958189,0.0044871259408289735,-0.002660661487961831,9.785772422295485,0.00526954210112097
4.755859375,-5.074888705113939,0.06013939450298304,8.321533698632264,-0.00489835630942126,0.002376031799504251,-0.006918681486419501,9.747103939813949,0.008803838660313264
4.7607421875,-5.05536269113839,0.13225742356529652,8.424928187928064,0.0013689294017543408,0.007728546642427765,-0.0005384638155163754,9.82616908753289,0.007867295862733867
4.765625,-5.1180439258135895,0.08427625634556342,8.37772933374736,-0.0007100828439251164,0.0066770713070241966,-0.0037349536565741167,9.817730129896217,0.0076835784437382405
4.7705078125,-5.050309365322894,0.22362184974307273,8.448265432268606,0.0014057367930841614,0.009914239780515616,-0.0005450125276283306,9.845243533362458,0.010028224419719609
4.775390625,-5.0600193283950965,0.17555488200741698,8.467140581472654,0.0023925079492927797,0.0077169083621810765,-0.001610903447122742,9.86544903928603,0.008238311651890895
4.7802734375,-5.103556445164414,0.09868061315811126,8.401276257624902,-0.006905593488029965,0.0045819966282661,-0.003714668679156635,9.830435850425166,0.009081887354469393
4.78515625,-5.190097759507402,0.1276865408022744,8.35380475338325,0.0023642726968702956,0.005520476998241857,0.0016042722200986649,9.835622627144373,0.006216039014474093
4.7900390625,-5.132399504019397,0.12757748930908913,8.349353556088781,0.004411214690707561,0.005496978946969959,-0.0005385711273355945,9.801505266499088,0.007068638585339095
4.794921875,-5.141834351106798,0.15166173613842934,8.45742999571926,0.007482801495340004,0.004344283068169291,0.0037287651397649277,9.89896883058646,0.009421719750797683
4.7998046875,-5.122766447078855,0.12275534152966383,8.372921414588602,-0.0007791236144597168,0.0022973807470827727,-0.0015866966823487507,9.816497234760847,0.002898723557956485
4.8046875,-5.117887593265437,0.11795169723493226,8.44349907681635,0.005443165626776329,0.005474937835344503,0.0015941448078212442,9.874176557079554,0.007883165227858004
4.8095703125,-5.146657650781037,0.16608883397000812,8.415049847434595,0.0023612445567672592,0.00552387417093215,0.0005337226603589204,9.865532647045546,0.006031046475640439
4.814453125,-5.161217017114663,0.14205817512507174,8.349196171443193,0.00649082903115524,0.006548940742060028,0.0026597356250946396,9.816690803530257,0.009596545209089518
4.8193359375,-5.1612519115150794,0.12282456103057016,8.358644255020634,0.0053951802703587366,0.003303069585086658,-0.00267308626956605,9.82448680333481,0.006867578105717856
4.82421875,-5.161225250100426,0.11802232924728434,8.39157629195167,-0.0038339206622746815,0.003429117929005827,0.000555590612106654,9.852447818492646,0.005173632992772776
4.8291015625,-5.190188208046995,0.09882947317092564,8.335055323017606,0.0003619259062562341,0.008837352788142013,-0.0005355879645791179,9.819417912355163,0.008860962088368441
4.833984375,-5.069641921040007,0.22364079276804855,8.363526042545367,-0.0069145592816629515,0.004591770001845849,-0.006920893396639255,9.782630130802794,0.010807138715549438
4.8388671875,-5.108354756906402,0.09388454137884006,8.420078066210516,-0.003839531542142708,0.003436286896128549,-0.001582636678771644,9.848950059300616,0.005390251288447217
4.84375,-5.065037759810175,0.10342406992414231,8.434355253554669,0.002411361911513944,0.00881027932068038,-0.0016124642924631803,9.838884722858978,0.0092755446778708
4.8486328125,-5.127589881179344,0.08911359610120918,8.429410745491667,0.00548593624435566,0.007654032953106826,0.0037266212410233626,9.86686803087957,0.010127557592945438
4.853515625,-5.108303530960713,0.11312100396888294,8.424739220803849,-0.0006648296734577032,0.008852380577857935,-0.0005355775764993216,9.853110791243305,0.008893451733179595
4.8583984375,-5.132486182192969,0.08430043334868996,8.363557125052639,0.0054459637549155145,0.005471286950512111,0.0026648948937643,9.813185454147053,0.008166710899101832
4.86328125,-5.156365382543369,0.13724978333777124,8.396258436719652,0.0033882340121400042,0.00439054840569032,0.00801543870545776,9.854141119220072,0.009747015064350856
4.8681640625,-5.151604754339134,0.0987773446432673,8.433987911610217,0.0003650793994150539,0.007715661931884331,0.008014353445611796,9.883366865695699,0.011130794363664976
4.873046875,-5.180463586911924,0.13247835157455856,8.358539331923575,0.009591430247286484,0.007593037688545341,0.00371792206183251,9.83462928901083,0.0127856442929597
4.8779296875,-5.142139898872274,0.09873274168576959,8.302343669032291,0.006411011939664177,0.002183819633618388,0.0005344310816635634,9.766281856089119,0.006793802975045852
4.8828125,-5.113041268116316,0.16121119920915147,8.386988783514822,0.008519717200942703,0.004314206182043271,0.008002303859064587,9.823989053078916,0.012459326756210358
4.8876953125,-5.1180150330890655,0.09870194166569647,8.372994810759407,0.005517931882040506,0.008728770467850065,0.009068526332820685,9.81380976243264,0.01374325929262461
4.892578125,-5.060139650887897,0.1707270137642591,8.373089474866726,0.004305044700088573,-0.0021874497759093777,0.00909767049059368,9.784824390546857,0.010299803626638022
4.8974609375,-5.113076720344199,0.13717060583879517,8.40585350707201,0.007583690633686786,0.009798553791701109,0.006922236785301294,9.83975317300118,0.01419300469062514
4.90234375,-5.117959344523636,0.1563942384625771,8.302322845514759,0.011643590155097527,0.007561973005075952,0.0037134525842875085,9.754308363035145,0.014371720757276529
4.9072265625,-5.132351625038514,0.1179720762440037,8.410514550560597,0.007559863472387663,0.008712914232416663,0.004787697030729154,9.853512349360523,0.012489533738320372
4.912109375,-5.1130887236959826,0.1275547482900582,8.41528062825099,0.002433299574625725,0.008781516429275918,0.006937744732657714,9.847684731063172,0.01145287211109233
4.9169921875,-5.127641530526248,0.11313899749534499,8.33529675169035,0.00859969847999247,0.008679426014728927,0.010130280700348568,9.786862624818616,0.015871667743491632
4.921875,-5.122897233867288,0.07466371030529971,8.35891698841014,0.008591706003637267,0.008690512560595139,0.006923846295845298,9.804139123734084,0.014045713515065342
4.9267578125,-5.137106674968074,0.20451430769705486,8.27861867587256,0.007453206742535888,0.0021463125991753864,0.006943937557526685,9.74511253257551,0.010410341844684597
4.931640625,-5.1611353593883,0.14207241760277842,8.419742362297061,0.007581264588351972,0.009802437424077902,0.005853504136934043,9.876718291883767,0.01370499408583114
4.9365234375,-5.13714603198823,0.14682485939571552,8.36339987928798,0.0012844820441658266,0.0022525043863272725,0.0026831065869330796,9.816225569646575,0.003731317607635633
4.94140625,-5.156319600446104,0.15648529642930037,8.396216511922727,0.007605162994768379,0.010888106018100543,0.007988578285090798,9.854368127131597,0.015498604448640395
4.9462890625,-5.089152853551471,0.09384281038953354,8.391943550567564,0.006434915752904995,0.003269787709879878,0.0026668253314719587,9.814937584915425,0.007694908041246944
4.951171875,-5.117853122266238,0.1804471753136125,8.344598154030924,0.004358335500100198,0.0010954999971835124,0.0080216980054035,9.790674140038838,0.009194718454915147
4.9560546875,-5.108305070016864,0.1467689094013522,8.354119661555359,0.015762775901781996,0.007483422730559164,0.009045485759585555,9.793244463440738,0.01965419885217695
4.9609375,-5.117891363631459,0.13237168556398263,8.41054607748685,0.0076372596196766715,0.011963158757975925,0.013328941872435248,9.846198230515268,0.019470634129520218
4.9658203125,-5.175688166218567,0.1276566668080652,8.339758485736423,0.008549149367643599,0.006511482609047924,0.004792355872291155,9.816089639919154,0.011766649288769426
4.970703125,-5.194752723281706,0.18540493707195907,8.367767226988597,0.009485241093676803,0.0010272328912135679,0.00587131646971399,9.850855760379288,0.01120256056022465
4.9755859375,-5.093998486446874,0.10345913095120249,8.340167724701615,0.00950895189157365,0.002112915672221016,0.00800643500707522,9.773327071568552,0.012609027727652076
4.98046875,-5.127441647190704,0.14682203437282407,8.438691129881407,-0.001754654034717572,0.004480853879121306,0.0037523775261711543,9.875409993547724,0.0061022290490034435
4.9853515625,-5.132235496312951,0.18048179680039064,8.382159818629042,0.005384866790172606,0.001080536428394284,0.00801837827187118,9.83020946336497,0.009718988601279803
4.990234375,-5.137137241175001,0.17566768454935763,8.311603118799756,0.005384781379301256,0.0010803105207003241,0.008019988818183455,9.772603776604464,0.00972024495410445
4.9951171875,-5.122728205713633,0.1708308312792937,8.306973491132675,-0.0038476756003668266,0.002328011492083693,0.0026970396903953646,9.76101101448567,0.00524387911040099
5.0,-5.190063980761922,0.13730619634506652,8.363189949765303,0.004286889779194399,-0.002161405035093109,0.001617984152376051,9.84370678412418,0.005066257832170338
5.0048828125,-5.1273996354594615,0.1804775357934036,8.40569620575498,0.00723270147914871,-0.009855264067714878,0.0005590867817030613,9.847767659021995,0.012237270061592457
5.009765625,-5.161053567235686,0.1901555033405185,8.391419073963199,-0.003951187005350458,-0.0031225046229495924,-0.0015658255039589237,9.853352075014891,0.005273871763746263
5.0146484375,-5.14201413253105,0.10356155942744122,8.401097855028478,-0.0029032416609192564,-0.00204780173602688,-0.0005022695790541466,9.8503542832481,0.003588116333372587
5.01953125,-5.09865512370358,0.14675658939332298,8.382380118246205,-0.001935829393733228,-0.005339144712000437,-0.0015654685578330822,9.812345184193655,0.00589106047353851
5.0244140625,-5.127583745077201,0.1419903681356111,8.325827705714445,0.0011751018352362233,-0.003191411185562816,-0.003714644668912308,9.779145326288258,0.005036323529598712
5.029296875,-5.118007915758238,0.11312382899177441,8.349447970210424,-0.0019170490299115991,-0.004245913884114094,-0.0015671602219922349,9.793879896838673,0.00491516559800304
5.0341796875,-5.137048600544062,0.14203497109310886,8.45747194829237,0.0012311705282277948,8.83686155431691e-05,-0.00372568415187738,9.896376812425721,0.00392483277113051
5.0390625,-5.069688260964739,0.1995983004006647,8.372984607322039,-0.0019362422615915851,-0.005339631747701018,-0.0015657542832585862,9.790222151684725,0.005891713483543861
5.0439453125,-5.093916270893044,0.1082803527047639,8.401297275575738,0.002215170185403403,-0.0032242957494266348,0.0016246109421148922,9.8255535987672,0.004235849707356276
5.048828125,-5.055358920772368,0.11783743523624614,8.457881187257563,-0.005969219181142397,-0.002020557454369259,0.004847119950965783,9.854252567127617,0.007950396334647477
5.0537109375,-5.084146425488175,0.15635776492407122,8.434155999664528,-0.0008428339175590916,-0.0020894535048435123,0.0026972684632878795,9.849262919281491,0.0035144618541873805
5.05859375,-5.132410391716245,0.12757559031206156,8.339947397308265,0.002299969131277911,0.002251709877444762,-0.0015936931450813059,9.793499606887687,0.0035916449180970994
5.0634765625,-5.117847255016598,0.1371862608279476,8.438754072629168,0.0012392076265908601,7.741698811724117e-05,-0.0005192562181358562,9.870347050340037,0.0013458290946189453
5.068359375,-5.156372923275411,0.16608975999587203,8.330352438060652,0.001273563098256119,0.0022667716917892785,-0.001590970476889598,9.798496786475278,0.0030481804287593064
5.0732421875,-5.117824363967966,0.14680401737371215,8.438733110230705,-0.000744203090978626,0.0033689440856742156,0.004821169092515709,9.870455619962291,0.005928515321026856
5.078125,-5.180276688156845,0.19500041561162462,8.391324632065372,-0.0048632213811509615,0.0034475760394823843,-0.0005108512419171846,9.86344872793776,0.0059831155547478134
5.0830078125,-5.108171628517345,0.1708265937449565,8.419910367022814,0.0013133193220924407,0.004449381821123558,-0.0005300393667142225,9.84974566677832,0.004669341277117464
5.087890625,-5.146764430865903,0.137228917843118,8.382191178898177,-0.0008932630449630819,-0.004257354070646694,-0.002639126772764773,9.837130925341862,0.0050880224717538836
5.0927734375,-5.112999256385072,0.19486670062973094,8.353993859388396,0.0011644301303928507,-0.004295546155306942,-0.0005068206507344925,9.796425257690053,0.004479339401401718
5.09765625,-5.194732063542944,0.17579477651430472,8.405412824509124,0.0032976394045057195,3.989887294932564e-05,0.0016139755292086566,9.882667138271596,0.0036716392212601478
5.1025390625,-5.166105777396245,0.10840503571445172,8.349248549663164,-0.004873445297741995,0.002343946981769873,0.002699334628995116,9.81887732376098,0.006044085039335884
5.107421875,-5.137114484552621,0.13721659783508874,8.410451635589023,0.0012152373825029038,-0.0010084606467912819,-0.0026531835777633085,9.85618944302025,0.003087584471601078
5.1123046875,-5.141820250871397,0.1324366675305518,8.509205793809022,0.0022178148089954954,-0.0021090746593173805,-0.004792553581182646,9.94295922774356,0.005686428428643155
5.1171875,-5.0649413095946905,0.1370890663298596,8.448391123330824,-0.0008220075380896667,0.00011835393850502894,-0.003720743019744468,9.851280955008898,0.0038123001805226552
5.1220703125,-5.161186027506521,0.12764293428859025,8.405664567723981,-0.009045588626687218,-0.0008600165602186055,-0.0015583184255318374,9.864549191640373,0.009219037824114587
5.126953125,-5.170806523267813,0.14688791889260724,8.363252948065437,-0.003911106027939336,-0.0009397831067281113,-0.0005016581728715898,9.833758998221931,0.004053591441164713
5.1318359375,-5.132322174486523,0.13720474083999146,8.396363387592897,0.001217904448117341,-0.0010121426636784526,-0.0015842008686113849,9.841670294220668,0.0022399590193776277
5.13671875,-5.151629184443917,0.12280749352997203,8.363389314760191,0.003316105007310507,0.001132870475976724,0.0016122009532495657,9.823474220698415,0.00385734881084254
5.1416015625,-5.098620787130632,0.1611832242119698,8.38234867464851,0.0012946431898938676,0.0033561668425057816,-0.000526482783505466,9.81252685428731,0.0036355386100551126
5.146484375,-5.199802144304927,0.12768936582516588,8.278513502789824,-0.0018528220469968177,-0.0009774348914646114,0.0016327378457498697,9.776913251631948,0.002655967126647813
5.1513671875,-5.218926160299516,0.14216532762122946,8.344241209957145,-0.0038709356603653052,0.0012429624262277924,0.0005623258854885767,9.842954973837042,0.00410430370235834
5.15625,-5.161040582655219,0.16131647618093153,8.462028152012458,-0.005934776894004513,0.001287793549244724,-0.0037103861074273205,9.913036030740175,0.007116667343165328
5.1611328125,-5.170796193398432,0.1420828386137801,8.3820757468257,0.005333997253942408,3.10975002830607e-05,-0.004802855270215098,9.84969616953822,0.007177737283170926
5.166015625,-5.156315272252615,0.14687228737610472,8.419752871272479,-0.0037837026974475454,0.006715452866421799,-0.0015908397964596887,9.874279572149343,0.007870481850674994
5.1708984375,-5.137262160713794,0.0843151388393286,8.391754611219536,0.0013509740771990228,0.006636049296550757,-0.0005342003150898842,9.83972138860972,0.006793206253320863
5.17578125,-5.1180591417039265,0.09388736640173152,8.344786815617091,-0.00471185128331692,0.012188585526005147,0.0005371923577147467,9.789729884611006,0.013078674828514722
5.1806640625,-5.0940437107166705,0.08903059713552809,8.330793009518793,0.003430076842773557,0.0076874428367559415,0.002665043807203655,9.76520967216606,0.008829760076583973
5.185546875,-5.127525536226938,0.12757987479169852,8.405811498946525,0.0033373300848027554,0.002222352270800744,0.002677055891233577,9.84710422941348,0.0048211253826519794
5.1904296875,-5.11312082895906,0.13235603057483022,8.377645511929694,0.005427087287404669,0.004377900762414228,0.002666916543940268,9.815623620225068,0.0074653690707826865
5.1953125,-5.132349393728645,0.13719999334742256,8.372847990641608,0.003329561543877663,0.0011147201392262649,0.006955302962285077,9.821630089342223,0.007791329819769998
5.2001953125,-5.0506623686680365,0.13703640437131967,8.321470950317806,0.004394763987665667,0.004399710870080058,0.0005329067434142927,9.735237445249375,0.006241425786209436
5.205078125,-5.089164722477003,0.13229579610082998,8.302501192558811,0.007495407368626386,0.005443771055886743,0.0015918094874587331,9.73902591651808,0.009399448514404057
5.2099609375,-5.093847597747148,0.13713362234205756,8.401234388380349,0.008588154331664337,0.00981205287142625,-0.0016299941595803145,9.825824557153235,0.013141143684490136
5.21484375,-5.117871685121381,0.16121640971465231,8.36815547577914,0.005413363007361835,0.004395731485230492,-0.0026765295503240897,9.810434617433666,0.007469321573843123
5.2197265625,-5.141941131191664,0.12280182001153922,8.424571327182843,0.0014465608718264448,0.01209773629149065,0.0005199116858462681,9.87056436737181,0.012195001840730848
5.224609375,-5.141925780875075,0.16125955321540453,8.358644366125379,0.00040676160238741903,0.011012176713672307,0.0026638626996997863,9.814904024945458,0.011337092019436697
5.2294921875,-5.161288344971647,0.13723885236853786,8.297472779349587,-0.0027175980948096917,0.008882400279180195,-0.0005274147532546502,9.772706196677916,0.009303791724154423
5.234375,-5.151659192823376,0.09876784965812951,8.386957117707638,0.002465325450965836,0.010975112069683459,0.004795903828511856,9.84329199106653,0.01222831174175839
5.2392578125,-5.156424283647351,0.0987844541457957,8.424560762655052,0.0065632216616406764,0.009807059399008488,0.009062315793349792,9.87783851887831,0.014878839342297745
5.244140625,-5.132393502343506,0.13238541808345763,8.344639995499291,0.006565032293132253,0.010921103014504455,0.0026487699979274616,9.797551000954543,0.0130148423949431
5.2490234375,-5.166027466634688,0.07957740253703009,8.476294580395518,0.008605311772600585,0.00979144977897848,0.004781368742576202,9.926819337666066,0.013884717012975117
5.25390625,-5.089210081173051,0.06979841902512217,8.391995956563722,0.010543229217281468,0.0032055690054076918,0.00372532900732693,9.814811623489962,0.011632430149775217
5.2587890625,-5.166001786448716,0.11323005546206825,8.429190418098319,0.008530261112486727,0.006537072084951839,-0.002690510385185845,9.886943238818143,0.011078696323297825
5.263671875,-5.108289296299059,0.14196477862103885,8.377645539705881,0.011678185929085283,0.009752040768049539,0.0026376463825460443,9.813241988354628,0.015441486462622177
5.2685546875,-5.098683458600637,0.13713788334904461,8.37769800125441,0.008633480507977019,0.011987322266725269,0.0015711939214271106,9.80822122559842,0.014856026761778402
5.2734375,-5.1803534598622525,0.19018014335657699,8.334898160581508,0.00869760065975267,0.015255696252230914,0.004770247815991375,9.81543467215278,0.018197246758859784
5.2783203125,-5.108391055936717,0.1563676759768412,8.260037111351737,0.0014354858030245403,0.010992847025170666,0.0037319652665220994,9.713306497345412,0.011697472802277247
5.283203125,-5.089102608834466,0.1515341576879004,8.31656850593266,0.005557325392253603,0.01091063651220329,0.010132508534346763,9.751268618906103,0.015893193002522187
5.2880859375,-5.127473752453782,0.15162331665759612,8.401056013560112,-0.0006037135381051006,0.012124180576623175,0.0015940415286411352,9.843359124568769,0.012243414274036904
5.29296875,-5.132315614983163,0.14681964889021468,8.382233187023662,0.006544208582442991,0.008713425117860624,0.009065547932886435,9.829753444656744,0.014175140301899888
5.2978515625,-5.10338964832063,0.1756198170286864,8.386999320266426,0.006631409727028689,0.014185679827103661,0.006914010514935111,9.819225316738018,0.01711761223201004
5.302734375,-5.180430365993911,0.13729102784149594,8.377341168285376,0.0036190762383192594,0.0186149123046786,0.0037056401773856227,9.850662548939871,0.019322123124902613
5.3076171875,-5.122708661629807,0.15160671216992994,8.363452368612696,0.003549740785701654,0.01423498956367512,0.0058538421753432605,9.8087952445326,0.015795665726313687
5.3125,-5.190016101781039,0.1277007832799811,8.42435094423712,0.006602726007110247,0.013107890000628808,0.002641940168854864,9.895567869428495,0.01491283403144297
5.3173828125,-5.209256112074939,0.12773586777969118,8.419563904148264,0.007666378676195818,0.01527892441437013,0.002634112549428928,9.901601993068793,0.017296168425114406
5.322265625,-5.141941131191664,0.12280182001153922,8.424571327182843,0.006602930279191066,0.011989386612367828,0.010125316895667761,9.87056436737181,0.01702545511433918
5.3271484375,-5.175513270815273,0.18056287329639428,8.3819709070572,0.0056847611107001435,0.019684557241501453,0.001559943383254189,9.852714187184734,0.020548277933652603
5.33203125,-5.175510481677935,0.20459776967566787,8.334887707158463,0.0057353590013181615,0.021852371347834274,0.0068988846452307075,9.813160657212116,0.023622342935150392
5.3369140625,-5.117965904026995,0.1467793304123539,8.316453046083996,0.003661161391852867,0.020793224401202768,0.00583846428066887,9.766192217765271,0.021905477600194307
5.341796875,-5.1851387870237735,0.15654504441771883,8.424309047216381,0.005724896273204825,0.02186744894061361,0.002622447249912273,9.893389384565932,0.022756031949526488
5.3466796875,-5.185175912734059,0.11808351321979838,8.471423690712811,-0.0023448359669924275,0.029626441645614763,0.00689798344814015,9.933026341939403,0.030509121192586548
5.3515625,-5.146804769114743,0.11799435425010267,8.38693618308536,0.006766989163375653,0.02294879606853394,0.0015492282407669586,9.840946120072175,0.023975810548850944
5.3564453125,-5.194689070583018,0.17099539322656024,8.452454099610936,0.003786444994594934,0.028452724291701443,0.003679267988754514,9.922601184697946,0.028938412158405376
5.361328125,-5.185348019000015,0.0892122031107429,8.382128069493298,0.002762944267171906,0.028464442172504576,0.004752520905059067,9.85676741476224,0.028990425732789413
5.3662109375,-5.175725157502602,0.1372639788701782,8.288003650045122,0.007814576646895319,0.02402273124207897,0.002614857776286964,9.772306626844138,0.025396785341644464
5.37109375,-5.170858730442184,0.16610634101088836,8.278555594243867,0.0038657803402803335,0.03281701499018033,0.00580943595439876,9.762164414396052,0.03355071201350695
5.3759765625,-5.185231332446985,0.15652890294298458,8.344356697581995,0.007844140395329671,0.025101562607187308,0.006885644542086325,9.825447265388378,0.02718512616531603
5.380859375,-5.132353164094665,0.15161998167647295,8.339894991312107,0.012970249048802009,0.025032552267720307,0.004735105577430751,9.793767716560817,0.028588061463721434
5.3857421875,-5.161303137460767,0.10358809844052727,8.353983100427302,0.0037360210722198416,0.02516612409388324,0.005827226496041715,9.820326583832426,0.02610073225020654
5.390625,-5.151672735231311,0.1227998975418618,8.325764679638125,0.0025104504878102024,0.0131500723817689,0.007997748928605468,9.791484529246404,0.01559457448032865
5.3955078125,-5.170780843081843,0.1805405718176454,8.316148785768236,0.007658033824823838,0.014170541871258867,0.006913381926674072,9.79427894499074,0.017528393784123818
5.400390625,-5.1996578151085595,0.1517489491657977,8.353710367037793,0.004626873200985432,0.017506581972023223,0.0037063472556067797,9.840932173028486,0.01848311061321415
5.4052734375,-5.199641483563287,0.15175179766133906,8.367819605208568,-0.002589434676308574,0.015419613898832406,0.005867006921453956,9.852903384840356,0.01670004296246939
5.41015625,-5.170859288269653,0.16129936173503362,8.287972234223615,0.0036187474538860315,0.018614373685620248,0.0037074042376791234,9.770070983285754,0.019321881042602435
5.4150390625,-5.204505679313832,0.1421373526240478,8.339601101090834,-0.0015548778541110975,0.015393590987536763,0.009071239315688286,9.831379807450038,0.017935096078785503
5.419921875,-5.24298025605321,0.1422084711219817,8.334730100303384,0.0014632572806961802,0.012076203435634394,0.006934633635732984,9.847679475872775,0.014002319627482355
5.4248046875,-5.1370131483161785,0.1660755644634651,8.438607224735183,0.003456978378305161,0.008769932590354818,0.005865870383115615,9.880616229387618,0.01110274076518721
5.4296875,-5.166130765328496,0.12762820532530172,8.288066592792884,0.005546944255754961,0.010925470648091223,0.005858950103916454,9.767151267889608,0.013581671317586008
5.4345703125,-5.199621381651994,0.13733465782783,8.414881842708843,0.004510084846103757,0.010955687452079664,0.0015840891531272812,9.892682131127243,0.01195312893395558
5.439453125,-5.209400999098774,0.0988693051632046,8.353783679880042,0.002375401121783927,0.005506337132636247,0.0058793763998965165,9.845472851983539,0.008398175156501632
5.4443359375,-5.262148380662661,0.1518698576540803,8.372249812328388,0.008674293724550709,0.014170625054206626,0.002635497216710046,9.889784474588273,0.016822479948746402
5.44921875,-5.204451798657058,0.13733986833333084,8.396048534973161,0.0014790253962647824,0.013172939204479152,0.005861631480386019,9.879211090244173,0.01449388032997211
5.4541015625,-5.257381058528815,0.17108117026983302,8.296979607461985,0.008567967678388326,0.007604573907409643,0.004790825686158872,9.82390935259678,0.012417392045285606
5.458984375,-5.214049961197187,0.16139563020725772,8.363032592895902,0.0013515374936897285,0.005517635391783475,0.006950125297066614,9.856605891337521,0.008976368728970306
5.4638671875,-5.185117435031292,0.1998107063959526,8.353668525569427,0.0054911250472190875,0.007646217032175284,0.005865411062335154,9.834080789201664,0.011091444275543552
5.46875,-5.185328898317405,0.11324994798555783,8.349154107765335,0.0074431209461291075,0.0021617626100049977,0.002668412482448808,9.828979379857254,0.008197175865943715
5.4736328125,-5.252535983460879,0.15665787043230933,8.358172073307681,0.0013621982979229639,0.006621719742521719,0.0037416591251981687,9.872827171228115,0.007726756729737571
5.478515625,-5.137159708822417,0.12278806401941438,8.401076920406203,0.0033165640113989297,1.46663476723135e-05,0.009094938378660945,9.848024177732091,0.009680791086223293
5.4833984375,-5.146736519370063,0.19010948787157506,8.297420456681989,0.009559142540650462,0.005398952605044733,0.00586159175617862,9.765870399107342,0.012445246211308712
5.48828125,-5.185163774956024,0.1757682140285688,8.3631270903461,0.00948793723957905,0.0010236166697432218,0.006940117265143957,9.84168240533395,0.011799744565147008
5.4931640625,-5.175440269475888,0.19980313388049228,8.405444379211563,0.0043505509536227085,0.0011067407607648345,0.004814502339522329,9.873023776292671,0.006582674341699714
5.498046875,-5.146818869350145,0.1372194228579802,8.335160384995598,0.001239184424850775,7.716116912683072e-05,-0.0005167950278839967,9.797115508531487,0.0013448453389365582
5.5029296875,-5.190155410530197,0.1469040134220417,8.264404320171423,0.0011572301013664345,-0.005402695348970458,0.003773466351738655,9.760106184969683,0.0066908405188735014
5.5078125,-5.108287064989189,0.1611926957244577,8.33997897978689,0.0011432052606928738,-0.00538490678364266,-0.001572313995323334,9.781402210663764,0.005725059880602667
5.5126953125,-5.12751841889611,0.14200176211777646,8.382264658397542,-0.002959284795078988,-0.005327377921170203,-0.0004939672245070625,9.827205627236253,0.0061141087357230285
5.517578125,-5.170699743182947,0.17574783501949737,8.396111616601853,0.004223221640924497,-0.006548276047698018,0.005902665605319252,9.862135337446086,0.00977532513389951
5.5224609375,-5.2045689086113045,0.1132850324852679,8.344367067676481,-0.0030222261086297318,-0.00971364054694906,0.0037932748177805548,9.835081737494226,0.010857144982463122
5.52734375,-5.204531782901019,0.15174656368318834,8.29725242418005,0.004300405925376748,-0.0021796744410152924,0.006962957551222912,9.795640657424007,0.008469194155996363
5.5322265625,-5.21886404665698,0.1614036892082999,8.358308523330994,0.0021303848590612053,-0.007581975101610914,-0.002637835612067113,9.855146597568524,0.008305604301040024
5.537109375,-5.238168401903287,0.12297249501752062,8.377120729787281,-0.00101459737472481,-0.011919100155118566,0.0005869014497504335,9.880773358531236,0.011976594242616097
5.5419921875,-5.218895170691374,0.12775008678474797,8.400709606237935,-0.0021181303011472336,-0.016272626035941883,-0.00046894610438726037,9.89065765132317,0.01641659966397036
5.546875,-5.223763136807942,0.13255563007650709,8.3395381027907,0.0029977611222473366,-0.01744548088186402,0.0005909157628801649,9.84140071699331,0.01771102922995614
5.5517578125,-5.185368678738778,0.09882236366839722,8.344482471972771,0.0040240510765422125,-0.017460664516972816,0.000588175941870648,9.824876687219385,0.017928015600715254
5.556640625,-5.166033891711795,0.1180313377468403,8.391555301777021,-0.00010013224321548353,-0.01849300555708032,0.0005999803231439169,9.854949921221683,0.018503006712112895
5.5615234375,-5.214280410739658,0.09886597018208143,8.29262265763204,0.006220592178918438,-0.009857608824747403,0.005908701513666915,9.796228112072301,0.013068319416656787
5.56640625,-5.204427791953491,0.15657158343080485,8.377194292615204,-0.0010920101182051983,-0.016288145550704614,-0.0004712739559970666,9.863466303415887,0.01633151158713737
5.5712890625,-5.190259112502762,0.05074828643021309,8.372784770131984,0.0031307908705177053,-0.009797181453910855,0.0016400092365308056,9.851136475069648,0.010415193047259286
5.576171875,-5.185221983806288,0.19017870737248138,8.283143297114021,0.00506898637026767,-0.01750181440976361,0.008067327951208432,9.774106498427916,0.019927114962485597
5.5810546875,-5.180291480645968,0.161349661683614,8.447834953143088,-0.003083580241542343,-0.012985637268157067,0.0016613633659735424,9.910972148751338,0.013449734963930666
5.5859375,-5.1322861644311715,0.16605231348620247,8.368082024055962,0.00409239586718295,-0.013081748757616047,-0.0015614182914733055,9.817980006383914,0.013795574709741978
5.5908203125,-5.161077016111785,0.17573076751889924,8.40085667634141,4.5585029141834336e-05,-0.009745159072975436,-0.0004911751722145385,9.861135338556112,0.009757635799837855
5.595703125,-5.214039073500339,0.16139752920428527,8.372438751676416,-0.0010121890512320786,-0.01192306303432,0.0016553302244193457,9.86458226550899,0.01207990384678944
5.6005859375,-5.242913814217185,0.15183382365585646,8.372333773026984,-0.008193859512999037,-0.0118201397225341,0.0027423683757439314,9.879634182513216,0.014641571674081774
5.60546875,-5.137107367221794,0.1516384851611667,8.386904795040039,0.004145557607822129,-0.009798757665947832,-0.0026386253538122385,9.836312234451078,0.010961917872047942
5.6103515625,-5.142076111747334,0.1323920411004042,8.288161062466898,0.00017056858360528615,-0.0032050485991285084,0.004838542291934313,9.754593184184655,0.0058062829482661005
5.615234375,-5.141864225060005,0.17569093552662027,8.382128319478975,0.004227992324840123,-0.005437409670022306,0.0005565394491671777,9.83512634275684,0.0069102155666113906
5.6201171875,-5.161061107967728,0.2189954799986193,8.3255130753042,0.0010371832827294665,-0.01195062815809828,0.00058181682562997,9.79789154601632,0.012009653340279688
5.625,-5.262301500672258,0.09896744915980636,8.348849708568643,0.0022106811415521293,-0.003216354683163297,-0.0005105206666888317,9.869392235403224,0.003936074174686894
5.6298828125,-5.161364135448369,0.09396369540516625,8.321082507093958,0.004273675142323753,-0.003261752768055685,0.003759122684888011,9.792288956347845,0.006560055922175856
5.634765625,-5.204399457056434,0.16619028947508319,8.381876409606999,0.006268014091832283,-0.0065676734619420155,0.002691968653198059,9.867585574336381,0.009469373294358315
5.6396484375,-5.175696264778078,0.15168966419031124,8.28326912705717,0.0001942405627811456,-0.0010008532011988004,-0.0005102358562945822,9.768489597205823,0.0011400776971891382
5.64453125,-5.185060341835964,0.17578625450033059,8.452485598761003,0.001154716308812842,-0.005398539791446423,0.002700426670759818,9.917674341952022,0.006145722564338526
5.6494140625,-5.204525781225127,0.15655449245755684,8.29253886359056,0.00014954478791903185,-0.004294303831982595,0.0037727323670606666,9.79172092743178,0.0057181219432993315
5.654296875,-5.151563166009107,0.17569471004802553,8.311540148275807,0.0022309304023371574,-0.0021280513363543547,0.0005551178642854061,9.780141682047416,0.003132699920752158
5.6591796875,-5.175548165215689,0.1613292592018927,8.39141899063464,0.005270983956300965,-0.005473907456407378,0.006966267284099239,9.860438053997694,0.010309016179170826
5.6640625,-5.14681998500508,0.12760546430627076,8.353993664955091,-0.000821179223873172,-0.0009998075722038387,0.0037655645946185036,9.813014280366573,0.003981636248504061
5.6689453125,-5.108305627844332,0.14196193012549752,8.363536301535108,-0.0008930767755902074,-0.005375934962147541,0.004844669652556455,9.801208040041114,0.007291713576844635
5.673828125,-5.1802102463208195,0.2046257681454994,8.428928304788974,0.007411135754756348,-3.180262439302437e-05,0.00480896851434655,9.895619347385441,0.00883471124340364
5.6787109375,-5.185181222156231,0.16615140698131803,8.36785113213482,0.0011337598580226592,-0.007606564956441418,0.009120033935367219,9.845539252179814,0.011929805565660988
5.68359375,-5.185186108177188,0.17095743675865893,8.353731412764816,0.004204661518188751,-0.0076414095943809525,0.005906452143547429,9.833626489664454,0.010533588941839842
5.6884765625,-5.098742783105835,0.1419344181412478,8.316547487981824,0.010434046359114105,-0.0033571024647087964,0.004811739598188918,9.756140910584662,0.011970476111812574
5.693359375,-5.170772744522333,0.15650757443539934,8.37263814444749,0.0020907199860170813,-0.010882961470362216,0.0037819973248677252,9.841872529869903,0.011709545857573915
5.6982421875,-5.199508465464984,0.21907134598912206,8.344157471468039,3.78341792362803e-05,-0.010852895451042505,0.0037876098102358744,9.834014665726883,0.01149490144242101
5.703125,-5.189860750461571,0.19983110887767394,8.410084488077874,0.010317570796729012,-0.0099077900160088,0.0026889252067661723,9.884538844977286,0.014554960972617602
5.7080078125,-5.14198412415159,0.1276012032992837,8.377530052081031,0.009307010137659508,-0.008795909345093531,0.001620906148722441,9.830528600926362,0.012907974111089888
5.712890625,-5.170689836714783,0.21420461872484892,8.325481576154132,0.004090097792117212,-0.01419665838523262,0.004854434917327806,9.802834308559465,0.01555119119626047
5.7177734375,-5.199718813096161,0.14212454613043674,8.320809773704452,0.006228072862801972,-0.008750343545318728,0.0016301888229551652,9.812907337382457,0.010863467187963492
5.72265625,-5.137134028636447,0.15644071694445252,8.353972758109,0.00516687563483693,-0.01092517734519007,0.0027057372037189195,9.808337298916667,0.01238455157304109
5.7275390625,-5.165877982564859,0.19496864262038785,8.36787220563803,0.006201457423311976,-0.010951176646670733,0.0059089136516491765,9.835933781408,0.013903294741261283
5.732421875,-5.064830066890083,0.2044048166635875,8.405916672029262,0.0031267338482678423,-0.0097949765875629,0.0005688848087840876,9.815993074195223,0.010297653171207238
5.7373046875,-5.137170038691798,0.12759314429824153,8.382254121645937,0.0031088589087119576,-0.010887325369422905,0.0005730472491378064,9.832038454804522,0.01133698551484043
5.7421875,-5.223684133792665,0.15660381943497356,8.358298014355576,0.004220352063957226,-0.005426159552822787,-0.0026484162232975534,9.857613625146769,0.007366728414178419
5.7470703125,-5.088984941052752,0.1803959728118181,8.358833333249594,0.008232471085694495,-0.012071384484185916,0.004837572162094546,9.787768138360907,0.015391361472115209
5.751953125,-5.112943702245895,0.2044901541665782,8.38219137333148,0.004238589692310544,-0.005452128127064521,0.00483099951778198,9.820648743572887,0.008427923827046551
5.7568359375,-5.108264173940556,0.17081045227022226,8.339958017388428,0.003175074941613711,-0.0076230825865175895,0.004840149832905951,9.78153560608818,0.009571809620479845
5.76171875,-5.084132190826521,0.1852015395762271,8.38706231856656,0.005110264900912165,-0.013086422199997389,-0.004770947284271001,9.809460437739629,0.014836818774365755
5.7666015625,-5.064807599242667,0.2572844371935308,8.316442870422815,-0.0009954853414479408,-0.009713268039350513,-0.005831337231207761,9.7407234493119,0.01137290908138176
5.771484375,-5.141770006154392,0.19012801482891867,8.433830749174119,0.002215181720818856,-0.0032243715276633732,0.0016237207857903435,9.879445761981115,0.004235572097705791
5.7763671875,-5.1803136794408795,0.2046077276737376,8.33956979637407,-0.0029357492159881983,-0.0031234727487046863,-0.005842045653380342,9.819670998980605,0.007245978394064964
5.78125,-5.132176037381501,0.22375410526822093,8.344440852713895,-0.00403410635863427,-0.00748450830663215,-0.004760342046036153,9.798927998650559,0.009744369404947596
5.7861328125,-5.16588608112437,0.21900164000263392,8.311382846958777,-0.0018560668336561757,-0.0009743957305966428,0.0005625634610352946,9.788433253090043,0.0021704628028361684
5.791015625,-5.122652549663162,0.1660371449826319,8.382233242576033,-0.003978092096970075,-0.004204876750417349,-0.004769100893466111,9.825017639222395,0.007500035236599584
5.7958984375,-5.151399716130128,0.2237920382634723,8.353763050795814,0.0002070694051194391,9.916413975242591e-05,-0.0026525024641961535,9.816942447655332,0.0026624200622208404
5.80078125,-5.117785006947809,0.20449346567505147,8.353951906815283,0.00018836010944536577,-0.0009939753265667916,-0.0026498720375481323,9.799084315191203,0.0028364217415668847
5.8056640625,-5.185117435031292,0.1998107063959526,8.353668525569427,-0.003975186329726222,-0.00420844805327494,-0.003699570949864419,9.834080789201664,0.006870223183145988
5.810546875,-5.122550097771786,0.20451007016271766,8.391555551762698,-0.008027965285170085,-0.0008650936154243799,-0.004767396730683215,9.833643701665169,0.009376816366500574
5.8154296875,-5.175568267126983,0.17574639903540176,8.344356753134367,0.0012922524188924923,0.0033599446975557568,-0.0015939480423722441,9.820676316224093,0.003936980447824049
5.8203125,-5.190080870134662,0.13249636857367048,8.358497351574277,-0.003929999551392437,-0.0009144123354041737,-0.007982270136403452,9.839663241315588,0.008944142380552899
5.8251953125,-5.1275281909380235,0.15161382167245832,8.354025219657531,0.001079459829679209,-0.008653101968216427,-0.004770349962684591,9.803278506217211,0.00993970049663102
5.830078125,-5.1371454741607625,0.15163183867157023,8.353983239308233,0.0013265887504986362,0.005549654307725755,-0.0026684354297801614,9.808276698780077,0.006299130756788162
5.8349609375,-5.16122623132911,0.15647721395560832,8.311540092723435,-0.009025053227065602,0.0013471952557906088,-0.007974106402440367,9.784908790703984,0.01211828757399462
5.83984375,-5.12722641353857,0.2189628044541685,8.476158547014998,-0.0018587080633824123,-0.0009703485424290712,-0.0005100075853410589,9.908665859718827,0.0021578877857253
5.8447265625,-5.1948514048070615,0.13251202356282288,8.391397917131432,-0.007030334854040077,-0.0019581611465118044,-0.00904117729305888,9.87013675477966,0.011619074407204845
5.849609375,-5.190069424610346,0.13730524684655274,8.358486870375044,-0.004921467758485102,0.00017221303028232973,-0.0015702286430390568,9.839714229860476,0.005168763896428978
5.8544921875,-5.1516340704648735,0.127613523307313,8.349269595390185,0.00018342952922296844,-0.000986181459541746,-0.004786511907864835,9.811519840667518,0.0048904904158444795
5.859375,-5.175644057603706,0.13247124207203018,8.367966480878739,-0.001813395071426069,0.002323578636990589,-0.004789834277753712,9.840106862534306,0.005624049410851208
5.8642578125,-5.175655503128022,0.1276623637991479,8.36797696207797,-0.005972376014705993,0.0002198247068746805,-0.011186216798519383,9.840058231741203,0.012682627662525823
5.869140625,-5.1899408691317825,0.16616896096749798,8.410157856472495,-0.006971985971178822,0.00131730681664445,-0.007981318981336227,9.8840201092197,0.010679201202024905
5.8740234375,-5.14684930113082,0.15644164297031643,8.26927534873506,-0.004917007890926804,0.0012825980977248478,-0.006914904036305157,9.74142938738476,0.00858125412227334
5.87890625,-5.084288099973456,0.10826423470267954,8.410745414705552,0.0011429412712912262,-0.004266181610551595,-0.009057370545244936,9.828649198086069,0.010076833901464287
5.8837890625,-5.185332668683427,0.1276699363146082,8.316201108435834,0.0022576243968345116,7.295885045813775e-05,-0.003724772829627784,9.80118234569195,0.004356159265152725
5.888671875,-5.122677672021665,0.13719147133344844,8.419920764893487,0.002300023385635561,0.0022519204491648717,-0.001595569411712166,9.856759798144644,0.003592644573490243
5.8935546875,-5.1563702685643245,0.14205581311511223,8.382138717349648,-0.011064017662890904,0.0013599011376377382,-0.002626919313277544,9.84218388760675,0.011452620792961797
5.8984375,-5.15182152704742,0.06028447999439218,8.325900935228134,-0.004905577793347497,0.0012689833119761394,-0.002640742802335664,9.791094200767866,0.005713889627980719
5.9033203125,-5.1900204299745285,0.13731379233317675,8.400814584887367,-0.010037386116677496,0.001344992010174099,-0.0026296737647455944,9.875669740871968,0.010462949281712762
5.908203125,-5.180525142726992,0.11804696926334284,8.33505537856998,-0.0039082583558165095,-0.000943282312687408,0.0005678951593726349,9.8145261732397,0.004060390351835318
5.9130859375,-5.1948296294133645,0.132515821556878,8.410210234692466,-0.010053182650715543,0.00024841084088963295,-0.0015583836799921986,9.886124190668443,0.010176283656059588
5.91796875,-5.136991796323698,0.20934122644169895,8.36796670308823,-0.0019281906048214874,-0.004231875150144976,-0.005842822184017233,9.821169747467884,0.007467613900636556
5.9228515625,-5.185233005929388,0.14210796511542043,8.372606617521237,-0.003948154050977279,-0.003125782319548717,-0.0004962746604536223,9.849232334110571,0.0050601110717117675
5.927734375,-5.1996981533574,0.1325143855727824,8.358455371224979,-0.0038900454840542767,0.001268177129876578,-0.006918974914026167,9.844704014909325,0.008038217523908922
5.9326171875,-5.190067751127943,0.15172618467411692,8.330236950435802,-0.006046332943668851,-0.005270938297753508,-0.0036908389339303225,9.815939677219903,0.008829678626124271
5.9375,-5.132411507371181,0.11796163176035213,8.35878067726776,-0.0008561415274217379,-0.0020712753104572775,-0.0026440602630616117,9.809422879977626,0.003466152680045609
5.9423828125,-5.161202224625542,0.17570892905308233,8.292685850365476,-0.0007978513630583222,0.0012039012501323637,-0.0015822633428819325,9.769212897878743,0.0021423123730754576
5.947265625,-5.180410687483832,0.1661357519921656,8.334950566577666,-0.0029115650633881694,-0.0020374070375079796,-0.0037070471185030734,9.815072945545543,0.005135215369741715
5.9521484375,-5.204294773855187,0.22389113175858785,8.353532158874673,-0.005972156124022029,-0.0008988957673384256,-0.0037026221577483435,9.844608212692362,0.00708407179616933
5.95703125,-5.117879783680892,0.18524940709689836,8.311666117099888,-0.0029252079366770003,-0.003138209957121017,-0.001566901759880856,9.762725258102147,0.004567316973113354
5.9619140625,-5.146599865331989,0.19494020461027425,8.405580801458688,-0.0028559945105981247,0.0012417405978623307,-0.0037171873849845957,9.857955186906645,0.004849340822424708
5.966796875,-5.132355953232004,0.12758508529719936,8.386978191210845,-0.0028531133286793455,0.001238367823751646,-0.002647771907187686,9.833552703093254,0.004084667257645773
5.9716796875,-5.117842926823109,0.12757325177475196,8.46229043197892,0.0001730240495516056,-0.0020897865441757368,-0.001580366219511826,9.89034632929321,0.002625776553653282
5.9765625,-5.214200849896914,0.12772113881640265,8.301965929217166,-0.006926070216911108,0.0023742837927903083,0.0027057358806852083,9.804429686741035,0.007805682470759182
5.9814453125,-5.151513613545822,0.18051023481050424,8.344451222808381,0.00121229519425862,-0.0010052866833900307,-0.003720597311138676,9.80818753212068,0.0040401862958873835
5.986328125,-5.132261176498921,0.14682914387535245,8.429263980926242,0.0011861999424242434,-0.0032054083189940867,0.0005578954373471797,9.869860933236586,0.0034630853460312777
5.9912109375,-5.127793534880911,0.06985054755278049,8.293063367971111,-0.0018983313638793683,-0.0031527725678348307,-0.001568340551279472,9.750592067179523,0.004000416092904279
5.99609375,-5.170620182340203,0.20460300365381862,8.40545488818698,0.0011516961581154665,-0.005395362907357975,0.0016324976204897125,9.870605216321561,0.0057533810427970785
6.0009765625,-5.166052320140686,0.14686941540791348,8.316243144337506,-0.004998802785746215,-0.004196813347991425,-0.002627271560785956,9.79130058957204,0.007035895637570087
6.005859375,-5.117919564102263,0.17082182277973773,8.306994481307324,-0.003954252166627195,-0.003119358198058299,-0.00263283294455797,9.75850593442607,0.005683160659265157
6.0107421875,-5.1368855740663,0.23339416329273432,8.410242011604394,6.652647130839672e-05,-0.008656104660353737,0.0005740966119886941,9.85769937309234,0.008675376682443208
6.015625,-5.175495823615066,0.19017968034364505,8.377246865268479,-0.000973110904396346,-0.008622594974305318,-0.004765612175423749,9.848867466502083,0.009899855975200725
6.0205078125,-5.1272911818921925,0.22375838974785786,8.410304954352156,-0.002015714880782185,-0.009704390934207002,-0.00369281777522663,9.852533283683563,0.0105771079698354
6.025390625,-5.228521668128558,0.14218714261439652,8.36301154716888,0.00210377669891071,-0.008664064535386009,-0.005841140396770055,9.863955502520005,0.010658837263369409
6.0302734375,-5.137135702118849,0.1420197791168884,8.382222678048244,-0.002001754433171416,-0.009721996413137014,0.001651855860557878,9.832191508714159,0.010062448153994622
6.03515625,-5.1563702685643245,0.14205581311511223,8.382138717349648,-0.004025379297453243,-0.007494575887558703,-0.0015544305253027252,9.84218388760675,0.008648040268218828
6.0400390625,-5.2044185777390455,0.14215254460026827,8.414850371334962,0.0020905896970977974,-0.009764259111828896,-0.0037022913586355426,9.89524566901741,0.01064980199763228
6.044921875,-5.127567413531928,0.14199321663115244,8.339936943885219,-0.0018958199038637043,-0.0031565935914201733,-0.0005010908126247261,9.791152020159084,0.0037160877561997377
6.0498046875,-5.156400276943784,0.11801616924326971,8.405706520297093,0.003273615775670743,-0.0010458477722138885,-0.0005206079547082908,9.861961961883338,0.0034758294624262945
6.0546875,-5.204507910623703,0.12290943552062891,8.377267661009824,-0.003967009562052692,-0.0031003473900174565,-0.007977065584759996,9.863093976297991,0.009433074480134664
6.0595703125,-5.069926385665505,0.11783977377355576,8.33553815258691,-0.0018190074944235525,0.0012118964342064551,0.0005565452890982967,9.757009586014675,0.002255487506245352
6.064453125,-5.160961021812474,0.19017164481525275,8.471371423597585,0.0021568869191550244,-0.006499729891173106,0.0005625182129408537,9.921482637171986,0.006871322767860739
6.0693359375,-5.166034315113011,0.161293201731019,8.302102462569037,0.0022655098304488162,6.180942986229179e-05,-0.0005186718282972962,9.779510792511283,0.0023249463785105636
6.07421875,-5.223687480757471,0.12776194377984526,8.41479785423406,0.0023219733193267094,0.0033419583745995596,-0.0005287930851269225,9.905153049727343,0.004103640822501316
6.0791015625,-5.175650059279598,0.12766331329766165,8.372680041468229,0.00020765190580245767,9.990627744807568e-05,-0.00265220310376714,9.84405518749684,0.0026621949368686314
6.083984375,-5.194890627400966,0.12289141852151698,8.377309641359123,0.001298098051920922,0.003353271828739379,0.0005431651716701388,9.85805801152606,0.00363655316385358
6.0888671875,-5.209270212310341,0.1469609363875687,8.367788106058502,0.0013007897336829765,0.0033495747764225284,0.0016120283089262695,9.857888792717326,0.003938316947997044
6.09375,-5.170699743182947,0.17574783501949737,8.396111616601853,0.004361022007655902,0.002210686070198913,0.0016059733616191991,9.862135337446086,0.0051463381438126565
6.0986328125,-5.15630605803817,0.13245324854556811,8.457408949992237,0.00020270553354472375,-0.0010109628518201932,0.002692034509755776,9.90620018849913,0.0028827391874406694
6.103515625,-5.132398388364463,0.13719144786079857,8.330520276129286,0.007450360190338974,0.0032687472398699536,-0.001609201092437726,9.785596700316923,0.008293497672263977
6.1083984375,-5.180526258381928,0.10843301071163339,8.353888658529472,0.0022926718303885652,0.0011446542399903073,0.0026839650539467255,9.830415339684482,0.003710828190821059
6.11328125,-5.209225545868013,0.15658249092738838,8.386579461221071,0.002191606272617223,-0.004309880018940615,-0.000509288347701662,9.873969005600738,0.004861849283240216
6.1181640625,-5.137101923373369,0.15163943465968047,8.391607874430296,0.002228373221404006,-0.002124075925959264,-0.0005152969952711367,9.840319781768823,0.0031213581573484375
6.123046875,-5.175690955355906,0.10362177042879159,8.38684168563516,0.005486085417293989,0.00765403887274311,0.0037277773526035187,9.855842317963864,0.010128068338132996
6.1279296875,-5.175755165882061,0.1132243349983357,8.31157145299257,0.004345287086385347,0.001114058282372824,0.002679667635826325,9.792011096061508,0.005225252564051406
6.1328125,-5.117856469231044,0.1516052996584842,8.40109799390941,0.002246861644996383,-0.0010310706425033427,-0.0005183623493732318,9.838388410192154,0.0025259044809406083
6.1376953125,-5.175465949661858,0.16615048095545412,8.452548541508763,-0.0018527959648747992,-0.0009770916581837003,0.0016285323374195758,9.912549148679817,0.002653239259842538
6.142578125,-5.113016703585281,0.18524989358248017,8.358717901177117,0.0033128799494550327,0.0011358980353969232,0.0005429908784754802,9.800276643323555,0.0035440481092145664
6.1474609375,-5.15147829574419,0.1564819849208271,8.424455978438925,0.0053611314415827355,-4.927629451539172e-06,0.005883038867604364,9.875913819783138,0.007959390738819312
6.15234375,-5.15632071610104,0.14687133787759094,8.415049791882222,0.003271264562091805,-0.002160648348084644,0.005893971958697461,9.870272413517254,0.007078734249086525
6.1572265625,-5.137135702118849,0.1420197791168884,8.382222678048244,0.00026361142036940256,0.002260592027769896,0.004822712049939229,9.832191508714159,0.00533275902451958
6.162109375,-5.17076297248042,0.14689551488071748,8.400877583187501,0.00435890277456107,0.001096191462685642,0.008020991949564824,9.865754516384891,0.009194453816074383
6.1669921875,-5.122675998539262,0.1516124091610126,8.391670844954243,0.0074268003144079735,0.001064712254761552,0.0037382945716236417,9.832849804541757,0.008382471079566012
6.171875,-5.137051813082617,0.16126193869801392,8.415102308983125,-0.0008053976736329521,9.686428579012948e-05,0.0026925242858917855,9.860489522017716,0.002812069546201173
6.1767578125,-5.185288002241098,0.13729149085442788,8.334992463598404,0.010556561312654516,0.004305747510299739,0.001586655647089652,9.81723790013712,0.011510774279462174
6.181640625,-5.1852024397224605,0.1709545882631176,8.33962217459404,0.006464080214571756,0.005466601418462542,-0.0005434455050313529,9.821651990736212,0.008483124253816721
6.1865234375,-5.122752212417201,0.1515991161818197,8.325827733490632,-0.0007870283823096508,0.0011895593621176874,0.0026917181025543405,9.776757129519696,0.0030462783021551927
6.19140625,-5.194766957943361,0.15656116241980317,8.414860908086567,0.005451584301765373,0.00546421383108393,0.004801145987672678,9.890399347213531,0.009090016885903404
6.1962890625,-5.165924322489591,0.170926150253004,8.377330770414703,-0.0007708854074508827,0.002286554709553193,0.0016193082700071628,9.843559350736239,0.002905986239560365
6.201171875,-5.189980091725688,0.1565483559261921,8.396069580700184,0.0011705815923482375,-0.004301958162054877,0.001630372522160384,9.8718987608368,0.004747127537093429
6.2060546875,-5.127530422247895,0.13238590456903945,8.39169177957652,0.002321328186308883,0.003341330413028777,-0.0005289215494854019,9.8351199881963,0.00410278094505339
6.2109375,-5.185237891950345,0.14691399489276133,8.35848689815123,0.0012688996302416193,0.0011560691609167784,0.003754957076931231,9.837305471752861,0.004128717092033078
6.2158203125,-5.15633914452993,0.17570941553866415,8.339737634442704,0.00016512758660523796,-0.0031978097669127237,0.002699839101553429,9.80662689121293,0.004188363116958378
6.220703125,-5.132355953232004,0.12758508529719936,8.386978191210845,0.005331585695856325,-0.0010836814913200096,0.0016118324032966707,9.833552703093254,0.005674343601087834
6.2255859375,-5.185210672708223,0.14691874238533023,8.38200229510252,0.005403438694829587,0.00329235136901284,0.000532521013918853,9.85727940723683,0.006349827233562151
6.23046875,-5.127430625067603,0.19489277662988508,8.349227809474192,0.0012044042420328001,-0.0021129498406440165,0.0005566089082758066,9.799904745647321,0.0024949869907629103
6.2353515625,-5.064984725955832,0.1851503136017828,8.31189700902103,-0.0007585398292219193,0.003385951911717605,-0.0005201173307348914,9.735295722337634,0.0035086429084064553
6.240234375,-5.127472078971379,0.16604425448516028,8.37280609362087,-0.0008427295435983536,-0.00208952017681859,0.0026988354145340344,9.819491967329744,0.0035156792014813545
6.2451171875,-5.093830708374407,0.14194345011345366,8.405926986571375,0.00020716124865123573,9.952313450827446e-05,-0.0026535361515914063,9.829896628763557,0.002663470432546159
6.25,-5.127495527847478,0.151619518663541,8.38224369599908,-0.0028079097021955724,0.0034135254157122916,0.0005528009265859415,9.82731948425673,0.0044544473870315356
6.2548828125,-5.0986556815310475,0.14194961011746826,8.391796758225953,-0.0018133802686794301,0.0012049344638406713,0.002692756070817832,9.82032037573077,0.0034628240379657145
6.259765625,-5.1082853915067865,0.1756136335520219,8.31172905984765,-0.0007795480831881177,0.002296765801886982,-0.0015857518126483248,9.757574481072993,0.0028978331860266327
6.2646484375,-5.132307381997401,0.17085549476800205,8.339853066515182,0.0012679699440396744,0.002273856606834129,-0.0037287662574697882,9.794024700523279,0.004547732341538631
6.26953125,-5.175700169570351,0.1180408092593282,8.349185606915402,0.004403821320761044,0.004389788143718682,0.003739310656608447,9.823986267125196,0.0072557788250847445
6.2744140625,-5.161301463978365,0.11800903626809144,8.325733180488058,-0.0017015090593485325,0.007763558939958486,0.002678336149600874,9.796468339528584,0.008386981878096155
6.279296875,-5.137103039028304,0.14202547610797106,8.410441154389792,-0.0027596927462463713,0.005585477495765732,0.004821641090621965,9.856242655338344,0.007877923947091926
6.2841796875,-5.093802931304818,0.14675517688187723,8.420025743542917,0.004273236420879974,-0.003262016240735422,0.003756210544097979,9.842011933890175,0.006558232773785143
6.2890625,-5.233412101892541,0.09411306537621233,8.39131384532809,-0.004886038786746617,0.0012442791474676466,0.004839061251146398,9.889975103512885,0.006988427535201442
6.2939453125,-5.156494495849398,0.10357908994097131,8.35400409060195,0.0024303472209352183,0.009903516368747178,-0.0016128536966193857,9.817817907223185,0.01032412326190702
6.298828125,-5.185074999898834,0.1902043438323534,8.410126440650986,-0.006828394753148284,0.008950630065417306,-0.0026571176087567643,9.881872656269428,0.011567239405300665
6.3037109375,-5.194766957943361,0.15656116241980317,8.414860908086567,-0.00485203697578374,0.003433557640909245,0.0037637606796986282,9.890399347213531,0.007035444217806318
6.30859375,-5.113029264764531,0.17082705675788845,8.377561662335843,0.0012919581215714855,0.0033597713561530833,-0.0015950457941490582,9.816098489313276,0.003937180518969615
6.3134765625,-5.199599471832045,0.18540729908191855,8.334824681082143,-0.0007844381516033899,0.0023044891028479618,-0.0037231445497091188,9.82545230502927,0.004448350096031636
6.318359375,-5.15646015927645,0.11800572475961815,8.353972647004255,0.001204908537838412,-0.00211234614316419,0.0005571377595157183,9.817935919131711,0.002494837328599747
6.3232421875,-5.127467192950423,0.16123822470781934,8.386925812990874,0.008429120236216664,-3.639114766997595e-05,0.001601116620981613,9.831451681847522,0.00857991647431428
6.328125,-5.127385535224059,0.16125246718552602,8.457472003844742,0.00022052322465863382,0.0012000686074531328,-0.004794711014269386,9.891658985267128,0.004947529571974736
6.3330078125,-5.146561200565552,0.19975383037572542,8.429085717210748,-0.0038370002802495693,0.0034323313610223577,-0.0005145077957782493,9.878080775737903,0.005173798217403676
6.337890625,-5.137122025284663,0.16605657449318953,8.344545636930023,0.004344896896976897,0.0011136874483444032,0.0026783891000612655,9.800461181771249,0.00522419342571524
6.3427734375,-5.161245909839187,0.12763248980493866,8.353930694431144,0.00019983437881594812,-0.001007717721266534,0.0016256659399700817,9.82053498754749,0.0019230752801412067
6.34765625,-5.1659297663380155,0.17092520075449022,8.372627691024444,-0.0017283667140329455,0.006681205457489573,-0.0005263495899451104,9.839559961070385,0.00692118499638616
6.3525390625,-5.1754370569373345,0.18057616627558717,8.44781401852081,0.0012530078659344843,5.951089398368172e-05,0.004824172393380856,9.908749576695522,0.0049845972294313215
6.357421875,-5.1034643231424175,0.14195861861702422,8.391775768051303,0.0024249675517553364,0.008792094514736773,0.0037320066303540966,9.822800053357504,0.009854403435629051
6.3623046875,-5.151443266917522,0.22378444227536207,8.31613841567375,-0.004900832456933905,0.0012608248311031306,-0.0005040792077810719,9.784968337072895,0.005085462994986812
6.3671875,-5.1804804762846635,0.1276685238031625,8.353846733732547,0.0043240270500575695,2.470071570556309e-05,0.0016127153350343666,9.830586578014081,0.004615048299513337
6.3720703125,-5.223787835765229,0.06044809244314494,8.466678464316137,0.00544953560372166,0.005468712214487612,0.0037320488463363248,9.948681196172862,0.008575105840312194
6.376953125,-5.16118812439014,0.15648386044520476,8.34446164845524,0.004347805086767093,0.0011102676301910088,0.0037473026666954476,9.812868604871158,0.005846227891469043
6.3818359375,-5.204416904256643,0.15657348242783242,8.38660045139572,0.00030113937310865835,0.004447024736598005,0.004817487426150873,9.871450638080645,0.0065631470371364225
6.38671875,-5.233400521941973,0.14699078690912804,8.292433884941127,0.005435285552229069,0.0054855943161460025,-0.001608080900467264,9.806862242869453,0.007887965404212355
6.3916015625,-5.1565048257187795,0.10838417021979847,8.335181291841687,0.006387563397454039,-2.0172617987467205e-05,0.005882729812575573,9.801863920392027,0.008683771250947166
6.396484375,-5.228486350326926,0.11815889272471934,8.443016302799421,0.0002698255454821436,0.00225424933821432,0.006959500289062995,9.931543451489386,0.00732045696506047
6.4013671875,-5.223813804926163,0.1181261467623189,8.32546030821762,0.004353752948266279,0.0011035381600130933,0.0058857480001450555,9.829317056580944,0.007403714657275354
6.40625,-5.166105353995029,0.06514317173027304,8.438701388871147,0.00844843907126772,0.0010576269056194083,0.0015980496058993034,9.89467378400799,0.008663051422872195
6.4111328125,-5.194971861726113,0.07961531205963161,8.396216289713237,0.0033143609105622048,1.8797002371940805e-05,0.008026960655188538,9.873728739725756,0.008684321443423527
6.416015625,-5.1469093178897385,0.10836235522663144,8.316410954629953,-0.0008637896640079028,-0.0031787855680798414,0.0016345672233847558,9.780854210798747,0.003677311555911916
6.4208984375,-5.15644326990371,0.1228155525310142,8.358665245195283,0.01045858799548267,-0.0022706544775988103,0.006945962571159584,9.821979206703418,0.012758696275711072
6.42578125,-5.199451372269655,0.19504689409350004,8.442974544659613,0.009368408255315446,-0.005523715769511411,0.0037486392335930154,9.917467268676138,0.011503512734997274
6.4306640625,-5.137206606574616,0.09393859237617581,8.419952125162622,0.008315279948126997,-0.006590649654588375,0.0005485515284073861,9.86383850069546,0.010624568333093201
6.435546875,-5.1611913369286935,0.17571082805010987,8.302092009145992,0.011351832344289214,-0.009934225114514176,0.00589478380684669,9.777192952980297,0.016195721729152946
6.4404296875,-5.17550503782951,0.20459871917418165,8.33959078654872,0.00828092199826706,-0.009899400777364632,0.009107745474613169,9.8171527195809,0.015796291733271055
6.4453125,-5.213881625297252,0.20468692864536359,8.419375214785912,0.014261370944678303,-0.01981323593315455,0.00484052620358176,9.905167204480795,0.02488738060327207
6.4501953125,-5.19475816713013,0.18540398757344528,8.36306414759834,0.009270362646445962,-0.012100426026784654,0.009110348523902944,9.84686391651769,0.01775833280049928
6.455078125,-5.146884753358703,0.13240104959996016,8.288140072292247,0.011362316725288387,-0.008830241000272528,0.0026864082422664508,9.757111179044132,0.014638722168713338
6.4599609375,-5.132403274385418,0.14199747763813952,8.31640055675928,0.01227212500222289,-0.016514941471776328,0.008045714796093303,9.773650539846605,0.022092575007600552
6.46484375,-5.166120993286582,0.11801614577061983,8.316306031532894,0.014378210146436018,-0.013262194574197106,0.006963993100821367,9.790999945769038,0.020763331424586626
6.4697265625,-5.146849435557072,0.108372799710283,8.36814482792279,0.010397402587342543,-0.005542594553789375,0.00481657590977747,9.824848682656754,0.012728933122835618
6.474609375,-5.185208441398353,0.16614665948874913,8.344335735183531,0.007228021630626067,-0.010966193789759033,0.005907137245783459,9.825575309093553,0.014401249021104736
6.4794921875,-5.137127469133087,0.16605562499467574,8.339842557539765,0.007373691850810178,-0.0022183071109936133,0.004816349324954716,9.796459921281029,0.009082369667073731
6.484375,-5.161053009408217,0.19496248261637322,8.382002433983452,0.012399586497099796,-0.008859737206695277,0.00695629698166106,9.84542753458955,0.016752156767647176
6.4892578125,-5.074567114778155,0.20440194469539627,8.302406945094287,0.01247594082030996,-0.004491885842454691,0.00801520737423447,9.732572765683953,0.015494182360663756
6.494140625,-5.132335716894458,0.1612367887237237,8.335170949523388,0.01036530480406679,-0.007736439623912231,0.00695977640465424,9.78988978337995,0.014687768017586306
6.4990234375,-5.156376270240218,0.1372478843407437,8.386852277939138,0.01343387455025753,-0.0077671342265763065,0.0026763651411074274,9.846133472283693,0.015746754900430916
6.50390625,-5.1418608780952,0.2045328111817486,8.32562847960049,0.009314759171188743,-0.008807348991153569,0.004827706869408545,9.787576642911697,0.013698207484417552
6.5087890625,-5.074434788933571,0.21884567048729114,8.387030930521238,0.0052220598351724,-0.007646519913564074,0.002696043642860897,9.805104266867858,0.009644056565308158
6.513671875,-5.146691429526518,0.15646917842721603,8.40566465105254,0.001981841469295556,-0.017444978313917094,0.004866231421827981,9.857388776979105,0.01821908812847787
6.5185546875,-5.185219329095201,0.16614476049172155,8.334929576403017,-0.0009884224422323695,-0.010837523057256174,0.0037906161457023327,9.817594135828752,0.011523786517674085
6.5234375,-5.180412918793703,0.1469078348887467,8.372617126496655,0.004069217075410293,-0.015285512243560114,0.0037878849609097025,9.84677497803527,0.01626510020356231
6.5283203125,-5.15633537416391,0.16128942720961376,8.372690633772205,0.002140926523134401,-0.007596653470367865,0.0016362655059232872,9.834416974027514,0.008060401673129379
6.533203125,-5.218833057048837,0.1469884483718184,8.414776919611784,0.010323420651473316,-0.009914523414881693,0.004826720886688027,9.902842757922174,0.015105231643688672
6.5380859375,-5.117774677078429,0.1996883853962243,8.372774705575548,0.0072696734427992295,-0.007669413365723635,0.0005541675919349235,9.815031806720398,0.010581831366036396
6.54296875,-5.132212047436852,0.1949065326220099,8.372722216250832,0.0030849726747035748,-0.013091910787787967,0.005921818233124936,9.822426704578403,0.014696364028739816
6.5478515625,-5.175544952677135,0.14210229159698762,8.433788629943889,0.001040520790150252,-0.011953293360550002,0.0016486804052284788,9.896223990645609,0.01211123663201607
6.552734375,-5.122762676712834,0.10833535320061344,8.4058744139181,0.006116391434493661,-0.01530864548681515,0.0016444375125062324,9.844448113187356,0.016567107338140565
6.5576171875,-5.151483181765147,0.16128801469816803,8.410336259068918,-7.135998172847575e-05,-0.016296308535351155,-0.002612357121966376,9.863951986212413,0.0165045198009224
6.5625,-5.199586487251578,0.15656827192233158,8.4054337591314,0.004116946401009352,-0.011995322602130277,0.0005729140355456102,9.88491426069684,0.012695087336843592
6.5673828125,-5.141835332335482,0.19011662084675332,8.377393796491024,0.007214108019777234,-0.010948423074172837,0.0005624791688745269,9.831344858963194,0.013123555354686175
6.572265625,-5.045653843721123,0.17071043274924283,8.42488631868351,0.0010101206440038632,-0.013032844756259857,-0.002624192409417928,9.821734787971408,0.013332733101575968
6.5771484375,-5.132247499664735,0.1708659392516536,8.39158693980802,0.009237423818623464,-0.012057352573589189,-0.0037150289467140314,9.838083702396917,0.015636853582598805
6.58203125,-5.146707761071791,0.15646632993167467,8.391555412881766,0.008235231053121553,-0.010956139058216425,-0.0015775960584678188,9.845368694860754,0.013796551122833785
6.5869140625,-5.0938393647613855,0.16116946821984493,8.35885426787187,0.001066084980731918,-0.009753587017480041,-0.002630584091040197,9.789975472032538,0.010158197160605379
6.591796875,-5.122727782312418,0.127568967295115,8.39642633034066,-0.0030204322254734706,-0.00859927403356816,-0.0026234264455628838,9.83659437477881,0.009484349795761274
6.5966796875,-5.175456043193693,0.20460726466080567,8.381918501061042,0.004188178883112405,-0.007619932738797892,-0.0005066453900864801,9.853109516604974,0.008709816694514788
6.6015625,-5.1322595030165195,0.16125008170291663,8.401014060987,-0.004963980303652052,-0.003125274132509677,0.0037800509616515575,9.845970061301927,0.0069783396399904826
6.6064453125,-5.170620182340203,0.20460300365381862,8.40545488818698,0.0010850446481695402,-0.008660168538806605,-0.002634110680565991,9.870605216321561,0.009116708840723659
6.611328125,-5.185217790039051,0.13249685505925232,8.405549135651505,-0.000946002670156113,-0.00753984131299388,-0.0015624610053603667,9.877109659135602,0.007757925784018786
6.6162109375,-5.127423507736777,0.20931466395596302,8.325680968925205,6.368446613152027e-05,-0.008652753345553817,-0.0004926666737205665,9.78014560487532,0.008667001593493226
6.62109375,-5.108255517553579,0.15158443416383094,8.387030736087933,-0.0050706596563054,-0.008572747033023097,-0.0015495790116958892,9.821381615708711,0.010079919451849698
6.6259765625,-5.1467633152109675,0.14684287639482743,8.363357898938682,0.002015776714964575,-0.014137074345512058,-0.0036906124107295916,9.821226542488944,0.014749265974324277
6.630859375,-5.074587908943168,0.16594326199301718,8.363630826761494,0.00105009426698568,-0.010850367864500459,-0.0015594008715961287,9.784135128775983,0.011012034863860322
6.6357421875,-5.190084640500683,0.14691635690272084,8.325544352244775,-0.0009275997959632687,-0.0064471427148907875,-0.001563490208746967,9.811893382659717,0.006698551500174353
6.640625,-5.165830661411444,0.1805562502794477,8.438449840089593,9.597934412944003e-05,-0.006458600988989795,-0.0026376110224672483,9.89574871778794,0.006977086116375531
6.6455078125,-5.1901200927285664,0.12287576353236458,8.344409075801964,-0.004099513775300866,-0.011866717505481336,-0.0015423353630823892,9.827594204816082,0.012649260686735537
6.650390625,-5.1132461718990685,0.0842653488489799,8.368344165141492,-0.0019939908142221044,-0.008614381041995342,-0.0026252009275565345,9.807220356946955,0.00922362401737704
6.6552734375,-5.190071098092749,0.12288430901898859,8.386736790314288,0.005212265771202602,-0.007630965524792345,-0.001577469335669207,9.863533471665818,0.009374847135564196
6.66015625,-5.175467065316793,0.15653652240374466,8.471381821468258,0.005220368517001091,-0.0076416998374912596,0.0016264901429203567,9.92845773482105,0.009396451140969509
6.6650390625,-5.16601588668412,0.13245512406994578,8.377414620008555,0.0032178001578549273,-0.004325198819846233,-0.000511804583795169,9.843085909251132,0.005415120185100621
6.669921875,-5.127281967677748,0.20933935091732125,8.447961033071914,0.0031829312158698614,-0.006515296944691613,0.0005601226784768516,9.884376002369466,0.007272818079493722
6.6748046875,-5.18022490438369,0.21904385747752225,8.386569146678957,0.0032492708184398015,-0.002132230805859314,-0.0026552979683392083,9.859880948749993,0.004706886057860998
6.6796875,-5.146639645753362,0.18051262029311363,8.400909165666127,-0.0008584834934128861,-0.003186059072707589,0.00376969262998411,9.853718042398945,0.005009845191999574
6.6845703125,-5.1466555538974195,0.13724790781339358,8.476252766703336,0.007288892337207191,-0.006575431302929897,0.0005497053214808717,9.917346487025059,0.009831908475134035
6.689453125,-5.242816248346764,0.19511277861328322,8.367536362843643,0.004220799713409422,-0.006544513528621892,0.0048349346261338895,9.876277436049357,0.009166373349696187
6.6943359375,-5.1850853297682145,0.19500942411118058,8.391303641890723,-0.001961771212471858,-0.007539464062512517,0.0027148840036113663,9.86595739717531,0.008250009684422554
6.69921875,-5.204366793965889,0.16619598646616585,8.410094885948547,0.009357603065672945,-0.005509254245842661,-0.000525251140346529,9.891549465210703,0.0108716376981788
6.7041015625,-5.132297609955488,0.16124343521332019,8.368092505255193,0.0071688105389903665,-0.01312368551371441,-0.0026378480503457696,9.817914767355761,0.015184900669531223
6.708984375,-5.1369728100673395,0.18531012805648045,8.433862220547999,0.004206712278842598,-0.006526753891657022,-0.0005106535893585993,9.876885209929204,0.007781755049315674
6.7138671875,-5.151368168694519,0.21418377670284555,8.400814807096857,-0.0009891750780139383,-0.009719435174279829,-0.0036949853792016146,9.85678234125009,0.010445037309387915
6.71875,-5.1803851417241145,0.15171956165717035,8.386715883468197,-0.0008876652842687661,-0.004264440676088681,-0.0005016913018141969,9.85882408566068,0.0043846434403599635
6.7236328125,-5.242710026089366,0.2191657154643186,8.409811671359808,0.006244046624230122,-0.007653524265804191,0.0005566161787945881,9.912566487859367,0.009893147805592972
6.728515625,-5.204221772515802,0.24313139234268588,8.37700563102904,-0.004070387507062987,-0.010788521439546414,0.002728412885787032,9.864951113602249,0.011849239899020349
6.7333984375,-5.146647186485405,0.2093525969512144,8.335003167007127,-0.005129249728797004,-0.01184868088264507,-0.0026090277420994226,9.798167357522894,0.013172223320235932
6.73828125,-5.045728941944127,0.18031109832175934,8.340209927260403,0.006258746860338936,-0.00655795720951113,-0.0005143131993613787,9.749409945146608,0.009079825609042214
6.7431640625,-5.050386560429517,0.26206344147220384,8.302386121576756,-0.001974401204526177,-0.006408226526094548,-0.009042877145119218,9.72135263062058,0.01125776418246073
6.748046875,-5.050163228217872,0.31017121417130217,8.396342897389601,-0.0010223962731737352,-0.010795593247732474,-0.009036870661745886,9.803006113651529,0.014115776955839522
6.7529296875,-5.060022964334866,0.23804371359650078,8.335318102955421,0.00538042942681928,0.003319798903020631,-0.008017404405502474,9.753872312401642,0.010210233051936196
6.7578125,-5.050420339174996,0.2524437859294117,8.293000925194704,-0.0019295112845879227,-0.003114596411989521,-0.013325632102064337,9.71310134883226,0.0138201373193792
6.7626953125,-5.0213543715095845,0.31491654646171086,8.349427563335686,-0.000887128392157518,-0.003151671612708775,-0.006917787267416733,9.74813381067902,0.007653483613084919
6.767578125,-5.011847773163985,0.25238975840472583,8.382527355006799,-0.004859998300791419,0.005675676023950256,-0.013341969514596316,9.769804683255119,0.015291861637516758
6.7724609375,-5.0650888513296115,0.13225645059413285,8.330824619773605,-0.006890711375530167,0.006796272811173643,-0.012268655446544397,9.75065411580235,0.0156266161996378
6.77734375,-5.185114780320206,0.1757767595151928,8.405454804858422,-0.009929244867177708,0.009025064887655195,-0.011198801938145559,9.877650693904814,0.017477267083516643
6.7822265625,-5.189942542614186,0.15174802313993382,8.438407776411736,-0.00783641160268892,0.011177517573383273,-0.010141291691149192,9.907838152653158,0.01700564738770686
6.787109375,-5.12272945579482,0.11314802946755083,8.424676250279902,-0.007937785627344839,0.005722776398996426,-0.013333625541277276,9.86054407605739,0.01653917109330436
6.7919921875,-5.103370527638019,0.1996575619035013,8.354025358538461,-0.006726159727417885,0.016637419333981954,-0.01336263406498723,9.791526621293192,0.022374202464629928
6.796875,-5.11294481790083,0.19487619561486874,8.401024653290976,-0.010865932143803552,0.014508695218304071,-0.012279066518126738,9.836533773017763,0.021893976177203716
6.8017578125,-5.06969272358448,0.16114246619382694,8.448317727160017,-0.009821003965791658,0.015586722986849882,-0.012285503164872915,9.854025757274163,0.022143433346682992
6.806640625,-5.117896807479884,0.13237073606546887,8.405842998096592,-0.013934333105763972,0.015658528101483098,-0.015479866138039788,9.842184018419326,0.026057271481468594
6.8115234375,-5.117852698865023,0.13718531132943382,8.434050993238909,-0.008603430845167593,0.027613640796665687,-0.017660929280201465,9.86632921675933,0.03388865006746563
6.81640625,-5.01204178924989,0.1754458070415818,8.373288895413985,-0.009508307697094853,0.03417182752152706,-0.013399499081848011,9.760292570126106,0.03791659645944073
6.8212890625,-4.79061215210204,0.25198201391474817,8.416414458772463,-0.013493436050241314,0.04189343750119404,-0.016617212785481908,9.687594751486998,0.04704534709050818
6.826171875,-4.7954601507335655,0.19430157411296478,8.501174672013235,-0.004202615356058082,0.04504023757216914,-0.017718880025877543,9.762385055049595,0.048582339237215146
6.8310546875,-4.896363044958254,0.2618008059462852,8.430040950702494,-0.005843065743371536,0.0679961488254789,-0.009219708071506528,9.752358748556578,0.06886668780551189
6.8359375,-4.838627240358748,0.2568914216668416,8.467927949119579,-0.01388477476714329,0.07906982900346916,-0.015639768430798468,9.756234443941384,0.08178891847641191
6.8408203125,-4.804776079958065,0.30493043787796553,8.533813179813421,-0.014630378935695855,0.09659555112488026,-0.02209510544693791,9.798205097794131,0.1001645754228146
6.845703125,-4.833650955101164,0.2472978890695033,8.63257768035172,-0.022400124938760188,0.12295880072767136,-0.02427912299032412,9.896804292750023,0.12731892273671871
6.8505859375,-4.814147408773032,0.26653629760187353,8.825445971253968,-0.015930719091722376,0.14033933432728948,-0.01899935073929639,10.056617396662672,0.1425127780190987
6.85546875,-4.780962474641261,0.155832007386652,8.642413873838773,-0.013224813333790927,0.17856252016525925,-0.01802707797343593,9.877914930043433,0.17995678602304105
6.8603515625,-4.646002958405668,0.21812462140048192,8.788660804236937,-0.02199510077297477,0.2049035942805608,-0.009524261249509863,9.94351449799848,0.2063007003368018
6.865234375,-4.689453531427666,0.13645856525154193,8.807462390613061,-0.010957797421545108,0.24955393230774459,-0.005387088325463931,9.979027463912175,0.24985247482307701
6.8701171875,-4.593386498056467,0.06896359442520865,8.855059724797863,-0.015102060194151876,0.3075590278094246,-0.004451672062714449,9.975772562945725,0.3079617593035541
6.875,-4.62233060417293,-0.02232920329640198,8.9633037525113,-0.0067611283278029835,0.374102253183083,0.003911367928427064,10.085001386582784,0.3741837883874662
6.8798828125,-4.771996873928357,-0.25288464239514064,8.920828440147963,0.01505057542957001,0.44922222283309193,0.0036741927678383994,10.120132650597721,0.4494892935325162
6.884765625,-4.114967350929705,-0.9706502149803906,8.882938078248051,0.0805586510983616,0.5598028600173036,-0.0053137901991484335,9.837769413899073,0.5655945320780789
6.8896484375,-3.8111411805174455,-0.8316643811889383,9.35896752288929,0.16986321659556522,0.6831933239322174,-0.027232547840943946,10.139365652508582,0.7045198662065201
6.89453125,-1.6128909199762835,0.9052800019238874,10.545217775362268,0.24820038089850618,0.89100263678286,-0.07501671232016684,10.706192924258445,0.9279637034709382
6.8994140625,-1.7813887593100284,2.7089896806510696,10.818013363388339,-0.049162428678474514,1.021977104256294,-0.0008541383680343151,11.293422162131316,1.023159262075068
6.904296875,-3.0170277903165728,-1.4290842335282417,11.18382229444093,-0.05279160878717654,1.2899283014526521,-0.00041084450697841877,11.67144462128384,1.291008189609993
6.9091796875,-3.253226066019211,-1.2220471530247623,10.260539523825607,0.1399251381306281,1.522312960047184,-0.052751622576004895,10.833076682126373,1.5296399989189926
6.9140625,-3.804513334891111,1.4912156233129854,10.303927140492627,0.08456878287191742,1.7078773794004831,-0.047736281188102574,11.0846272046992,1.7106360731160701
6.9189453125,-3.3579856432221558,1.1537781922183385,10.414783736657128,-0.0016445455097482203,1.891770177228607,-0.056521053814011554,11.003408198293043,1.8926150526469283
6.923828125,-3.250057040291109,0.004260483491852422,10.474208469973464,0.0010687402588683728,2.112616772517799,-0.06454711757624726,10.966856066773614,2.113602871903013
6.9287109375,-3.3941465481023467,-0.03389471177586564,10.699410425060224,0.0406846170838983,2.3340882498206064,-0.09725768451214198,11.224917063629862,2.3364679011735956
6.93359375,-3.716998187410092,-0.1535805135221516,10.364347476631202,0.10984441349855315,2.601010170669301,-0.12052323480911543,11.011782830935925,2.606116949262032
6.9384765625,-5.728114151621437,-0.8421984821514307,10.827390815342993,0.16631114378028722,2.782811816127192,-0.13072611406398876,12.278150588973801,2.790840432095841
6.943359375,-4.6119400054989885,-0.11354309875076943,9.819505324672946,0.173198733769648,3.0090537136377056,-0.14197619711462892,10.849219671058204,3.0173762267048185
6.9482421875,-4.823462699680222,-0.3679014344143869,10.392912946159125,0.1929552642663973,3.2011165802272106,-0.11899720664547404,11.463585101838452,3.2091337506254067
6.953125,-5.088218239041321,-0.71835723201081,10.872237711903631,0.23371613487261314,3.367882379797654,-0.14409827342151568,12.025454453991935,3.3790559729389456
6.9580078125,-5.601067940115393,0.01835176021347332,10.802545028270156,0.22059025944389324,3.5025777149593003,-0.15080763470617817,12.168289852920816,3.51275584898477
6.962890625,-5.829022818914434,-0.3084327050438539,9.791109142703919,0.2676064660941158,3.670231205581719,-0.14383344139430093,11.399055048612851,3.6827840531294456
6.9677734375,-7.113712672507106,-1.373291724222328,11.306926235355307,0.3897416937485743,3.7297128935962904,-0.15713500791261323,13.428976842580818,3.753311640034187
6.97265625,-8.779867393174495,-0.5285351677423952,11.678757865497461,0.5337866659364573,3.6837713240325134,-0.13281244538867693,14.620492677956786,3.7246125326194583
6.9775390625,-7.247418876111347,0.9833436134399558,11.418758717423538,0.6005464745526133,3.6281445849226053,-0.14675226932578594,13.560239513911407,3.6804382111038167
6.982421875,-8.921677550506923,2.390787328798668,11.939820607394573,0.5791561452233227,3.5202943377043434,-0.16781553418160905,15.095413558545774,3.5715621397556365
6.9873046875,-7.162596261156742,2.906479716510612,10.1168731589888,0.5066375736440206,3.496499950199365,-0.2573168485861162,12.731909992530273,3.5423728619864896
6.9921875,-9.6644249081702,3.8539278729283084,11.166778905145557,0.4140725219943791,3.442491772344774,-0.36810522014405905,15.262726492072055,3.48679037357131
6.9970703125,-8.680313465098909,5.934019197670344,9.605100183941124,0.09602865727147776,3.3602520582593125,-0.5305859554842645,14.24143164271919,3.403239170879775
7.001953125,-6.880524717951638,4.987890080181875,8.570942189846628,-0.18114375573084276,3.3188021179935507,-0.6430414617858883,12.069868179396705,3.3853748507682995
7.0068359375,-6.7829666858421085,3.3046951025233757,9.07828089800286,-0.3726630860038208,3.3045774441740985,-0.7696945552690201,11.804441149200137,3.413435156645704
7.01171875,-7.208903694735572,3.2722031164970264,10.901280944273806,-0.5625555246575928,3.20169526669233,-0.874795064001818,13.472695793402751,3.366390901705385
7.0166015625,-2.4489808625477907,3.1774982478278933,14.708207797745624,-0.6457422978958095,2.9680287017357694,-0.9286252165519959,15.24550356668286,3.1762434230447956
7.021484375,-1.5513980454745115,2.8158603748430244,18.197879888353878,-0.6138107785153586,2.6144738612815455,-0.9450170379330295,18.479684466382746,2.8469798814058698
7.0263671875,0.29572429779983134,1.73095800674707,20.95489674915687,-0.5370515882410566,2.119188864848383,-0.9547484228562365,21.0283467312401,2.385567103285106
7.03125,-1.506058048840668,-1.3050543061274993,20.15416803558315,-0.3927886749527132,1.7846475626356741,-0.9382170832414722,20.252453352493898,2.05414243938406
7.0361328125,-3.337997647649154,-0.5316465739905355,22.8487434463885,-0.17281412595350523,1.1886483709680211,-0.8871368636940609,23.09740144376048,1.493238590064876
7.041015625,1.0005275178794595,0.1478090490703733,22.428791389137917,0.14747734180155403,0.5690603260498509,-0.7785153646821865,22.45158315145033,0.9755333895234201
7.0458984375,3.2566804298342986,1.9415148982595436,19.514103511185592,0.3817138947781118,0.1420974341076256,-0.6764982723432881,19.879026217787814,0.7896499798835557
7.05078125,5.87429678982426,3.6770047329473408,17.424154564017883,0.4173605399684286,-0.19007341765528163,-0.5774330678458207,18.75177028581147,0.7373918037676671
7.0556640625,8.329990835592513,4.162437921242431,15.110490242154535,0.44095756510087225,-0.38873135583219376,-0.4604841308554166,17.749409909275847,0.746727042497119
7.060546875,8.834182520235398,4.420938828388823,13.95987377512099,0.4194915991605939,-0.5188616466761456,-0.3606995702995194,17.101624389001746,0.7584818983812678
7.0654296875,8.048941707986588,3.8549453351386287,13.887142967308623,0.4049184525849938,-0.6676791168642161,-0.25662250711242773,16.507537852446152,0.8219546626773726
7.0703125,7.09132596734695,3.3470871319835522,14.330869471746487,0.4281945477881414,-0.8224744575313567,-0.16653115234371293,16.33596388525925,0.9420973563002475
7.0751953125,6.239778670680786,2.8919549887983353,14.906628689762309,0.4822122871593971,-1.041142619727024,-0.07529648250875157,16.41663243210261,1.1498592108505012
7.080078125,5.657751600920938,2.6430555089417753,15.262067934649407,0.5269969846978502,-1.2574517956314426,0.004202176137731712,16.490197489506443,1.3634252815983932
7.0849609375,5.26816314431782,2.538018360357811,15.401690698593658,0.568211693544517,-1.5021307008090274,0.08164497522980307,16.474439489336454,1.608081799217323
7.08984375,5.12364357248107,2.4997881547075047,15.255349381850039,0.5903735909812531,-1.7180608097030932,0.14624568317160597,16.285771367625017,1.822542653166745
7.0947265625,4.949624487562336,2.322099459227149,14.836407474201271,0.5850702631716311,-1.9182599937292617,0.2055413716185823,15.811701844107581,2.016004928524917
7.099609375,4.799946752160133,2.2742035356198063,14.407881366265988,0.5668657926785662,-2.0897887961242496,0.24876830454040633,15.35573300137095,2.17955034552071
7.1044921875,4.500746094970186,2.058266640962682,13.9320406109871,0.5514164220167946,-2.2198025723441956,0.28975170474911194,14.78495629222092,2.3055453977444746
7.109375,3.975296829151638,1.7706076282107739,13.394230503414821,0.5301367530363744,-2.3300378014309264,0.32749849142850834,14.08344585076924,2.411923795418289
7.1142578125,3.5703973518535967,1.4972022602068717,13.115583073075266,0.516333337970133,-2.4228827252871086,0.36303947377630014,13.675082127900737,2.5037488843559847
7.119140625,2.9926416561935247,1.2626207093254558,12.977188528562229,0.5050058650513746,-2.490608963461295,0.39637276225750356,13.377501158431993,2.572017748630378
7.1240234375,2.1555368646367836,1.0910704694214584,12.98331972012613,0.49890429665409863,-2.5518259218635677,0.42219389239775246,13.206186614578327,2.634192232069014
7.12890625,1.2611701521459462,1.0206499066876698,13.162992861849926,0.481560005113658,-2.6084670974133863,0.4373414397758728,13.262603721207894,2.6883578950278397
7.1337890625,0.0784736697591594,0.8883133052876238,13.63313377088078,0.4505277301985873,-2.6856833272412426,0.45470776209786123,13.66226903043292,2.760910958146156
7.138671875,-0.9505411439521546,0.7652682085070004,13.915802227491623,0.4142312111414116,-2.7682401610601293,0.45714193108727563,13.969205973567652,2.8361452414762
7.1435546875,-2.258196000824762,0.5947223373692507,14.52187054389293,0.37332394744229574,-2.8791206236591598,0.4500341505184799,14.708428465689053,2.937896708862702
7.1484375,-3.3981540529819805,0.31800412934023664,14.823203942423282,0.33753827233591815,-2.9878311724261026,0.42474627838418255,15.211047061683441,3.0366884267592993
7.1533203125,-4.547666159064465,0.07015625844911438,15.119729394018687,0.30524738325093825,-3.13267750837135,0.40060701968793144,15.788996369093649,3.1729056589600204
7.158203125,-5.634917167906637,-0.27879706566379076,15.407341664287875,0.2935288389068479,-3.274533795579851,0.372133438984724,16.407809008307378,3.3086574398198407
7.1630859375,-6.722073265589474,-0.5604374879385093,15.638370245084728,0.3013826069584814,-3.4123033806453744,0.3425319542320839,17.031118080977272,3.442669600326321
7.16796875,-7.8623467719803335,-0.9285414741255348,15.855247357375827,0.3406592880026851,-3.5746086309458085,0.31825517736182984,17.721951212990458,3.6048802993792144
7.1728515625,-9.02627853236853,-1.0754167042235538,15.949257319482337,0.38686432516967784,-3.7512137010853643,0.2886539033398094,18.35780581318696,3.7821408373053553
7.177734375,-9.776398288845042,-1.064392672248546,15.95066496922887,0.4381924421118969,-3.927890959134435,0.25690078942397815,18.738586078556025,3.9605981895138873
7.1826171875,-10.218875552767285,-0.8809167182786799,15.501543045515849,0.47652244840013996,-4.084717899449287,0.23048251456376503,18.587610621579863,4.118873165251668
7.1875,-10.372995115175275,-0.7701125493783781,15.06324390905076,0.5191723413245921,-4.230715586744365,0.21578064602259042,18.305557026807872,4.267909978328515
7.1923828125,-10.392468404393908,-0.4817052337545601,14.263007580054424,0.5379894662774736,-4.330471773143423,0.20958164008951602,17.654144688917732,4.368791927716412
7.197265625,-10.277376634625863,-0.24643927163338988,13.505801983652129,0.5451696173517282,-4.390709838596513,0.2075885197745408,16.97326986841895,4.429292922349327
7.2021484375,-10.17658433109698,0.04655835626400801,12.739001483554592,0.5487895105389354,-4.42143216702832,0.22263111269597372,16.304821223382753,4.4609188455799735
7.20703125,-10.056714620350746,0.2048998434778916,12.113670799441872,0.5254732492513701,-4.405827067212833,0.23548877831572082,15.745491835388451,4.443297114370888
7.2119140625,-10.205817848227278,0.41667575061808254,11.646954071626027,0.5005733378678434,-4.362866690726662,0.2493498494460012,15.491412969090769,4.398562807901589
7.216796875,-10.220422035551946,0.5224230877375721,11.275117242888607,0.45857035187539297,-4.299987006769644,0.26747812789405173,15.22689138689447,4.332634253535439
7.2216796875,-10.41274315559813,0.7342905158574181,10.859945476793758,0.41468197631213316,-4.226120863730147,0.2781047634840418,15.063293741578137,4.255514182305811
7.2265625,-10.580807776270245,0.9076950472131977,10.708334957020451,0.37090338899369396,-4.146809848824848,0.2951242200189482,15.081307670386625,4.173811154271305
7.2314453125,-10.691158791137765,1.1194482602796574,10.486346278895214,0.3292884226625827,-4.060971591227067,0.31212305507939225,15.017240058867841,4.086238114888191
7.236328125,-10.9738308738618,1.5720076729147967,10.451201070131358,0.2663240100360609,-3.961672031608191,0.32165800689226953,15.235608815539347,3.9836211714652494
7.2412109375,-11.381347453778424,2.2171080130294794,10.17523381995421,0.1869384309310221,-3.8587795994884257,0.30985700748500095,15.426795555001307,3.8757112043436064
7.24609375,-11.634355632557737,3.1937051465303488,9.762825750301385,0.07281224777656989,-3.744407276849037,0.28742959418793523,15.520011281521356,3.7561287584375136
7.2509765625,-11.791845894280515,3.9681188386266024,9.200779154021006,-0.06482759458121459,-3.624220241693075,0.2650518229512741,15.474105265022306,3.6344776029254593
7.255859375,-11.988645140362806,4.401169493852093,8.615793404537573,-0.202510691775631,-3.507324789101783,0.2469598172103201,15.405512039683463,3.5218357298215754
7.2607421875,-12.435968326155416,4.685592475627841,7.926573336562888,-0.31608699949905295,-3.3657299340429008,0.2565364906083529,15.473805282370291,3.3902595698822813
7.265625,-13.052124232830499,4.763542342664511,7.204147748310627,-0.3733696380065166,-3.2359352176520444,0.27668838728267303,15.650847498429211,3.2691341488355885
7.2705078125,-14.151006997542414,4.130649640816276,6.335378898981706,-0.39900350976611254,-3.125374804359148,0.3523896474612262,16.045257595106808,3.1703864010821308
7.275390625,-15.433762827879258,0.7955842199609798,5.8855948335015285,-0.26542140856932894,-3.031832427842298,0.5677336806306154,16.53705583900648,3.0959292509302334
7.2802734375,-15.762951806267026,-1.9113094260469263,5.4009691503804955,0.10760375930723036,-2.996783584682408,0.8648908151833957,16.77182819886236,3.120949622250829
7.28515625,-15.270820879800873,-2.7251513667838956,4.346709598231419,0.5430814581867957,-2.916891160355174,1.2023849781545304,16.10957183311225,3.2013936257942603
7.2900390625,-16.501787679433964,-2.2373421830332707,3.3808493167862435,0.8006660348117974,-2.8573954450724854,1.5617591859075655,16.99249360052587,3.3533366343969844
7.294921875,-16.882686157664978,0.1434466145191939,1.7561225989460165,0.8180051402875899,-2.7875781270952205,1.8543915654730847,16.974381738724933,3.446518867247695
7.2998046875,-17.442981809259642,1.75520992029746,0.43799639688756814,0.5916794882052688,-2.7136001769432525,1.983055133336547,17.536539484920045,3.4126555933644593
7.3046875,-18.0861707487103,3.0112171559566314,-1.1383803958609793,0.11414679926018026,-2.6094103522312455,2.0364166938811397,18.37043578790422,3.3119548350227737
7.3095703125,-17.827710444981594,3.404684612942528,-2.991119664528548,-0.4743963500080817,-2.4988992860530628,1.998143395237163,18.3947257079643,3.2345210722249735
7.314453125,-16.514731418100823,2.372743180751472,-4.831435580410552,-1.0208851500193206,-2.3210213357699416,1.899751127829305,17.369773567363108,3.168343554338445
7.3193359375,-15.32434602244971,0.27348446942486276,-6.528857042721672,-1.463300205614173,-2.053782582998544,1.7570604191007464,16.65942223053018,3.0735210600139284
7.32421875,-14.292869246489213,-2.1091219711398104,-7.835997200650146,-1.6740809121569598,-1.7472914799639183,1.602988514816291,16.435855892376846,2.9026103071262797
7.3291015625,-13.70834081721511,-4.683121367855765,-8.528566796727935,-1.6362709047790522,-1.36784635862001,1.4203063809074103,16.810314848724378,2.562353673922237
7.333984375,-13.37680223247275,-6.732367339520516,-8.68724027228894,-1.3931039808052075,-0.9859586194863499,1.2328055957445097,17.312762676979354,2.105388975361494
7.3388671875,-13.475376662349134,-7.818961376251322,-8.525386625486853,-1.0044913678751592,-0.5580003628113158,1.0095428636525576,17.759621344767567,1.5295568333949134
7.34375,-13.767548609244237,-7.621128211777499,-7.934508752136431,-0.5824357499111298,-0.15122249172818075,0.7584448017086969,17.62337706190228,0.9681622601702486
7.3486328125,-14.19717363996216,-6.581481052560669,-7.350776883106589,-0.2638740976985675,0.2045524262231,0.5226944525656874,17.289000925260712,0.6202263500150034
7.353515625,-14.360492655991688,-4.777715816434106,-6.758150906368327,-0.08291601096151854,0.5613250551148934,0.2691189005520789,16.574767612809623,0.6280014848771207
7.3583984375,-14.514005104184822,-3.031618166670415,-5.8831724114745105,-0.04852026056065695,0.866572950221194,0.05237437954819177,15.95176386785875,0.8695090392704357
7.36328125,-14.84183029601417,-1.7420595863153163,-5.106718516136495,-0.15725988527689166,1.1455008872098729,-0.159658993559695,15.792190226216515,1.1672163245690157
7.3681640625,-14.921255529635022,-1.2031307210439182,-4.209961079880173,-0.3246167896173047,1.4098040889656716,-0.31486530567353893,15.550407146010333,1.4805619845459574
7.373046875,-15.04942613375894,-0.9478327403814734,-3.2986859164449167,-0.4813714478282746,1.6245595338531316,-0.4122653576561194,15.43583307225618,1.7438104469639817
7.3779296875,-15.019512310246789,-0.9909635031528009,-2.2920066550887315,-0.6147406866412646,1.822495191876985,-0.48724242475996693,15.225670862369471,1.9841370962493678
7.3828125,-3.5714098753763133,6.576863532724893,1.8094903400635474,-1.1224150307163063,2.053275070165334,-0.5807659501353505,7.699633609257346,2.4110253220936855
7.3876953125,5.55120437619258,3.952857275428362,-0.557648235496695,-1.2369048370215534,3.1792647131923806,-1.025674849518485,6.837537730844281,3.5622558287316077
7.392578125,6.764392492078711,8.145825089080324,8.651750247601875,-1.8158239804748224,3.074560663087509,-1.4815772715176956,13.673487284363869,3.8659036732115233
7.3974609375,7.640983092175986,-1.4045779289361247,17.076148882586313,-1.9404115985979558,3.2552222712432086,-1.6378682117120114,18.76039238485239,4.128472052237725
7.40234375,-2.4187400337354936,-2.0538965702177805,18.369368870746793,-1.542867743272246,3.351422138139824,-1.4125162338328026,18.64141913003161,3.950654797889194
7.4072265625,0.2033550384648867,-3.3493520863841395,9.767639004895909,-1.0938482260794085,3.282583631700518,-0.8073605563249038,10.327937083474065,3.552983296993456
7.412109375,-0.40713395956331627,-0.23811900142091463,3.5407209628916907,-0.7121341008521446,3.5517069125906398,-0.2670433724719041,3.571997152424405,3.6322264705441754
7.4169921875,-4.671274887179847,0.1690388182868916,3.6717312789299714,-0.3141314822172451,3.888835690398708,0.15326987286441562,5.943988036525448,3.9045119117460345
7.421875,-11.582112043927498,-0.9036664548183886,9.325236062242483,-0.05566342100602427,3.9430527808098694,0.47194402301201094,14.89704534718889,3.9715859312807646
7.4267578125,-16.515556453149802,-2.1096784589775726,16.15401448849901,0.10167531804087716,3.630866507396751,0.6228849285816604,23.19841658932971,3.685310719476497
7.431640625,-17.957803487638905,-3.164429692926638,18.623843059210884,0.10218015048951844,3.1259709567310248,0.5599639942910484,26.064225514606207,3.177372323222811
7.4365234375,-16.217439482365165,-4.58663220327527,17.082538247596645,0.09204687121607392,2.679551380750328,0.37623324315995943,23.996992547252677,2.707400908960533
7.44140625,-13.41256359891025,-4.9770316526762475,14.974546200523896,0.07207344225885999,2.448844777657935,0.1342870276056936,20.710015458182987,2.4535827542442408
7.4462890625,-11.271320152549425,-5.6161527504799755,13.343916629515913,0.11064917089651316,2.333012982317439,-0.060004442576508756,18.34785929511838,2.336406075109957
7.451171875,-11.264983503258176,-5.255379100196166,13.921630294749939,0.2217466997619808,2.232020791186182,-0.10387157939189692,18.663618429424577,2.245412593744875
7.4560546875,-12.217674590329619,-3.7627154568768004,14.502089002015271,0.35088968384984914,2.0298414780429055,-0.04814740801726288,19.332361092918212,2.060509201414649
7.4609375,-12.184651011658152,-1.7767996300221611,14.018172109974277,0.4400997777408373,1.7724445429559001,0.01851577214175407,18.65829270072719,1.8263598511902548
7.4658203125,-11.1095727386609,-0.07188556769175185,12.885689960141704,0.46742639138246883,1.561941315048813,0.06599439817336865,17.01378205218747,1.6317179179035566
7.470703125,-9.131694668376799,1.2561844720279784,11.471083653877477,0.44931876000353466,1.4025286035894275,0.07499290040566861,14.715692547022057,1.4746517443413134
7.4755859375,-7.466807903211057,2.166566402323521,10.545145107181023,0.4169380209304863,1.3089302367958109,0.08492846339923062,13.101424181005516,1.3763533419842169
7.48046875,-6.024306869691084,2.3609300632979875,10.066595253210698,0.36448700657857036,1.2407507929352377,0.10446690484685245,11.966729044143834,1.2973922469100505
7.4853515625,-5.049074729850479,2.387781798795914,9.214832922442127,0.3219031239106912,1.2084898983661985,0.12924749373896843,10.775333096234151,1.2572884992214042
7.490234375,-3.8582515572355844,2.1064485483671906,8.308248993600483,0.27906970352927163,1.2243936419411026,0.1378814221469963,9.399480406144399,1.2633411955710898
7.4951171875,-3.106300420222229,1.1142922994000157,7.754037130621366,0.24077684778451558,1.2687361722569717,0.12505902543473438,8.427089737995543,1.2974223387413235
7.5,-2.9453120596059574,0.07045562720560364,7.7382128992316215,0.2439734523270219,1.3387320100173161,0.10564758899684075,8.28008248737293,1.364876497396821
7.5048828125,-3.7249840539213737,-0.41850417533556944,8.163861797773544,0.23338938921104688,1.3860428796988558,0.06601484029001654,8.983278432726445,1.4071046267064573
7.509765625,-5.1097441078459225,-0.7139139576110324,8.882740687926677,0.23462337708432665,1.4036618945324753,0.02642117351641836,10.27240186691925,1.4233808069687242
7.5146484375,-6.51725081304105,-0.4851024201579231,9.642699891002659,0.2412180878598956,1.3719449712898195,0.0029617957683875998,11.64867132792706,1.3929924416135149
7.51953125,-7.793844565199946,0.3685488508933379,10.049132318624736,0.22472220328990133,1.3088143606709,-0.007533671823418381,12.722613792740063,1.3279878973699224
7.5244140625,-8.512924548832768,1.1730359693148438,10.30760587801017,0.2026771292756849,1.2205978107387034,-0.012609789658889653,13.419859786742029,1.2373746567255974
7.529296875,-8.310202984011857,1.470816610738819,10.350165345505404,0.17127800001589258,1.1226053974352574,0.0037378997336557926,13.354725673603552,1.1356024848223234
7.5341796875,-7.497008960363585,1.8923928559568033,9.943622432536298,0.14534069803439775,1.0430883115847533,0.027512376325744013,12.596107381008123,1.0535245963530926
7.5390625,-6.901532471276264,1.794999488708786,9.457314581590586,0.0645881395448598,1.0060650265390114,0.011786651783037443,11.844575666173583,1.0082050339861741
7.5439453125,-6.77913481612493,0.6887242144559207,9.464974081344948,0.020835137772394794,0.9718022962593822,-0.009385815555287865,11.662621671790042,0.9720709333760786
7.548828125,-6.973170916664948,-0.13318710479753532,9.696377649550195,0.04242036532580135,0.9102087822765681,0.006741965512685707,11.94414463076376,0.9112216902745136
7.5537109375,-26.028089363833633,0.7225281019523506,21.886386021595783,0.17544435699425964,0.8777981619569222,-0.0011506507481774274,34.0146641299914,0.8951601306655834
7.55859375,-17.967383190401137,-0.010242825190433453,16.317098600154974,-0.13978927943186653,-0.15644351930704523,0.05250179854392425,24.270860519424453,0.21626848181739544
7.5634765625,4.4043989093028815,-1.242495503586418,3.9542573253477724,0.09252834674089715,0.10662490210706796,0.08345897186347911,6.048030739320643,0.16399928257298724
7.568359375,-4.94814038387259,-1.0991004686604837,8.04244163894708,0.12391902613373645,0.3795696897387002,0.08053918940950995,9.506470565598478,0.40732743025360774
7.5732421875,-6.538578293355314,0.024945780855181097,10.939533844722087,0.10530851926323564,0.1884878919857833,0.09168341736328686,12.744686309601338,0.23457071145833666
7.578125,-3.9233789618207817,1.3850772506743025,7.5335402018221895,0.08310283869101477,0.2150783493576149,0.07462575985713824,8.606135569514608,0.24235053578475194
7.5830078125,-7.045353617399691,2.3337169379886444,8.726533676547207,0.04023628303163746,0.23331858066787223,0.045823591708792334,11.455812164520442,0.24115621516802452
7.587890625,-6.194085722201951,0.17781571669158006,9.130024173672096,0.019221614144158933,0.1428591079332854,0.055716356794419414,11.034294620632778,0.1545396634661926
7.5927734375,-4.8423826224155935,-1.3781034536502885,8.589068541614711,0.04808740581466137,0.15008472490338473,0.05563725374202362,9.955899607940552,0.16713266362761925
7.59765625,-5.681427537051409,-0.5204716232723615,8.955072879418303,0.07161959028842232,0.1442495390080214,0.06199595761940596,10.618043126918021,0.17257112730191962
7.6025390625,-5.6648930011545255,0.5277694003228289,8.618932311801485,0.06828877524545275,0.12896683258859454,0.06738667918819924,10.327417269088256,0.1607381885690884
7.607421875,-5.318533189991659,0.6809650141494541,8.42257887160998,0.06500209787718654,0.11698515549941665,0.06742574448695217,9.984505170113803,0.14985669940072013
7.6123046875,-5.434749719377437,0.22919318591503804,8.653511230268796,0.057663652063970956,0.10836177885372131,0.06425790595868719,10.221168751230516,0.1385512553674379
7.6171875,-5.257136219775977,0.12305505444291963,8.607487659211325,0.054460927739680726,0.1029810742885969,0.05252410532391275,10.086697555849469,0.12778840304181643
7.6220703125,-5.232546146836795,0.4259389591842825,8.456433754044735,0.04100759174603647,0.09661407715534508,0.05364421653900198,9.953503655109326,0.11787113494605837
7.626953125,-5.266017931452647,0.5510138638058378,8.361952723837016,0.03987097607783363,0.09230290198613995,0.03976615753561132,9.897313498529403,0.10812431610701266
7.6318359375,-5.213327777510342,0.4739689199505507,8.343538997384826,0.02949842089171159,0.08589284373648488,0.04087763933733991,9.84977543163911,0.0995927649884188
7.63671875,-5.232627246735691,0.4307316959824305,8.37647092321112,0.023199073323605778,0.0794656396877569,0.029153472694815347,9.885908295377112,0.08776622279798639
7.6416015625,-5.136288175491996,0.5026837505860318,8.372030429325372,0.019050073837403942,0.07734652261320117,0.02703094189678059,9.834888951297422,0.08411933008168879
7.646484375,-4.943867278387978,0.5407915882913101,8.35867694854671,0.012847397399984903,0.07637570245763568,0.01742970772559651,9.726343585255876,0.07938575600981673
7.6513671875,-5.064267562716195,0.4544607898623833,8.377153173327681,0.004624399196832373,0.07539813293626707,0.01959138890472907,9.799491611593727,0.07803900330874945
7.65625,-5.04483130502652,0.5505975738292361,8.353512113090359,-0.001471418472530218,0.08099348642761305,0.007837322459129187,9.77418258515921,0.08138509408576985
7.6611328125,-4.967594897784932,0.6802912522071347,8.34415880472498,-0.004477688449655233,0.08652843291163186,0.0003494380300407117,9.734720407633588,0.08664491619784619
7.666015625,-4.92924106693957,0.7186541294502216,8.16552585969852,-0.025947481151686345,0.09232241309784274,-0.0028126047224925153,9.565024506982962,0.09594066126336023
7.6708984375,-4.914928058292473,0.6368904157902618,8.236313201463268,-0.03415854683124425,0.09356285731643497,-0.010276753372306411,9.612439980177468,0.10013204407537622
7.67578125,-5.016154216335349,0.5457061596036047,8.212556153629745,-0.057679405227002066,0.09938929335635463,-0.013435390261132147,9.638759096025275,0.11569639204696557
7.6806640625,-5.117406477965409,0.46413111447608824,8.146450428885435,-0.06908067145206451,0.09411695514030206,-0.020871633726493158,9.631610526928238,0.11859918004591177
7.685546875,-5.184521152111923,0.45948633513754056,8.3342902232499,-0.07845551392906966,0.08661408862855624,-0.024039013387057866,9.826025686625949,0.11931111507086414
7.6904296875,-5.27620106581408,0.27213403195102565,8.447174082067782,-0.087869487864312,0.07692954124663985,-0.028266755329964553,9.963287840417,0.12015910565096186
7.6953125,-5.276403872713215,0.1663472554342395,8.489732382963195,-0.08497026724641883,0.06594683865512026,-0.026110070677758796,9.997182861771982,0.11068273413378377
7.7001953125,-5.367882518572387,0.11842963419697995,8.489438381637177,-0.09133492524046613,0.05401855448474693,-0.02713231486938407,10.044837099080578,0.10952732676129054
7.705078125,-5.39660958312806,0.1617673876443113,8.50803042735723,-0.08027553130030478,0.03962715595592352,-0.022850860939013944,10.07651454786085,0.09239390813444061
7.7099609375,-5.3872784380132215,0.041527413823142456,8.508334437687314,-0.07740539330622985,0.026447374260930367,-0.017481643656522612,10.070563459822738,0.08364607810963699
7.71484375,-5.3536811760311105,0.012612034187470846,8.513247335495505,-0.07357060593340667,0.009979774503054527,-0.014245001648151994,10.05671126130792,0.0755986112868238
7.7197265625,-5.3538712873247425,-0.03068306224469013,8.43809239604446,-0.06856384016390382,0.003363365672027798,-0.019583125969227223,9.993311888244675,0.07138495100083593
7.724609375,-5.363322465957416,-0.006601663910891235,8.532059597504166,-0.06458512156869933,-0.005470466447083527,-0.011024106831587714,10.077763265287237,0.06574720421908901
7.7294921875,-5.310321051548707,0.06542102270506205,8.475696318753737,-0.05122986609205946,-0.0045685497907081525,-0.01319736824890357,10.00206067110517,0.053099353627870945
7.734375,-5.1612792651834525,0.07475097027796784,8.433998337257075,-0.047234192427912804,-0.011192331193184938,-0.012122677208002527,9.888211128087084,0.050032954285595205
7.7392578125,-5.27657443992302,0.10382803989271477,8.471056320992172,-0.0472280989495633,-0.01119893711759545,-0.009985524576567994,9.980571791001672,0.049554214997544276
7.744140625,-5.175804429370382,0.01707810299164483,8.466982696855712,-0.03693018040303301,-0.009161144357248872,-0.011085588145276529,9.92366057166134,0.03963149069946287
7.7490234375,-5.156603641670387,0.007422413450628877,8.457681461172253,-0.032805723292173156,-0.009247188565976514,-0.0036148654146011096,9.905705018228968,0.03427525680520918
7.75390625,-5.190285216089948,0.06035749748935364,8.3304360932212,-0.021507716498875316,-0.00942568277034823,-0.0004344865776309305,9.815236581718628,0.02348646723688717
7.7587890625,-5.194824608966156,0.17577863503957047,8.325460474874738,-0.012177892968736073,-0.0040976702108543595,-0.0004719605368542717,9.814804784872608,0.012857477398901484
7.763671875,-5.117746476607625,0.16123824818046922,8.476326301755075,-0.020330507579484982,-0.0007002873372489658,0.0006054957646567121,9.90279931864374,0.020351574040236416
7.7685546875,-5.127472771225098,0.11316843194927213,8.481092212788349,-0.006934360373515105,0.002385415595458559,-0.0005047770946941254,9.911241558728342,0.007350534760693354
7.7734375,-5.141940015536729,0.13241577856324868,8.405738047223346,-0.006806640057446149,0.008921899865015225,0.005892669094838187,9.85461887544762,0.012674943594913956
7.7783203125,-5.180203686817461,0.21424067619572262,8.414798104219736,-0.006889246445073148,0.004560204122049813,0.0026970642583136863,9.883786543579038,0.008690876470712622
7.783203125,-5.161083999016361,0.2093777234528547,8.325534037702662,-0.007825675606763602,0.01004391511445055,0.0016191411960302382,9.79771116582473,0.012835226828586448
7.7880859375,-5.122497756171162,0.23336049130447,8.377383426396538,-0.0005905138405939845,0.012105597946041892,0.006937569242738202,9.822168470034702,0.013965102048496955
7.79296875,-5.040946961747411,0.18510432160548923,8.307298880504016,-0.0037049827042322596,0.011079258689236048,0.0005371450422875614,9.718879800216214,0.011694673776473064
7.7978515625,-5.132334043412055,0.1756577265512879,8.306921029584146,0.00044644075488800344,0.013194379291955447,0.003728088491248797,9.766096731131165,0.013718221387854529
7.802734375,-5.0650642867985765,0.15629514496746155,8.3025537374359,-0.0004633014145882313,0.0197605183589095,0.005851453139642673,9.726854731348341,0.020613884589251803
7.8076171875,-5.108218949670761,0.18523898608589667,8.34933273257125,0.0004993728683253293,0.01647717551114094,0.00265003917960409,9.78976871018551,0.016696388643655816
7.8125,-5.1370653554905505,0.1852939865817462,8.353909870913613,0.0004678287863106477,0.014284005039712135,0.0047929973764251595,9.808750402543257,0.015073967214978312
7.8173828125,-5.156347800916908,0.19493543364505547,8.2926649157432,0.00363486669582357,0.018592521084380264,0.010119232094390307,9.766996153992752,0.021477731592271815
7.822265625,-5.064840396759465,0.20920989694241465,8.387093873268999,0.004822639961818473,0.028421970161664086,0.007951886988634829,9.799985748186147,0.02990482821806325
7.8271484375,-5.1131551655320076,0.1179293957561834,8.37767695552739,0.006942690194752288,0.031657130084330874,0.012214372218416984,9.815484412924548,0.034634747306810154
7.83203125,-5.141800437935066,0.2093502349412549,8.36794571291358,0.015214650569852621,0.03480723311657571,0.014322756955247222,9.823668088788828,0.04059766540077698
7.8369140625,-5.175336009675856,0.3007658401481757,8.287647289271254,0.009042943993012444,0.03379743946245328,0.016479851310786057,9.775462162732401,0.038673340294116974
7.841796875,-5.170770936613677,0.21899735552299696,8.245518745320517,0.014111109706353804,0.030453358984467698,0.013270397243128038,9.73516365040089,0.03609202035868915
7.8466796875,-5.170608602389635,0.2574807251867343,8.306574927800018,0.008027176639886708,0.034916792536499354,0.01327339819983599,9.787782009939956,0.03820734308501821
7.8515625,-5.156163556872917,0.28149144456288133,8.273663936596002,0.007925824843464107,0.02946190503639335,0.010081454753678819,9.75288547017321,0.032131888798718415
7.8564453125,-5.228440299377159,0.2335320923363153,8.245235419627033,0.008878907687463099,0.023956701435984527,0.01757483060295575,9.766014147408054,0.031010211481671393
7.861328125,-5.247706547684496,0.1951075446351325,8.296969181815125,0.0036567363830434657,0.019682491223456822,0.011185683876645104,9.819174536007303,0.022932328829073746
7.8662109375,-5.233400521941973,0.14699078690912804,8.292433884941127,0.009860418310842375,0.021766874182037294,0.014371105083976207,9.806862242869453,0.02788464312585198
7.87109375,-5.166077442499188,0.11802374175873007,8.353930666654957,0.010958244880893872,0.026127613870334188,0.013287267750037697,9.822954918393743,0.03129355878911998
7.8759765625,-5.189880852372865,0.214248248711183,8.3630222505776,0.013127716496299506,0.03264807754435953,0.015402484041078707,9.844841630902874,0.03841185262891405
7.880859375,-5.165845185048062,0.24304318287150398,8.297221202791846,0.01832583955954605,0.035836392848251186,0.019657294491967976,9.776957919142493,0.044793891041975425
7.8857421875,-5.113020473951302,0.19966988191153057,8.325764901847615,0.01840282406279875,0.04020514635608929,0.020714349087225963,9.772471930357508,0.04882829082722785
7.890625,-5.170827183006575,0.15649807945026156,8.325607350544908,0.01644898648386105,0.04569421822130325,0.02284387278321967,9.80192242169049,0.05366910898215332
7.8955078125,-5.108084815917522,0.26217249296538914,8.306837318871226,0.01858066887415374,0.050027919555140375,0.02496456770723618,9.7552453144381,0.058917430626561795
7.900390625,-5.1177919898523845,0.23814042160900697,8.278629268176536,0.013574044963889646,0.05664434955398361,0.03030542076209558,9.735718169283174,0.0656601519998487
7.9052734375,-5.016647623962125,0.28124159205792393,8.330709604343923,0.017864234787881378,0.06863199808609573,0.022782036784723618,9.728647014257234,0.07448827589565286
7.91015625,-5.002286601907893,0.23794130859291196,8.36378846139276,0.014944857843753616,0.07740801450794538,0.027042159624906102,9.748458582816506,0.0833464329363362
7.9150390625,-4.959018041620016,0.2522792709274449,8.326321294244842,0.005786429852127969,0.0830276041457605,0.021708697945677737,9.694489726780239,0.0860135651343169
7.919921875,-4.958865479437886,0.30037470014586415,8.359138037984334,0.005009713182193185,0.09724175637850452,0.024880835276143133,9.723978637457254,0.10049931529011942
7.9248046875,-5.021334692999506,0.34376127061238054,8.307036961627976,0.0061263931987946664,0.10269540081017743,0.023797160749976027,9.71281817971215,0.10559442646725928
7.9296875,-5.012091341713175,0.17063028227910307,8.34037782088141,0.0064911568432590465,0.1234503758318967,0.028020230354130295,9.732012972964911,0.12675671074660647
7.9345703125,-5.03628849645959,0.016828250486687346,8.52402836460363,0.007922598752772328,0.14637336476101992,0.033300742726279337,9.9006840455674,0.1503225497009077
7.939453125,-4.920855283174511,0.0983335426824159,8.37855848731028,0.021853923425448948,0.18004143174832893,0.038527865058475115,9.717238729641362,0.18541010625377904
7.9443359375,-4.829401759673842,0.117405490270492,8.416540010953751,0.02739188133010247,0.20289790814584832,0.04486820131890104,9.704383090205777,0.20959730862383932
7.94921875,-4.930072665299907,0.2137864766965194,8.48643578415536,0.03318006075200857,0.2410724788968168,0.046895500345963625,9.81686882164309,0.2478226068494588
7.9541015625,-4.9399843196163085,0.069546690995787,8.529035954295326,0.037695669992210606,0.26394201418647995,0.05430861969131992,9.856608754026196,0.2720951608569216
7.958984375,-4.983369432030963,0.03596087208904579,8.505405014166815,0.05275341820590276,0.30305500998304774,0.06165588931734472,9.857848575395952,0.3137303155510234
7.9638671875,-5.09410595878546,0.021723392288424227,8.415595175332678,0.052203158068607924,0.33038285225538216,0.06586767430339863,9.837308045404937,0.3409054844012873
7.96875,-4.882448398352348,0.03095426983886435,8.463528574521355,0.07744100695672457,0.36386290127308146,0.07747414309253735,9.77090458765892,0.37999416223049876
7.9736328125,-4.882233588101428,0.14635690390438744,8.411543152446963,0.0813636326660292,0.4141120976970281,0.07306623753720122,9.726853723459792,0.42830776930554065
7.978515625,-4.963244211572454,0.4398582695322542,8.443468522056618,0.09020588615560399,0.4511538769117266,0.07295066919505205,9.804051666731686,0.4658312169505228
7.9833984375,-4.6941654539710465,0.26627025667688203,8.623738311839103,0.1112926202805655,0.48475713725880776,0.06639731627542693,9.822166340982397,0.5017809612379168
7.98828125,-4.526288713282693,0.06879854599236028,8.662527332242373,0.1357300159863372,0.533603518289267,0.06407662505331457,9.774016704393702,0.5543114339868506
7.9931640625,-4.699672964819412,-0.07993813200526914,8.73264279398505,0.17499007155311908,0.6084654004153077,0.06379270484174128,9.917276150664657,0.6363341715134839
