time_s,acc_x_mps2,acc_y_mps2,acc_z_mps2,gyr_x_radps,gyr_y_radps,gyr_z_radps,acc_norm_mps2,gyr_norm_radps
0.0,-3.6918114589999997,-0.6512596264999999,9.011821017499999,0.07556001570781491,0.037247944231436986,0.04576166032266532,9.760457417629942,0.0958689463732677
0.0050000000000001155,-3.6726884914999998,-0.555448656,8.987794724999999,0.06385356881591334,0.03192678440795667,0.03831207147637793,9.725102466492913,0.08102106290324644
0.010000000000000009,-3.5864880379999997,-0.40226878299999996,8.896887079499999,0.05746810721456689,0.0276699263623425,0.03618364245357084,9.601006005928099,0.07333119495092294
0.015000000000000124,-3.466846908,-0.38304774899999994,8.8537378195,0.04576166032266532,0.02554132280661022,0.03192678440795667,9.516008955332467,0.06136618196393363
0.020000000000000018,-3.4428206154999996,-0.34950900599999996,8.925620563999999,0.04150480227705115,0.028734053607283445,0.029798355385149588,9.572976171927232,0.05861942026686227
0.025000000000000133,-3.5338263275,-0.44531997649999994,9.007015759,0.04789008934547241,0.03937637325424407,0.028734053607283445,9.685688993420985,0.068334510058104
0.030000000000000027,-3.596098555,-0.5698644315,8.9925999835,0.050018518368279495,0.04789008934547241,0.02554132280661022,9.701727926034934,0.0738083464656045
0.03400000000000003,-3.5625598119999995,-0.555448656,9.030943985,0.04789008934547241,0.05108282014614563,0.020220337516055103,9.724109464816681,0.07288194029294211
0.040000000000000036,-3.5577545534999997,-0.6177208835,8.997405242,0.04044050049918502,0.05214694739108658,0.019156035738188967,9.694972802521473,0.06871456838281172
0.04500000000000015,-3.5769755874999998,-0.5602539145,9.021333468,0.03937637325424407,0.05640397996962595,0.01809190849324802,9.72075595533292,0.07112822843287728
0.050000000000000044,-3.5769755874999998,-0.588987399,9.021333468,0.050018518368279495,0.06385356881591334,0.020220337516055103,9.722454322371933,0.08359421319415405
0.05500000000000016,-3.643955007,-0.6799931109999999,9.050066952499998,0.05640397996962595,0.06811042686152752,0.02234876653886219,9.779801151801626,0.09121352185658671
0.06000000000000005,-3.6918114589999997,-0.7039213369999999,9.073995178499999,0.053211249168952715,0.06811042686152752,0.02234876653886219,9.821525624714768,0.08927449048405947
0.06500000000000017,-3.6871042669999996,-0.6416491095,9.054872211,0.05108282014614563,0.06172513979310626,0.024477195561669274,9.79781415485065,0.08377696878692958
0.07000000000000006,-3.643955007,-0.6320385924999999,9.06918992,0.04895439112333855,0.0627892670380472,0.024477195561669274,9.794288472394477,0.08329560353341713
0.07500000000000018,-3.643955007,-0.6320385924999999,9.06918992,0.04895439112333855,0.0627892670380472,0.024477195561669274,9.794288472394477,0.08329560353341713
0.08000000000000007,-3.5864880379999997,-0.565059173,9.030943985,0.03937637325424407,0.060660838015240116,0.02554132280661022,9.73345455508558,0.0766980782684952
0.08500000000000019,-3.596098555,-0.541130947,9.016528209499999,0.032990911652897616,0.06172513979310626,0.026605624584476358,9.722269718115388,0.07487491164400728
0.09000000000000008,-3.5769755874999998,-0.5123974625,8.930327755999999,0.029798355385149588,0.07023885588433461,0.0276699263623425,9.63369396144238,0.08116072747639376
0.0950000000000002,-3.5864880379999997,-0.6225261419999999,8.9208153055,0.026605624584476358,0.07449571392994878,0.026605624584476358,9.634904304612139,0.08345855206623794
0.10000000000000009,-3.6391497484999995,-0.6559668185,8.9782822745,0.019156035738188967,0.08194530277623617,0.023412893783803134,9.709956537471294,0.08735072951969801
0.1050000000000002,-3.6391497484999995,-0.6559668185,8.9782822745,0.019156035738188967,0.08194530277623617,0.023412893783803134,9.709956537471294,0.08735072951969801
0.1100000000000001,-3.5816827795,-0.5937926575,8.94954879,0.011706446891901567,0.08620216082185034,0.01809190849324802,9.657922385153974,0.08885477242172826
0.11500000000000021,-3.605709072,-0.5506433974999999,8.954354048499999,0.012770748669767708,0.09152332064533064,0.013834875914708653,9.668753926385849,0.09343989530767767
0.11900000000000022,-3.663176041,-0.5027869455,8.882471304,0.010642319646960623,0.09365174966813773,0.00851371609122834,9.621327865024925,0.09463821926184823
0.125,-3.5673650704999997,-0.5075922039999999,8.848932561,-0.001064301777866142,0.09258762242319679,0.0031927308006732273,9.554441420664583,0.09264876736481922
0.13000000000000012,-3.6344425565,-0.588987399,8.8537378195,-0.001064301777866142,0.09471605144600387,0.0,9.588782624980276,0.09472203091042981
0.135,-3.6344425565,-0.588987399,8.8537378195,-0.001064301777866142,0.09471605144600387,0.0,9.588782624980276,0.09472203091042981
0.14000000000000012,-3.596098555,-0.5315204299999999,8.8729588535,-0.012770748669767708,0.09258762242319679,-0.00425685804561417,9.588734932236083,0.09356110670565701
0.14500000000000002,-3.596098555,-0.44051471799999997,8.8058813675,-0.01702760671538188,0.0904591934003897,-0.007449588846287397,9.52205464658397,0.09234880310584191
0.15000000000000013,-3.6152215224999997,-0.46444294399999997,8.8201990765,-0.02554132280661022,0.08833076437758261,-0.00851371609122834,9.543659971628811,0.09234265789937782
0.15500000000000003,-3.6344425565,-0.5075922039999999,8.868153594999999,-0.03086248263009053,0.0851380335769094,-0.013834875914708653,9.597446052287621,0.09160994152935027
0.15900000000000003,-3.6487602655,-0.5363256885,8.916010046999999,-0.03937637325424407,0.08088117553129522,-0.015963304937515736,9.648644043462353,0.09136241256944701
0.16500000000000004,-3.67749375,-0.5171046545,8.839420110499999,-0.05640397996962595,0.06385356881591334,-0.011706446891901567,9.587841539935171,0.08599841920509618
0.17000000000000015,-3.67749375,-0.5171046545,8.839420110499999,-0.05640397996962595,0.06385356881591334,-0.011706446891901567,9.587841539935171,0.08599841920509618
0.17500000000000004,-3.6871042669999996,-0.4931764285,8.896887079499999,-0.06491769606085429,0.060660838015240116,-0.01809190849324802,9.643265036839527,0.09067172482912585
0.18000000000000016,-3.6391497484999995,-0.46924820249999993,8.8872765625,-0.07236728490714169,0.05640397996962595,-0.01809190849324802,9.614951350158716,0.09351871488730713
0.18500000000000005,-3.6583707824999996,-0.4931764285,8.8872765625,-0.07662414295275587,0.054275550946818865,-0.020220337516055103,9.623439326469487,0.09605184414204801
0.19000000000000017,-3.701421976,-0.5602539145,8.896887079499999,-0.07981687375342908,0.050018518368279495,-0.023412893783803134,9.652409481497475,0.09706054353268581
0.19500000000000006,-3.7205449434999998,-0.5793768819999999,8.882471304,-0.08407373179904325,0.04150480227705115,-0.024477195561669274,9.647612591433328,0.09690291065411177
0.20000000000000018,-3.7205449434999998,-0.588987399,8.9208153055,-0.08620216082185034,0.03937637325424407,-0.0276699263623425,9.683506934351174,0.09872657254210314
0.20500000000000007,-3.7349607189999996,-0.5698644315,8.954354048499999,-0.08833076437758261,0.032990911652897616,-0.028734053607283445,9.718803088274303,0.09857164918942744
0.2100000000000002,-3.7301554605,-0.541130947,8.916010046999999,-0.08620216082185034,0.029798355385149588,-0.029798355385149588,9.67998541421959,0.0959515320235977
0.21500000000000008,-3.7062272344999996,-0.5698644315,8.916010046999999,-0.08620216082185034,0.02554132280661022,-0.03086248263009053,9.672440278556557,0.09505611256074097
0.2200000000000002,-3.701421976,-0.5698644315,8.9686717575,-0.08194530277623617,0.028734053607283445,-0.03086248263009053,9.719173998261512,0.0921584034035307
0.2250000000000001,-3.663176041,-0.5841821405,8.987794724999999,-0.08088117553129522,0.028734053607283445,-0.03192678440795667,9.72319811067189,0.09157909125265751
0.2300000000000002,-3.7158377515,-0.6081103664999999,8.973477015999999,-0.0830096045541023,0.02234876653886219,-0.029798355385149588,9.731420151755733,0.09098353586059778
0.2350000000000001,-3.6871042669999996,-0.6033051079999999,8.9351330145,-0.08194530277623617,0.02554132280661022,-0.028734053607283445,9.684798238263735,0.09051540009582196
0.2400000000000002,-3.7062272344999996,-0.612915625,8.973477015999999,-0.07875274650848814,0.0276699263623425,-0.026605624584476358,9.728056107660919,0.08760981204783937
0.24400000000000022,-3.7158377515,-0.636843851,8.983087532999999,-0.07981687375342908,0.024477195561669274,-0.02234876653886219,9.742118964145792,0.08642530766010384
0.25,-3.7540836864999996,-0.6177208835,8.963866499,-0.07556001570781491,0.026605624584476358,-0.019156035738188967,9.73784504020535,0.08236582385005387
0.2550000000000001,-3.7876224295,-0.670382594,8.930327755999999,-0.07023885588433461,0.029798355385149588,-0.01809190849324802,9.723489616406942,0.07841400393123704
0.26,-3.768499462,-0.7087265955,8.939938273,-0.06811042686152752,0.024477195561669274,-0.013834875914708653,9.727609053992328,0.0736855965667584
0.2650000000000001,-3.7876224295,-0.6320385924999999,8.9686717575,-0.06172513979310626,0.02234876653886219,-0.009578017869094483,9.756158544459955,0.0663415305414924
0.27,-3.782817171,-0.6895055615,8.930327755999999,-0.05853240899243303,0.02234876653886219,-0.007449588846287397,9.722956211879998,0.06309521885408395
0.27500000000000013,-3.7636942035,-0.69431082,8.954354048499999,-0.05640397996962595,0.01809190849324802,-0.0031927308006732273,9.737962723183783,0.05932048246017215
0.28,-3.7349607189999996,-0.627233334,8.973477015999999,-0.054275550946818865,0.015963304937515736,-0.0031927308006732273,9.739950871766961,0.05666441621577348
0.28400000000000003,-3.7540836864999996,-0.6177208835,8.954354048499999,-0.046825962100531464,0.012770748669767708,-0.0031927308006732273,9.729089363401169,0.04864109659734606
0.29000000000000004,-3.7158377515,-0.6081103664999999,8.9351330145,-0.0425689295219921,0.011706446891901567,-0.0031927308006732273,9.696073968371177,0.04426452518040615
0.29500000000000015,-3.7205449434999998,-0.6225261419999999,8.939938273,-0.04044050049918502,0.011706446891901567,-0.0031927308006732273,9.703220589017185,0.042221659245262534
0.30000000000000004,-3.663176041,-0.612915625,8.94954879,-0.03937637325424407,0.013834875914708653,-0.0053211598234803115,9.689630943194691,0.04207395042184599
0.30500000000000016,-3.6726884914999998,-0.6225261419999999,8.8729588535,-0.03937637325424407,0.013834875914708653,-0.009578017869094483,9.623179223571283,0.042821034416903415
0.31000000000000005,-3.6871042669999996,-0.6033051079999999,8.858543078,-0.04044050049918502,0.013834875914708653,-0.012770748669767708,9.614182252997402,0.044608630261266075
0.31500000000000017,-3.6966167175,-0.6225261419999999,8.8729588535,-0.0425689295219921,0.011706446891901567,-0.015963304937515736,9.632336828074376,0.046946584156990136
0.32000000000000006,-3.67749375,-0.5745716235,8.8776660455,-0.04363323129985824,0.010642319646960623,-0.023412893783803134,9.626372486416889,0.050648607448444814
0.3250000000000002,-3.667883233,-0.646454368,8.9112047885,-0.04363323129985824,0.011706446891901567,-0.0276699263623425,9.658200735303348,0.05297664199812307
0.33000000000000007,-3.7301554605,-0.636843851,8.9208153055,-0.03937637325424407,0.015963304937515736,-0.03086248263009053,9.69023093454937,0.05251493796319578
0.3350000000000002,-3.653565524,-0.5937926575,8.939938273,-0.037247944231436986,0.01702760671538188,-0.032990911652897616,9.675930295496785,0.052590388776004054
0.3400000000000001,-3.6822990085,-0.6512596264999999,8.954354048499999,-0.03405521343076376,0.020220337516055103,-0.0351195152086299,9.703809639260104,0.05293392068954693
0.3450000000000002,-3.6918114589999997,-0.6081103664999999,8.944743531499999,-0.03086248263009053,0.02234876653886219,-0.03618364245357084,9.695757160271679,0.05254727567732755
0.3500000000000001,-3.67749375,-0.6416491095,8.896887079499999,-0.028734053607283445,0.029798355385149588,-0.037247944231436986,9.648330092113621,0.05568659775775633
0.3550000000000002,-3.7349607189999996,-0.6559668185,8.94954879,-0.026605624584476358,0.0351195152086299,-0.03618364245357084,9.719806972570828,0.05701311769432658
0.3600000000000001,-3.7110324929999994,-0.636843851,8.9351330145,-0.024477195561669274,0.037247944231436986,-0.03937637325424407,9.696078291838724,0.05947302937206066
0.3650000000000002,-3.6918114589999997,-0.5841821405,8.9112047885,-0.02128446476099605,0.04150480227705115,-0.03937637325424407,9.663348871104064,0.06104241003496455
0.3690000000000002,-3.7110324929999994,-0.6559668185,8.916010046999999,-0.02128446476099605,0.0425689295219921,-0.03618364245357084,9.679736039235767,0.059786270848901986
0.375,-3.7110324929999994,-0.6751878524999999,8.954354048499999,-0.02234876653886219,0.046825962100531464,-0.037247944231436986,9.71638292916421,0.06387133505663722
0.3800000000000001,-3.6966167175,-0.6895055615,8.9351330145,-0.020220337516055103,0.05214694739108658,-0.03405521343076376,9.694173253158196,0.06548223983101685
0.385,-3.7540836864999996,-0.646454368,8.8872765625,-0.02554132280661022,0.054275550946818865,-0.032990911652897616,9.669267411418176,0.06845870910980935
0.3900000000000001,-3.7588889449999994,-0.6416491095,8.882471304,-0.023412893783803134,0.05853240899243303,-0.03192678440795667,9.666398302726243,0.07066488562519045
0.395,-3.7636942035,-0.612915625,8.90639953,-0.020220337516055103,0.06172513979310626,-0.03192678440795667,9.688395750010052,0.07237523398493327
0.40000000000000013,-3.7062272344999996,-0.636843851,8.90639953,-0.02234876653886219,0.05959653623737397,-0.03086248263009053,9.66776308110052,0.07073688805279629
0.405,-3.7349607189999996,-0.6416491095,8.925620563999999,-0.02128446476099605,0.06491769606085429,-0.03405521343076376,9.696821520719807,0.07633539980786379
0.40900000000000003,-3.6871042669999996,-0.6081103664999999,8.9208153055,-0.020220337516055103,0.06811042686152752,-0.037247944231436986,9.671891325300209,0.08022033187410106
0.41500000000000004,-3.6822990085,-0.612915625,8.90639953,-0.02234876653886219,0.07023885588433461,-0.0425689295219921,9.657067056790765,0.08511802395731015
0.42000000000000015,-3.6918114589999997,-0.612915625,8.882471304,-0.023412893783803134,0.07343158668500784,-0.04895439112333855,9.638642740477328,0.09130659301861106
0.42500000000000004,-3.7301554605,-0.612915625,8.8776660455,-0.0276699263623425,0.07662414295275587,-0.053211249168952715,9.648972988784386,0.09730529865460665
0.43000000000000016,-3.7253502019999996,-0.5745716235,8.892081821,-0.03086248263009053,0.077688444730622,-0.0627892670380472,9.658027013289596,0.10454893272497215
0.43500000000000005,-3.67749375,-0.555448656,8.9112047885,-0.029798355385149588,0.077688444730622,-0.06704612508366137,9.656192535017443,0.10685793988776196
0.44000000000000017,-3.6822990085,-0.5985979159999999,8.8729588535,-0.03086248263009053,0.08407373179904325,-0.07023885588433461,9.625333462740066,0.11381731893104151
0.44500000000000006,-3.667883233,-0.6033051079999999,8.9112047885,-0.023412893783803134,0.08939489162252356,-0.07662414295275587,9.65540860071943,0.12004528115165022
0.4500000000000002,-3.6822990085,-0.627233334,8.916010046999999,-0.02554132280661022,0.09897290949161804,-0.07449571392994878,9.666849683401814,0.12648164838378825
0.45500000000000007,-3.6966167175,-0.588987399,8.896887079499999,-0.0276699263623425,0.11493638896205899,-0.07449571392994878,9.652278540202582,0.13973406788062795
0.4600000000000002,-3.701421976,-0.6320385924999999,8.9112047885,-0.01809190849324802,0.1255785340760944,-0.07236728490714169,9.670034550579974,0.14606268961805502
0.4650000000000001,-3.6391497484999995,-0.646454368,8.94954879,-0.02128446476099605,0.14047771176866922,-0.07449571392994878,9.68275465384228,0.1604263922733917
0.4700000000000002,-3.620026781,-0.6320385924999999,8.90639953,-0.023412893783803134,0.16069804928472428,-0.07449571392994878,9.634729849121397,0.17866627558993914
0.4750000000000001,-3.6726884914999998,-0.6416491095,8.896887079499999,-0.023412893783803134,0.17985408502291328,-0.07343158668500784,9.646499574492951,0.19567282237919192
0.4800000000000002,-3.6104162639999995,-0.6416491095,8.9015942715,-0.023412893783803134,0.19794581898323607,-0.07343158668500784,9.627315293137515,0.2124215355639666
0.4850000000000001,-3.643955007,-0.6655773355,8.959061240499999,-0.023412893783803134,0.2181661564992912,-0.07236728490714169,9.69464695559364,0.23104471290604398
0.4900000000000002,-3.6822990085,-0.636843851,9.0261387265,-0.020220337516055103,0.2362580649925392,-0.07236728490714169,9.769138978875242,0.24791885617700296
0.4940000000000002,-3.6726884914999998,-0.6847003029999998,8.959061240499999,-0.023412893783803134,0.2564782279756691,-0.07662414295275587,9.70681377031383,0.2687015152620381
0.5,-3.5912932964999995,-0.7134337874999999,8.944743531499999,-0.01702760671538188,0.2841481543380116,-0.077688444730622,9.665133840508547,0.2950688181574174
0.5050000000000001,-3.4859698755,-0.660772077,8.963866499,-0.011706446891901567,0.313946335190236,-0.08088117553129522,9.640513903445754,0.3244088575139975
0.51,-3.4715540999999996,-0.6847003029999998,8.987794724999999,-0.012770748669767708,0.3533227084444801,-0.07875274650848814,9.659242019583777,0.36221819861343196
0.5150000000000001,-3.596098555,-0.9384964049999999,9.045261693999999,-0.0031927308006732273,0.3969559397443383,-0.07556001570781491,9.779031620381168,0.4040959386111688
0.52,-3.505092843,-0.8475887595,9.007015759,0.01702760671538188,0.43313958219790916,-0.07875274650848814,9.702083045725537,0.4405698947268903
0.5250000000000001,-3.3710359375,-0.6991160785,8.925620563999999,0.026605624584476358,0.48528670412192093,-0.07981687375342908,9.56657457168622,0.4925259158590721
0.53,-3.6009038135,-0.73746008,8.94954879,0.03405521343076376,0.5480759711599681,-0.07556001570781491,9.674956288700374,0.554307084294006
0.534,-3.605709072,-0.7134337874999999,8.954354048499999,0.050018518368279495,0.5874523444142122,-0.07662414295275587,9.679389552391102,0.5945362633353466
0.54,-3.643955007,-0.73746008,8.983087532999999,0.06385356881591334,0.6236359868677831,-0.07449571392994878,9.722042845419576,0.6313071627670758
0.5450000000000002,-3.6009038135,-0.7996342409999999,9.021333468,0.07449571392994878,0.6736545052360625,-0.06598199783872043,9.74630087439924,0.6809652178030577
0.55,-3.6871042669999996,-1.0007686325,9.064482728,0.10110133851442513,0.7300584852056885,-0.05640397996962595,9.836723176837694,0.7391808178156728
0.5550000000000002,-3.67749375,-0.6991160785,8.8729588535,0.12451440683115346,0.7811413053518342,-0.0553396781917598,9.630271148228918,0.7929363507985046
0.56,-3.7588889449999994,-0.761388306,8.9015942715,0.1426061407914763,0.8354168562986529,-0.04895439112333855,9.692643541767044,0.8489136396534216
0.5650000000000002,-3.8020382049999997,-0.785316532,8.944743531499999,0.15644119123911013,0.8854353746669325,-0.04363323129985824,9.750930899766606,0.9002074804741126
0.5700000000000001,-3.7972329465,-0.751777789,8.925620563999999,0.16389060555247234,0.9333254640124049,-0.04150480227705115,9.728866858299504,0.9485142070493114
0.5750000000000002,-3.806745397,-0.7996342409999999,8.959061240499999,0.1734686234215668,0.9886651422041647,-0.032990911652897616,9.767062186143267,1.0043099755419358
0.5800000000000001,-3.9025563675,-0.8619064684999999,8.916010046999999,0.17666135422224005,1.0514544092422118,-0.02128446476099605,9.770776024459973,1.0664045373265656
0.5850000000000002,-3.9696338534999995,-0.7805112734999999,8.882471304,0.1809182122678542,1.1078583892118379,-0.012770748669767708,9.760404051334007,1.122606209718631
0.5900000000000001,-3.9935620794999998,-0.69431082,8.8872765625,0.19475326271548807,1.1600055111358496,-0.011706446891901567,9.768023868518712,1.1762987121061999
0.5950000000000002,-4.0174903055,-0.6512596264999999,8.939938273,0.21284499667581086,1.2164093165725505,-0.00851371609122834,9.822772713493151,1.2349198765167348
0.6000000000000001,-4.0318080145,-0.6559668185,8.9015942715,0.22135888729996445,1.2823913144112709,-0.00851371609122834,9.794087446370952,1.301383772615068
0.6050000000000002,-4.0318080145,-0.6320385924999999,8.9112047885,0.23200103241399986,1.3579513301190858,-0.010642319646960623,9.801250911530687,1.377668157787217
0.6100000000000001,-4.084469725,-0.6655773355,9.040554501999999,0.23732219223748016,1.4345754730718416,-0.010642319646960623,9.942711492726986,1.4541120554603657
0.6150000000000002,-4.0557362405,-0.6559668185,8.954354048499999,0.23945062126028724,1.5101354887796563,-0.011706446891901567,9.851890445258027,1.5290463810468737
0.6190000000000002,-4.084469725,-0.636843851,9.0357492435,0.2532856717079211,1.6016589839579123,-0.013834875914708653,9.936459501070233,1.6216215761321133
0.625,-4.141936694,-0.5985979159999999,9.0596774695,0.2649921185998227,1.692118177358302,-0.01809190849324802,9.979564864938206,1.712837431345816
0.6300000000000001,-4.16586492,-0.5123974625,8.9112047885,0.2681846748675707,1.7761919091573453,-0.02554132280661022,9.850205707184413,1.7965057965841777
0.635,-4.185085954,-0.5315204299999999,8.8729588535,0.28095542353733843,1.8698436588254832,-0.03405521343076376,9.824808253893789,1.8911401365384666
0.6400000000000001,-4.228137147499999,-0.5267151715,8.8776660455,0.29266187042923997,1.968816568317101,-0.04895439112333855,9.847209098286749,1.991051526830314
0.645,-4.3669993115,-0.5698644315,8.8298095935,0.3022398882983345,2.0763033684328724,-0.0627892670380472,9.867166052843892,2.0991253225806834
0.6500000000000001,-4.4628102819999995,-0.7039213369999999,8.954354048499999,0.3064969208768738,2.1954966154405455,-0.07449571392994878,10.02958809162655,2.2180386295806094
0.655,-4.3526816025,-0.7996342409999999,9.050066952499998,0.3064969208768738,2.3232035785394474,-0.08088117553129522,10.074173112313199,2.3447296207453907
0.659,-4.477127991,-0.660772077,9.1650008905,0.28946931416149196,2.4700667519094632,-0.08620216082185034,10.221474262962479,2.488463995170524
0.665,-4.290409374999999,-0.555448656,9.011821017499999,0.24902863912938172,2.6265077686156477,-0.09471605144600387,9.996452063907215,2.6399866386227226
0.6700000000000002,-4.2520653735,-0.36392478149999996,8.8776660455,0.21923045827715734,2.7978481375473327,-0.10855092736071252,9.850150029442755,2.8085226540735544
0.675,-4.300019892,-0.277724328,8.8298095935,0.192624833692681,2.980894778837994,-0.1479273006149566,9.825112687975816,2.990772558274195
0.6800000000000002,-4.4723227324999995,-0.08620045349999998,8.781953141499999,0.1660192091082046,3.169262579952136,-0.2181661564992912,9.855546769272701,3.1810979473005
0.685,-4.453199765,0.0383440015,8.8298095935,0.12877126487676763,3.3597588100890845,-0.29479029945204704,9.889286924086676,3.3751240897602877
0.6900000000000002,-4.8075140295,0.009610516999999999,8.5616957825,0.05959653623737397,3.56196166165086,-0.3724787441826691,9.819109846516364,3.581879819462114
0.6950000000000001,-5.066115389999999,-0.19152387449999997,8.499423555,-0.002128429022807085,3.7843846761957654,-0.4427176000670036,9.896585638824492,3.8101930109962305
0.7000000000000002,-5.22890578,-0.06707748599999999,8.3892948755,-0.09258762242319679,4.023835297456053,-0.5172134885298776,9.885657466923282,4.057996151008089
0.7050000000000001,-4.975109678,0.1436674225,8.307899680499998,-0.22455144356771245,4.280313699964647,-0.5917092024598264,9.68470720970278,4.3268497201993315
0.7100000000000002,-5.2001722955,0.22025735899999999,8.3461456155,-0.3192674950137163,4.527214084604147,-0.6693976471904484,9.836079088854932,4.5875584259249065
0.7150000000000001,-5.9950993445,0.6655773355,8.2743609375,-0.35970817004582656,4.7379303031913,-0.7428292338754562,10.239592680569938,4.809279446673495
0.7200000000000002,-6.880934038999999,0.809244758,8.317412131,-0.33523097448415723,4.917784737280064,-0.7949761812665428,10.825039255555856,4.992892313805644
0.7250000000000001,-7.484239146999999,0.5745716235,8.2839714545,-0.30543261909900765,5.079546739276804,-0.8481874304354955,11.17891547597483,5.158924895601414
0.7300000000000002,-8.307899680499998,0.2393803265,8.236016936,-0.2681846748675707,5.2487586791856815,-0.8843710728890664,11.70087496779818,5.329493680146718
0.7350000000000001,-9.346914248,0.0048052584999999995,8.260043228499999,-0.20539540782952348,5.389236216421425,-0.9035272831601806,12.473698055775735,5.4683101431210535
0.7400000000000002,-9.346914248,0.0048052584999999995,8.260043228499999,-0.20539540782952348,5.389236216421425,-0.9035272831601806,12.473698055775735,5.4683101431210535
0.7440000000000002,-11.137804671,0.07178467799999999,9.188929116499999,-0.09152332064533064,5.492466158491583,-0.8652150371508773,14.439261208157653,5.560949386652357
0.75,-15.591004435999999,0.07178467799999999,12.387564146999999,0.3565154392451533,5.305162310089457,-0.6842968248830232,19.913219675868767,5.360980557636714
0.7550000000000001,-16.017201444999998,-0.42619700899999996,12.387564146999999,0.5725531667216374,5.0635832598063635,-0.5874523444142122,20.253003024643785,5.1295996739192
0.76,-14.235921538999998,-0.6177208835,11.2718615765,0.6662049163897751,4.854995470242017,-0.6108652381980153,18.168596658912683,4.938417392842683
0.7650000000000001,-13.0052850305,0.10532342099999999,10.783490406499999,0.7162236092909798,4.729416761632996,-0.6523700404750665,16.894738740052656,4.8276232074831995
0.77,-13.0052850305,0.10532342099999999,10.783490406499999,0.7162236092909798,4.729416761632996,-0.6523700404750665,16.894738740052656,4.8276232074831995
0.7750000000000001,-11.942244170499999,0.5027869455,10.534499562999999,0.7853981633974483,4.6495997133466425,-0.6534343422529327,15.93253500178969,4.760525623190866
0.78,-10.783490406499999,0.9336911465,10.002979132999998,0.934389765790271,4.600645322223304,-0.6193789542892437,14.73821685413006,4.735256265961242
0.784,-11.080337702,0.46444294399999997,11.037286508500001,1.073803175781074,4.57616830119456,-0.6066083801524013,15.646446379587609,4.739445464191623
0.79,-11.817797781999998,2.4947136935,12.416297631499999,1.1557484785573102,4.366516035319422,-0.6374708627824917,17.321904852029785,4.561642898483597
0.7950000000000002,-12.9478180615,0.612915625,13.350086844499998,1.210024029504129,4.189854332031332,-0.683232523105157,18.607699397635557,4.414277308489779
0.8,-13.0723625165,-0.2250626175,12.478569858999998,1.1759688160733655,3.952532314326777,-0.8449946996348223,18.07351710848039,4.209445378501226
0.8050000000000002,-13.0723625165,-0.2250626175,12.478569858999998,1.1759688160733655,3.952532314326777,-0.8449946996348223,18.07351710848039,4.209445378501226
0.81,-12.794638188499999,0.5027869455,9.7108390295,1.0567755690656921,3.79396269406486,-1.011013908743027,16.070343983376592,4.066088618193393
0.8150000000000002,-11.851336524999999,1.120507829,8.456274294999998,0.9822798551357435,3.7513937645428674,-1.1536200495345033,14.601996102448702,4.045821067366251
0.8200000000000001,-10.740341146499999,1.5801455144999998,8.7627321075,0.9226833188983694,3.727980696226139,-1.2728132965421763,13.951245886228469,4.045891529225988
0.8250000000000002,-9.830578226,1.9392650375,9.9885633575,0.8620223063502042,3.6683843345216904,-1.3781716676351408,14.148230104503067,4.012416133439015
0.8300000000000001,-7.1970023685,1.618489516,11.3389390625,0.7438933611203971,3.4001994851211945,-1.5548330218573807,13.527301669907597,3.8121174689659805
0.8350000000000002,-7.1970023685,1.618489516,11.3389390625,0.7438933611203971,3.4001994851211945,-1.5548330218573807,13.527301669907597,3.8121174689659805
0.8400000000000001,-6.833077586999999,1.6807617434999997,11.2671543845,0.642792022605972,3.265042933176006,-1.6420994844570973,13.284000800682469,3.710819000795204
0.8450000000000002,-5.770036727,2.1308869785,10.419565624999999,0.4969931510138225,3.09263843699938,-1.715531071142105,12.099642596364214,3.5713389016186343
0.8500000000000001,-4.319142859499999,2.6383811159999997,9.677398353,0.30968947714462186,2.9085274939308525,-1.7591643024419632,10.920993033450864,3.4132241060604143
0.8550000000000002,-0.06227222749999999,1.144436055,11.836920749499999,0.273505834691051,2.6978109262778487,-1.7421366957265816,11.892279198885527,3.22304661805431
0.8600000000000001,-3.7253502019999996,-0.138862164,10.5775507565,0.24264335206096047,2.3285247383629275,-1.7410723939487154,11.215261781807232,2.9175737067703755
0.8650000000000002,-14.202382795999998,3.3231794855,14.470594673499999,0.08726646259971647,1.921990780749495,-1.7655495895103848,20.54627239140208,2.611288829256735
0.8690000000000002,-13.32135336,3.4236976479999996,20.240533334,0.2628636895770156,1.1046656584111645,-1.5782459156411839,24.471602942424287,1.9442848830377435
0.875,-9.102728663,1.838746875,19.0626566025,0.4224974370838737,0.15644119123911013,-1.3845569547035619,21.20437539583189,1.4560136989316943
0.8800000000000001,-6.6080149695,1.7142024200000001,16.1369406415,0.5108280269285311,-0.5204060447976256,-1.2217304763960306,17.521564001000723,1.4228116816755747
0.885,-4.3669993115,2.542668212,13.7092063675,0.5438191131143539,-1.0003715890960663,-1.0652894596898457,14.610892643834575,1.5592703989319345
0.8900000000000001,-1.848357392,3.3471077114999996,10.625505274999998,0.4746443844749603,-1.345180581449318,-0.9407750528586922,11.292515992018634,1.7087585518449395
0.895,0.12454445499999998,3.366230679,7.819430443999999,0.3586438682679604,-1.5154566486031367,-0.8343525545207868,8.514136055646873,1.766742330753701
0.9000000000000001,1.1970977655,3.1268503525,6.038150538,0.20007442253896837,-1.5473834330110936,-0.7534713789894916,6.904310110839761,1.7326697268284643
0.905,1.709495228,2.9448389285,5.0134536794999995,0.006385287068421255,-1.5069429325119084,-0.6928105409742515,6.060459392311435,1.658585005184712
0.909,1.7956956814999998,2.868248992,4.5154719925,-0.20752383685233058,-1.4249976297356723,-0.6374708627824917,5.64277082431306,1.5748185573299711
0.915,1.4317708999999998,2.4852012429999997,4.3909275375,-0.3948275107215312,-1.3292172765118022,-0.5682963086760232,5.244658022013577,1.4985553129113411
0.9200000000000002,1.0439178924999999,1.9345578454999999,4.453199765,-0.5257272046211059,-1.2557856898267945,-0.48315827509911385,4.966212517690247,1.4445859999492003
0.925,0.718239046,1.4556991259999998,4.673457124,-0.5927735042376925,-1.2196020473732236,-0.3788642057840155,4.947335521520903,1.4079586882105402
0.9300000000000002,0.3303860385,1.1396307964999999,5.090043615999999,-0.6044799511295941,-1.2142808875497433,-0.25222136993005495,5.226514832998113,1.3796701434167598
0.935,-0.129251647,0.9768404065,5.631174562999999,-0.5693604359209642,-1.2387580831114127,-0.10642249833790543,5.716734218677788,1.36748624951714
0.9400000000000002,-0.6751878524999999,0.8906399529999999,6.1914284775,-0.5033784380822438,-1.2983546193487867,0.04469753307772438,6.291494635938377,1.393238112805448
0.9450000000000001,-1.0246968585,0.8763222439999999,6.622332678499999,-0.4235615643288147,-1.3962634015954636,0.2032669788067164,6.758197572716999,1.473184764408327
0.9500000000000002,-1.1970977655,0.9384964049999999,6.809149360999999,-0.351194279421673,-1.5090713615347155,0.35970817004582656,6.976985995597936,1.590604842096385
0.9550000000000001,-1.3503757049999998,1.1157025704999999,6.962329234,-0.30011145927552735,-1.6303928630322706,0.5076354706607832,7.1792990697620045,1.7337651360227677
0.9600000000000002,-1.5131660949999999,1.2881034774999998,7.091580881,-0.2756342637138581,-1.7517145390627507,0.6395992918052988,7.364740429341001,1.8850902704578223
0.9650000000000001,-1.7621569384999998,1.3838163815,7.2304430449999995,-0.2798911217594723,-1.8783575494496365,0.759856840590838,7.569640115659417,2.0454702495531216
0.9700000000000002,-2.0541989755,1.4317708999999998,7.398038693499999,-0.31288220794529503,-1.9996790509471916,0.8705361969743577,7.810293070785195,2.2032804753567716
0.9750000000000001,-2.370267305,1.38862164,7.6375170865,-0.3660934571142478,-2.124193457778345,0.9631238193975544,8.11653278209407,2.360895964861882
0.9800000000000002,-2.7868537969999996,1.2784929605000002,7.88650793,-0.4256899933516217,-2.260414136968475,1.0461334239516569,8.461566383705458,2.5268714216903594
0.9850000000000001,-3.1459733199999995,1.1587537639999999,8.097154772,-0.49167199119034216,-2.4030206268258016,1.1227575669044125,8.763776230453306,2.697560756296781
0.9900000000000002,-3.5721703289999995,0.9097629205,8.322217389499999,-0.5544612582283894,-2.5477551966400847,1.1876752629652667,9.10205315898566,2.865145085181967
0.9940000000000002,-3.9887568209999995,0.612915625,8.437151327499999,-0.6002229185510547,-2.6999393553006557,1.2408865121342196,9.352612953799497,3.0314582976270503
1.0,-4.3669993115,0.3207755215,8.513741264,-0.6342781319818185,-2.8585088010296476,1.283455616189137,9.57378557479597,3.196973511463887
1.005,-4.654334156499999,-0.028733484499999996,8.394100134,-0.6491773096743934,-3.0106929596902186,1.30686850997294,9.59815446391195,3.3456850687539648
1.0100000000000002,-4.7214116425,-0.5267151715,8.1833552255,-0.6364067355375508,-3.1543632277266354,1.3175108296199007,9.462370713332943,3.4771907758472613
1.0150000000000001,-4.7453398684999994,-1.0486250844999998,7.8817026715,-0.5959660605054405,-3.2799419363356552,1.30686850997294,9.259541135355922,3.580656357899562
1.02,-4.673457124,-1.5610225469999999,7.6518347955,-0.5204060447976256,-3.3778507185823323,1.2791987581435227,9.101020196644617,3.6492529908633378
1.025,-4.673457124,-2.092542977,7.445993211999999,-0.4139835464597202,-3.4491538762445333,1.2366296540886055,9.036744574989848,3.6874513881708815
1.0300000000000002,-4.7261188345,-2.4707854675,7.3741104674999995,-0.2884050123836258,-3.4991723946128124,1.1812899758968456,9.100466210646458,3.7044339521096514
1.0340000000000003,-4.798001578999999,-2.6719198589999995,7.307131048,-0.14686299883709047,-3.5332276080435765,1.114243676280259,9.140795317566772,3.7076684103084654
1.04,-4.9224479675,-2.7916590555,7.3549875,-0.010642319646960623,-3.5566405018273795,1.0365552315496371,9.28006979499919,3.7046257120334443
1.045,-5.1762440695,-2.7868537969999996,7.517777889999999,0.10855092736071252,-3.5726039812978208,0.951417372505653,9.543429213666336,3.6987129555727183
1.0500000000000003,-5.4396506884999996,-2.7197763109999995,7.747645765999999,0.21071656765300378,-3.5917600170360093,0.85776544830459,9.84951763845281,3.6987704789790823
1.0550000000000002,-5.7652314685,-2.604842373,8.001441867999999,0.2862765833608187,-3.6130446563299308,0.760920967835779,10.200302428876423,3.7033831411436693
1.06,-6.129156249999999,-2.3893902725,8.21208871,0.3331025454613502,-3.641778535404289,0.661948058344161,10.522078843657328,3.7164073294876925
1.065,-6.430808804,-2.150009946,8.3748791,0.3554511374672871,-3.6715768907894386,0.5640392760974839,10.775734062286412,3.731616631044299
1.0700000000000003,-6.627137937,-1.905824361,8.4850077795,0.3660934571142478,-3.7035036751973953,0.4746443844749603,10.933731327830458,3.751699772537255
1.0750000000000002,-6.761194842499999,-1.7429359045,8.5760134915,0.36290072631357456,-3.731173427026812,0.3948275107215312,11.058914443643818,3.7695146694146833
1.08,-6.880934038999999,-1.618489516,8.6574086865,0.3607722972907675,-3.7513937645428674,0.32565295661506277,11.17664917260788,3.782745256463313
1.085,-6.938401008,-1.422160383,8.743609139999998,0.3660934571142478,-3.76416433867971,0.27031327842330294,11.252317516666583,3.791573137422233
1.0900000000000003,-6.991062718499999,-1.2545647344999997,8.834614852,0.3777999040061493,-3.7748066583266704,0.23732219223748016,11.335753622509207,3.8010814116699505
1.0950000000000002,-7.02940672,-1.0821638275,8.939938273,0.3948275107215312,-3.776935261882403,0.21923045827715734,11.4239281208252,3.803838946315902
1.1,-7.110801915,-0.842783501,9.045261693999999,0.42462586610668085,-3.7748066583266704,0.2181661564992912,11.536487637789467,3.8048743613627884
1.105,-7.182586592999999,-0.6033051079999999,9.188929116499999,0.45548834873677135,-3.76416433867971,0.23519376321467306,11.67861059918275,3.7989102267200376
1.1100000000000003,-7.297520531,-0.3543142645,9.423602251,0.487415133144728,-3.7471369064972535,0.2681846748675707,11.924077485635816,3.7882095411798598
1.1150000000000002,-7.484239146999999,-0.153179873,9.686910803499998,0.5214703465754918,-3.722659710935584,0.3182033677687754,12.242284941870311,3.7724501360574614
1.1190000000000002,-7.838651478,0.009610516999999999,10.036517875999998,0.5533971309834484,-3.693925657328301,0.3820567620517635,12.734843557376593,3.754637467969246
1.125,-8.293483905,0.1436674225,10.405247915999999,0.5800027555679248,-3.6726410180343794,0.4459103308676769,13.306829066468246,3.7448005643811673
1.13,-8.743609139999998,0.3782424905,10.778685148000001,0.605544078374535,-3.6651914291880923,0.5108280269285311,13.884301267778186,3.749834278544055
1.1350000000000002,-9.2128573425,0.6416491095,11.089948218999998,0.6172506997993618,-3.6651914291880923,0.5725531667216374,14.431749910980287,3.7606440628859876
1.1400000000000001,-9.734865322,0.9145681789999999,11.406016548499998,0.6098011109530744,-3.6726410180343794,0.6353424337596846,15.023356858444565,3.7767458810997443
1.145,-10.405247915999999,1.192292507,11.7219868115,0.5863880426363461,-3.685411766704147,0.6981317007977318,15.719278622909215,3.7965113852544947
1.15,-11.003747765499998,1.4412833504999998,12.004516398,0.5565898617841217,-3.706696231465143,0.759856840590838,16.34833864749032,3.82449626026637
1.1550000000000002,-11.52085242,1.618489516,12.162501529499998,0.524663077376165,-3.743944350229506,0.8300956964751727,16.830804860490527,3.8705877470590777
1.1590000000000003,-11.990198689,1.8435521334999998,12.196040272499998,0.4938004202131493,-3.785448803440706,0.9109766974735427,17.201946035233092,3.9247089117300353
1.165,-12.3541234705,2.0063425235,12.0667886255,0.4586810795374446,-3.8184398896265286,1.0003715890960663,17.385544707556893,3.9738664848843723
1.17,-12.751488928499999,2.241015658,11.8129925235,0.428882724152295,-3.847173943233812,1.1014731021434165,17.526249268834622,4.024665294818805
1.1750000000000003,-13.187296454499998,2.4564677584999997,11.669325101,0.40121297232287767,-3.8610088191485215,1.2185379201282827,17.77954358076289,4.06856186059563
1.1800000000000002,-13.661349915499999,2.6671146004999997,11.420334257499999,0.36715775889211394,-3.867394280749868,1.3483733122499912,18.004722057253762,4.112134960319211
1.185,-14.202382795999998,2.7054586019999998,11.161732896999998,0.33523097448415723,-3.865265851727061,1.4877867222407941,18.26503393359083,4.155258023475429
1.19,-14.700364483,2.5762069549999995,10.86969086,0.30330419007620063,-3.8461098159888714,1.6282646085423886,18.46314538750117,4.187576839151185
1.1950000000000003,-15.294157140499998,2.2601386254999998,10.477032593999999,0.2788269945145313,-3.8120546025581077,1.7698064475559987,18.675858245888524,4.2120920749154145
1.2000000000000002,-15.739477117,1.9010191024999998,10.0221021005,0.27031327842330294,-3.7652288149905013,1.9102843338575932,18.756000214797478,4.230745032959145
1.205,-16.122524866,1.331154671,9.495386929,0.2766985654917242,-3.704567802442336,2.04331228224705,18.7582023057738,4.23975350484191
1.21,-16.4721319385,0.8763222439999999,9.073995178499999,0.29053344140643284,-3.623686801443966,2.1667625618332624,18.82648293691953,4.232065183205111
1.2150000000000003,-16.941380141,0.4310022675,8.844225369,0.2958546012299132,-3.5321633062657103,2.273185060171168,19.11586896832374,4.210828645882449
1.2200000000000002,-17.640496219499997,0.153179873,8.623869943499999,0.2788269945145313,-3.4523466070452065,2.3487450758789827,19.636234459439738,4.184859020267269
1.225,-18.248606586,0.05746696899999999,8.3318279065,0.23519376321467306,-3.393814023519848,2.3945067362016483,20.060765215879997,4.160162525936953
1.23,-18.6603878195,-0.1340569055,7.7715739919999995,0.155376889461244,-3.3533736975535886,2.417919629985451,20.214485082266798,4.13709952385628
1.2350000000000003,-18.794444724999998,-0.43570945949999995,6.98625746,0.04150480227705115,-3.3214469131456315,2.4104700411391637,20.05564231211715,4.104156193992395
1.2400000000000002,-18.799249983499998,-0.9384964049999999,6.0908122485,-0.08620216082185034,-3.2863273979370016,2.373222271440652,19.783593437260084,4.054573039004683
1.2440000000000002,-18.669998336499997,-1.5562172884999999,5.075725907,-0.21178086943086993,-3.238437134058604,2.3104328298696797,19.410142802589835,3.9837703333960173
1.25,-18.1815291,-2.1260817199999997,3.9648285949999997,-0.3086253498996809,-3.170326881730002,2.2199736364692897,18.729871587440062,3.882589997699894
1.255,-17.506439314,-2.6096476315,2.715069119,-0.37035031515986194,-3.0692255432155764,2.102908993017349,17.90690588952502,3.7389211042731563
1.2600000000000002,-16.606188844,-3.0693833834999995,1.5131660949999999,-0.40227709956781865,-2.9319403877146555,1.9677522665392349,16.95512588890314,3.5538922724837
1.2650000000000001,-15.571881468499999,-3.7301554605,0.41178123349999995,-0.39908436876714537,-2.7499576991360097,1.809182820810243,16.0177125711749,3.315822395657915
1.27,-15.212761945499999,-4.7214116425,-0.6177208835,-0.33948783252977144,-2.5200850957448173,1.6399710554342903,15.940559369052878,3.0258198791225475
1.275,-15.519219757999998,-5.521045883499999,-1.192292507,-0.21923045827715734,-2.273185060171168,1.45798854138857,16.515135208863963,2.709458045152606
1.2800000000000002,-16.165674126,-6.0286380875,-1.5179713535000001,-0.05853240899243303,-2.0390554242014356,1.245143544712759,17.319865304560775,2.389886087830884
1.2840000000000003,-17.065826529499997,-6.3638293845,-1.8770908764999998,0.12132167603048023,-1.8411096052181994,1.013142337765834,18.310222001075005,2.104961026735454
1.29,-17.764942608,-6.531425032999999,-2.1835486889999998,0.30968947714462186,-1.6846684139790893,0.7683705566820663,19.053099057750853,1.8773408187350633
1.295,-18.1624061325,-6.588892002,-2.7102638605,0.48528670412192093,-1.5548330218573807,0.5235987755982988,19.509793041686155,1.7108958439553557
1.3000000000000003,-18.124062131,-6.478665255999999,-3.4045746804999997,0.6417278953610311,-1.426061756980613,0.28308385256014545,19.545993461135495,1.589214678382825
1.3050000000000002,-17.702768447,-6.196233735999999,-4.228137147499999,0.7545356807673578,-1.2728132965421763,0.0627892670380472,19.226504282820443,1.4809862502605478
1.31,-15.265423656,-4.280798858,-6.818661811499999,0.7864624651753145,-1.0535830127979442,-0.14686299883709047,17.25840511633178,1.3229244552934416
1.315,-20.0250812335,-1.4844326104999999,-13.632616430999999,0.20965244040806286,-0.11600051620699993,-0.487415133144728,24.270468667460065,0.5431240903769964
1.3200000000000003,-18.215067843,-1.4077446075,-10.726023437499999,-0.6693976471904484,0.8652150371508773,-0.7619852696136452,21.185325586047465,1.3331585883473434
1.3250000000000002,-8.2504327115,-3.1747068045,-13.9055355005,-1.3568870283412195,1.0599682998663655,-1.0567755690656921,16.477630921257873,2.0202598366983335
1.33,-13.7427451105,-5.793964953,-15.404285819999998,-1.6314571648101368,1.772999178356672,-1.3462448832271843,21.441200868258683,2.7599916399654436
1.335,-20.6379968585,-9.524120413499999,-10.314242204,-1.5665394687492824,2.5498834511299666,-1.4398966328953218,24.960356091712274,3.321032043645324
1.3400000000000003,-7.422064985999999,-9.1553903735,-0.842783501,-1.344116454204377,2.8968210470389506,-1.344116454204377,11.816027487152416,3.4648045058117978
1.3450000000000002,4.730924093,-3.5434368444999995,4.4723227324999995,-0.8524442884811096,3.0564546200128837,-1.092959211519263,7.4121021355836865,3.35605958636121
1.35,-3.629637298,0.6177208835,14.1975775375,-0.3586438682679604,3.50130082363562,-0.7779485745511608,14.667210162067951,3.6045716619986705
1.355,-5.559291818499999,1.6232947745,22.764078578499998,-0.2564782279756691,3.3597588100890845,-0.5906449006819602,23.48923338417588,3.4209094904861725
1.3600000000000003,-4.381415087,2.255333367,23.8414371475,-0.4459103308676769,2.803169122837888,-0.5672320068981571,24.34537845298544,2.8945371485016334
1.3650000000000002,-3.342302453,4.4340767974999995,17.4010178265,-0.7864624651753145,2.245515133808825,-0.6736545052360625,18.265471363521623,2.47278624586092
1.3690000000000002,-2.437344791,4.673457124,6.430808804,-0.9333254640124049,2.1305787448467663,-0.9056555376500623,8.31487540457974,2.49613183999624
1.375,-2.140399429,1.316836962,2.011147782,-0.9727018372666489,2.570103788646022,-0.9929220002497788,3.218708545549975,2.921896036346018
1.38,-3.6104162639999995,-2.0781272014999996,5.4635789145,-1.0163350685665071,3.190547219246057,-0.8588297500824562,6.870546762808542,3.4568941362823837
1.3850000000000002,-14.226311021999999,-4.5394002185,15.318085366499998,-0.7247373253822081,3.5342917352885173,-0.5193419175526847,21.392471080587626,3.6450210271352588
1.3900000000000001,-21.9309055945,1.4269656414999998,29.659330326499997,-1.0014358908739325,3.0117570869351593,-0.3160749387459683,36.91445145946687,3.1895858604429965
1.395,-25.689794539499996,9.7635988065,34.2131463205,-2.1848542957935853,1.9964863201465184,-0.5321126662224523,43.884311391247266,3.0071065511441786
1.4,-31.301748068499997,-7.216125336,19.881413811,-1.285584045211944,0.7162236092909798,-0.6257644158905901,37.77753978401619,1.599150930964365
1.4050000000000002,-12.655776024499998,-7.900825639,13.6660571075,-0.053211249168952715,-0.03086248263009053,-0.23412946143680693,20.232469681816898,0.24207547291062403
1.4090000000000003,-12.655776024499998,-7.900825639,13.6660571075,-0.053211249168952715,-0.03086248263009053,-0.23412946143680693,20.232469681816898,0.24207547291062403
1.415,1.608878999,-3.5098981014999997,7.4747266965,-0.04789008934547241,0.17134019439875972,-0.0276699263623425,8.413050309115377,0.18004595996305933
1.42,-2.4707854675,-0.17240090699999996,11.2718615765,-0.1383492827458621,0.3565154392451533,-0.04044050049918502,11.540769744645315,0.38455066836124946
1.4250000000000003,-4.855468548,1.929752587,11.042091766999999,-0.1660192091082046,0.31713906599090924,-0.032990911652897616,12.21586306645992,0.35948291367210955
1.4300000000000002,-4.357486861,0.9529121805,9.2224678595,-0.11600051620699993,0.21071656765300378,-0.015963304937515736,10.244493486114548,0.24106517531215801
1.435,-4.697385349999999,-0.6416491095,9.0357492435,-0.08088117553129522,0.13196399567744085,-0.013834875914708653,10.204014263882993,0.15539518815605327
1.44,-4.697385349999999,-0.6416491095,9.0357492435,-0.08088117553129522,0.13196399567744085,-0.013834875914708653,10.204014263882993,0.15539518815605327
1.4450000000000003,-4.3766098285,-1.4412833504999998,9.260811860999999,-0.08620216082185034,0.07023885588433461,-0.013834875914708653,10.343821712123114,0.11205227886068118
1.4500000000000002,-3.701421976,-0.69431082,9.351719506499999,-0.11174365816138576,0.026605624584476358,-0.019156035738188967,10.081530136216298,0.11645367363901193
1.455,-3.744571236,0.09100571199999999,8.954354048499999,-0.10855092736071252,0.001064301777866142,-0.010642319646960623,9.706212042139999,0.1090765581443288
1.46,-3.7349607189999996,-0.2393803265,8.8872765625,-0.11174365816138576,-0.013834875914708653,-0.023412893783803134,9.64317993255078,0.1150052717321935
1.4650000000000003,-3.596098555,-0.2346731345,8.983087532999999,-0.12877126487676763,-0.029798355385149588,-0.03831207147637793,9.678990542555,0.13761466296304842
1.4700000000000002,-3.596098555,-0.2346731345,8.983087532999999,-0.12877126487676763,-0.029798355385149588,-0.03831207147637793,9.678990542555,0.13761466296304842
1.475,-3.5864880379999997,-0.0048052584999999995,9.169806149,-0.1383492827458621,-0.028734053607283445,-0.04895439112333855,9.846230971669543,0.14954164063316125
1.48,-3.5912932964999995,-0.0765899365,9.174611407499999,-0.1308996938995747,-0.024477195561669274,-0.05108282014614563,9.85275332272599,0.14263000203200593
1.4850000000000003,-3.6871042669999996,-0.6559668185,9.2560066025,-0.11600051620699993,-0.02128446476099605,-0.04895439112333855,9.984923062709408,0.12769369839858716
1.4900000000000002,-3.8259664309999994,-1.005573891,9.342207056,-0.10429406931509835,-0.02128446476099605,-0.04363323129985824,10.145246702696586,0.11503973317133326
1.4940000000000002,-3.864212366,-0.8619064684999999,9.227273118,-0.10216564029229126,-0.02554132280661022,-0.04044050049918502,10.04079624154155,0.11280785126785235
1.5,-3.806745397,-0.842783501,9.2224678595,-0.08088117553129522,-0.03937637325424407,-0.02554132280661022,10.012767248201119,0.09351268628744018
1.505,-3.806745397,-0.842783501,9.2224678595,-0.08088117553129522,-0.03937637325424407,-0.02554132280661022,10.012767248201119,0.09351268628744018
1.5100000000000002,-3.7253502019999996,-0.9336911465,9.265519053,-0.07449571392994878,-0.0425689295219921,-0.014899177692574794,10.029947986211091,0.08708450292960289
1.5150000000000001,-3.6966167175,-0.90025047,9.2703243115,-0.06385356881591334,-0.046825962100531464,-0.002128429022807085,10.020695530013056,0.07921161017978436
1.52,-3.67749375,-0.8475887595,9.246396085499999,-0.05214694739108658,-0.05108282014614563,0.012770748669767708,9.986901799680895,0.07410702165030374
1.525,-3.6391497484999995,-0.7805112734999999,9.160195631999999,-0.0425689295219921,-0.053211249168952715,0.024477195561669274,9.887456333991066,0.072406380252937
1.5300000000000002,-3.6248320394999998,-0.7901217905,9.0932162125,-0.0351195152086299,-0.0553396781917598,0.03192678440795667,9.820910387824618,0.07290528028537348
1.5340000000000003,-3.5769755874999998,-0.7901217905,9.136267406,-0.026605624584476358,-0.060660838015240116,0.04044050049918502,9.843293600788908,0.07760818648097555
1.54,-3.5243138769999995,-0.6895055615,9.169806149,-0.024477195561669274,-0.0627892670380472,0.04469753307772438,9.847921152872438,0.08086714178808145
1.545,-3.4859698755,-0.6512596264999999,9.088410954,-0.019156035738188967,-0.0627892670380472,0.046825962100531464,9.755784886045285,0.08063570230994695
1.5500000000000003,-3.4715540999999996,-0.6751878524999999,9.045261693999999,-0.012770748669767708,-0.0553396781917598,0.04789008934547241,9.712071129184244,0.07429019222933293
1.5550000000000002,-3.433308165,-0.7039213369999999,9.021333468,-0.009578017869094483,-0.050018518368279495,0.04895439112333855,9.678200646060013,0.07064080277230302
1.56,-3.4236976479999996,-0.6847003029999998,9.007015759,-0.011706446891901567,-0.03831207147637793,0.04363323129985824,9.660064853442929,0.05923440379805415
1.565,-3.4428206154999996,-0.565059173,8.997405242,-0.023412893783803134,-0.0276699263623425,0.03618364245357084,9.650160970070514,0.051215665586194996
1.5700000000000003,-3.4045746804999997,-0.4310022675,8.954354048499999,-0.028734053607283445,-0.014899177692574794,0.02128446476099605,9.589439406742196,0.038738350155669246
1.5750000000000002,-3.35191297,-0.46444294399999997,9.011821017499999,-0.028734053607283445,-0.00425685804561417,0.011706446891901567,9.62621139691729,0.03131784756268637
1.58,-3.4236976479999996,-0.5745716235,9.054872211,-0.028734053607283445,0.00851371609122834,0.0053211598234803115,9.69755375819037,0.03043754162634197
1.585,-3.399769422,-0.6847003029999998,9.050066952499998,-0.026605624584476358,0.015963304937515736,-0.0031927308006732273,9.691798515880688,0.03119102265113753
1.5900000000000003,-3.3949641634999996,-0.6033051079999999,9.021333468,-0.02128446476099605,0.02128446476099605,-0.00425685804561417,9.657857747225574,0.0304002914582192
1.5950000000000002,-3.3806464544999995,-0.5363256885,9.050066952499998,-0.019156035738188967,0.0276699263623425,-0.006385287068421255,9.675749456202398,0.034254202969071945
1.6,-3.433308165,-0.6512596264999999,9.064482728,-0.014899177692574794,0.037247944231436986,-0.009578017869094483,9.714761509330783,0.0412447969043836
1.605,-3.4763593585,-0.7278495629999999,9.064482728,-0.00851371609122834,0.046825962100531464,-0.009578017869094483,9.735485940722228,0.04854783738358633
1.6100000000000003,-3.505092843,-0.6416491095,9.064482728,-0.006385287068421255,0.05214694739108658,-0.011706446891901567,9.739724664690593,0.05382487261469191
1.6150000000000002,-3.457236391,-0.6320385924999999,9.064482728,-0.002128429022807085,0.05853240899243303,-0.01702760671538188,9.721975281385692,0.060996003992198546
1.6190000000000002,-3.4524311324999997,-0.7039213369999999,9.11233918,0.006385287068421255,0.06491769606085429,-0.014899177692574794,9.769826574955268,0.06691087093074281
1.625,-3.4285029064999994,-0.6799931109999999,9.078800437,0.0053211598234803115,0.07343158668500784,-0.015963304937515736,9.728393504878275,0.07533485096204118
1.63,-3.4620416494999997,-0.627233334,9.064482728,0.00851371609122834,0.08194530277623617,-0.020220337516055103,9.723373959915547,0.08483146855992914
1.6350000000000002,-3.5098981014999997,-0.6799931109999999,9.078800437,0.014899177692574794,0.0904591934003897,-0.019156035738188967,9.75737632198288,0.09365791409041095
1.6400000000000001,-3.5002875845,-0.7278495629999999,9.078800437,0.020220337516055103,0.0979087822466771,-0.02128446476099605,9.75737646785423,0.10221555718408279
1.645,-3.529021069,-0.6895055615,9.0357492435,0.02234876653886219,0.09897290949161804,-0.020220337516055103,9.724925296175604,0.10345997403975978
1.65,-3.466846908,-0.6655773355,9.0932162125,0.0276699263623425,0.10322976753723222,-0.02128446476099605,9.754414475524058,0.1089726487282499
1.6550000000000002,-3.481164617,-0.660772077,9.0836056955,0.029798355385149588,0.10855092736071252,-0.02128446476099605,9.750231754154138,0.1145612249179121
1.6590000000000003,-3.51470336,-0.6320385924999999,9.045261693999999,0.03192678440795667,0.11280778540632669,-0.020220337516055103,9.724678483330356,0.11896965184522977
1.665,-3.5769755874999998,-0.670382594,9.0357492435,0.037247944231436986,0.11706481798486607,-0.019156035738188967,9.741094988106827,0.12433235566215592
1.67,-3.5912932964999995,-0.6847003029999998,8.997405242,0.03618364245357084,0.11812894522980702,-0.02234876653886219,9.711822853367085,0.1255514677258819
1.6750000000000003,-3.5816827795,-0.7134337874999999,8.9686717575,0.03618364245357084,0.11812894522980702,-0.020220337516055103,9.683724097468472,0.12519011834636865
1.6800000000000002,-3.5577545534999997,-0.670382594,9.016528209499999,0.032990911652897616,0.11812894522980702,-0.020220337516055103,9.716213832455388,0.1243049073933094
1.685,-3.6009038135,-0.6655773355,9.007015759,0.028734053607283445,0.12132167603048023,-0.01809190849324802,9.72295399281949,0.12598377698925803
1.69,-3.653565524,-0.6655773355,8.959061240499999,0.02554132280661022,0.12238597780834638,-0.02128446476099605,9.698263377467228,0.1268215879689992
1.6950000000000003,-3.653565524,-0.7134337874999999,8.959061240499999,0.020220337516055103,0.11919324700767316,-0.02234876653886219,9.701665172450417,0.12294453850132561
1.7000000000000002,-3.667883233,-0.6895055615,8.997405242,0.019156035738188967,0.11493638896205899,-0.02128446476099605,9.740743627620585,0.11844980224974025
1.705,-3.6726884914999998,-0.7087265955,8.9686717575,0.015963304937515736,0.10855092736071252,-0.01702760671538188,9.717407433906622,0.1110318437469743
1.71,-3.6966167175,-0.73746008,8.954354048499999,0.009578017869094483,0.10642249833790543,-0.015963304937515736,9.715414502304181,0.10803848241858219
1.7150000000000003,-3.6918114589999997,-0.7278495629999999,8.9015942715,0.006385287068421255,0.09578017869094482,-0.01702760671538188,9.664244275139398,0.09749130172209819
1.7200000000000002,-3.643955007,-0.6177208835,8.882471304,0.0053211598234803115,0.08833076437758261,-0.012770748669767708,9.620721576333858,0.08940766577302761
1.725,-3.605709072,-0.6320385924999999,8.8729588535,0.006385287068421255,0.08726646259971647,-0.009578017869094483,9.598437868227126,0.08802241653075968
1.73,-3.5769755874999998,-0.6033051079999999,8.930327755999999,0.00425685804561417,0.0830096045541023,-0.0053211598234803115,9.638956646675709,0.083288834969136
1.7350000000000003,-3.5864880379999997,-0.565059173,8.973477015999999,0.0053211598234803115,0.0830096045541023,-0.0053211598234803115,9.680158990036722,0.08335000859005645
1.7400000000000002,-3.5864880379999997,-0.6081103664999999,8.973477015999999,0.007449588846287397,0.08407373179904325,-0.0053211598234803115,9.682767394771089,0.08457070115863534
1.7440000000000002,-3.5912932964999995,-0.7087265955,9.0357492435,0.007449588846287397,0.08620216082185034,-0.0053211598234803115,9.749074075011723,0.08668692892358051
1.75,-3.6104162639999995,-0.809244758,9.0836056955,0.002128429022807085,0.08726646259971647,-0.007449588846287397,9.808255456962069,0.08760971452271472
1.755,-3.6152215224999997,-0.7996342409999999,9.073995178499999,-0.00425685804561417,0.09152332064533064,-0.012770748669767708,9.800338263323777,0.09250800551279273
1.7600000000000002,-3.5816827795,-0.7134337874999999,8.997405242,-0.007449588846287397,0.09365174966813773,-0.014899177692574794,9.710341929658425,0.09512166990647916
1.7650000000000001,-3.5338263275,-0.5985979159999999,8.954354048499999,-0.011706446891901567,0.09897290949161804,-0.019156035738188967,9.645035220457208,0.10148709975790864
1.77,-3.5625598119999995,-0.627233334,8.939938273,-0.012770748669767708,0.10642249833790543,-0.024477195561669274,9.64405259185206,0.10994531948487875
1.775,-3.6344425565,-0.7087265955,8.930327755999999,-0.013834875914708653,0.10961522913857867,-0.03192678440795667,9.667586043746972,0.11500531210909623
1.7800000000000002,-3.596098555,-0.6655773355,8.9925999835,-0.014899177692574794,0.11493638896205899,-0.03937637325424407,9.707820170875054,0.1224044842896296
1.7840000000000003,-3.6104162639999995,-0.6895055615,8.973477015999999,-0.00851371609122834,0.12451440683115346,-0.0425689295219921,9.697103344575398,0.13186521387706604
1.79,-3.6248320394999998,-0.718239046,8.997405242,-0.0031927308006732273,0.12983539212170858,-0.04469753307772438,9.72669397742901,0.1373509812145427
1.795,-3.667883233,-0.670382594,8.9686717575,0.0,0.1383492827458621,-0.046825962100531464,9.71287049882983,0.14605887430394263
1.8000000000000003,-3.6344425565,-0.636843851,8.9686717575,0.006385287068421255,0.14473456981428337,-0.04576166032266532,9.698031546702294,0.15193089595522966
1.8050000000000002,-3.605709072,-0.636843851,9.011821017499999,0.015963304937515736,0.1479273006149566,-0.05214694739108658,9.727262001915767,0.1576598157234893
1.81,-3.5912932964999995,-0.6177208835,9.002210500499999,0.01702760671538188,0.15112003141562982,-0.053211249168952715,9.711784621103904,0.16111685300934547
1.815,-3.529021069,-0.6320385924999999,8.94954879,0.013834875914708653,0.16176217652966526,-0.05108282014614563,9.640948399013748,0.1701994713895241
1.8200000000000003,-3.6583707824999996,-0.660772077,8.963866499,0.01809190849324802,0.1734686234215668,-0.054275550946818865,9.704184619631217,0.18265956283557164
1.8250000000000002,-3.6583707824999996,-0.6751878524999999,9.030943985,0.01702760671538188,0.18411094306852746,-0.053211249168952715,9.767164618179676,0.1924011844718131
1.83,-3.620026781,-0.6559668185,9.002210500499999,0.02128446476099605,0.192624833692681,-0.05108282014614563,9.724951426996572,0.20041658990557282
1.835,-3.6009038135,-0.6033051079999999,8.954354048499999,0.023412893783803134,0.20433128058458253,-0.053211249168952715,9.67010557094937,0.21244028068797927
1.8400000000000003,-3.6726884914999998,-0.6177208835,8.963866499,0.024477195561669274,0.21923045827715734,-0.054275550946818865,9.706756536423642,0.22717165837656192
1.8450000000000002,-3.744571236,-0.612915625,8.9208153055,0.023412893783803134,0.22774417436838568,-0.05640397996962595,9.694247006327554,0.23579012174067698
1.85,-3.6152215224999997,-0.6177208835,8.944743531499999,0.02234876653886219,0.23200103241399986,-0.05746810721456689,9.667463089713365,0.24005526395768817
1.855,-3.5769755874999998,-0.6081103664999999,8.973477015999999,0.020220337516055103,0.24902863912938172,-0.05853240899243303,9.679248024929208,0.2566128758623629
1.8600000000000003,-3.6871042669999996,-0.670382594,8.9686717575,0.02128446476099605,0.2660562458447636,-0.05853240899243303,9.720145255696846,0.27324896577229496
1.8650000000000002,-3.667883233,-0.5793768819999999,8.973477015999999,0.019156035738188967,0.2756342637138581,-0.06172513979310626,9.71145379121987,0.28310986192777166
1.8690000000000002,-3.653565524,-0.660772077,8.9015942715,0.013834875914708653,0.29053344140643284,-0.06491769606085429,9.64487124591645,0.2980191128583702
1.875,-3.643955007,-0.7565830474999999,8.9686717575,0.01809190849324802,0.3064969208768738,-0.06598199783872043,9.710195625968762,0.31404028992904975
1.88,-3.481164617,-0.7805112734999999,8.983087532999999,0.026605624584476358,0.32884551288281083,-0.06704612508366137,9.66558671598643,0.33666365038629126
1.8850000000000002,-3.5673650704999997,-0.5123974625,8.954354048499999,0.029798355385149588,0.369286187914921,-0.06917455410646846,9.652414264404955,0.37688904136923745
1.8900000000000001,-3.643955007,-0.69431082,8.983087532999999,0.03086248263009053,0.39908436876714537,-0.06704612508366137,9.718865017755387,0.4058522010745999
1.895,-3.7205449434999998,-0.670382594,8.983087532999999,0.03086248263009053,0.42143313530600757,-0.06917455410646846,9.746164841848387,0.42818629042015466
1.9,-3.744571236,-0.670382594,8.9112047885,0.032990911652897616,0.44058917104419654,-0.07023885588433461,9.689210357217044,0.447370891731952
1.9050000000000002,-3.744571236,-0.6655773355,8.925620563999999,0.032990911652897616,0.4618738103381178,-0.07130315766220074,9.70213942300921,0.46850822534993086
1.9090000000000003,-3.629637298,-0.6559668185,8.939938273,0.029798355385149588,0.4906078639454013,-0.07343158668500784,9.670938719020814,0.496967017086453
1.915,-3.7205449434999998,-0.6559668185,8.8872765625,0.0276699263623425,0.5214703465754918,-0.07343158668500784,9.656936980323433,0.5273415829474657
1.92,-3.8498946569999997,-0.718239046,8.839420110499999,0.032990911652897616,0.5502044001827753,-0.07130315766220074,9.668138605083605,0.5557854105001115
1.9250000000000003,-3.864212366,-0.7278495629999999,8.868153594999999,0.04150480227705115,0.5714888649437712,-0.06704612508366137,9.700827303916817,0.5769032451421218
1.9300000000000002,-3.8690176244999996,-0.7469725305,8.9208153055,0.04576166032266532,0.5927735042376925,-0.06598199783872043,9.752343874928542,0.5981874128736826
1.935,-3.864212366,-0.7805112734999999,8.9015942715,0.05214694739108658,0.6161863980214956,-0.060660838015240116,9.735487436795836,0.6213571585631125
1.94,-3.830673623,-0.73746008,8.844225369,0.05853240899243303,0.642792022605972,-0.05853240899243303,9.666345232465305,0.6481000463900549
1.9450000000000003,-3.9168740764999996,-0.6751878524999999,8.8633483365,0.06704612508366137,0.6672692181676413,-0.05640397996962595,9.713738976391047,0.6729968806459679
1.9500000000000002,-3.9887568209999995,-0.7230443045,8.834614852,0.07556001570781491,0.6896179847065035,-0.05959653623737397,9.720256870398172,0.6963002426654159
1.955,-3.9552180779999997,-0.7134337874999999,8.7867584,0.07875274650848814,0.7140950057352476,-0.05746810721456689,9.662290670107952,0.7207192627129364
1.96,-4.0174903055,-0.6991160785,8.743609139999998,0.08407373179904325,0.7407008048526491,-0.05108282014614563,9.647781736704827,0.7472051453262772
1.9650000000000003,-4.060541498999999,-0.7326548214999999,8.801076109,0.08620216082185034,0.7673064294371255,-0.04576166032266532,9.720273711628646,0.7734882667121677
1.9700000000000002,-4.0510290485,-0.7278495629999999,8.7962708505,0.0904591934003897,0.796040483044409,-0.04469753307772438,9.711590097069896,0.8024096122177621
1.975,-4.141936694,-0.69431082,8.781953141499999,0.09897290949161804,0.8226461076288852,-0.04044050049918502,9.734495779000289,0.829564758949424
1.98,-4.1467419525,-0.7565830474999999,8.781953141499999,0.10429406931509835,0.8503158594583026,-0.03831207147637793,9.74117999566221,0.8575442429177782
1.9850000000000003,-4.199403663,-0.718239046,8.7484143985,0.10961522913857867,0.8758573567978379,-0.037247944231436986,9.73065326377931,0.8834755329184089
1.9900000000000002,-4.2616758905,-0.7134337874999999,8.686142170999998,0.1277069630989015,0.9045914104051215,-0.032990911652897616,9.701542917476587,0.9141570370862768
1.9940000000000002,-4.357486861,-0.7230443045,8.714875655499998,0.13515655194518889,0.9333254640124049,-0.0351195152086299,9.770339937836557,0.9437145202105204
2.0,-4.319142859499999,-0.73746008,8.6766297205,0.14686299883709047,0.9567383577962081,-0.03831207147637793,9.720223542544037,0.9687026584699865
2.005,-4.3478763439999994,-0.7134337874999999,8.6430909775,0.16069804928472428,0.9833439823806843,-0.03831207147637793,9.701342078145853,0.9971243982317504
2.0100000000000002,-4.3862203455,-0.6895055615,8.6334804605,0.16389060555247234,1.0152707667886411,-0.03618364245357084,9.708312505294257,1.0290501039624647
2.015,-4.496349025,-0.7230443045,8.628675202,0.17666135422224005,1.0450691221737907,-0.0351195152086299,9.756740406636741,1.0604772909144364
2.02,-4.553815994,-0.7469725305,8.604746976,0.18623937209133454,1.0748674775589402,-0.029798355385149588,9.764060558472224,1.0912896682432913
2.025,-4.5968671875,-0.73746008,8.614357493,0.19368896093762192,1.1025372293883575,-0.026605624584476358,9.791945175822473,1.1197372973318256
2.0300000000000002,-4.5872566704999995,-0.7565830474999999,8.532962298,0.19794581898323607,1.128078726727893,-0.019156035738188967,9.717344660343203,1.1454741876856813
2.0340000000000003,-4.6159901549999995,-0.73746008,8.5616957825,0.20113854978390933,1.1685192272270781,-0.014899177692574794,9.754683344564743,1.1857975738314095
2.04,-4.687872899499999,-0.7421672719999999,8.571208233,0.20220285156177545,1.2047028696806488,-0.012770748669767708,9.797580066268479,1.2216210907716394
2.045,-4.74053461,-0.7326548214999999,8.4803005875,0.2032669788067164,1.2419508139120858,-0.010642319646960623,9.742943576272415,1.258519983082339
2.0500000000000003,-4.8267350635,-0.6751878524999999,8.427638877,0.20539540782952348,1.2813270126334046,-0.007449588846287397,9.735417148253367,1.297706316250129
2.055,-4.788391062,-0.636843851,8.437151327499999,0.20965244040806286,1.3185749568648415,-0.006385287068421255,9.722128448870288,1.3351534872557242
2.06,-4.8315403219999995,-0.6799931109999999,8.451567103,0.2085881386301967,1.3590154573640265,-0.006385287068421255,9.758850291434497,1.374944652276051
2.065,-4.893714483,-0.660772077,8.432346069,0.21071656765300378,1.4026486886638847,-0.00425685804561417,9.771873996641924,1.4183944925634755
2.0700000000000003,-4.855468548,-0.588987399,8.3989053925,0.2085881386301967,1.4505389525422825,-0.001064301777866142,9.719264003460529,1.4654601315484317
2.075,-4.855468548,-0.588987399,8.3989053925,0.2085881386301967,1.4505389525422825,-0.001064301777866142,9.719264003460529,1.4654601315484317
2.08,-4.903325,-0.38304774899999994,8.394100134,0.19901012076110225,1.5644110397264754,-0.015963304937515736,9.728835423279488,1.5770991587366814
2.085,-4.8602738064999995,-0.359119523,8.3892948755,0.18943210289200774,1.6282646085423886,-0.03192678440795667,9.702138775241275,1.6395577076152028
2.0900000000000003,-4.893714483,-0.29214010349999997,8.437151327499999,0.17985408502291328,1.7048887514951445,-0.06172513979310626,9.758038214945254,1.715460037353415
2.095,-4.8075140295,-0.26340661899999995,8.451567103,0.16282647830753139,1.790026785072054,-0.09258762242319679,9.726796013450892,1.7998002170072673
2.1,-4.845858031,-0.31126307099999995,8.499423555,0.13728498096799596,1.8783575494496365,-0.12238597780834638,9.788739731102487,1.8873400798843678
2.105,-4.903325,-0.335191297,8.4228336185,0.10961522913857867,1.9805230152090028,-0.15112003141562982,9.751875482497883,1.9893024345550687
2.1100000000000003,-4.903325,-0.335191297,8.4228336185,0.10961522913857867,1.9805230152090028,-0.15112003141562982,9.751875482497883,1.9893024345550687
2.115,-4.893714483,-0.33999655549999996,8.537767556499999,0.08833076437758261,2.0933309751482545,-0.18198251404572036,9.846700663049516,2.103082150290157
2.119,-4.9272532259999995,-0.29684729549999994,8.489813038,0.054275550946818865,2.2114599203780614,-0.21603772747648411,9.820532984017103,2.2226500207100366
2.125,-4.9847201949999995,-0.1340569055,8.580818749999999,-0.03192678440795667,2.495608074716073,-0.3043683173211415,9.924507901992149,2.5143028963789544
2.13,-4.9559867104999995,-0.17240090699999996,8.523351781,-0.08194530277623617,2.645663804353837,-0.3522585811995391,9.860986356854111,2.670269294723628
2.1350000000000002,-5.171438811,-0.3064578125,8.441956586,-0.13196399567744085,2.825517714843825,-0.4086623866362399,9.90476283242906,2.8579660248684995
2.14,-5.171438811,-0.3064578125,8.441956586,-0.13196399567744085,2.825517714843825,-0.4086623866362399,9.90476283242906,2.8579660248684995
2.145,-5.190659845,-0.2154521005,8.427638877,-0.19475326271548807,3.024528010137852,-0.46293793758305873,9.900225566886196,3.065943582569715
2.15,-5.3343272675,-0.22025735899999999,8.394100134,-0.2532856717079211,3.234180450545915,-0.5118923287063973,9.948089151219268,3.2842214563537535
2.1550000000000002,-5.425234913,-0.17720616549999998,8.360561391,-0.28734088513868483,3.4491538762445333,-0.5480759711599681,9.968127339626294,3.504228091384451
2.1590000000000003,-5.444455947,-0.11012867949999999,8.3989053925,-0.30756104812181473,3.663063000165285,-0.5885164716591531,10.00978724434429,3.722764561305996
2.165,-6.071689281,0.16279038999999998,8.465884812,-0.3458731195981927,4.133450526594631,-0.6896179847065035,10.419362604600098,4.2048322719814495
2.17,-6.071689281,0.16279038999999998,8.465884812,-0.3458731195981927,4.133450526594631,-0.6896179847065035,10.419362604600098,4.2048322719814495
2.1750000000000003,-6.4499317715,0.25379610199999997,8.2265044855,-0.3714146169377281,4.3697085915871705,-0.7449576628982633,10.45664422118048,4.448287750649296
2.18,-7.263981788,0.148472681,8.0205648355,-0.3586438682679604,4.614480547203863,-0.800297341090023,10.82205783729962,4.697076961145605
2.185,-8.614357493,0.4213917505,8.5616957825,-0.310753778922488,4.841160245261457,-0.8354168562986529,12.15266887134974,4.922532047148348
2.19,-9.849701193499998,0.2393803265,8.959061240499999,-0.2383864940153463,5.008243756147528,-0.836480983543594,13.3168575442174,5.083211000671691
2.1950000000000003,-11.482606485,-0.0048052584999999995,9.816260517,-0.13196399567744085,5.105088062083414,-0.8024257701128302,15.106596086395056,5.169451202431735
2.2,-12.919084577,0.05266171049999999,11.003747765499998,0.06172513979310626,5.097638647770052,-0.7321869142284956,16.970208733253056,5.150323043605013
2.205,-13.996541212499999,-0.25379610199999997,12.109839819,0.32884551288281083,5.002922770856974,-0.6140579689986886,18.50988381423393,5.0511823182095865
2.21,-13.623005913999998,-1.1970977655,11.5591964215,0.6151220962436295,4.841160245261457,-0.5310483644445863,17.906265805685518,4.908891940037629
2.2150000000000003,-12.794638188499999,-1.0486250844999998,10.002979132999998,0.8428662706120151,4.728352459855131,-0.49805745279168867,16.274580562266376,4.8286438842634505
2.22,-11.899192976999998,-0.20593965,9.6965213205,1.031234246259082,4.682590799532465,-0.4459103308676769,15.35108238406137,4.815489247179164
2.225,-10.5775507565,0.3064578125,8.7484143985,1.2504645300033141,4.659177905748662,-0.369286187914921,13.730012778036958,4.838178643539078
2.23,-10.314242204,1.072651377,9.725254805,1.4824657369502392,4.685783530333138,-0.2777626927366652,14.216706870493264,4.922542439415736
2.2350000000000003,-10.941475538,0.3064578125,10.6924846945,1.6144295580947547,4.658113778503721,-0.2788269945145313,15.301602278245616,4.937828598119445
2.24,-10.443493851,-0.014317708999999998,9.816260517,1.6101727000491408,4.567654759636256,-0.3682218861370549,14.332680815195701,4.857130169620907
2.244,-10.548817271999999,0.277724328,10.443493851,1.5346126843413257,4.5165715904242605,-0.4820939733212477,14.8465901962802,4.794462391288672
2.25,-11.3293285455,0.9336911465,11.381990255999998,1.481401435172373,4.411213393864221,-0.545947542137161,16.086490190113334,4.685233455987383
2.255,-12.239189532500001,0.023928225999999997,11.4299447745,1.5143925213581957,4.230295007063442,-0.6193789542892437,16.746401718595457,4.535681960251177
2.2600000000000002,-12.919084577,-0.287334845,10.386026882,1.5271630954950384,4.0366060461258195,-0.739636503074783,16.578747299312365,4.378752978707774
2.265,-13.125024226999999,0.8715169855,8.3461456155,1.4728875445482197,3.9046420504483796,-0.8705361969743577,15.578316643671158,4.263034193066904
2.27,-12.550452603499998,1.5131660949999999,7.527388407,1.4281901860034203,3.855687833857966,-0.9897294439820309,14.712753257415672,4.229139422133278
2.275,-11.832115490999998,1.6376124834999999,8.063714095499998,1.3728505078116606,3.8109904753131665,-1.1238216941493537,14.411947011158572,4.203729548861003
2.2800000000000002,-11.0133582825,1.4844326104999999,9.303863054499999,1.3164465278420345,3.706696231465143,-1.2504645300033141,14.493428461572412,4.127504082835249
2.2840000000000003,-9.586392641,1.3743039309999998,10.453104368,1.2600425478724087,3.5513195165368243,-1.3696577770109872,14.249737755147695,4.009431375782707
2.29,-8.2265044855,1.1731695395,10.8313468585,1.2121524585269363,3.402327914144002,-1.479273006149566,13.651731669920123,3.9029985197024026
2.295,-7.5465113745,0.8906399529999999,10.740341146499999,1.1663907982042707,3.2799419363356552,-1.5835670754646645,13.156671364541207,3.8244177703755895
2.3000000000000003,-6.497886289999999,1.0343073754999998,10.208918783,1.1025372293883575,3.1384000973220454,-1.6793472541556091,12.145548184527277,3.7263052361687126
2.305,-4.979914936499999,1.4269656414999998,8.638285718999999,1.0088854797202198,2.9670597283903604,-1.7442651247493886,10.072525198770993,3.5866076128346096
2.31,-3.8929458505,1.8866033269999998,6.751682391999999,0.877985785820645,2.818068300530463,-1.7847056252485736,8.018697813910652,3.449281396950914
2.315,-2.140399429,0.8810294359999999,8.039687803,0.8652150371508773,2.6765264615168523,-1.810246948055184,8.366247818016687,3.345053807138986
2.3200000000000003,0.8283677254999999,-3.7253502019999996,9.346914248,1.0695463177354598,2.318946720493833,-1.8698436588254832,10.096000850616885,3.1650842842996227
2.325,-11.9039982355,-0.36392478149999996,10.50096082,0.9929220002497788,1.9358254821312784,-2.044376584024916,15.877902675748834,2.98542961952852
2.33,-14.9589658435,1.9776090389999998,19.4360938345,1.1195648361037394,1.3249602439332628,-1.9613669794708137,24.60575827243743,2.618378410085553
2.335,-11.3964060315,0.7230443045,19.8622908435,1.3654009189653733,0.351194279421673,-1.8027975337418216,22.910946315088413,2.2886100670659446
2.3400000000000003,-8.2504327115,0.9097629205,16.572650101,1.5122640923353887,-0.4363323129985824,-1.672961967087188,18.535102909578928,2.2969828723031225
2.345,-5.4778966235,2.4229290155,13.843263273,1.5165207758480779,-0.9844082841585505,-1.5399338441648063,15.083563056436471,2.3749297206239675
2.35,-3.040649899,3.816355914,11.0133582825,1.3909422417719834,-1.381364398435814,-1.403712990441751,12.045919845712193,2.4110781988037076
2.355,-1.398232157,4.242552923,8.312704939,1.1983175826122276,-1.6452922152577705,-1.2685564384965622,9.436915379094998,2.3983717268256224
2.3600000000000003,-0.3064578125,4.3287533765,6.6702871969999995,0.9471605144600388,-1.774063480134538,-1.146170460688216,7.957685183259296,2.3147615420715613
2.365,0.1579851315,4.218624697,5.602441078499999,0.642792022605972,-1.81131124983305,-1.0354911043046962,7.014919790986754,2.1831792998267003
2.369,0.49798168699999995,4.2856041165,5.008648420999999,0.29798303025272027,-1.7868340542713808,-0.9216190171205033,6.610669210385201,2.0324742154676048
2.375,0.6512596264999999,4.290409374999999,4.544205477,-0.053211249168952715,-1.7187236274098532,-0.7928477522437357,6.283434978050908,1.8935284266925987
2.38,0.5506433974999999,3.744571236,4.323948118,-0.3565154392451533,-1.6399710554342903,-0.6481131824294523,5.746437959279179,1.7990717101664564
2.3850000000000002,0.42619700899999996,2.9640599625,4.314337601,-0.5874523444142122,-1.5867596317324124,-0.48635083136686186,5.251742976115499,1.760523648527498
2.39,0.24418558499999998,2.2936773684999996,4.41495383,-0.7364437722741098,-1.5633467379486092,-0.30330419007620063,4.981204652664107,1.7545358031381573
2.395,-0.18191335749999998,1.6902741940000001,4.788391062,-0.7971046102893499,-1.5665394687492824,-0.10216564029229126,5.081221140944444,1.7606417821209839
2.4,-0.6895055615,1.1157025704999999,5.157121102,-0.7758201455283538,-1.6027231112028533,0.11600051620699993,5.321288209245336,1.7843974863106258
2.4050000000000002,-1.072651377,0.627233334,5.449163139,-0.6960032717749247,-1.6676408072637074,0.33523097448415723,5.589041201073498,1.8378863464932065
2.4090000000000003,-1.316836962,0.392658266,5.655102788999999,-0.5821311845907319,-1.7485219827950027,0.5480759711599681,5.819658723026899,1.9226526234744847
2.415,-1.4987503194999998,0.277724328,5.832308954499999,-0.45655265051463745,-1.8400453034403332,0.7524072517445507,6.028201312440161,2.03968716078779
2.42,-1.6902741940000001,0.22986787599999997,6.0525663135,-0.33735940350696436,-1.9315686240856642,0.934389765790271,6.2883563091346915,2.172061912354332
2.4250000000000003,-1.9728037804999998,0.11012867949999999,6.2967518985,-0.23945062126028724,-2.0305417081102073,1.1004088003655506,6.599482370130771,2.3219250109163743
2.43,-2.427734274,0.06707748599999999,6.588892002,-0.17985408502291328,-2.1337714756474395,1.2462076719577,7.0222425839828375,2.4775717474640992
2.435,-3.1843173215,0.028733484499999996,6.9575239755,-0.1457988715921495,-2.247643562831632,1.364336617187507,7.651656179337501,2.6333577997481976
2.44,-3.9264845935,-0.047856451999999994,7.287910014,-0.15112003141562982,-2.382800289309747,1.4547958105878969,8.27847835505731,2.795890794207415
2.4450000000000003,-4.5872566704999995,-0.11012867949999999,7.517777889999999,-0.19368896093762192,-2.536048749748183,1.5154566486031367,8.807498878255277,2.9606870027890264
2.45,-5.0948488745,-0.2250626175,7.694984055499999,-0.2628636895770156,-2.702067784323463,1.5516402910567075,9.231517635263938,3.1269562234235537
2.455,-5.396501428499999,-0.474053461,7.7141070229999995,-0.3437446905753856,-2.8670226916538013,1.560154007147936,9.426261269134573,3.2820816645501583
2.46,-5.59763582,-0.8522959514999999,7.565634342,-0.4256899933516217,-3.0181425485365057,1.5473834330110936,9.449802016928192,3.418302488441205
2.4650000000000003,-5.664713306,-1.3263494125,7.359792758499999,-0.487415133144728,-3.1511706714588876,1.5122640923353887,9.381616547870712,3.5290781795885633
2.47,-5.746108501,-1.9249473284999998,7.187391851499999,-0.5193419175526847,-3.263978805931065,1.4633097012120502,9.401158798242498,3.6144915208858603
2.475,-5.7796472439999995,-2.518739986,7.005478493999999,-0.5118923287063973,-3.35550195204347,1.398392005151196,9.424707014652952,3.671093475577376
2.48,-5.8178931789999995,-2.9017877349999996,6.86661633,-0.46719479562867294,-3.4299978405063443,1.3249602439332628,9.456144717836853,3.7065719756864826
2.4850000000000003,-5.9615606015,-3.18912258,6.756389584,-0.39269908169872414,-3.4874659477209113,1.2398223848892789,9.558216771260557,3.722068087952244
2.49,-6.167500251499999,-3.3231794855,6.6702871969999995,-0.2990473320305864,-3.5342917352885173,1.146170460688216,9.67338164943174,3.7275131256479255
2.494,-6.3638293845,-3.2800302254999996,6.617527419999999,-0.2032669788067164,-3.5694114250300726,1.050390281997271,9.749286736457753,3.7263031452530444
2.5,-6.593599193999999,-3.0981168679999995,6.617527419999999,-0.11600051620699993,-3.5949527478366825,0.9535458015284599,9.842029649079269,3.721073900710836
2.505,-6.8522005544999995,-2.8395155074999994,6.651066163,-0.04576166032266532,-3.6173013398426197,0.8556370192817828,9.962538926449755,3.71740202581697
2.5100000000000002,-7.125119623999999,-2.4947136935,6.7372666164999995,-0.001064301777866142,-3.633264644780135,0.7619852696136452,10.118383642195607,3.7123085355147647
2.515,-7.441187953499999,-2.059004234,6.789928326999999,0.020220337516055103,-3.644971091672037,0.6747188070139287,10.281726668256672,3.706948689921726
2.52,-7.738035248999999,-1.642417742,6.876128780499999,0.014899177692574794,-3.6524208550512496,0.5991587913061138,10.48121522343775,3.7012688831140896
2.525,-7.991831350999999,-1.2210259915,6.923985232499999,-0.009578017869094483,-3.658806316652596,0.5374336515130075,10.644333906573163,3.6980792759190333
2.5300000000000002,-8.1929657425,-0.8283677254999999,6.991062718499999,-0.04789008934547241,-3.656677887629789,0.4969931510138225,10.80212195267343,3.690608191977688
2.5340000000000003,-8.2839714545,-0.4549304935,6.9767450095,-0.09578017869094482,-3.6513565532733834,0.4746443844749603,10.84002378874097,3.683322659430771
2.54,-8.3892948755,-0.153179873,7.019796202999999,-0.15005572963776367,-3.6375216773586745,0.47251595545215325,10.939893569557066,3.671151318511435
2.545,-8.427638877,0.0765899365,7.005478493999999,-0.20220285156177545,-3.6141087835748715,0.487415133144728,10.959365492098135,3.6524295755991303
2.5500000000000003,-8.4467618445,0.2346731345,7.010185686,-0.2405149230381534,-3.583246300944781,0.5214703465754918,10.979324227381044,3.628971314821332
2.555,-8.5616957825,0.33999655549999996,7.091580881,-0.26392781682195654,-3.5438697531576118,0.5661678796532162,11.122443603884664,3.5985020199784263
2.56,-8.6191627515,0.5075922039999999,7.091580881,-0.2713774056682439,-3.5034290781255013,0.6225716850899169,11.173098754337193,3.5686491148385864
2.565,-8.671824461999998,0.627233334,7.110801915,-0.2649921185998227,-3.464053053937108,0.6906821119514444,11.231984020171591,3.5421640508565857
2.5700000000000003,-8.695752687999999,0.7948289824999999,7.19219711,-0.2458360828616337,-3.417227091836576,0.7683705566820663,11.312628659660563,3.5111635805234886
2.575,-8.729291431,0.9672298894999999,7.240053562,-0.21923045827715734,-3.3672083989353716,0.854572892036842,11.382198299410405,3.480869032799357
2.58,-8.848932561,1.1587537639999999,7.3501822415,-0.1904962301369487,-3.3182540078120333,0.9460962126821727,11.561639016072597,3.455748329625374
2.585,-8.983087532999999,1.4030374155,7.460310921,-0.16069804928472428,-3.266107234953872,1.0450691221737907,11.760978473444494,3.4329942911958127
2.5900000000000003,-9.11233918,1.5897560314999999,7.5465113745,-0.14047771176866922,-3.212895811251994,1.146170460688216,11.937834120832454,3.4141089915845697
2.595,-9.308668312999998,1.7812799059999997,7.733229990499999,-0.1255785340760944,-3.1586204348381,1.2504645300033141,12.232216068682657,3.399457980383629
2.6,-9.5001921875,1.9728037804999998,7.728522798499999,-0.11812894522980702,-3.1043448838912813,1.3568870283412195,12.404663276474915,3.3899932173271003
2.605,-9.576782124,2.0302707494999996,7.6614453125,-0.12451440683115346,-3.0426197440981753,1.4590526686335108,12.431190588325379,3.376666023540251
2.6100000000000003,-10.160964264499999,1.9584860714999999,7.536900857499999,-0.13409242470024793,-2.968123855635301,1.5676037705271486,12.801786477382356,3.359333502664523
2.615,-11.391600773,1.733423454,7.7715739919999995,-0.15005572963776367,-2.8712793751664902,1.662319647440227,13.898585804153685,3.3211547062007503
2.619,-11.147415187999998,1.6568335174999997,8.9015942715,-0.16921176537595264,-2.827646143866632,1.7485219827950027,14.36134893569424,3.3288953814715847
2.625,-11.7076691025,1.59456129,8.513741264,-0.19688169173829514,-2.82019672955327,1.8315315873491052,14.563513718589205,3.368498174169347
2.63,-11.865654233999999,1.4412833504999998,8.360561391,-0.23412946143680693,-2.784012912566774,1.9017704432334397,14.586638916143446,3.3796856837297065
2.6350000000000002,-12.0811063345,1.5993665485,8.810686625999999,-0.2862765833608187,-2.742508459355573,1.9815873169868687,15.037928795001394,3.3955846663955884
2.64,-12.219968498499998,1.8435521334999998,9.1171444385,-0.32565295661506277,-2.731866139708613,2.069917906831526,15.357364268836506,3.4429206488765285
2.645,-13.216029939,1.8291363579999997,8.930327755999999,-0.36290072631357456,-2.731866139708613,2.1571843694312425,16.054903954688914,3.4997476975010393
2.65,-13.934268985,1.5322890624999999,8.638285718999999,-0.4129194192147792,-2.7084532459248094,2.2274233998485027,16.466078527702624,3.5309540402443598
2.6550000000000002,-14.50403535,1.1635590225,9.160195631999999,-0.4618738103381178,-2.6818474468074074,2.292340921376432,17.193897029161324,3.558154022023303
2.6590000000000003,-14.920621842,0.8906399529999999,9.3709405405,-0.4938004202131493,-2.6978109262778487,2.349809377656849,17.641789089869363,3.6115961513257395
2.665,-15.1217562335,0.588987399,9.136267406,-0.5257272046211059,-2.722288121839518,2.393442608956707,17.67726788436253,3.6627597838729122
2.67,-15.255813138999999,0.359119523,8.925620563999999,-0.562975148852543,-2.741444157577707,2.418983757230392,17.678673700715912,3.6991809235406357
2.6750000000000003,-15.389968110999998,0.1436674225,8.6430909775,-0.6161863980214956,-2.7606000187829705,2.4221764880310652,17.65148096991373,3.723914214906373
2.68,-15.5814919855,-0.08139519499999999,8.269555679,-0.680039966837409,-2.7723064656748724,2.4051490558486086,17.640155010658237,3.732677253255146
2.685,-15.787333569,-0.287334845,7.738035248999999,-0.7566641097901649,-2.777627800031278,2.364708380816498,17.58407381828204,3.7255338539402545
2.69,-15.777821118499999,-0.5267151715,7.086873688999999,-0.8460590014126884,-2.774435069230605,2.300854812000585,17.304359184989003,3.702328814834565
2.6950000000000003,-15.61022547,-0.8906399529999999,6.3685365765,-0.9301327332117316,-2.7552790334924153,2.2103957931331206,16.88285037771569,3.652746776892072
2.7,-15.3276958835,-1.3455704465,5.588025302999999,-1.0003715890960663,-2.7159026602381715,2.097587833193869,16.369937315412216,3.57445734260773
2.705,-14.839226646999998,-1.766962197,4.8075140295,-1.0482618529744638,-2.6563061240007975,1.96243128124868,15.69831182103672,3.464960558278973
2.71,-14.269460281999999,-2.241015658,4.1945984045,-1.0599682998663655,-2.573296519446695,1.813439678855857,15.041087184575808,3.32173918942576
2.7150000000000003,-13.85287379,-2.6192581484999997,3.7780119125,-1.0429406931509837,-2.467938148353731,1.6474204697476524,14.59575278980651,3.145224665691383
2.72,-13.402748554999999,-2.925715961,3.4955803924999995,-0.996114731050452,-2.351937632146731,1.4665022574797981,14.1567144844217,2.9452477067501523
2.725,-12.9478180615,-3.1843173215,3.18912258,-0.9035272831601806,-2.2348728141618643,1.2760060273428495,13.709718165884242,2.7274914167985695
2.73,-12.416297631499999,-3.4763593585,2.9113982519999997,-0.7726275892606058,-2.108230152840829,1.0812527646273615,13.21838723313747,2.4921266641260904
2.7350000000000003,-12.105132627,-3.8020382049999997,2.6958480849999997,-0.605544078374535,-1.9730734263627152,0.8896922327125467,12.971404215694525,2.2474996430749896
2.74,-12.306168951999998,-4.1324242435,2.7341920865,-0.40121297232287767,-1.8389811761953925,0.7045171623990782,13.266293030432974,2.0097681576928212
2.744,-12.306168951999998,-4.1324242435,2.7341920865,-0.40121297232287767,-1.8389811761953925,0.7045171623990782,13.266293030432974,2.0097681576928212
2.75,-12.741976478,-4.4628102819999995,2.542668212,0.05959653623737397,-1.6272003067645227,0.32565295661506277,13.738260509079943,1.6605367908053652
2.755,-12.670093733499998,-4.553815994,2.3990007894999996,0.2884050123836258,-1.5420622731876132,0.13728498096799596,13.67566159682623,1.5747954380032765
2.7600000000000002,-12.617432023000001,-4.8267350635,2.2936773684999996,0.5172134885298776,-1.4633097012120502,-0.046825962100531464,13.702478538535113,1.5527323481866362
2.765,-12.6126267645,-5.056504873,2.1787434305,0.7385722012969168,-1.3877496855042355,-0.22668004712344472,13.762031767409978,1.5883078825937889
2.77,-12.62704254,-5.166731618999999,2.044686525,0.9460962126821727,-1.3089969389957472,-0.4086623866362399,13.795581246009919,1.666005995248221
2.775,-12.62704254,-5.166731618999999,2.044686525,0.9460962126821727,-1.3089969389957472,-0.4086623866362399,13.795581246009919,1.666005995248221
2.7800000000000002,-12.607821505999999,-5.1044593915,1.8291363579999997,1.1099868182346448,-1.2345012250657985,-0.5938376314826334,13.724372795242271,1.76315261503607
2.7840000000000003,-12.445031116,-4.8985197414999995,1.5466067714999998,1.2142808875497433,-1.1621339401586566,-0.780077003573968,13.463516912074759,1.8529850242897854
2.79,-12.176917305,-4.175475436999999,1.0678461184999999,1.2408865121342196,-0.9971790328283182,-1.1557484785573102,12.917128377104344,1.9672111999469164
2.795,-12.210456048,-3.8786281414999997,0.9720351479999999,1.1780972450961724,-0.8982061233367001,-1.343052152426511,12.848495845394622,1.9996190744839926
2.8000000000000003,-12.196040272499998,-3.629637298,0.8331729839999998,1.0823170664052277,-0.801361468334964,-1.5292916990507706,12.751934851807471,2.0377250884134446
2.805,-12.196040272499998,-3.629637298,0.8331729839999998,1.0823170664052277,-0.801361468334964,-1.5292916990507706,12.751934851807471,2.0377250884134446
2.81,-12.085911593,-3.4859698755,0.646454368,0.9727018372666489,-0.6960032717749247,-1.7123383403414318,12.595203382899841,2.088701034218771
2.815,-11.760330813,-3.284835484,0.6751878524999999,0.8460590014126884,-0.5757457229893854,-1.887935392785806,12.229121130494468,2.147463391712488
2.8200000000000003,-11.468190709499998,-3.131655611,0.7469725305,0.7226088963594011,-0.4352681857536414,-2.0560830309168177,11.91153361144951,2.2224084774521327
2.825,-11.257543867499999,-3.270517775,0.8571012100000001,0.6332140047368775,-0.30756104812181473,-2.2061387605545812,11.754284449912774,2.315729259852716
2.83,-12.4402258575,6.928790490999999,-4.965597227499999,-0.35757956649009426,0.4054698303684918,-2.5828745373157895,15.08060054770828,2.638846301932826
2.835,-11.286277351999999,0.29684729549999994,-1.6376124834999999,-1.5154566486031367,1.2345012250657985,-2.6531132186671993,11.408328073351889,3.295392522834121
2.8400000000000003,-11.286277351999999,0.29684729549999994,-1.6376124834999999,-1.5154566486031367,1.2345012250657985,-2.6531132186671993,11.408328073351889,3.295392522834121
2.845,-2.1739381719999997,-5.286372749,-1.4605043845,-1.8549444811329083,1.3505017412727984,-2.702067784323463,5.899560752648645,3.544833464684202
2.85,-0.6991160785,-7.0820684305,-1.0198915999999998,-1.2632352786730818,1.655934360371806,-2.428561949632412,7.189202697187812,3.1993429197800323
2.855,-4.754852319,-7.3119363065,5.8801654065,-0.20539540782952348,2.0571473326946834,-1.8038616609867626,10.519000823919155,2.743712687937319
2.8600000000000003,0.2825295865,-0.9672298894999999,13.101096000999998,0.5108280269285311,2.069917906831526,-1.16532667095933,13.139789688340075,2.429710201683867
2.865,-1.7716693889999997,5.492312398999999,15.978857443499997,0.6715260762132556,2.0731106376321993,-0.5810668828128657,16.989060983816145,2.2552990287764536
2.869,-5.310300975,9.9742456485,16.395542002,0.3416162615525785,2.029477406332341,-0.2862765833608187,19.91227436133435,2.0778437128791354
2.875,-4.5633284445,10.740341146499999,14.063520632,-0.15431258768337786,1.8027975337418216,-0.38524949285243676,18.274613730590133,1.8499482409316736
2.88,-7.043724429,7.5943678265,12.397174664,-0.5182776157748186,1.7283016452789477,-0.6513057386972003,16.154826404687647,1.9182902359515501
2.8850000000000002,-15.207956687,9.021333468,19.220641733999997,-1.2259873344416448,1.655934360371806,-0.8843710728890664,26.11703415017309,2.242158724228566
2.89,-12.3541234705,13.15856297,20.173553914499998,-2.141221064493727,1.2430149411570268,-0.9801514261129364,27.069252366865477,2.6628200481974895
2.895,-15.945416767,1.355082897,12.148183820499998,-1.3334741345574164,0.7417649320975901,-0.5544612582283894,20.091563793486173,1.6235134027471414
2.9,-14.987699327999998,-7.709301764499999,9.7779165155,-0.4118551174369131,0.40972668841410603,-0.12877126487676763,19.485176833345445,0.5950484313194397
2.9050000000000002,-7.7715739919999995,-7.852969187,12.4929856345,-0.29266187042923997,0.22348731632277152,-0.1479273006149566,16.67756509293025,0.3968375451334255
2.9090000000000003,-5.664713306,-7.2591765295,14.068325890499999,-0.17134019439875972,0.03192678440795667,-0.0553396781917598,16.813756691677494,0.1828640526774042
2.915,-2.61445289,-3.8498946569999997,11.985393430499999,-0.0851380335769094,-0.10003721126948419,-0.05214694739108658,12.857165646747303,0.14133376285278446
2.92,-2.327118045,1.283298219,9.509802704499998,-0.05640397996962595,-0.03937637325424407,-0.04576166032266532,9.874141997802578,0.08261983589041141
2.9250000000000003,-3.294446001,3.4476258739999994,8.686142170999998,-0.04469753307772438,0.03831207147637793,-0.007449588846287397,9.909014301907316,0.05933953705603109
2.93,-3.8354788815,1.5226785454999998,8.667019203499999,-0.04469753307772438,0.0627892670380472,0.029798355385149588,9.599305708080987,0.08263354949455541
2.935,-4.0366132729999995,-1.527483804,9.356524765,-0.03405521343076376,0.03618364245357084,0.04576166032266532,10.303980258390462,0.0675510406915373
2.94,-4.012685047,-2.7724380215,9.758793548,-0.032990911652897616,-0.009578017869094483,0.032990911652897616,10.909725266108339,0.04762918149285462
2.9450000000000003,-3.7397659775,-1.5658278055,9.356524765,-0.0553396781917598,-0.0425689295219921,0.01702760671538188,10.197167349857596,0.0718646862754551
2.95,-3.5482421029999998,0.26340661899999995,8.8298095935,-0.07662414295275587,-0.054275550946818865,0.00851371609122834,9.51971336364176,0.09428455905134805
2.955,-3.5195086184999997,1.0246968585,8.6909474295,-0.08194530277623617,-0.0553396781917598,0.00851371609122834,9.43236512174164,0.099247146010042
2.96,-3.529021069,0.42619700899999996,8.8058813675,-0.06811042686152752,-0.0553396781917598,0.009578017869094483,9.496271913462152,0.0882793784296634
2.9650000000000003,-3.643955007,-0.73746008,9.073995178499999,-0.0553396781917598,-0.0553396781917598,0.011706446891901567,9.80610238382586,0.07913280522999283
2.97,-3.7349607189999996,-1.0630408599999999,9.145877922999999,-0.04895439112333855,-0.054275550946818865,0.009578017869094483,9.936149678065508,0.0737163907631012
2.975,-3.5673650704999997,-0.46924820249999993,9.136267406,-0.04789008934547241,-0.054275550946818865,0.007449588846287397,9.819249947715504,0.07276532458579973
2.98,-3.6104162639999995,-0.26340661899999995,9.1314621475,-0.026605624584476358,-0.04576166032266532,0.02128446476099605,9.822835109962604,0.05705275852383631
2.9850000000000003,-3.6487602655,-0.612915625,9.1410726645,-0.009578017869094483,-0.03937637325424407,0.0276699263623425,9.861456611278573,0.049069970673067426
2.99,-3.6487602655,-0.9193734375,9.203344891999999,-0.00425685804561417,-0.0351195152086299,0.026605624584476358,9.942849500710281,0.0442646636544297
2.994,-3.596098555,-0.90025047,9.217662600999999,0.001064301777866142,-0.03405521343076376,0.0276699263623425,9.935173856147781,0.04389208499247556
3.0,-3.5195086184999997,-0.5698644315,9.217662600999999,0.007449588846287397,-0.01809190849324802,0.02234876653886219,9.883167013253326,0.02970321350822762
3.005,-3.5769755874999998,-0.4931764285,9.193734375,0.029798355385149588,0.001064301777866142,0.01809190849324802,9.877384729838948,0.03487680998689677
3.01,-3.6248320394999998,-0.521909913,9.217662600999999,0.060660838015240116,0.012770748669767708,0.015963304937515736,9.91852313087727,0.06401293927656883
3.0149999999999997,-3.6248320394999998,-0.6512596264999999,9.184123858,0.0851380335769094,0.019156035738188967,0.014899177692574794,9.89503296885763,0.08852922660037556
3.0200000000000005,-3.5912932964999995,-0.7421672719999999,9.0979234045,0.10322976753723222,0.02128446476099605,0.01702760671538188,9.809200277049227,0.10676775138779876
3.0250000000000004,-3.605709072,-0.7039213369999999,9.0979234045,0.10642249833790543,0.02234876653886219,0.023412893783803134,9.81166924813183,0.11123569172537068
3.0300000000000002,-3.5912932964999995,-0.6416491095,9.064482728,0.1074868001157716,0.023412893783803134,0.0276699263623425,9.771077128311816,0.11343368379523315
3.034,-3.4955803924999995,-0.6177208835,9.045261693999999,0.1074868001157716,0.024477195561669274,0.03405521343076376,9.71686268727135,0.11537895329524753
3.04,-3.4620416494999997,-0.5123974625,9.011821017499999,0.10429406931509835,0.0276699263623425,0.03831207147637793,9.667533376922153,0.11450193247282375
3.045,-3.399769422,-0.36873004,8.930327755999999,0.10429406931509835,0.029798355385149588,0.04469753307772438,9.562695634325532,0.1173160873077366
3.05,-3.366230679,-0.38304774899999994,8.892081821,0.10642249833790543,0.03405521343076376,0.04576166032266532,9.515637323564484,0.12074616047636197
3.0549999999999997,-3.4045746804999997,-0.41178123349999995,8.983087532999999,0.09897290949161804,0.04150480227705115,0.04469753307772438,9.615433124144978,0.1162589991722249
3.0600000000000005,-3.390158905,-0.3303860385,9.002210500499999,0.09684448046881096,0.04789008934547241,0.04363323129985824,9.62507798570479,0.11651683538638596
3.0650000000000004,-3.4428206154999996,-0.29684729549999994,8.94954879,0.10322976753723222,0.05853240899243303,0.04469753307772438,9.593516334063747,0.12680811200977138
3.0700000000000003,-3.481164617,-0.2393803265,8.94954879,0.10961522913857867,0.0627892670380472,0.04789008934547241,9.605739616289755,0.13509793178208035
3.075,-3.4045746804999997,-0.20113439149999998,9.040554501999999,0.12238597780834638,0.06917455410646846,0.04895439112333855,9.662463945711684,0.14886228169079835
3.08,-3.4045746804999997,-0.32558077999999996,9.078800437,0.13622085372305504,0.07981687375342908,0.05640397996962595,9.701636407033531,0.1676551916321793
3.085,-3.4620416494999997,-0.588987399,9.0836056955,0.1426061407914763,0.09578017869094482,0.060660838015240116,9.738815686230717,0.1821814789988787
3.09,-3.4620416494999997,-0.636843851,9.121949697,0.14154201354653534,0.11174365816138576,0.060660838015240116,9.777590129885153,0.1902643529587385
3.0949999999999998,-3.653565524,-0.751777789,9.169806149,0.1383492827458621,0.11600051620699993,0.060660838015240116,9.899447241762205,0.19046359511805966
3.1000000000000005,-3.6966167175,-0.8715169855,8.9208153055,0.1330281229223818,0.11174365816138576,0.060660838015240116,9.695641429372197,0.18401865094672376
3.1050000000000004,-3.5482421029999998,-0.541130947,8.94954879,0.11493638896205899,0.10429406931509835,0.060660838015240116,9.642472103557958,0.16663542141649074
3.1100000000000003,-3.505092843,-0.4165864919999999,8.963866499,0.10322976753723222,0.10322976753723222,0.05108282014614563,9.633801054374187,0.15466811024146337
3.115,-3.552949295,-0.42619700899999996,8.925620563999999,0.10003721126948419,0.10642249833790543,0.04469753307772438,9.616225612776626,0.15274508585971322
3.1189999999999998,-3.605709072,-0.46924820249999993,8.896887079499999,0.0904591934003897,0.10642249833790543,0.03937637325424407,9.611239852007992,0.14511758195955493
3.125,-3.6344425565,-0.474053461,8.9208153055,0.08407373179904325,0.09897290949161804,0.03831207147637793,9.644420412613055,0.13539514028451893
3.13,-3.6104162639999995,-0.5027869455,8.896887079499999,0.07449571392994878,0.09258762242319679,0.037247944231436986,9.614702284381714,0.12453709716137379
3.135,-3.620026781,-0.545838139,8.930327755999999,0.06598199783872043,0.08833076437758261,0.03405521343076376,9.651595049458312,0.1153936979914059
3.1399999999999997,-3.5816827795,-0.49798168699999995,8.868153594999999,0.05640397996962595,0.08620216082185034,0.0276699263623425,9.577086481705468,0.10666698791879131
3.1450000000000005,-3.6391497484999995,-0.4931764285,8.8729588535,0.04363323129985824,0.0830096045541023,0.0276699263623425,9.602917926210743,0.09777565211642839
3.1500000000000004,-3.67749375,-0.5123974625,8.94954879,0.03937637325424407,0.07875274650848814,0.02234876653886219,9.689217459911609,0.09084030613717847
3.1550000000000002,-3.629637298,-0.4931764285,8.925620563999999,0.03086248263009053,0.07023885588433461,0.015963304937515736,9.648014943871118,0.07836336398190853
3.159,-3.620026781,-0.521909913,8.9351330145,0.01809190849324802,0.06598199783872043,0.010642319646960623,9.654718320036723,0.06924016290553518
3.165,-3.6487602655,-0.5315204299999999,8.925620563999999,0.007449588846287397,0.06704612508366137,0.0031927308006732273,9.657259854384092,0.06753423422737732
3.17,-3.7062272344999996,-0.6847003029999998,8.892081821,-0.00425685804561417,0.05746810721456689,-0.006385287068421255,9.657849342893918,0.057978237970738755
3.175,-3.6726884914999998,-0.5841821405,8.801076109,-0.026605624584476358,0.04150480227705115,-0.02128446476099605,9.554519883557012,0.05369856899163409
3.1799999999999997,-3.4428206154999996,-0.028733484499999996,8.753219657,-0.05214694739108658,0.02554132280661022,-0.03192678440795667,9.405992439255654,0.0662644916644832
3.1850000000000005,-3.4188923895,-0.17720616549999998,8.743609139999998,-0.05746810721456689,0.024477195561669274,-0.0351195152086299,9.389937592399843,0.07165958971329897
3.1900000000000004,-3.629637298,-0.5027869455,8.9208153055,-0.060660838015240116,0.029798355385149588,-0.037247944231436986,9.644065913422669,0.07716922056000769
3.1950000000000003,-3.5625598119999995,-0.33999655549999996,8.9208153055,-0.07130315766220074,0.024477195561669274,-0.03937637325424407,9.611887212544287,0.08505158532221728
3.2,-3.4955803924999995,-0.40226878299999996,8.8298095935,-0.07449571392994878,0.028734053607283445,-0.0351195152086299,9.505074429570312,0.08722750471685058
3.205,-3.596098555,-0.46444294399999997,8.8537378195,-0.07981687375342908,0.0351195152086299,-0.03405521343076376,9.567460762498536,0.09361555023645855
3.21,-3.629637298,-0.483663978,8.848932561,-0.08407373179904325,0.032990911652897616,-0.03405521343076376,9.576628071914119,0.09652227821659425
3.215,-3.6344425565,-0.49798168699999995,8.8729588535,-0.0904591934003897,0.03192678440795667,-0.03618364245357084,9.601383091669119,0.10252531987021112
3.2199999999999998,-3.6344425565,-0.5123974625,8.868153594999999,-0.09578017869094482,0.028734053607283445,-0.03192678440795667,9.597701393593473,0.10497051028459234
3.2250000000000005,-3.643955007,-0.541130947,8.868153594999999,-0.0979087822466771,0.028734053607283445,-0.03192678440795667,9.602883888673906,0.10691629922685135
3.2300000000000004,-3.653565524,-0.5363256885,8.8298095935,-0.1074868001157716,0.02554132280661022,-0.03086248263009053,9.5708789429065,0.11470947739368331
3.2350000000000003,-3.663176041,-0.565059173,8.858543078,-0.11812894522980702,0.01702760671538188,-0.029798355385149588,9.602704621153855,0.12301353208171913
3.24,-3.663176041,-0.5841821405,8.844225369,-0.13196399567744085,0.009578017869094483,-0.03405521343076376,9.590643870893068,0.13662354168762864
3.2439999999999998,-3.6487602655,-0.6512596264999999,8.848932561,-0.14899160239282275,-0.002128429022807085,-0.04150480227705115,9.593810402823612,0.15467926947636915
3.25,-3.67749375,-0.7660954979999999,8.858543078,-0.1755972269772991,-0.01809190849324802,-0.04895439112333855,9.622091667518381,0.183189070867511
3.255,-3.7636942035,-0.809244758,8.777147883,-0.21071656765300378,-0.04363323129985824,-0.060660838015240116,9.584289024015362,0.22357340634753733
3.26,-3.7253502019999996,-0.7660954979999999,8.733998623,-0.2564782279756691,-0.07662414295275587,-0.077688444730622,9.526167560260694,0.2787253758692354
3.2649999999999997,-3.653565524,-0.5363256885,8.8201990765,-0.30330419007620063,-0.10322976753723222,-0.09684448046881096,9.562013283372798,0.33470684190922206
3.2700000000000005,-3.5195086184999997,-0.20593965,8.9351330145,-0.3331025454613502,-0.1308996938995747,-0.1074868001157716,9.605516854492826,0.373691648093667
3.2750000000000004,-3.5769755874999998,-0.043051193499999994,8.963866499,-0.3299098146606769,-0.15218415866057075,-0.10961522913857867,9.651295787132796,0.3794944036685799
3.2800000000000002,-3.605709072,-0.26340661899999995,9.030943985,-0.30756104812181473,-0.15963374750685816,-0.10429406931509835,9.727716598413206,0.36187564792228716
3.284,-3.5434368444999995,-0.3064578125,9.1553903735,-0.2713774056682439,-0.15963374750685816,-0.0904591934003897,9.821966908566678,0.32758433314332824
3.29,-3.4859698755,-0.5123974625,9.2224678595,-0.2256157453455786,-0.14473456981428337,-0.060660838015240116,9.87261113140695,0.2748277597257559
3.295,-3.552949295,-1.0630408599999999,9.1553903735,-0.18623937209133454,-0.11493638896205899,-0.04150480227705115,9.877989545147686,0.22275126450071925
3.3,-3.596098555,-0.7996342409999999,9.136267406,-0.1702760671538188,-0.0904591934003897,-0.0351195152086299,9.851026436396905,0.1959851654195034
3.3049999999999997,-3.505092843,-0.5937926575,9.1075339215,-0.14686299883709047,-0.07343158668500784,-0.020220337516055103,9.776780640344954,0.16543820719460256
3.3100000000000005,-3.5434368444999995,-0.6320385924999999,9.064482728,-0.12451440683115346,-0.054275550946818865,-0.007449588846287397,9.752961836261834,0.13603370653287902
3.3150000000000004,-3.5434368444999995,-0.660772077,9.073995178499999,-0.11600051620699993,-0.04363323129985824,0.0,9.763705900330276,0.12393538088034983
3.3200000000000003,-3.4763593585,-0.565059173,9.0932162125,-0.1074868001157716,-0.03937637325424407,0.002128429022807085,9.751458729118163,0.11449210094976207
3.325,-3.4476258739999994,-0.5363256885,9.007015759,-0.09897290949161804,-0.03405521343076376,0.00425685804561417,9.659197808001117,0.10475454746917386
3.33,-3.4285029064999994,-0.588987399,9.0836056955,-0.08620216082185034,-0.024477195561669274,0.00851371609122834,9.726943547043941,0.09001349340294705
3.335,-3.4715540999999996,-0.5841821405,9.088410954,-0.07981687375342908,-0.010642319646960623,0.0053211598234803115,9.746392681976916,0.08069886644250922
3.34,-3.4620416494999997,-0.5315204299999999,9.06918992,-0.07556001570781491,-0.0053211598234803115,0.0053211598234803115,9.722060077751507,0.07593382288216022
3.3449999999999998,-3.4524311324999997,-0.483663978,9.064482728,-0.06704612508366137,0.0031927308006732273,0.0031927308006732273,9.711748488015962,0.06719799065943192
3.3500000000000005,-3.4428206154999996,-0.5315204299999999,9.078800437,-0.05640397996962595,0.00851371609122834,-0.001064301777866142,9.724204087373453,0.05705282689201627
3.3550000000000004,-3.5002875845,-0.5985979159999999,9.054872211,-0.05108282014614563,0.019156035738188967,-0.00851371609122834,9.726306770649607,0.05521676901964
3.3600000000000003,-3.552949295,-0.69431082,9.0357492435,-0.04895439112333855,0.028734053607283445,-0.013834875914708653,9.733975580358772,0.058425867888619615
3.365,-3.5195086184999997,-0.636843851,9.0932162125,-0.04363323129985824,0.03831207147637793,-0.019156035738188967,9.771340342733188,0.06114431616823262
3.3689999999999998,-3.481164617,-0.612915625,8.997405242,-0.0351195152086299,0.04469753307772438,-0.023412893783803134,9.666823353242313,0.06147693394318799
3.375,-3.5338263275,-0.588987399,8.9925999835,-0.032990911652897616,0.054275550946818865,-0.03086248263009053,9.679963281560376,0.07061677220294528
3.38,-3.5577545534999997,-0.6081103664999999,9.016528209499999,-0.0276699263623425,0.06172513979310626,-0.037247944231436986,9.712115970966574,0.07722063880106281
3.385,-3.5002875845,-0.6033051079999999,9.011821017499999,-0.02128446476099605,0.07236728490714169,-0.037247944231436986,9.686532314455905,0.08412765130717569
3.3899999999999997,-3.4715540999999996,-0.5698644315,9.0261387265,-0.020220337516055103,0.0851380335769094,-0.03831207147637793,9.687497801266263,0.09552571188647185
3.3950000000000005,-3.5002875845,-0.6033051079999999,9.050066952499998,-0.011706446891901567,0.09684448046881096,-0.04150480227705115,9.722124360049934,0.10601199417124428
3.4000000000000004,-3.5195086184999997,-0.627233334,9.030943985,-0.010642319646960623,0.1106793563835196,-0.04363323129985824,9.71279114524678,0.11944470591284133
3.4050000000000002,-3.4428206154999996,-0.627233334,9.06918992,-0.007449588846287397,0.12345010505328732,-0.04469753307772438,9.720938290660122,0.1315039705669782
3.409,-3.4428206154999996,-0.627233334,9.06918992,-0.007449588846287397,0.12345010505328732,-0.04469753307772438,9.720938290660122,0.1315039705669782
3.415,-3.596098555,-0.6416491095,9.054872211,0.00851371609122834,0.16069804928472428,-0.0425689295219921,9.76393102979201,0.16645858393680407
3.42,-3.5721703289999995,-0.660772077,9.064482728,0.01702760671538188,0.17666135422224005,-0.04576166032266532,9.765340123279945,0.18328475938161495
3.425,-3.5816827795,-0.612915625,9.073995178499999,0.01809190849324802,0.18836780111414161,-0.04469753307772438,9.77453352318039,0.19444180392276536
3.4299999999999997,-3.5338263275,-0.6751878524999999,9.0932162125,0.020220337516055103,0.20113854978390933,-0.04469753307772438,9.779079109832814,0.20703489493723423
3.4350000000000005,-3.6248320394999998,-0.6655773355,9.045261693999999,0.023412893783803134,0.213909298453677,-0.046825962100531464,9.76724933730376,0.22022266524342204
3.4400000000000004,-3.67749375,-0.6655773355,9.002210500499999,0.02554132280661022,0.2256157453455786,-0.046825962100531464,9.747140471242465,0.23183505870595336
3.4450000000000003,-3.67749375,-0.6655773355,9.002210500499999,0.02554132280661022,0.2256157453455786,-0.046825962100531464,9.747140471242465,0.23183505870595336
3.45,-3.6152215224999997,-0.6655773355,8.954354048499999,0.02554132280661022,0.23519376321467306,-0.050018518368279495,9.679528721594188,0.24180636386486828
3.455,-3.7110324929999994,-0.718239046,9.045261693999999,0.029798355385149588,0.25222136993005495,-0.050018518368279495,9.803284582436874,0.25885403920513045
3.46,-3.5912932964999995,-0.612915625,9.050066952499998,0.02554132280661022,0.2617993877991494,-0.05108282014614563,9.755857981212497,0.26795658815711987
3.465,-3.6009038135,-0.6177208835,8.9686717575,0.024477195561669274,0.28095542353733843,-0.054275550946818865,9.684273873542043,0.2871949138619801
3.4699999999999998,-3.667883233,-0.646454368,8.973477015999999,0.02554132280661022,0.2958546012299132,-0.05640397996962595,9.715686307076256,0.30226431015923194
3.4750000000000005,-3.667883233,-0.646454368,8.973477015999999,0.02554132280661022,0.2958546012299132,-0.05640397996962595,9.715686307076256,0.30226431015923194
3.4800000000000004,-3.67749375,-0.6751878524999999,9.016528209499999,0.023412893783803134,0.30543261909900765,-0.0553396781917598,9.761025554221334,0.3112872120524367
3.4850000000000003,-3.6391497484999995,-0.6512596264999999,9.007015759,0.02234876653886219,0.31713906599090924,-0.053211249168952715,9.736215017962106,0.3223477804817574
3.49,-3.6583707824999996,-0.6895055615,9.054872211,0.02234876653886219,0.33523097448415723,-0.05214694739108658,9.790291387856088,0.33999790843711813
3.4939999999999998,-3.6583707824999996,-0.6751878524999999,9.040554501999999,0.01702760671538188,0.3522585811995391,-0.04895439112333855,9.776051407498105,0.35605137245827717
3.5,-3.5721703289999995,-0.9433016634999999,9.073995178499999,0.014899177692574794,0.4065339576134328,-0.03618364245357084,9.797326542847854,0.408412904019894
3.505,-3.5721703289999995,-0.9433016634999999,9.073995178499999,0.014899177692574794,0.4065339576134328,-0.03618364245357084,9.797326542847854,0.408412904019894
3.51,-3.366230679,-1.1587537639999999,9.203344891999999,0.04044050049918502,0.4416534728220627,-0.037247944231436986,9.867916521278818,0.4450625051449305
3.5149999999999997,-3.2464914824999997,-0.38304774899999994,8.939938273,0.06917455410646846,0.4927362929682083,-0.04895439112333855,9.51887224670072,0.4999707048959344
3.5200000000000005,-3.6391497484999995,-0.5171046545,8.892081821,0.06704612508366137,0.5438191131143539,-0.046825962100531464,9.621846352289765,0.5499337063718288
3.5250000000000004,-3.7205449434999998,-1.0007686325,8.954354048499999,0.07981687375342908,0.5693604359209642,-0.04576166032266532,9.748048469221297,0.5767461910436584
3.5300000000000002,-3.6966167175,-0.6416491095,8.892081821,0.07981687375342908,0.5949019332604996,-0.04576166032266532,9.651207584918133,0.6019743957082707
3.534,-3.7588889449999994,-0.761388306,8.882471304,0.077688444730622,0.6257644158905901,-0.037247944231436986,9.675084222875798,0.631667640447904
3.54,-3.6248320394999998,-0.7326548214999999,8.9015942715,0.07662414295275587,0.6566268985206807,-0.0351195152086299,9.639220454811403,0.6620147456761231
3.545,-3.6966167175,-0.6416491095,8.892081821,0.07449571392994878,0.6949389699970586,-0.032990911652897616,9.651207584918133,0.6996986377478485
3.55,-3.8402841399999996,-0.636843851,8.834614852,0.07236728490714169,0.7311226124506294,-0.03405521343076376,9.654210063473398,0.7354842322737309
3.5549999999999997,-3.7062272344999996,-0.775706015,9.06918992,0.09258762242319679,0.7651778258813932,-0.028734053607283445,9.827921750832488,0.7712945085265823
3.5600000000000005,-3.481164617,-0.6416491095,8.94954879,0.12664283585396055,0.8088110571812513,-0.03192678440795667,9.62416979354403,0.8192881383581839
3.5650000000000004,-3.6487602655,-0.44051471799999997,8.896887079499999,0.1308996938995747,0.8662793389287435,-0.03405521343076376,9.626115748173833,0.8767749885116695
3.5700000000000003,-3.7876224295,-0.7087265955,9.007015759,0.13728498096799596,0.9205547153426371,-0.03192678440795667,9.796668308077743,0.9312827011716576
3.575,-3.792427688,-0.6895055615,8.9015942715,0.15005572963776367,0.9695091064659758,-0.03618364245357084,9.700325059628161,0.9817198610086201
3.58,-3.8546999154999995,-0.6559668185,8.868153594999999,0.15963374750685816,1.0248487846577354,-0.03405521343076376,9.69191168397856,1.0377657357608872
3.585,-3.9025563675,-0.7326548214999999,8.9351330145,0.1702760671538188,1.0812527646273615,-0.028734053607283445,9.777695601510095,1.094955307716434
3.59,-3.830673623,-0.7230443045,8.90639953,0.17666135422224005,1.1376567445969874,-0.02554132280661022,9.722181136977548,1.1515747747208438
3.5949999999999998,-4.0892749835,-0.8235624669999999,8.868153594999999,0.18836780111414161,1.2047028696806488,-0.02128446476099605,9.800233324377611,1.2195263265520466
3.6000000000000005,-4.108496017499999,-0.761388306,8.882471304,0.20007442253896837,1.2664278349408298,-0.015963304937515736,9.816198253127855,1.282234012484362
3.6050000000000004,-4.1802806955,-0.7805112734999999,8.90639953,0.20433128058458253,1.3292172765118022,-0.009578017869094483,9.869543916980904,1.3448648924070734
3.6100000000000003,-4.151547211,-0.8331729839999998,8.848932561,0.21710185472142504,1.3845569547035619,-0.00425685804561417,9.809848568431388,1.4014811083214445
3.615,-4.1898912125,-0.8763222439999999,8.8776660455,0.24264335206096047,1.4505389525422825,0.002128429022807085,9.855763971572042,1.4706949307561874
3.6189999999999998,-4.161157727999999,-0.7421672719999999,8.939938273,0.25967095877634233,1.5250346664722314,0.009578017869094483,9.888808938490632,1.5470137294801865
3.625,-4.16586492,-0.6799931109999999,8.8633483365,0.27457013646891715,1.6037872384477943,0.010642319646960623,9.817115915421972,1.6271556548210224
3.63,-4.2712864075,-0.5841821405,8.930327755999999,0.2788269945145313,1.6889254465576287,0.00425685804561417,9.916446449094423,1.7117919785243512
3.635,-4.223331889,-0.43570945949999995,8.973477015999999,0.2852122815829526,1.772999178356672,-0.007449588846287397,9.927218378499706,1.7958083495721826
3.6399999999999997,-4.242552923,-0.450125235,8.8776660455,0.30011145927552735,1.8613299427342547,-0.019156035738188967,9.8496102687905,1.8854662546470549
3.6450000000000005,-4.2377476645,-0.5363256885,8.94954879,0.3118179061674289,1.9613669794708137,-0.03405521343076376,9.916681605089005,1.986290661591832
3.6500000000000004,-4.300019892,-0.545838139,8.9208153055,0.3160749387459683,2.069917906831526,-0.04789008934547241,9.918117566374464,2.094458633772124
3.6550000000000002,-4.2520653735,-0.4931764285,9.021333468,0.2990473320305864,2.189111153839199,-0.0627892670380472,9.985376330965329,2.2103346902025893
3.659,-4.3862203455,-0.5267151715,9.0596774695,0.28308385256014545,2.315753815160235,-0.08088117553129522,10.079390539240572,2.334393703847918
3.665,-4.2520653735,-0.36392478149999996,9.06918992,0.2628636895770156,2.459424432262502,-0.10855092736071252,10.023108649123639,2.4758128283734706
3.67,-4.1945984045,-0.148472681,9.11233918,0.22455144356771245,2.616929750746553,-0.1479273006149566,10.032518389885977,2.6307084896312607
3.675,-4.20901418,-0.047856451999999994,9.1410726645,0.17666135422224005,2.7872058179003725,-0.20007442253896837,10.063662358461169,2.7999562996531964
3.6799999999999997,-4.1324242435,-0.1005181625,9.121949697,0.1074868001157716,2.9702526337239585,-0.2649921185998227,10.014839005388819,2.9839864180762055
3.6850000000000005,-4.371804569999999,-0.10532342099999999,9.007015759,0.046825962100531464,3.17351943799775,-0.3309741164385431,10.012497246149852,3.191075392376129
3.6900000000000004,-4.2856041165,-0.12454445499999998,9.064482728,-0.028734053607283445,3.3959426270755806,-0.40972668841410603,10.027300787891193,3.4206911482074043
3.6950000000000003,-4.3478763439999994,0.1579851315,9.073995178499999,-0.13622085372305504,3.6364575501137337,-0.49592884923595637,10.06311962086962,3.6726455121986272
3.7,-4.5585231859999995,0.0383440015,8.939938273,-0.24477178108376757,3.902513621425572,-0.5757457229893854,10.03514325880806,3.952342207826597
3.705,-4.864980998499999,0.1579851315,8.623869943499999,-0.3639650280914407,4.19304723736493,-0.6630121855891019,9.902733573107165,4.26071600023833
3.71,-4.965597227499999,0.5937926575,8.5616957825,-0.5001858818144957,4.52082827393695,-0.7513429499666846,9.915259967239127,4.610053191369806
3.715,-5.291178007499999,0.8858346944999999,8.7580249155,-0.5831953118356729,4.8209399077454025,-0.8439305723898813,10.270553453127555,4.928873824399816
3.7199999999999998,-6.4020753195,0.6991160785,8.8298095935,-0.6066083801524013,5.085932026345225,-0.9216190171205033,10.928900637540488,5.204234806020318
3.7250000000000005,-7.331059273999999,0.40226878299999996,8.868153594999999,-0.6332140047368775,5.3530529230337045,-0.9876010149592237,11.513053393309226,5.480099573670454
3.7300000000000004,-8.671824461999998,0.38304774899999994,9.232078376499999,-0.6502416114522594,5.597824529584547,-1.0557114418207514,12.671958657902668,5.733496338681463
3.7350000000000003,-11.080337702,0.17720616549999998,10.280703461,-0.6257644158905901,5.811733828038225,-1.0812527646273615,15.116155240949043,5.944488096814816
3.74,-13.7235240765,0.5745716235,12.741976478,-0.5480759711599681,5.897936163393,-1.0482618529744638,18.735613419226816,6.015387865302065
3.7439999999999998,-14.6669238065,-0.019122967499999997,13.8480685315,-0.3948275107215312,5.798962904835531,-0.9588669613519404,20.171465531455144,5.890949446774553
3.75,-14.298193766499999,-0.6225261419999999,13.1776859375,-0.17878978324504713,5.618044867100603,-0.85776544830459,19.454492808840794,5.685961262588184
3.755,-13.6995958505,-0.8763222439999999,12.607821505999999,0.10855092736071252,5.4626679776393585,-0.721544594581535,18.63877759590264,5.51118420484447
3.76,-13.148952452999998,-1.5993665485,11.750720295999999,0.4235615643288147,5.336025141785398,-0.6183148270443027,17.70684476247933,5.388402540446044
3.7649999999999997,-11.477801226499999,-1.072651377,10.251969976499998,0.6640764873669681,5.254079664476237,-0.524663077376165,15.427034399737439,5.3218062766788305
3.7700000000000005,-9.998173874499999,-0.40226878299999996,9.596003157999998,0.9067198394279286,5.259400649766792,-0.4033414013456848,13.863930813692651,5.352207053918884
3.7750000000000004,-9.562464414999999,-0.2346731345,9.9024609705,1.112115247257452,5.3147406770244014,-0.3160749387459683,13.767880390258812,5.439041473835584
3.7800000000000002,-10.0795690695,0.8571012100000001,10.7595621805,1.2217304763960306,5.349859668634257,-0.3064969208768738,14.76822648211526,5.496140845497076
3.784,-11.856043716999999,1.5418995795,11.7555255545,1.125950297705086,5.334961014540457,-0.39908436876714537,16.76709897373961,5.467068815458882
3.79,-12.804150639,2.4803959845,13.1633682285,0.9429034818814993,5.200868589840209,-0.5097638996835901,18.530323821919872,5.310175166447088
3.795,-13.939074243499999,1.2641752515,15.07870504,0.7736917165055468,4.953968030667784,-0.642792022605972,20.573363252410424,5.055054866704576
3.8,-14.7865649365,-0.023928225999999997,14.2885832495,0.5257272046211059,4.597452765955556,-0.8311598237201135,20.56226365114558,4.701466545817121
3.8049999999999997,-13.474533232999999,0.565059173,10.8170291495,0.24902863912938172,4.322882804019564,-1.0142066395437002,17.28844866774765,4.4472402800039035
3.8100000000000005,-11.262349125999998,0.751777789,8.628675202,0.0904591934003897,4.252643773602304,-1.1333998865513732,14.207734281776121,4.402017404970562
3.8150000000000004,-9.543243381,0.9816456649999998,8.21208871,-0.001064301777866142,4.295212703124296,-1.223859079951763,12.628361866114032,4.466171105701053
3.8200000000000003,-7.6471276034999995,1.292908736,9.524120413499999,-0.009578017869094483,4.318625771441025,-1.2728132965421763,12.28246893888538,4.502296522890895
3.825,-6.105228024,1.398232157,10.888813827499998,0.04469753307772438,4.280313699964647,-1.2823913144112709,12.561653114135057,4.468513256424977
3.83,-6.325485383,1.1731695395,11.999711139499999,0.1202573742526141,4.2175244329265995,-1.2791987581435227,13.615475002011411,4.40889142996637
3.835,-6.071689281,1.120507829,12.74668367,0.20752383685233058,4.0749182921351235,-1.2728132965421763,14.163293864878511,4.274117326219989
3.84,-5.037381905499999,1.0486250844999998,12.315779468999999,0.30011145927552735,3.833339241852029,-1.2557856898267945,13.347406300804037,4.044941820333753
3.8449999999999998,-3.5577545534999997,1.5610225469999999,10.687679435999998,0.30756104812181473,3.5257781937302144,-1.232372796042991,11.371934777419785,3.7475923441767383
3.8500000000000005,-0.2825295865,1.9010191024999998,9.193734375,0.2309369051690589,3.2288591161895095,-1.2345012250657985,9.392467639197614,3.464513865040537
3.8550000000000004,-0.2393803265,-0.19152387449999997,10.266385752,0.32565295661506277,2.9266194024241003,-1.228115763464452,10.270962016485473,3.190520224550724
3.8600000000000003,-15.126561492,0.9672298894999999,14.791370194999999,0.38418536560749583,2.4413325237692542,-1.1600055111358496,21.17859835956888,2.730076129456112
3.865,-16.7067070065,4.5825494785,21.3419181955,0.39589181249939737,1.4537316833429557,-1.0259130864356016,27.488020863411588,1.822790112788366
3.8689999999999998,-11.602345681500001,4.175475436999999,22.4959647675,0.605544078374535,0.3362951017290982,-0.7779485745511608,25.65379993799385,1.0416246977427295
3.875,-8.0876423215,3.0645781249999997,19.124928829999998,0.6172506997993618,-0.5672320068981571,-0.562975148852543,20.989628394931422,1.0097977987092543
3.88,-5.252834006,3.620026781,15.380357594,0.47783711527563355,-1.2185379201282827,-0.37673577676120845,16.65089363094548,1.3620179209604295
3.885,-2.6288686654999998,4.639918381,12.100327368499999,0.254349798952862,-1.6601913929503453,-0.2256157453455786,13.22337761192879,1.69464797111424
3.8899999999999997,-0.545838139,4.639918381,9.188929116499999,-0.001064301777866142,-1.9273117660400498,-0.11812894522980702,10.308404346182298,1.9309288500500987
3.8950000000000005,0.7901217905,3.8450893985,7.091580881,-0.25967095877634233,-2.04331228224705,-0.05108282014614563,8.1055243086456,2.0603794660517165
3.9000000000000004,1.436478092,3.040649899,5.8083807284999995,-0.5374336515130075,-2.046505013047723,-0.01809190849324802,6.71165462492632,2.11597377473375
3.9050000000000002,1.5993665485,2.197866398,5.0709206485000005,-0.801361468334964,-1.9964863201465184,0.007449588846287397,5.753505564723299,2.1513236218286953
3.909,1.5083608364999999,1.446088609,4.639918381,-1.0025001926517987,-1.9198621771937625,0.0425689295219921,5.088729434790987,2.166261648427243
3.915,1.4030374155,0.6512596264999999,4.41495383,-1.1046656584111645,-1.8411096052181994,0.09471605144600387,4.67808405348103,2.1491723815695214
3.92,1.1348255379999999,-0.1005181625,4.510666734,-1.1163722798359914,-1.7868340542713808,0.1585696202619172,4.652316335751857,2.1128670874335937
3.925,0.6081103664999999,-0.7565830474999999,4.903325,-1.0482618529744638,-1.7666137167553255,0.23732219223748016,4.9984809873834815,2.067873003730627
3.9299999999999997,-0.18191335749999998,-1.2641752515,5.5353635924999995,-0.9152337300520821,-1.796412072140475,0.3245886548371967,5.68079938365337,2.0420839621342957
3.9350000000000005,-0.9911581154999999,-1.5466067714999998,6.224967220499999,-0.739636503074783,-1.8762289458939043,0.4193047062832005,6.490346971608733,2.0598819506957398
3.9400000000000004,-1.709495228,-1.5370943209999999,6.674994389,-0.5597824180518697,-1.9975507964573096,0.4991215800366296,7.059786326751449,2.1337028592673093
3.9450000000000003,-2.0781272014999996,-1.331154671,6.948011525,-0.40759825939129896,-2.146542224317207,0.5597824180518697,7.373292993993401,2.2554680705776966
3.95,-2.2169893655,-1.029502117,7.086873688999999,-0.30330419007620063,-2.302983241023392,0.5959660605054405,7.4965788957022275,2.398103581046232
3.955,-2.327118045,-0.7996342409999999,7.1347301409999995,-0.25222136993005495,-2.4583603050175613,0.6140579689986886,7.547136377437349,2.546412809822128
3.96,-2.4564677584999997,-0.6895055615,7.206514818999999,-0.2554141007307282,-2.605223303854652,0.6204432560671098,7.64483535495409,2.6902369151802583
3.965,-2.6671146004999997,-0.6320385924999999,7.273592305,-0.2937261722071061,-2.748893571891069,0.6119295399758815,7.772909242617263,2.8314569916773538
3.9699999999999998,-2.9065929935,-0.7087265955,7.2304430449999995,-0.34800154862099975,-2.882986171124242,0.5949019332604996,7.824952577749029,2.9642237855690503
3.9750000000000005,-3.1172398354999995,-0.8571012100000001,7.187391851499999,-0.39908436876714537,-3.014949992268758,0.5746815957444446,7.881015689821973,3.095068775611139
3.9800000000000004,-3.3135689685,-1.1060920534999998,7.0963861395,-0.4448462036227359,-3.1330791120314903,0.5523328292055822,7.909606512381618,3.2123425130804213
3.9850000000000003,-3.5769755874999998,-1.379011123,7.129924882499999,-0.46293793758305873,-3.236308705035797,0.5310483644445863,8.095199494825394,3.312101739639561
3.99,-3.8690176244999996,-1.632807225,7.139535399499999,-0.4533599197139643,-3.3406029488838205,0.5140207577292044,8.283014097139848,3.410187768770341
3.9939999999999998,-4.0940802419999995,-1.8004028735,7.1059966564999995,-0.4118551174369131,-3.4395758583754388,0.4991215800366296,8.396316574369441,3.499918438326295
4.0,-4.2520653735,-1.9488755544999998,7.091580881,-0.34480899235325174,-3.5300348772429033,0.48635083136686186,8.49521602192729,3.580024665687406
4.005,-4.319142859499999,-2.0159530405,7.1059966564999995,-0.26392781682195654,-3.6098517509963326,0.4735802572300194,8.556532602898221,3.6503377674814894
4.01,-4.477127991,-2.0877377184999997,7.144340657999999,-0.17453292519943295,-3.6768978760799933,0.46080950856025166,8.685903940672791,3.7097688790920356
4.015,-4.7214116425,-2.164327655,7.139535399499999,-0.08620216082185034,-3.7396873176509664,0.44378190184486976,8.828873530459362,3.7669131158993947
4.0200000000000005,-4.951181451999999,-2.1355941704999997,7.144340657999999,-0.0031927308006732273,-3.7928985668199187,0.4256899933516217,8.950785645364002,3.816713468699774
4.025,-5.214588071,-2.035076008,7.19219711,0.07236728490714169,-3.835467496341911,0.4033414013456848,9.11378968254398,3.8572959732770857
4.03,-5.516240625,-1.9249473284999998,7.216125336,0.13196399567744085,-3.8737795678182887,0.3809926348068226,9.284761586344628,3.894706410498569
4.034,-5.8130879205,-1.7956956814999998,7.297520531,0.18198251404572036,-3.903577923203438,0.35757956649009426,9.501069416249273,3.9241433949730875
4.04,-6.220161961999999,-1.766962197,7.5465113745,0.22455144356771245,-3.9206057044517455,0.3405521343076376,9.937927558832204,3.941769678300522
4.045,-6.603209711,-1.6568335174999997,7.690178797,0.26392781682195654,-3.936568834856336,0.3267170838600037,10.270653617077372,3.9589109786582166
4.05,-6.962329234,-1.4987503194999998,7.7859897675,0.29266187042923997,-3.9557250451274504,0.3182033677687754,10.55186796460357,3.9792794556692175
4.055,-7.302325789499999,-1.316836962,7.958292608,0.3064969208768738,-3.969559921042159,0.31501063696810216,10.88082913913428,3.9938174758812255
4.0600000000000005,-7.512972631499999,-1.1492413135,8.101960030499999,0.30968947714462186,-3.9844590987347335,0.313946335190236,11.108882468283781,4.008788368462906
4.065,-7.6566400539999995,-0.9097629205,8.106765288999998,0.30330419007620063,-3.990844385803155,0.3192674950137163,11.188004689799206,4.015067132288907
4.07,-7.6471276034999995,-0.69431082,8.164232258,0.29266187042923997,-3.990844385803155,0.33523097448415723,11.207823895009616,4.015578375321953
4.075,-7.6853735384999995,-0.541130947,8.1929657425,0.2777626927366652,-3.982330495179001,0.3554511374672871,11.246442850335198,4.007799121392655
4.08,-7.699789313999999,-0.42619700899999996,8.2743609375,0.2681846748675707,-3.967431492019352,0.3863137946303029,11.310766918935911,3.995206379102635
4.085,-7.738035248999999,-0.30165255399999996,8.3318279065,0.26712054762262977,-3.9440185982355485,0.42675429512948787,11.374864396626158,3.9760225500620066
4.09,-7.738035248999999,-0.1436674225,8.394100134,0.27457013646891715,-3.914220242850399,0.4767728134977674,11.417475504798471,3.9526979627933847
4.095,-7.843358669999999,0.009610516999999999,8.5281570395,0.2852122815829526,-3.8822934584424424,0.5353052224902004,11.586536586861259,3.929389294057795
4.1000000000000005,-8.025370094,0.22025735899999999,8.7580249155,0.29479029945204704,-3.847173943233812,0.6012872203289209,11.88099654365668,3.905021765813746
4.105,-8.197771001,0.42619700899999996,9.040554501999999,0.3064969208768738,-3.8099261735353007,0.6683333454125822,12.211335675467673,3.8802251572410995
4.11,-8.197771001,0.42619700899999996,9.040554501999999,0.3064969208768738,-3.8099261735353007,0.6683333454125822,12.211335675467673,3.8802251572410995
4.115,-8.5999417175,0.6320385924999999,9.519315155,0.3086253498996809,-3.77906369090521,0.7385722012969168,12.844291780671243,3.8629083451523134
4.119,-9.040554501999999,0.7805112734999999,10.0317126175,0.30756104812181473,-3.763100211434769,0.8088110571812513,13.526865179774719,3.861307074792271
4.125,-9.979050907,1.3455704465,10.931963087499998,0.28734088513868483,-3.7843846761957654,0.9471605144600388,14.862699410855829,3.9116806109203006
4.13,-10.510571336999998,1.8291363579999997,11.252738608999998,0.2554141007307282,-3.8152471588258554,1.0142066395437002,15.506191532700822,3.9560033308220777
4.135,-10.979819539499998,2.2840668515,11.4107237405,0.213909298453677,-3.8503666740344857,1.089766655251515,15.99931294725237,4.007327298259828
4.14,-10.979819539499998,2.2840668515,11.4107237405,0.213909298453677,-3.8503666740344857,1.089766655251515,15.99931294725237,4.007327298259828
4.1450000000000005,-11.472995968,2.6096476315,11.492217002,0.17240449617662587,-3.8812291566645762,1.1823541031417866,16.447217055277033,4.060988094301848
4.15,-11.889582459999998,2.5762069549999995,11.40121129,0.13728498096799596,-3.913155941072533,1.2919693322803651,16.672931122851598,4.1232052266051005
4.155,-12.234384274,2.102153494,11.2336156415,0.12132167603048023,-3.9333762785885877,1.4271260587584793,16.741963094487705,4.18603113767991
4.159,-12.7036324765,1.699884711,11.137804671,0.13622085372305504,-3.945082725480489,1.5771816138633177,16.98006416413161,4.250851170645957
4.165,-13.761868077999997,1.632807225,10.8265416,0.16282647830753139,-3.9514681870818356,1.828338856548432,17.586047749475096,4.356998539123311
4.17,-14.38439422,1.3120317034999998,10.6542387595,0.15005572963776367,-3.934440405833529,1.9336972276413962,17.948399031996995,4.386516043198822
4.175,-14.38439422,1.3120317034999998,10.6542387595,0.15005572963776367,-3.934440405833529,1.9336972276413962,17.948399031996995,4.386516043198822
4.18,-15.0068222955,0.9336911465,10.395637399,0.12238597780834638,-3.9067704794711866,2.0209636902411128,18.279654578171215,4.400241827911803
4.1850000000000005,-15.634153696,0.541130947,10.117913071,0.09365174966813773,-3.8695227097726748,2.0965237059489277,18.630398530473368,4.401975499848698
4.19,-16.1944076105,0.06227222749999999,9.8114552585,0.0627892670380472,-3.820568493182261,2.160377100231916,18.934818984476337,4.389523358903403
4.195,-16.673266329999997,-0.44531997649999994,9.294252537499998,0.020220337516055103,-3.7652288149905013,2.2072030623324475,19.093958474433915,4.364527723551974
4.2,-17.209493952,-0.8044394995,8.7627321075,-0.0351195152086299,-3.7013752461745884,2.2284875270934434,19.32871643384764,4.3205981937404845
4.205,-17.597346959499998,-1.1874872484999999,8.188160483999999,-0.10322976753723222,-3.625815230466773,2.2274233998485027,19.445377807852257,4.2565957610023615
4.21,-17.7793583835,-1.6615407094999999,7.4315774365,-0.17985408502291328,-3.539613069644923,2.1944323136626798,19.34152644578378,4.168541873838804
4.215,-17.9086100305,-2.1548152044999997,6.627137937,-0.2713774056682439,-3.440640160153305,2.127386014046093,19.216672423343596,4.05430902383204
4.22,-18.057082711499998,-2.542668212,5.9711711185,-0.37354304596053517,-3.3214469131456315,2.024156246508861,19.187972331975985,3.9075251137146845
4.2250000000000005,-18.320391263999998,-2.98318293,5.4778966235,-0.45761677775957843,-3.1916113464909976,1.8932565526092862,19.353125532524288,3.7390127676079334
4.23,-18.6029208505,-3.342302453,5.056504873,-0.524663077376165,-3.067096765126919,1.7357514086581602,19.565477029399773,3.563030572991569
4.235,-18.780127015999998,-3.51470336,4.635211189,-0.5789384537900587,-2.963867172122612,1.556961450880188,19.660404197587575,3.3976178871070615
4.24,-18.617336625999997,-3.5098981014999997,4.20901418,-0.6151220962436295,-2.882986171124242,1.3590154573640265,19.4072256671621,3.246060299737996
4.244,-18.128867389499998,-3.5386315859999997,3.5625598119999995,-0.6289571466912633,-2.803169122837888,1.15042731873383,18.811421497100923,3.0946449294377634
4.25,-17.5351727985,-3.653565524,2.6288686654999998,-0.6119295399758815,-2.711645802192557,0.9365181948130782,18.103639870806738,2.9333508224655906
4.255,-17.4106283435,-3.9121668845,1.7764746475,-0.545947542137161,-2.5977735404754396,0.7279300561828814,17.932955451371484,2.7525203456204133
4.26,-17.4584847955,-4.1802806955,0.9289839544999999,-0.427818596907354,-2.4817731988013647,0.5214703465754918,17.975996474064882,2.5718005919017317
4.265,-17.0179700775,-4.2616758905,-0.287334845,-0.2756342637138581,-2.355130362947404,0.3064969208768738,17.545818540823493,2.3909315415370753
4.2700000000000005,-16.433787936999998,-4.41495383,-1.38862164,-0.07662414295275587,-2.189111153839199,0.09684448046881096,17.07306279899405,2.1925915617240954
4.275,-16.041129671,-4.764462836,-2.403806048,0.15963374750685816,-1.989036905833156,-0.10429406931509835,16.905508887752035,1.998156149805045
4.28,-15.677204889499999,-5.051797681,-3.1507785785,0.41504784823758634,-1.7581000006640974,-0.29691890300777934,16.769699419126574,1.8306668630925433
4.284,-15.3755523355,-5.171438811,-3.7062272344999996,0.6842968248830232,-1.5048143289561762,-0.4735802572300194,16.63993717870852,1.7195948852025773
4.29,-15.212761945499999,-5.056504873,-4.0174903055,0.9429034818814993,-1.2494004027583732,-0.6300212739362043,16.526844704779922,1.6873041066059307
4.295,-15.188833719499998,-4.6782623825,-3.9743410455,1.15042731873383,-0.9993074618511254,-0.7758201455283538,16.382374535581853,1.7099693907225604
4.3,-15.370747076999999,-4.141936694,-3.6822990085,1.2898409032575582,-0.7513429499666846,-0.914169428274216,16.339364469593296,1.750403247189664
4.305,-15.6389589545,-3.552949295,-3.155583837,1.3505017412727984,-0.5353052224902004,-1.0429406931509837,16.34497461685739,1.7883321626130861
4.3100000000000005,-15.696425923499998,-2.858638475,-2.7197763109999995,1.326024545711129,-0.35438701022234625,-1.1717119580277513,16.184770121461405,1.804671760023957
4.315,-15.4904862735,-2.2169893655,-2.346339079,1.229180065242318,-0.1809182122678542,-1.2940979358360976,15.823258637520736,1.7939633496408318
4.32,-14.4274454135,-1.2162207329999999,-2.2601386254999998,1.0801884628494953,-0.01809190849324802,-1.4090341502652315,14.653961943357784,1.77553137652922
4.325,-14.623774546499998,4.0366132729999995,-8.973477015999999,0.4342038839757753,0.45761677775957843,-1.5484475602560344,17.62589908229652,1.6720155426937793
4.33,-20.374688306,4.2952146335,-6.5026915485,-0.7268657544050153,1.75065041181781,-1.5111997905575225,21.814256569716488,2.4242185331165462
4.335,0.7469725305,-2.662309342,-4.228137147499999,-1.2494004027583732,1.8794216766945775,-1.479273006149566,5.052029565619294,2.6984209886459554
4.34,7.489044405499999,-4.323948118,-3.1507785785,-0.739636503074783,2.167826689078203,-1.4590526686335108,9.203788300772734,2.715763134076134
4.345,-5.190659845,-5.22890578,6.488275773,0.10961522913857867,2.9170413845550063,-1.111051120012511,9.817439981436687,3.123392471167648
4.3500000000000005,-2.5569859210000003,-1.824429166,18.1480884235,0.4544242214918304,2.9926012257298957,-0.759856840590838,18.41792149535659,3.1208245525039082
4.355,0.186718616,4.2520653735,22.270902149999998,0.36183659906863364,2.605223303854652,-0.44378190184486976,22.67394995048179,2.667406336458312
4.36,-2.5139347275,7.417259727499999,19.474437836,0.10003721126948419,2.2327443851390574,-0.3416162615525785,20.990220072870894,2.2609415302403826
4.365,-2.3511443374999996,5.726887467,11.463483517499998,-0.24157905028309432,1.8528160521101011,-0.5917092024598264,13.02829897229236,1.9599509026422541
4.369,-1.0821638275,2.844320766,3.67749375,-0.44058917104419654,1.8581372119335815,-0.8811783420883931,4.773384485953057,2.103156671905202
4.375,-0.20113439149999998,0.17240090699999996,1.905824361,-0.39589181249939737,2.3327815964085414,-0.9131051264963498,1.9241475024434995,2.5362100220171744
4.38,-1.0630408599999999,-0.9336911465,4.884202032499999,-0.22348731632277152,2.9000136033066988,-0.7236731981372673,5.085003886071195,2.9972868360607863
4.385,-5.975976377,-0.2346731345,9.7061318375,-0.10429406931509835,3.2788778090907145,-0.5023143108373028,11.400717538183692,3.318770345581896
4.39,-12.076399142499998,-0.9097629205,15.8017493445,-0.21284499667581086,3.2799419363356552,-0.43739661477644853,19.90885147784516,3.315816324370382
4.3950000000000005,-16.83605672,-0.809244758,23.7265032095,-0.5129566304842634,2.8670226916538013,-0.5725531667216374,29.104203090066243,2.968292564411155
4.4,-26.7863741425,4.118008468,32.704785484,-1.479273006149566,2.2274233998485027,-0.779012876329027,42.4743549332885,2.7850538038612216
4.405,-20.020275975,9.418796992499999,23.3195272345,-1.7176593256319872,1.0205919266121215,-0.8449946996348223,32.14538127541306,2.169326504242116
4.409,-13.364404553499998,0.612915625,7.694984055499999,-0.5991587913061138,0.30756104812181473,-0.48635083136686186,15.433591748111645,0.830735930782117
4.415,-3.3806464544999995,-1.632807225,6.837882845499999,-0.44910306166835007,0.3064969208768738,-0.28201972531520453,7.800735330282574,0.6125104472364157
4.42,-0.809244758,-0.7565830474999999,9.734865322,-0.5725531667216374,0.4682590974065391,-0.19688169173829514,9.79769859832364,0.7654058476185656
4.425,-3.9887568209999995,-2.2936773684999996,13.934268985,-0.5097638996835901,0.5438191131143539,-0.04895439112333855,14.674296882446397,0.7469906248537265
4.43,-7.010185686,-3.7588889449999994,13.828945564,-0.3554511374672871,0.4033414013456848,0.00425685804561417,15.953422355880816,0.5376317680408307
4.4350000000000005,-7.0389191705,-2.9353264779999995,10.7738798895,-0.22242301454490537,0.19688169173829514,-0.037247944231436986,13.199962594441427,0.2993690152478117
4.44,-4.429271539,-0.4165864919999999,8.8633483365,-0.18198251404572036,0.08088117553129522,-0.06811042686152752,9.917203961079434,0.2104719226428658
4.445,-3.596098555,1.2401489589999999,8.983087532999999,-0.1755972269772991,0.07662414295275587,-0.023412893783803134,9.755293736393686,0.19301245814893173
4.45,-3.4188923895,0.7948289824999999,9.4666534445,-0.14473456981428337,0.07449571392994878,0.010642319646960623,10.096440249942884,0.16312867945498274
4.455,-3.629637298,-0.406975975,9.184123858,-0.1202573742526141,0.06704612508366137,0.014899177692574794,9.883725380560952,0.13848828270572994
4.46,-4.228137147499999,-1.2641752515,9.346914248,-0.11493638896205899,0.05746810721456689,0.007449588846287397,10.336347941320469,0.12871850383080669
4.465,-4.204208921499999,-1.0103791494999999,9.284740087,-0.11919324700767316,0.02554132280661022,-0.0053211598234803115,10.242198844218427,0.12201517956717793
4.47,-3.6871042669999996,-0.277724328,9.0932162125,-0.1202573742526141,-0.0031927308006732273,-0.015963304937515736,9.816233990964431,0.1213542611391416
4.4750000000000005,-3.4907751339999997,0.08139519499999999,8.925620563999999,-0.11493638896205899,-0.009578017869094483,-0.020220337516055103,9.58430167860035,0.11709386825620544
4.48,-3.466846908,-0.07178467799999999,8.781953141499999,-0.11387208718419284,-0.011706446891901567,-0.023412893783803134,9.441762626914873,0.11684201613225002
4.485,-3.4620416494999997,-0.3160683295,8.9351330145,-0.11387208718419284,-0.00851371609122834,-0.0276699263623425,9.587608333604031,0.11749451232403968
4.49,-3.596098555,-0.555448656,9.0836056955,-0.11174365816138576,-0.009578017869094483,-0.03086248263009053,9.785312486479178,0.11632229536800745
4.494,-3.6152215224999997,-0.5793768819999999,8.983087532999999,-0.10855092736071252,-0.015963304937515736,-0.03405521343076376,9.700585851054733,0.11488206342686257
4.5,-3.6391497484999995,-0.545838139,8.9782822745,-0.10429406931509835,-0.02234876653886219,-0.0351195152086299,9.703138810024079,0.11229470427673913
4.505,-3.701421976,-0.6033051079999999,9.021333468,-0.09471605144600387,-0.024477195561669274,-0.026605624584476358,9.76979832128645,0.10138107695036755
4.51,-3.7733047204999997,-0.7948289824999999,9.1314621475,-0.0830096045541023,-0.024477195561669274,-0.014899177692574794,9.912274339241971,0.08781635978966312
4.515,-3.768499462,-0.957717439,9.169806149,-0.07130315766220074,-0.028734053607283445,-0.00425685804561417,9.960128297280974,0.07699290207368083
4.5200000000000005,-3.7205449434999998,-0.8954452115,9.1553903735,-0.0627892670380472,-0.029798355385149588,0.0053211598234803115,9.922975848735003,0.06970472566979871
4.525,-3.6871042669999996,-0.7230443045,9.021333468,-0.054275550946818865,-0.03086248263009053,0.012770748669767708,9.772511881950125,0.0637292733856251
4.53,-3.5816827795,-0.6033051079999999,8.930327755999999,-0.05108282014614563,-0.0351195152086299,0.01702760671538188,9.64070445641239,0.06428665688170732
4.534,-3.4907751339999997,-0.588987399,9.007015759,-0.046825962100531464,-0.032990911652897616,0.02234876653886219,9.677745092489667,0.06148608252391976
4.54,-3.5386315859999997,-0.670382594,9.016528209499999,-0.03937637325424407,-0.03192678440795667,0.02554132280661022,9.709227944408571,0.056764227326734217
4.545,-3.596098555,-0.6655773355,9.050066952499998,-0.04150480227705115,-0.03192678440795667,0.029798355385149588,9.761077289497146,0.06024873574066869
4.55,-3.5482421029999998,-0.5602539145,8.997405242,-0.04576166032266532,-0.0351195152086299,0.03086248263009053,9.687992958243905,0.06542172986148279
4.555,-3.5625598119999995,-0.541130947,9.0357492435,-0.04469753307772438,-0.04044050049918502,0.026605624584476358,9.72776539125453,0.06588750111659222
4.5600000000000005,-3.6009038135,-0.6320385924999999,9.002210500499999,-0.04789008934547241,-0.03831207147637793,0.02128446476099605,9.716263425401797,0.06491767031009742
4.565,-3.596098555,-0.612915625,8.983087532999999,-0.050018518368279495,-0.03831207147637793,0.020220337516055103,9.695537736824205,0.06617045450827877
4.57,-3.6104162639999995,-0.5841821405,8.9925999835,-0.0553396781917598,-0.04044050049918502,0.019156035738188967,9.707895180515655,0.07116788438751634
4.575,-3.5673650704999997,-0.5123974625,8.997405242,-0.05959653623737397,-0.04363323129985824,0.012770748669767708,9.692365335384803,0.0749579750710085
4.58,-3.51470336,-0.4549304935,9.007015759,-0.06491769606085429,-0.04469753307772438,0.006385287068421255,9.679175292636547,0.07907558799041503
4.585,-3.51470336,-0.483663978,8.983087532999999,-0.06491769606085429,-0.0425689295219921,0.002128429022807085,9.658308970930163,0.07765919927866186
4.59,-3.5386315859999997,-0.5937926575,9.002210500499999,-0.06491769606085429,-0.04363323129985824,-0.001064301777866142,9.690938918229246,0.07822594757362006
4.595,-3.5338263275,-0.612915625,9.045261693999999,-0.06491769606085429,-0.04363323129985824,-0.0053211598234803115,9.73038299293738,0.07839949538985187
4.6000000000000005,-3.529021069,-0.5937926575,9.0596774695,-0.06704612508366137,-0.03937637325424407,-0.011706446891901567,9.740859062573113,0.07863029033536902
4.605,-3.5721703289999995,-0.6559668185,9.06918992,-0.06598199783872043,-0.03192678440795667,-0.010642319646960623,9.769385811369647,0.07406890419662719
4.61,-3.552949295,-0.73746008,9.021333468,-0.06172513979310626,-0.02554132280661022,-0.009578017869094483,9.723772601377076,0.06748400165587894
4.615,-3.5434368444999995,-0.718239046,8.997405242,-0.05640397996962595,-0.02128446476099605,-0.00425685804561417,9.69665473691459,0.060436398279485166
4.619,-3.552949295,-0.6751878524999999,9.0596774695,-0.05214694739108658,-0.014899177692574794,-0.002128429022807085,9.754849213615271,0.05427540721384592
4.625,-3.5195086184999997,-0.7039213369999999,9.073995178499999,-0.04789008934547241,-0.00851371609122834,-0.001064301777866142,9.758065108607386,0.048652613059051004
4.63,-3.5482421029999998,-0.7278495629999999,9.016528209499999,-0.046825962100531464,-0.0031927308006732273,0.002128429022807085,9.716870275997843,0.0469829167539767
4.635,-3.5195086184999997,-0.7087265955,8.9925999835,-0.04576166032266532,0.00425685804561417,0.006385287068421255,9.682772782943374,0.04640067118968926
4.64,-3.529021069,-0.7134337874999999,9.054872211,-0.0425689295219921,0.010642319646960623,0.007449588846287397,9.744418311635258,0.04450695565970721
4.6450000000000005,-3.529021069,-0.7087265955,9.054872211,-0.04150480227705115,0.015963304937515736,0.006385287068421255,9.744074807294684,0.04492491076820713
4.65,-3.51470336,-0.6991160785,9.06918992,-0.04150480227705115,0.02234876653886219,0.007449588846287397,9.751518282044191,0.04772433710219982
4.655,-3.5195086184999997,-0.6991160785,9.054872211,-0.037247944231436986,0.028734053607283445,0.009578017869094483,9.739939166363053,0.04800826608486471
4.659,-3.4859698755,-0.7039213369999999,9.0357492435,-0.03618364245357084,0.032990911652897616,0.00851371609122834,9.710419950392886,0.04970049893692407
4.665,-3.5002875845,-0.6847003029999998,9.016528209499999,-0.04044050049918502,0.0351195152086299,0.007449588846287397,9.696319334254746,0.05407689712892651
4.67,-3.4715540999999996,-0.6512596264999999,8.963866499,-0.03831207147637793,0.037247944231436986,0.00425685804561417,9.63466292001076,0.05360359139740398
4.675,-3.4476258739999994,-0.5841821405,9.002210500499999,-0.04044050049918502,0.0425689295219921,0.001064301777866142,9.657493817531847,0.058725467895516026
4.68,-3.51470336,-0.6225261419999999,8.9782822745,-0.04469753307772438,0.04576166032266532,-0.0031927308006732273,9.661792334079095,0.06404836101483655
4.6850000000000005,-3.5338263275,-0.69431082,9.0261387265,-0.046825962100531464,0.04576166032266532,-0.0053211598234803115,9.718085013917312,0.06568953511781334
4.69,-3.5195086184999997,-0.7134337874999999,8.9925999835,-0.05108282014614563,0.04576166032266532,-0.011706446891901567,9.683118461946366,0.06957460002330862
4.695,-3.529021069,-0.6799931109999999,9.021333468,-0.054275550946818865,0.04576166032266532,-0.013834875914708653,9.710861850387444,0.07232820181397515
4.7,-3.4763593585,-0.69431082,9.050066952499998,-0.054275550946818865,0.046825962100531464,-0.01702760671538188,9.719611810609114,0.07367798550228459
4.705,-3.5434368444999995,-0.6655773355,9.045261693999999,-0.05640397996962595,0.04895439112333855,-0.01809190849324802,9.737335209051556,0.07684567990198819
4.71,-3.552949295,-0.6512596264999999,9.030943985,-0.054275550946818865,0.05214694739108658,-0.01809190849324802,9.726537773234503,0.07741095985529144
4.715,-3.5002875845,-0.6751878524999999,8.997405242,-0.05214694739108658,0.050018518368279495,-0.01702760671538188,9.677871299988313,0.07423675432304663
4.72,-3.5386315859999997,-0.69431082,9.016528209499999,-0.050018518368279495,0.05214694739108658,-0.01702760671538188,9.710909430579363,0.07423675432304663
4.7250000000000005,-3.51470336,-0.627233334,9.0596774695,-0.050018518368279495,0.054275550946818865,-0.01809190849324802,9.737777837650743,0.07599345210784086
4.73,-3.5243138769999995,-0.6512596264999999,9.040554501999999,-0.04469753307772438,0.053211249168952715,-0.019156035738188967,9.725047717536205,0.07208509004334675
4.735,-3.5195086184999997,-0.6799931109999999,8.997405242,-0.03831207147637793,0.05640397996962595,-0.020220337516055103,9.685175921761685,0.0711202209395348
4.74,-3.5243138769999995,-0.6655773355,8.983087532999999,-0.03618364245357084,0.060660838015240116,-0.01702760671538188,9.67262338348217,0.07265626360041351
4.744,-3.5243138769999995,-0.6655773355,8.983087532999999,-0.03618364245357084,0.060660838015240116,-0.01702760671538188,9.67262338348217,0.07265626360041351
4.75,-3.4907751339999997,-0.660772077,8.987794724999999,-0.03086248263009053,0.06172513979310626,-0.01702760671538188,9.664501269731067,0.07108041296324091
4.755,-3.5195086184999997,-0.6655773355,9.002210500499999,-0.026605624584476358,0.06491769606085429,-0.015963304937515736,9.688639120151988,0.07195132817333995
4.76,-3.505092843,-0.6895055615,8.944743531499999,-0.02128446476099605,0.06704612508366137,-0.01702760671538188,9.631694067073575,0.07237506973640694
4.765,-3.5338263275,-0.6847003029999998,8.954354048499999,-0.02128446476099605,0.06917455410646846,-0.01809190849324802,9.650761599156242,0.07460204105062324
4.7700000000000005,-3.5002875845,-0.7134337874999999,8.987794724999999,-0.01809190849324802,0.07662414295275587,-0.019156035738188967,9.671683150418506,0.0810279590103021
4.775,-3.505092843,-0.69431082,8.9925999835,-0.01702760671538188,0.077688444730622,-0.01702760671538188,9.676497187312313,0.08133494467675223
4.78,-3.505092843,-0.69431082,8.9925999835,-0.01702760671538188,0.077688444730622,-0.01702760671538188,9.676497187312313,0.08133494467675223
4.784,-3.4955803924999995,-0.6512596264999999,8.9925999835,-0.013834875914708653,0.08620216082185034,-0.01809190849324802,9.67006079840161,0.08916015631917429
4.79,-3.5434368444999995,-0.69431082,8.997405242,-0.009578017869094483,0.09684448046881096,-0.01702760671538188,9.69491172082027,0.09879540077366111
4.795,-3.5769755874999998,-0.6991160785,8.997405242,-0.0053211598234803115,0.10322976753723222,-0.01809190849324802,9.70756502597625,0.10493815702872851
4.8,-3.5625598119999995,-0.7039213369999999,9.045261693999999,-0.0031927308006732273,0.1074868001157716,-0.01809190849324802,9.747004502702616,0.1090455083074102
4.805,-3.6009038135,-0.6799931109999999,9.007015759,-0.0053211598234803115,0.10855092736071252,-0.020220337516055103,9.72395144928031,0.11054628271453044
4.8100000000000005,-3.6009038135,-0.6799931109999999,9.007015759,-0.0053211598234803115,0.10855092736071252,-0.020220337516055103,9.72395144928031,0.11054628271453044
4.815,-3.5673650704999997,-0.6895055615,8.9782822745,-0.001064301777866142,0.11600051620699993,-0.024477195561669274,9.6856111870219,0.11855962888407261
4.82,-3.6344425565,-0.73746008,9.0357492435,0.0031927308006732273,0.12664283585396055,-0.02234876653886219,9.767178940589892,0.12863929714090996
4.825,-3.5864880379999997,-0.6799931109999999,8.983087532999999,0.0053211598234803115,0.12132167603048023,-0.024477195561669274,9.696450314587526,0.1238805752298399
4.83,-3.620026781,-0.7039213369999999,8.9925999835,0.010642319646960623,0.13409242470024793,-0.0276699263623425,9.719411175945037,0.13733048516027752
4.835,-3.6822990085,-0.7087265955,8.9686717575,0.011706446891901567,0.13622085372305504,-0.0276699263623425,9.721043795238618,0.1394947551443004
4.84,-3.6822990085,-0.7087265955,8.9686717575,0.011706446891901567,0.13622085372305504,-0.0276699263623425,9.721043795238618,0.1394947551443004
4.845,-3.663176041,-0.6847003029999998,8.973477015999999,0.013834875914708653,0.1383492827458621,-0.029798355385149588,9.716530397676166,0.14219658860721504
4.8500000000000005,-3.6104162639999995,-0.660772077,8.973477015999999,0.015963304937515736,0.14154201354653534,-0.029798355385149588,9.695102634514956,0.14552288715867132
4.855,-3.6248320394999998,-0.6320385924999999,8.9782822745,0.020220337516055103,0.14899160239282275,-0.03086248263009053,9.703011527231945,0.15349219024737645
4.86,-3.6104162639999995,-0.7134337874999999,8.997405242,0.02128446476099605,0.16069804928472428,-0.032990911652897616,9.720977032030852,0.16542458020429446
4.865,-3.6726884914999998,-0.6751878524999999,8.9208153055,0.019156035738188967,0.1660192091082046,-0.032990911652897616,9.670856482577081,0.17034591791353804
4.869,-3.620026781,-0.69431082,9.0357492435,0.020220337516055103,0.1755972269772991,-0.0351195152086299,9.75865901655228,0.1802127312924075
4.875,-3.5816827795,-0.6991160785,8.973477015999999,0.02554132280661022,0.1904962301369487,-0.03831207147637793,9.687130874560554,0.19598211063235307
4.88,-3.629637298,-0.7469725305,8.930327755999999,0.028734053607283445,0.20113854978390933,-0.03937637325424407,9.668660129818313,0.20696101279356446
4.885,-3.6918114589999997,-0.7230443045,9.002210500499999,0.02234876653886219,0.20965244040806286,-0.037247944231436986,9.75664177934119,0.21410516687911377
4.89,-3.768499462,-0.751777789,8.973477015999999,0.02554132280661022,0.22029458552209827,-0.03618364245357084,9.761662143088556,0.2247027359919598
4.8950000000000005,-3.620026781,-0.6416491095,8.925620563999999,0.0276699263623425,0.22774417436838568,-0.04044050049918502,9.653134720254299,0.232955935456171
4.9,-3.6391497484999995,-0.6799931109999999,8.954354048499999,0.024477195561669274,0.2362580649925392,-0.04469753307772438,9.689492140917572,0.24169169584372846
4.905,-3.6248320394999998,-0.612915625,8.963866499,0.02234876653886219,0.2458360828616337,-0.04895439112333855,9.688445463016725,0.2516572657659965
4.909,-3.6918114589999997,-0.5602539145,8.959061240499999,0.019156035738188967,0.2564782279756691,-0.05214694739108658,9.70608750262152,0.2624258738252591
4.915,-3.7349607189999996,-0.6751878524999999,8.963866499,0.015963304937515736,0.2628636895770156,-0.05853240899243303,9.734305975288175,0.2697743303300505
4.92,-3.7349607189999996,-0.6033051079999999,8.8729588535,0.019156035738188967,0.27244170744611007,-0.06598199783872043,9.64589588590484,0.2809716386045814
4.925,-3.7540836864999996,-0.5937926575,8.896887079499999,0.01809190849324802,0.2777626927366652,-0.07343158668500784,9.674726546560391,0.2878743277062562
4.93,-3.7110324929999994,-0.646454368,8.9208153055,0.01702760671538188,0.2852122815829526,-0.07556001570781491,9.683522661142025,0.2955423843207136
4.9350000000000005,-3.744571236,-0.670382594,8.925620563999999,0.013834875914708653,0.2937261722071061,-0.08194530277623617,9.702470253307474,0.3052564506740242
4.94,-3.806745397,-0.7039213369999999,8.963866499,0.015963304937515736,0.3043683173211415,-0.08088117553129522,9.764103562445406,0.3153357960155418
4.945,-3.768499462,-0.7039213369999999,8.925620563999999,0.012770748669767708,0.31501063696810216,-0.08194530277623617,9.714102938320028,0.3257450323055209
4.95,-3.5864880379999997,-0.7709007564999999,8.9351330145,0.02128446476099605,0.3341666727062911,-0.08620216082185034,9.65887086619845,0.34576177654291357
4.955,-3.6344425565,-0.5123974625,8.959061240499999,0.02128446476099605,0.369286187914921,-0.09258762242319679,9.681761315334317,0.38131061465801985
4.96,-3.7492784279999998,-0.660772077,8.896887079499999,0.019156035738188967,0.3916349544537832,-0.09471605144600387,9.677205597370714,0.40338074031458376
4.965,-3.663176041,-0.785316532,8.9208153055,0.02128446476099605,0.4161119754825273,-0.10110133851442513,9.675563367454734,0.42874664456942624
4.97,-3.529021069,-0.7901217905,8.973477015999999,0.029798355385149588,0.4459103308676769,-0.10216564029229126,9.674790535507684,0.4584340554698294
4.9750000000000005,-3.5434368444999995,-0.6081103664999999,8.9208153055,0.03192678440795667,0.48635083136686186,-0.1053583710929645,9.618039748495944,0.4986550281439391
4.98,-3.6248320394999998,-0.785316532,8.963866499,0.03937637325424407,0.5257272046211059,-0.10110133851442513,9.700877897484986,0.5368063646220935
4.985,-3.6152215224999997,-0.718239046,8.973477015999999,0.046825962100531464,0.5661678796532162,-0.10322976753723222,9.700978493978143,0.5774037786362765
4.99,-3.7062272344999996,-0.6559668185,8.925620563999999,0.04576166032266532,0.6087368091752083,-0.10110133851442513,9.686749466834693,0.6187698385100144
4.994,-3.7972329465,-0.7230443045,8.930327755999999,0.0553396781917598,0.6470488806515862,-0.10216564029229126,9.731008423891067,0.6573983206482749
5.0,-3.67749375,-0.6655773355,8.930327755999999,0.05746810721456689,0.6853611266608893,-0.10429406931509835,9.68079063405486,0.6956290032618041
5.005,-3.701421976,-0.7134337874999999,8.944743531499999,0.060660838015240116,0.7311226124506294,-0.10003721126948419,9.706593081914653,0.7404238349377469
5.01,-3.7876224295,-0.7134337874999999,8.9112047885,0.06172513979310626,0.7822054325967751,-0.10216564029229126,9.70899800289316,0.7912604815879032
5.015,-3.7158377515,-0.6751878524999999,8.916010046999999,0.07023885588433461,0.8311598237201135,-0.1053583710929645,9.682900597953129,0.8407499841223629
5.0200000000000005,-3.7972329465,-0.6991160785,8.925620563999999,0.077688444730622,0.8811783420883931,-0.10429406931509835,9.724939269409447,0.8907233116431917
5.025,-3.9264845935,-0.73746008,8.9351330145,0.08939489162252356,0.934389765790271,-0.10322976753723222,9.787631512240043,0.9443156601304413
5.03,-3.9839515624999997,-0.7421672719999999,8.868153594999999,0.0979087822466771,0.9844082841585505,-0.10961522913857867,9.750222074213772,0.9953196963891109
5.034,-4.0557362405,-0.7901217905,8.925620563999999,0.10961522913857867,1.0365552315496371,-0.10642249833790543,9.8356490049629,1.0477537853257828
5.04,-3.9216793349999994,-0.8619064684999999,8.9015942715,0.1330281229223818,1.089766655251515,-0.09258762242319679,9.765287099794342,1.1017532900846303
5.045,-3.9887568209999995,-0.7901217905,8.8872765625,0.14686299883709047,1.148299064243948,-0.08620216082185034,9.773339148891681,1.1608575683094398
5.05,-4.060541498999999,-0.842783501,8.8872765625,0.15644119123911013,1.2089599022591881,-0.0830096045541023,9.80724048818121,1.2218627116149694
5.055,-4.1324242435,-0.9097629205,8.8776660455,0.1755972269772991,1.264299580450948,-0.07981687375342908,9.83450828029581,1.2789286722043303
5.0600000000000005,-4.151547211,-0.8283677254999999,8.810686625999999,0.192624833692681,1.3175108296199007,-0.07343158668500784,9.774954534696679,1.3335408920029148
5.065,-4.276091665999999,-0.9050557284999999,8.8537378195,0.2064597096073896,1.3834928274586211,-0.06598199783872043,9.8738421692961,1.4003683941589822
5.07,-4.204208921499999,-0.9336911465,8.892081821,0.22242301454490537,1.4494746507644163,-0.054275550946818865,9.880094681936573,1.4674449209556217
5.075,-4.2856041165,-0.90025047,8.90639953,0.2405149230381534,1.5250346664722314,-0.04576166032266532,9.924757233307078,1.5445621682864066
5.08,-4.1802806955,-0.8379782425,8.973477015999999,0.25967095877634233,1.6112370018270068,-0.03618364245357084,9.934799644922569,1.6324285402030665
5.085,-4.137229501999999,-0.7039213369999999,8.916010046999999,0.2798911217594723,1.713402467586373,-0.03405521343076376,9.85430912642322,1.736446605436707
5.09,-4.141936694,-0.541130947,8.9925999835,0.29691890300777934,1.8198251404572034,-0.03831207147637793,9.915408047183382,1.844286363779832
5.095,-4.204208921499999,-0.6177208835,9.0261387265,0.32033179679158247,1.9336972276413962,-0.04789008934547241,9.976378704497701,1.9606353278672868
5.1000000000000005,-4.175475436999999,-0.588987399,9.1506831815,0.3331025454613502,2.0582114599396246,-0.06385356881591334,10.075539884758438,2.0859695582318936
5.105,-4.0892749835,-0.6033051079999999,9.1171444385,0.3341666727062911,2.202946029753908,-0.08088117553129522,10.010418056029893,2.229614392605014
5.11,-4.20901418,-0.5985979159999999,9.2367855685,0.32565295661506277,2.3700293661070533,-0.0979087822466771,10.168201781580187,2.394300560498402
5.115,-4.16586492,-0.48837116999999997,9.404381217,0.3064969208768738,2.5477551966400847,-0.11919324700767316,10.297345434918466,2.5688915770514322
5.119,-4.022295564,-0.41178123349999995,9.322986021999998,0.2777626927366652,2.7308018379307466,-0.14367044256934242,10.162012288658394,2.7486491204936176
5.125,-3.9982692715,-0.34480181399999993,9.2560066025,0.23732219223748016,2.9425825328286908,-0.18623937209133454,10.088543189374887,2.9580058974170234
5.13,-3.9456075609999997,0.019122967499999997,9.3852582495,0.18730367386920066,3.171391008974943,-0.2511570681521888,10.180926142700091,3.186829689665704
5.135,-3.8881405919999996,0.2393803265,9.3134735715,0.11919324700767316,3.402327914144002,-0.3384235307519053,10.09533209809872,3.4211946380851077
5.14,-3.9264845935,0.42619700899999996,9.136267406,0.019156035738188967,3.660934571142478,-0.44378190184486976,9.953406817136099,3.6877840587941715
5.1450000000000005,-4.371804569999999,0.5506433974999999,9.380452990999999,-0.0851380335769094,3.9418901692127415,-0.56510357787535,10.363820804406261,3.983100380937558
5.15,-4.3287533765,0.483663978,9.31827883,-0.213909298453677,4.234552039641981,-0.6970675735527909,10.286027269641137,4.296869949917007
5.155,-4.1228137264999996,0.4310022675,8.719680914,-0.4065339576134328,4.590003351642194,-0.8407378415892081,9.65485324694181,4.6840410699586625
5.159,-4.3095323425,0.25379610199999997,8.810686625999999,-0.5778743265451177,4.988023418631473,-0.9769586953122632,9.811456583709637,5.115541482037089
5.165,-4.683067641,0.541130947,8.8872765625,-0.7098381476896334,5.359438035569201,-1.1004088003655506,10.060200292754825,5.5170957741318265
5.17,-5.7509137594999995,0.3064578125,8.801076109,-0.7534713789894916,5.729788350729063,-1.1759688160733655,10.517883158528587,5.8975500268741925
5.175,-7.1970023685,0.023928225999999997,9.174611407499999,-0.7428292338754562,6.105459825712405,-1.2142808875497433,11.66065650513826,6.269203540160164
5.18,-8.1115705475,-0.047856451999999994,9.2224678595,-0.7002601298205389,6.456654105134079,-1.2440792429348928,12.282254695558873,6.612600066952672
5.1850000000000005,-9.854506451999999,-0.6991160785,9.078800437,-0.6374708627824917,6.773793345657913,-1.2398223848892789,13.417327531166489,6.915764956723777
5.19,-13.661349915499999,-0.047856451999999994,11.1186817035,-0.524663077376165,7.017500824963814,-1.1770331178512314,17.614194690007132,7.134843805834031
5.195,-16.366808517499997,0.44531997649999994,14.087448858,-0.24264335206096047,7.00366577451618,-1.0280415154584088,21.59923485350224,7.082872258832198
5.2,-18.028349227,-0.7230443045,14.676436256999999,0.08939489162252356,6.759958295210279,-0.8864995019118733,23.25815878617062,6.818424228993123
5.205,-17.583029250499997,-0.9384964049999999,13.589467170999999,0.4927362929682083,6.44814038904285,-0.7492145209438775,22.24224159381925,6.5101940009193955
5.21,-16.1512583505,-0.636843851,12.042860399499999,0.8928849635132199,6.219331738363673,-0.6151220962436295,20.156864909925794,6.313137573597843
5.215,-14.858447680999998,-0.09100571199999999,12.603114314,1.191932295543806,6.0660832779252365,-0.5214703465754918,19.483845614774886,6.204030968188511
5.22,-13.2686916495,0.9097629205,12.325389986,1.4164837391115188,5.9138991192646655,-0.4139835464597202,18.13287304781062,6.095244978895114
5.2250000000000005,-12.0189321735,0.1675956485,11.185661123,1.6261360049866564,5.779806869097343,-0.34268056333044467,16.419556438929256,6.013976697598958
5.23,-11.760330813,0.9145681789999999,11.453873000499998,1.7165951983870462,5.699990344409764,-0.3192674950137163,16.441807154227888,5.961419355729166
5.235,-13.182491196,2.298482627,14.575918094499999,1.7761919091573453,5.57015477775513,-0.31288220794529503,19.786826042011153,5.8548592828823
5.24,-15.437824563,0.287334845,18.186334358499998,1.8070543917874358,5.202997018863017,-0.4352681857536414,23.856901432295746,5.52504135248823
5.244,-15.576686726999998,0.5315204299999999,15.6532766635,1.5346126843413257,4.692168642868634,-0.721544594581535,22.08938101583381,4.9891992610068
5.25,-13.924658468,1.2449542175,11.688448068499998,1.262171151428141,4.359066271940209,-0.9833439823806843,18.22267386263982,4.64343624553503
5.255,-11.645396875,1.144436055,9.073995178499999,1.0461334239516569,4.219652861949407,-1.2068312987034557,14.807511295274603,4.511796449264628
5.26,-8.8776660455,1.608878999,9.174611407499999,0.8588297500824562,4.190918808342123,-1.4047772922196171,12.867592646935789,4.502753406359084
5.265,-6.3350959,1.8674803594999998,10.70690047,0.7162236092909798,4.134514653839572,-1.5420622731876132,12.580089054923311,4.4704746655929615
5.2700000000000005,-5.5114353665,2.001537265,12.143378562,0.6204432560671098,4.047248191239856,-1.6335855938329438,13.484943979206287,4.408374944111716
5.275,-5.0469924225,1.8578698425,12.914279318499998,0.52998406266672,3.8918714763115365,-1.714466769364239,13.989368219497269,4.285667159038638
5.28,-3.4236976479999996,1.8196239074999998,11.784259038999998,0.41824057903825956,3.644971091672037,-1.772999178356672,12.405704246350526,4.074833190148099
5.284,-0.785316532,2.9065929935,9.1985396335,0.25222136993005495,3.386364609206486,-1.8049257882317036,9.678746627242914,3.8456258251368434
5.29,2.322410853,1.0391126339999999,8.834614852,0.11812894522980702,3.2192810983204154,-1.83685257263966,9.193680809091079,3.708335558079547
5.295,-5.655102788999999,-1.211513541,8.0109543185,0.04044050049918502,2.998986512798317,-1.9666881392942939,9.880452505187995,3.586560716796481
5.3,-14.0779364075,2.0877377184999997,13.690083399999999,-0.09152332064533064,2.538177004238065,-2.04863344207053,19.74753973977055,3.263068801455865
5.305,-14.571112836,2.6958480849999997,20.886987702,0.09471605144600387,1.581438646441857,-1.870907786070424,25.609591590658788,2.4515740386209655
5.3100000000000005,-10.6542387595,1.7956956814999998,21.159906771499998,0.3916349544537832,0.42143313530600757,-1.641035182679231,23.758766405341024,1.7389595440592993
5.315,-7.8099179935,1.628100033,18.0092262595,0.621507557844976,-0.48847943492259416,-1.4154194373336526,19.697151043958463,1.6212020189916605
5.32,-5.942437634,2.437344791,15.672399630999998,0.7236731981372673,-1.1525559222895623,-1.1876752629652667,16.93745331677591,1.806283638293438
5.325,-3.6918114589999997,3.7588889449999994,12.818566414499998,0.7087740204446925,-1.6910537010475108,-0.9844082841585505,13.859089539814448,2.08112539309956
5.33,-1.4987503194999998,4.2377476645,9.7779165155,0.6438561498509129,-2.0741749394100655,-0.799233039312157,10.76161740503091,2.3142009143775173
5.335,-0.06707748599999999,4.2616758905,7.460310921,0.5214703465754918,-2.2944695249321643,-0.6459847534066453,8.592009067894942,2.440044676811029
5.34,0.5698644315,4.1945984045,5.7987702115,0.32778138563786985,-2.4051490558486086,-0.5182776157748186,7.179494216941923,2.4820947412686256
5.345,1.0198915999999998,4.0892749835,4.5872566704999995,0.08194530277623617,-2.4392040947464473,-0.40759825939129896,6.229387813218585,2.474382345057801
5.3500000000000005,1.4030374155,3.9264845935,3.768499462,-0.1734686234215668,-2.4094057393612975,-0.3022398882983345,5.6202654249937405,2.434476602939023
5.355,1.709495228,3.7588889449999994,3.236979032,-0.4118551174369131,-2.3327815964085414,-0.18836780111414161,5.246870809254373,2.376336895896273
5.36,1.6663459679999997,3.3758411959999997,3.0215269315,-0.6183148270443027,-2.2423225775410773,-0.05853240899243303,4.82728056605998,2.326746614910129
5.365,1.3120317034999998,2.8251977985,3.0262341234999997,-0.7822054325967751,-2.1656982600553962,0.0851380335769094,4.342955533029802,2.3042011147363466
5.369,0.8044394995,2.2840668515,3.4188923895,-0.8833069456441254,-2.1156795671541917,0.24264335206096047,4.1896192501775085,2.3054732675518665
5.375,0.09581097049999998,1.6950794525,3.9648285949999997,-0.9067198394279286,-2.105037422040156,0.41504784823758634,4.313042995390322,2.3292891902312873
5.38,-0.636843851,1.1396307964999999,4.572938961499999,-0.8641509099059365,-2.1390926354709197,0.6002229185510547,4.755638673037769,2.38385017359966
5.385,-1.3263494125,0.7134337874999999,5.1762440695,-0.780077003573968,-2.2146524766458096,0.7843340361525074,5.390889833804769,2.47555763497553
5.39,-1.9201420699999998,0.38304774899999994,5.688641532,-0.6651407891448342,-2.324267705784388,0.9578026595740742,6.016171010417935,2.600388157991727
5.3950000000000005,-2.4707854675,0.09581097049999998,6.0764945395,-0.5416906840915469,-2.4626169885302502,1.111051120012511,6.5603160333211585,2.7554211693877986
5.4,-2.9305212194999997,-0.033538742999999996,6.3206801245,-0.42462586610668085,-2.622250910570034,1.2376937813335465,6.9670708839132045,2.930595990665372
5.405,-3.3614254205,-0.08620045349999998,6.411685836499999,-0.33735940350696436,-2.794655232213734,1.3345384363352826,7.239912060359704,3.115269181327738
5.409,-3.653565524,-0.09581097049999998,6.349413609,-0.29053344140643284,-2.963867172122612,1.401584561418944,7.3261704838465205,3.2914066259533308
5.415,-3.9025563675,-0.1579851315,6.200940928,-0.28734088513868483,-3.1160513307831827,1.438832505650381,7.3284769151465134,3.4442095841664573
5.42,-4.1228137264999996,-0.34480181399999993,5.96636586,-0.3118179061674289,-3.2469510246827573,1.4494746507644163,7.2604409569755495,3.5694394695110985
5.425,-4.343071085499999,-0.660772077,5.774841985499999,-0.3416162615525785,-3.3544378247985294,1.4356397748497078,7.255872528438093,3.664698671613639
5.43,-4.5633284445,-1.110897312,5.626369304499999,-0.37035031515986194,-3.4374472548197064,1.406905721242424,7.328989758541856,3.732638034161792
5.4350000000000005,-4.836247513999999,-1.5179713535000001,5.4396506884999996,-0.3777999040061493,-3.505557856214159,1.3696577770109872,7.43527582942397,3.7825429378737456
5.44,-5.1379981345,-1.9872195559999997,5.401306687,-0.35757956649009426,-3.5566405018273795,1.320703385887649,7.71506191296643,3.8107495639447704
5.445,-5.1379981345,-1.9872195559999997,5.401306687,-0.35757956649009426,-3.5566405018273795,1.320703385887649,7.71506191296643,3.8107495639447704
5.45,-5.549779367999999,-2.499518952,5.353450235,-0.310753778922488,-3.5970810023265645,1.262171151428141,8.105990096435303,3.824739947226573
5.455,-6.2440901879999995,-2.7868537969999996,5.425234913,-0.16495490733033846,-3.661998872920344,1.1238216941493537,8.728596119821635,3.8341128135414793
5.46,-6.512203999,-2.7677308294999996,5.4971176575,-0.08620216082185034,-3.682219210436399,1.052518711020078,8.960325742379828,3.830661139187931
5.465,-6.9575239755,-2.7054586019999998,5.6838362735,-0.010642319646960623,-3.6981823408409897,0.9833439823806843,9.382571124204041,3.826699788689977
5.47,-7.417259727499999,-2.5857194055,5.832308954499999,0.050018518368279495,-3.71308169306649,0.9109766974735427,9.783532820505766,3.823526651522789
5.4750000000000005,-7.819430443999999,-2.4468572415,5.908898890999999,0.09365174966813773,-3.727980696226139,0.8449946996348223,10.10176662435319,3.823692817690979
5.48,-7.819430443999999,-2.4468572415,5.908898890999999,0.09365174966813773,-3.727980696226139,0.8449946996348223,10.10176662435319,3.823692817690979
5.485,-8.173842774999999,-2.207476915,6.0429557965,0.1255785340760944,-3.740751444895907,0.7843340361525074,10.402017823438419,3.824156275700406
5.49,-8.523351781,-1.8339416165,6.114838540999999,0.13728498096799596,-3.7482010337421943,0.7311226124506294,10.649043047049135,3.8213084709013048
5.494,-8.7580249155,-1.4317708999999998,6.095617507,0.1277069630989015,-3.7450084774744465,0.6885536829286373,10.766128418435779,3.8099217497284648
5.5,-8.94954879,-0.6512596264999999,6.114838540999999,0.03086248263009053,-3.7109532640436824,0.6374708627824917,10.858628505856455,3.765434333731928
5.505,-8.939938273,-0.3543142645,6.1482792175,-0.03192678440795667,-3.6758337488350525,0.6321497029590114,10.855845073480959,3.7299311408642057
5.51,-8.939938273,-0.3543142645,6.1482792175,-0.03192678440795667,-3.6758337488350525,0.6321497029590114,10.855845073480959,3.7299311408642057
5.515,-8.939938273,-0.24418558499999998,6.210551444999999,-0.09684448046881096,-3.6322005175351944,0.6417278953610311,10.888207941436626,3.6897254836457285
5.5200000000000005,-9.078800437,-0.1436674225,6.373341835,-0.1479273006149566,-3.588567286235336,0.6640764873669681,11.093455000536142,3.652491647516709
5.525,-9.265519053,-0.0765899365,6.526619774499999,-0.18304681582358648,-3.542805625912671,0.699196002575598,11.333687617927957,3.61577832420619
5.53,-9.404381217,0.0383440015,6.7133383905,-0.20113854978390933,-3.505557856214159,0.7385722012969168,11.55477255001043,3.5881585104343645
5.534,-9.461848186,0.2729190695,6.847395295999999,-0.20752383685233058,-3.4683097374497973,0.7853981633974483,11.682802671152634,3.5621747364242364
5.54,-9.4331147015,0.49798168699999995,6.9814522015,-0.20965244040806286,-3.4299978405063443,0.838609412566401,11.746161652815442,3.5372454082933245
5.545,-9.4331147015,0.7039213369999999,7.091580881,-0.21178086943086993,-3.393814023519848,0.9024629813823144,11.822422662555422,3.5181336239066208
5.55,-9.3374017975,0.9384964049999999,7.1970023685,-0.21497342569861796,-3.3533736975535886,0.975894393534397,11.82644033183057,3.499099683709039
5.555,-9.294252537499998,1.120507829,7.302325789499999,-0.2181661564992912,-3.310804593498671,1.0567755690656921,11.872768420283125,3.4822116724213785
5.5600000000000005,-9.351719506499999,1.2641752515,7.5609271499999995,-0.22668004712344472,-3.2703639184665607,1.1440420316654085,12.092163419436769,3.4721025579883094
5.565,-9.351719506499999,1.3934268984999998,7.8720921545,-0.23519376321467306,-3.2267306871667025,1.2345012250657985,12.303094372500617,3.4628168170504394
5.57,-9.4523357355,1.5179713535000001,8.1451092905,-0.25222136993005495,-3.1873543139124583,1.3270888474889952,12.569554218063836,3.4617925921400055
5.575,-9.60071035,1.584950773,8.3414384235,-0.2798911217594723,-3.156492005815293,1.4132910083108456,12.816602636832922,3.469751042508369
5.58,-9.8114552585,1.570633064,8.499423555,-0.310753778922488,-3.130950333942833,1.4931078820642745,13.075616363237573,3.482641102986899
5.585,-10.0652513605,1.5801455144999998,8.729291431,-0.3490658503988659,-3.1096658691818364,1.5612184834587273,13.416656576225375,3.497037594731043
5.59,-10.290313978,1.5322890624999999,8.882471304,-0.38418536560749583,-3.093702564244321,1.621879146941042,13.679794150617282,3.5141266224256995
5.595,-10.582356014999998,1.4556991259999998,8.892081821,-0.42143313530600757,-3.0862529753980334,1.6740260943321288,13.898720728362106,3.5362305750886702
5.6000000000000005,-10.730828696,1.3598881554999998,8.9351330145,-0.4512314906911572,-3.075610655751073,1.7208520564326604,14.029846124786047,3.5530722711604708
5.605,-10.912742053499999,1.168364281,8.9208153055,-0.47145182820721226,-3.0702896704605176,1.7676780185331917,14.143336237754763,3.574021693283619
5.61,-11.0947534775,0.9959633739999999,8.834614852,-0.47783711527563355,-3.060711652591423,1.8081185190323767,14.21745115525377,3.586861679506431
5.615,-11.3246213535,0.8235624669999999,8.839420110499999,-0.4757086862528265,-3.0511336347223286,1.8443021614859476,14.389602212261154,3.596827167653739
5.619,-11.554391163,0.6416491095,8.810686625999999,-0.47251595545215325,-3.0447481731209822,1.8783575494496365,14.544547691451593,3.6085994304514966
5.625,-11.6837408765,0.38304774899999994,8.791465592,-0.45974520678238556,-3.034105853474022,1.9007061414555735,14.62690649804431,3.6096880504292383
5.63,-11.6837408765,0.08620045349999998,8.844225369,-0.43846074202138946,-3.019206850314372,1.9134768901253414,14.653926223543088,3.601284720252333
5.635,-11.736402586999999,-0.2825295865,8.7484143985,-0.4129194192147792,-2.994729654752703,1.9166696209260146,14.64096045822371,3.579459538477923
5.64,-11.7459150375,-0.7278495629999999,8.5856240085,-0.37354304596053517,-2.9596103140769983,1.909219857546802,14.567402811409435,3.5417436500722994
5.6450000000000005,-11.621468648999999,-1.1157025704999999,8.5042288135,-0.32778138563786985,-2.91597708277714,1.888999694563672,14.44386490859956,3.489796961158888
5.65,-11.669325101,-1.4987503194999998,8.4467618445,-0.28095542353733843,-2.8595729282745888,1.8528160521101011,14.483341689359229,3.418920970875579
5.655,-11.927926461499998,-1.7860851644999998,8.523351781,-0.23519376321467306,-2.7989122647922735,1.8017332319639556,14.76865110524569,3.33698495822546
5.659,-12.387564146999999,-1.8866033269999998,8.6766297205,-0.20220285156177545,-2.746765142868262,1.7304302488346799,15.241224390322163,3.25269020801826
5.665,-13.000479771999998,-1.9345578454999999,8.753219657,-0.18836780111414161,-2.70419621334627,1.635714022855751,15.791575055182367,3.1660258927146865
5.67,-13.5368054605,-2.102153494,8.8154918845,-0.1915605319148148,-2.6754621597389865,1.5303558262957115,16.290397433870186,3.088168091386853
5.675,-13.996541212499999,-2.2936773684999996,8.868153594999999,-0.20113854978390933,-2.660562982046412,1.4143553100887116,16.72747051913383,3.019843214609163
5.68,-14.465789415,-2.4900065015,8.9351330145,-0.21178086943086993,-2.6626912365362934,1.283455616189137,17.184172885636542,2.9634496919150672
5.6850000000000005,-14.8536424225,-2.6192581484999997,8.777147883,-0.21497342569861796,-2.6871686066308884,1.146170460688216,17.45077452218172,2.9292994758428894
5.69,-14.920621842,-2.7677308294999996,8.556890524,-0.21178086943086993,-2.7254806781072656,1.0056927489195466,17.42141399359573,2.9128189041926875
5.695,-14.700364483,-2.877859509,8.140304032,-0.1904962301369487,-2.766985480384317,0.8598940518603223,17.04838235786566,2.903776031786677
5.7,-14.235921538999998,-3.0215269315,7.541706115999999,-0.1479273006149566,-2.7978481375473327,0.7077097186668263,16.39110790039696,2.88975599885869
5.705,-13.6421288815,-3.1795120629999998,6.775610617999999,-0.08088117553129522,-2.8042332500828286,0.5597824180518697,15.560394488089731,2.8607031025580802
5.71,-13.244763423499998,-3.3326919359999994,5.928021858499999,0.015963304937515736,-2.775499371008471,0.4256899933516217,14.888654634976817,2.8079999209424225
5.715,-13.211224680499999,-3.466846908,5.22890578,0.13515655194518889,-2.722288121839518,0.2937261722071061,14.625215919714787,2.741422071860092
5.72,-13.1920036465,-3.4763593585,4.5394002185,0.26392781682195654,-2.6563061240007975,0.1479273006149566,14.37776717513598,2.6734813639080732
5.7250000000000005,-12.9574285785,-3.409379939,3.620026781,0.3980202415222045,-2.573296519446695,-0.009578017869094483,13.87888399081646,2.603913752044059
5.73,-12.794638188499999,-3.5577545534999997,2.8969824765,0.547011669382102,-2.473259308177211,-0.1660192091082046,13.592383577089068,2.5384632653868215
5.735,-12.660581282999999,-3.7062272344999996,2.221794624,0.702388558843346,-2.358322919215152,-0.32565295661506277,13.377698235811522,2.4821536066572594
5.74,-12.5886985385,-3.8354788815,1.7238129369999997,0.8481874304354955,-2.218909509224349,-0.48315827509911385,13.272443640318578,2.424133504176649
5.744,-12.727560702499998,-4.012685047,1.283298219,0.9929220002497788,-2.0752390666550067,-0.6300212739362043,13.406688518837463,2.3852543025772666
5.75,-12.914279318499998,-4.108496017499999,0.818855275,1.125950297705086,-1.9379540856870106,-0.7662421276592593,13.576777003525008,2.3686614594181536
5.755,-13.311742843,-4.118008468,0.3303860385,1.2376937813335465,-1.8038616609867626,-0.895013392536027,13.938064650270393,2.363652208161874
5.76,-13.747550369,-3.9409003689999995,-0.26340661899999995,1.3228319894433809,-1.6825399849562823,-1.011013908743027,14.30367854481879,2.367060285870065
5.765,-14.130598117999998,-3.7492784279999998,-0.9768404065,1.3675293479881803,-1.5644110397264754,-1.114243676280259,14.652136672951913,2.3577653379752608
5.7700000000000005,-14.34124496,-3.5386315859999997,-1.699884711,1.366465220743239,-1.4335113458269007,-1.205767171458515,14.868854311440872,2.3186324525207502
5.775,-14.413127704499999,-3.2464914824999997,-2.4852012429999997,1.3175108296199007,-1.2781344563656567,-1.2877124742347512,14.981795032317697,2.2422457249406538
5.78,-14.2311162805,-2.9592547039999997,-3.2657125164999994,1.229180065242318,-1.092959211519263,-1.3622081881646997,14.897876937090166,2.135662571366758
5.784,-13.915146017499998,-2.6431863745,-3.7876224295,1.1174364070809322,-0.8694718951964916,-1.4292543132483613,14.661644060852794,2.0118184292687964
5.79,-13.5846619125,-2.4803959845,-3.9743410455,0.9907937457598971,-0.6098011109530744,-1.4952363110870819,14.36978741188602,1.8945345780823943
5.795,-13.335671069,-2.2792615929999998,-3.8259664309999994,0.8673434661736845,-0.33735940350696436,-1.5622826107036685,14.059629276799136,1.8184672147596794
5.8,-10.165769523,2.394195531,-5.674225756499999,0.6523700404750665,-0.03937637325424407,-1.6314571648101368,11.885784794078345,1.7574952771175312
5.805,-16.606188844,8.667019203499999,-11.449067742,-0.7736917165055468,0.9897294439820309,-1.83685257263966,21.953675818808403,2.225351796477855
5.8100000000000005,-10.70690047,1.8052081319999997,-5.5066301079999995,-1.968816568317101,2.0358628679336874,-1.7549072698634238,12.174541848490943,3.3317676723521106
5.815,7.704496506,-2.9353264779999995,-4.5872566704999995,-2.2997906847556444,2.124193457778345,-1.8411096052181994,9.434952660425003,3.6319305635135524
5.82,2.542668212,-5.343839717999999,-0.809244758,-1.519713506648751,2.7308018379307466,-1.636778324633617,5.9729943618205485,3.527867784416958
5.825,-7.3933315015,-5.4109172039999995,11.7219868115,-0.5544612582283894,3.23950143583647,-1.1067940874339717,14.877645999572492,3.467966261606586
5.83,-0.7996342409999999,1.029502117,19.8479731345,-0.13941340999080307,2.9500322962079037,-0.5395620805358146,19.89073470428181,3.002208168383245
5.835,0.06227222749999999,7.412454468999999,19.397847899499997,-0.06172513979310626,2.6541776949779905,-0.046825962100531464,20.765954401795558,2.655308249549908
5.84,-3.2609072579999996,8.236016936,15.145684459499998,-0.3405521343076376,2.459424432262502,0.05108282014614563,17.545861302942516,2.4834157422198366
5.845,-1.3359599294999998,4.7357293515,6.98625746,-0.7779485745511608,2.2370012431846718,-0.33735940350696436,8.545157384231954,2.3923189406495373
5.8500000000000005,0.5027869455,-0.1675956485,2.0734200095,-0.9578026595740742,2.5445622913064865,-0.680039966837409,2.1400826034890184,2.802612628516883
5.855,-0.9959633739999999,-3.8929458505,4.343071085499999,-0.8801142148434522,3.2224740036540136,-0.6928105409742515,5.91686039137149,3.4115870472670737
5.86,-8.4467618445,-5.9950993445,12.3109742105,-0.6757829342588696,3.7460727792523127,-0.5108280269285311,16.08878764294319,3.8406625879900425
5.865,-19.7330391965,-5.4157224625,25.325869758,-0.7183520383137869,3.6098517509963326,-0.3213959240365234,32.55952341052632,3.6946386366068538
5.869,-28.179801041,7.436382694999999,38.398232274499996,-2.183790168548644,2.7531506044696084,-0.5640392760974839,48.20607032421636,3.5590614010047172
5.875,-31.943397177999998,2.442051983,26.939554015499997,-2.102908993017349,1.2600425478724087,-0.7630493968585861,41.85790023057982,2.5675236780618564
5.88,-24.554969001499998,-6.325485383,13.1920036465,-0.3213959240365234,0.09897290949161804,-0.3756714749833423,28.582988440756885,0.5042023739697055
5.885,-2.3654620465,-4.0414185315,9.538536188999998,0.07556001570781491,-0.18943210289200774,-0.10429406931509835,10.626012754982284,0.2290656903033625
5.89,3.907361626,-3.2082455475,7.287910014,-0.07343158668500784,-0.014899177692574794,-0.05108282014614563,8.869833523891664,0.0906842761071411
5.8950000000000005,-0.670382594,-1.412549866,10.721218179,-0.15218415866057075,0.3267170838600037,0.023412893783803134,10.834631013006158,0.3611817196765945
5.9,-5.7652314685,0.8906399529999999,12.382856955,-0.21603772747648411,0.3682218861370549,0.01809190849324802,13.688180294664969,0.4273019708314741
5.905,-6.1339615085,0.20113439149999998,9.8593117105,-0.1308996938995747,0.2064597096073896,0.001064301777866142,11.613439035703683,0.24446160085470348
5.909,-4.362194053,-0.6655773355,8.4228336185,-0.07449571392994878,0.09578017869094482,-0.001064301777866142,9.508725272637424,0.1213449082667932
5.915,-3.136362803,-0.6081103664999999,8.9351330145,-0.1074868001157716,0.05959653623737397,0.00425685804561417,9.489108063284695,0.12297674646469135
5.92,-3.5098981014999997,-0.11493393799999999,9.43791996,-0.1383492827458621,0.05108282014614563,0.0,10.070100677966625,0.14747873931647898
5.925,-4.1228137264999996,0.196329133,9.356524765,-0.12345010505328732,0.04044050049918502,-0.002128429022807085,10.226470252728438,0.12992264132320197
5.93,-4.242552923,0.1005181625,8.9351330145,-0.10429406931509835,0.00851371609122834,0.0,9.891711742274746,0.10464098745704085
5.9350000000000005,-3.9696338534999995,-0.3878530075,8.858543078,-0.09684448046881096,-0.01809190849324802,-0.00425685804561417,9.715050609804447,0.09861182175896802
5.94,-3.5816827795,-0.41178123349999995,9.0979234045,-0.09897290949161804,-0.029798355385149588,-0.009578017869094483,9.786226320261477,0.10380422545925759
5.945,-3.466846908,-0.196329133,9.007015759,-0.09897290949161804,-0.03192678440795667,-0.012770748669767708,9.653181107533829,0.10477618239587914
5.95,-3.5816827795,0.0383440015,8.939938273,-0.10322976753723222,-0.03086248263009053,-0.019156035738188967,9.63080568387028,0.10943414204482263
5.955,-3.67749375,-0.11973919649999999,8.94954879,-0.09578017869094482,-0.029798355385149588,-0.023412893783803134,9.676400224311621,0.10300460285375913
5.96,-3.6152215224999997,-0.46444294399999997,8.959061240499999,-0.08620216082185034,-0.032990911652897616,-0.023412893783803134,9.67214103577941,0.09522277236762797
5.965,-3.5386315859999997,-0.6512596264999999,9.045261693999999,-0.09365174966813773,-0.03086248263009053,-0.026605624584476358,9.734619238341555,0.10213227848984018
5.97,-3.6966167175,-0.6225261419999999,9.016528209499999,-0.0904591934003897,-0.0276699263623425,-0.028734053607283445,9.764747559782748,0.098864231814407
5.9750000000000005,-3.8211611724999996,-0.6559668185,9.0596774695,-0.0851380335769094,-0.02554132280661022,-0.020220337516055103,9.854406173106552,0.09115758872040004
5.98,-3.8881405919999996,-0.751777789,9.1075339215,-0.07875274650848814,-0.028734053607283445,-0.013834875914708653,9.931262821940873,0.08496496166604099
5.985,-3.7540836864999996,-0.924178696,9.188929116499999,-0.07023885588433461,-0.03086248263009053,-0.0053211598234803115,9.96913581487619,0.07690451515938442
5.99,-3.7636942035,-0.9720351479999999,9.1650008905,-0.06385356881591334,-0.032990911652897616,0.0053211598234803115,9.955274366348357,0.07206936411600214
5.994,-3.7636942035,-0.8571012100000001,9.227273118,-0.0553396781917598,-0.037247944231436986,0.01809190849324802,10.002129060145565,0.06911733852488704
6.0,-3.6871042669999996,-0.7230443045,9.1314621475,-0.04789008934547241,-0.04044050049918502,0.0276699263623425,9.874266144540808,0.06851656415086334
6.005,-3.6871042669999996,-0.6799931109999999,9.0836056955,-0.0425689295219921,-0.046825962100531464,0.03405521343076376,9.826953797492745,0.07186474830613138
6.01,-3.620026781,-0.6895055615,9.064482728,-0.04363323129985824,-0.050018518368279495,0.037247944231436986,9.784930196005845,0.07611255088941035
6.015,-3.5673650704999997,-0.6895055615,9.011821017499999,-0.0425689295219921,-0.05108282014614563,0.03937637325424407,9.716708780086888,0.07727915013371549
6.0200000000000005,-3.620026781,-0.636843851,9.045261693999999,-0.04789008934547241,-0.054275550946818865,0.03618364245357084,9.763550742360971,0.08092312444107627
6.025,-3.701421976,-0.5602539145,9.030943985,-0.05108282014614563,-0.0553396781917598,0.0351195152086299,9.776111617270745,0.0830982240781365
6.03,-3.6487602655,-0.588987399,9.007015759,-0.060660838015240116,-0.05853240899243303,0.026605624584476358,9.735845649667354,0.08839479300670798
6.034,-3.5912932964999995,-0.6081103664999999,9.054872211,-0.07343158668500784,-0.05746810721456689,0.011706446891901567,9.760015190401633,0.09397777486584628
6.04,-3.5769755874999998,-0.4788587195,9.030943985,-0.07875274650848814,-0.054275550946818865,0.002128429022807085,9.72532823543863,0.0956679712511771
6.045,-3.5625598119999995,-0.4213917505,8.94954879,-0.08407373179904325,-0.04895439112333855,-0.0053211598234803115,9.641775094144096,0.0974332568004441
6.05,-3.529021069,-0.44051471799999997,8.963866499,-0.0830096045541023,-0.0425689295219921,-0.019156035738188967,9.64359608932866,0.09523477261000599
6.055,-3.529021069,-0.5075922039999999,8.997405242,-0.08407373179904325,-0.03831207147637793,-0.0276699263623425,9.678064922275349,0.0964460057458369
6.0600000000000005,-3.5098981014999997,-0.4931764285,9.030943985,-0.08407373179904325,-0.037247944231436986,-0.026605624584476358,9.701574971763554,0.0957270128418086
6.065,-3.505092843,-0.48837116999999997,8.954354048499999,-0.0851380335769094,-0.029798355385149588,-0.024477195561669274,9.628324810870545,0.09346421693657325
6.07,-3.5098981014999997,-0.5506433974999999,9.054872211,-0.07556001570781491,-0.019156035738188967,-0.029798355385149588,9.726937009750998,0.08345185236187201
6.075,-3.5386315859999997,-0.6847003029999998,9.011821017499999,-0.07130315766220074,-0.012770748669767708,-0.026605624584476358,9.705856276383855,0.07716923981559701
6.08,-3.5098981014999997,-0.7087265955,8.983087532999999,-0.06917455410646846,-0.0053211598234803115,-0.02234876653886219,9.670446716446058,0.07288964976938989
6.085,-3.4955803924999995,-0.6081103664999999,9.030943985,-0.06704612508366137,0.0031927308006732273,-0.01809190849324802,9.70292892679746,0.06951757742921996
6.09,-3.5338263275,-0.6512596264999999,9.054872211,-0.06172513979310626,0.014899177692574794,-0.015963304937515736,9.741805703850856,0.06547370069670373
6.095,-3.4859698755,-0.69431082,9.011821017499999,-0.05108282014614563,0.02554132280661022,-0.010642319646960623,9.687464660019012,0.05809537548086778
6.1000000000000005,-3.4763593585,-0.6512596264999999,9.030943985,-0.04895439112333855,0.03618364245357084,-0.00851371609122834,9.698822750764505,0.06146764802029359
6.105,-3.5243138769999995,-0.5937926575,9.011821017499999,-0.04363323129985824,0.0425689295219921,-0.00425685804561417,9.694652963111697,0.061107229316470967
6.11,-3.481164617,-0.5506433974999999,8.9925999835,-0.037247944231436986,0.046825962100531464,-0.00425685804561417,9.65860081508224,0.05998500576418376
6.115,-3.481164617,-0.5506433974999999,8.9925999835,-0.037247944231436986,0.046825962100531464,-0.00425685804561417,9.65860081508224,0.05998500576418376
6.119,-3.5002875845,-0.541130947,8.925620563999999,-0.03192678440795667,0.05640397996962595,-0.006385287068421255,9.602683912766556,0.06512680254697184
6.125,-3.4715540999999996,-0.5075922039999999,8.944743531499999,-0.02128446476099605,0.06172513979310626,-0.011706446891901567,9.60821391097739,0.06633296481745335
6.13,-3.4620416494999997,-0.5363256885,8.9686717575,-0.019156035738188967,0.06704612508366137,-0.013834875914708653,9.628626626928463,0.07108825771892377
6.135,-3.4428206154999996,-0.5506433974999999,8.9208153055,-0.01702760671538188,0.07130315766220074,-0.01702760671538188,9.577952164036173,0.07525967760699014
6.14,-3.457236391,-0.5267151715,8.963866499,-0.01809190849324802,0.07343158668500784,-0.023412893783803134,9.62189248261679,0.07916867228479664
6.1450000000000005,-3.457236391,-0.5267151715,8.963866499,-0.01809190849324802,0.07343158668500784,-0.023412893783803134,9.62189248261679,0.07916867228479664
6.15,-3.4907751339999997,-0.5793768819999999,9.011821017499999,-0.01702760671538188,0.077688444730622,-0.02554132280661022,9.68163760213134,0.08353318505736565
6.155,-3.5243138769999995,-0.5698644315,8.973477015999999,-0.01702760671538188,0.07981687375342908,-0.028734053607283445,9.657578554202074,0.08652351450866286
6.159,-3.5098981014999997,-0.5698644315,9.054872211,-0.015963304937515736,0.08194530277623617,-0.032990911652897616,9.728044043421171,0.08976781162146279
6.165,-3.505092843,-0.6081103664999999,8.954354048499999,-0.013834875914708653,0.07875274650848814,-0.03937637325424407,9.635140397616576,0.08912854562295475
6.17,-3.5434368444999995,-0.660772077,8.963866499,-0.011706446891901567,0.0851380335769094,-0.04150480227705115,9.661442284700433,0.09543675535260497
6.175,-3.5434368444999995,-0.660772077,8.963866499,-0.011706446891901567,0.0851380335769094,-0.04150480227705115,9.661442284700433,0.09543675535260497
6.18,-3.505092843,-0.6033051079999999,9.002210500499999,-0.007449588846287397,0.09258762242319679,-0.04044050049918502,9.679330905940821,0.10130843143876904
6.1850000000000005,-3.5243138769999995,-0.5745716235,9.011821017499999,-0.0031927308006732273,0.09897290949161804,-0.04150480227705115,9.6934946693956,0.10737075465534687
6.19,-3.5721703289999995,-0.5793768819999999,8.997405242,0.001064301777866142,0.10855092736071252,-0.04469753307772438,9.697905934765148,0.11739806656150399
6.195,-3.5816827795,-0.6081103664999999,9.007015759,0.007449588846287397,0.11493638896205899,-0.046825962100531464,9.712084360923043,0.12433237956484568
6.2,-3.6391497484999995,-0.5841821405,9.021333468,0.010642319646960623,0.12345010505328732,-0.04576166032266532,9.745210988282587,0.13208829229202246
6.205,-3.620026781,-0.5698644315,9.016528209499999,0.013834875914708653,0.13196399567744085,-0.050018518368279495,9.73278584569471,0.141801805794175
6.21,-3.620026781,-0.5698644315,9.016528209499999,0.013834875914708653,0.13196399567744085,-0.050018518368279495,9.73278584569471,0.141801805794175
6.215,-3.653565524,-0.612915625,9.0357492435,0.014899177692574794,0.14047771176866922,-0.05108282014614563,9.765703814520556,0.150217933395982
6.22,-3.663176041,-0.660772077,8.983087532999999,0.020220337516055103,0.14367044256934242,-0.05640397996962595,9.723751337351205,0.15566459801042712
6.2250000000000005,-3.653565524,-0.660772077,8.9686717575,0.02128446476099605,0.14899160239282275,-0.0553396781917598,9.706813785670477,0.16035587300161663
6.23,-3.6487602655,-0.6225261419999999,8.9925999835,0.020220337516055103,0.15750531848405108,-0.054275550946818865,9.72459997818981,0.16781723043420269
6.235,-3.629637298,-0.6177208835,8.973477015999999,0.019156035738188967,0.1585696202619172,-0.05640397996962595,9.699439971546038,0.16938915883735112
6.24,-3.629637298,-0.73746008,8.987794724999999,0.020220337516055103,0.16495490733033846,-0.05640397996962595,9.721037408803864,0.17550040586288598
6.244,-3.67749375,-0.69431082,9.016528209499999,0.019156035738188967,0.17134019439875972,-0.053211249168952715,9.762366964459357,0.1804324055149959
6.25,-3.7110324929999994,-0.6320385924999999,8.925620563999999,0.019156035738188967,0.17240449617662587,-0.054275550946818865,9.686998368896882,0.1817583545196746
6.255,-3.701421976,-0.636843851,8.954354048499999,0.02128446476099605,0.1777256560001062,-0.053211249168952715,9.710126217555597,0.18673744744681112
6.26,-3.7158377515,-0.636843851,9.011821017499999,0.02128446476099605,0.18198251404572036,-0.053211249168952715,9.768620083588255,0.19079334604928774
6.265,-3.7397659775,-0.5937926575,9.011821017499999,0.026605624584476358,0.18517524484639358,-0.05640397996962595,9.775037459673603,0.19539482981866707
6.2700000000000005,-3.701421976,-0.5602539145,8.9925999835,0.029798355385149588,0.1915605319148148,-0.05959653623737397,9.740701389344226,0.2028179639544759
6.275,-3.6344425565,-0.5937926575,8.9782822745,0.029798355385149588,0.19794581898323607,-0.060660838015240116,9.704190590523254,0.20916554808408322
6.28,-3.5482421029999998,-0.6081103664999999,8.944743531499999,0.03086248263009053,0.20965244040806286,-0.06172513979310626,9.642004826987886,0.2207184439181001
6.284,-3.7349607189999996,-0.627233334,9.002210500499999,0.03192678440795667,0.23412946143680693,-0.05853240899243303,9.76642959955511,0.24343780967174936
6.29,-3.6152215224999997,-0.6033051079999999,9.021333468,0.032990911652897616,0.2458360828616337,-0.05746810721456689,9.737466880608274,0.2546102182459814
6.295,-3.6966167175,-0.6559668185,9.002210500499999,0.03618364245357084,0.26073508602128326,-0.05959653623737397,9.753720393695215,0.26989588399089465
6.3,-3.7253502019999996,-0.670382594,8.997405242,0.04150480227705115,0.2756342637138581,-0.0627892670380472,9.761196035253501,0.2857260716146025
6.305,-3.7540836864999996,-0.6847003029999998,8.9925999835,0.04044050049918502,0.2884050123836258,-0.060660838015240116,9.76876723509256,0.29747709578610443
6.3100000000000005,-3.782817171,-0.6895055615,8.9782822745,0.03937637325424407,0.29691890300777934,-0.05959653623737397,9.767019825369086,0.30539004709632117
6.315,-3.7492784279999998,-0.588987399,8.925620563999999,0.03831207147637793,0.3086253498996809,-0.06172513979310626,9.699004966456435,0.3170605845954209
6.32,-3.6487602655,-0.565059173,8.954354048499999,0.032990911652897616,0.32246022581438955,-0.05853240899243303,9.68572143776453,0.32938585334894677
6.325,-3.5386315859999997,-0.948106922,8.9208153055,0.0351195152086299,0.35013015217673205,-0.05853240899243303,9.643742320895154,0.35672194593863743
6.33,-3.830673623,-0.46444294399999997,8.8633483365,0.0351195152086299,0.3863137946303029,-0.0627892670380472,9.66688736814062,0.39295574855869997
6.335,-3.9839515624999997,-0.6416491095,8.834614852,0.03192678440795667,0.39589181249939737,-0.06385356881591334,9.712569341592744,0.4022771743676476
6.34,-3.8977511089999997,-0.7278495629999999,8.892081821,0.03937637325424407,0.3937633834765903,-0.07023885588433461,9.736084829408005,0.4019124255525452
6.345,-3.7301554605,-0.5698644315,8.848932561,0.029798355385149588,0.3980202415222045,-0.07130315766220074,9.619896709368183,0.40545307365668637
6.3500000000000005,-3.8738228829999994,-0.7134337874999999,8.930327755999999,0.04150480227705115,0.41504784823758634,-0.07449571392994878,9.76044288583182,0.4237180387151819
6.355,-3.5338263275,-0.555448656,8.839420110499999,0.04576166032266532,0.44058917104419654,-0.08194530277623617,9.535816672540227,0.4504752821676105
6.36,-3.7733047204999997,-0.48837116999999997,8.7962708505,0.03831207147637793,0.47783711527563355,-0.07875274650848814,9.583877909739394,0.4857963756949823
6.365,-3.9887568209999995,-0.7230443045,8.848932561,0.04044050049918502,0.49805745279168867,-0.077688444730622,9.73327188115435,0.5056996685846578
6.369,-3.907361626,-0.588987399,8.868153594999999,0.04363323129985824,0.505507041637976,-0.07875274650848814,9.708683186561892,0.5134619977192816
6.375,-3.8259664309999994,-0.646454368,8.892081821,0.04469753307772438,0.5257272046211059,-0.07556001570781491,9.701806094351909,0.5330068283950231
6.38,-3.8450893985,-0.7087265955,8.882471304,0.04044050049918502,0.547011669382102,-0.07449571392994878,9.7049112482294,0.5535402532018349
6.385,-3.9216793349999994,-0.6512596264999999,8.839420110499999,0.04150480227705115,0.5725531667216374,-0.07449571392994878,9.69221624797893,0.5788690600895551
6.39,-3.979146304,-0.646454368,8.8058813675,0.04363323129985824,0.5959660605054405,-0.07875274650848814,9.684784727448866,0.6027282963580451
6.3950000000000005,-3.8786281414999997,-0.5698644315,8.801076109,0.04789008934547241,0.6193789542892437,-0.08407373179904325,9.634699912645704,0.6268908533808512
6.4,-3.8498946569999997,-0.5267151715,8.7723426245,0.04895439112333855,0.6491773096743934,-0.08833076437758261,9.594431346541857,0.6569855673771442
6.405,-3.9216793349999994,-0.5841821405,8.839420110499999,0.046825962100531464,0.6842968248830232,-0.08726646259971647,9.687940207792211,0.6914262439091353
6.409,-3.9552180779999997,-0.555448656,8.834614852,0.03937637325424407,0.7140950057352476,-0.09578017869094482,9.695498586311546,0.7215649787903722
6.415,-4.0366132729999995,-0.5075922039999999,8.791465592,0.028734053607283445,0.7428292338754562,-0.10110133851442513,9.68719586963334,0.7502282300647662
6.42,-4.0653467574999995,-0.6033051079999999,8.801076109,0.029798355385149588,0.7683705566820663,-0.10642249833790543,9.713390859450948,0.7762776581301627
6.425,-4.1563524695,-0.660772077,8.738803881499999,0.0351195152086299,0.7949761812665428,-0.10961522913857867,9.699411263977886,0.8032658386790312
6.43,-4.266481149,-0.6895055615,8.7962708505,0.03405521343076376,0.8130680897597907,-0.10961522913857867,9.800645906748583,0.8211303030619154
6.4350000000000005,-4.276091665999999,-0.7469725305,8.7723426245,0.03831207147637793,0.8354168562986529,-0.1074868001157716,9.78759025598108,0.8431740928229846
6.44,-4.175475436999999,-0.718239046,8.7580249155,0.046825962100531464,0.8598940518603223,-0.10322976753723222,9.729001124098408,0.8673331747703382
6.445,-4.3287533765,-0.7087265955,8.738803881499999,0.05214694739108658,0.8928849635132199,-0.0904591934003897,9.777887934571996,0.8989692585738746
6.45,-4.338265827,-0.7709007564999999,8.7580249155,0.05959653623737397,0.9226833188983694,-0.0851380335769094,9.803970562104267,0.928517495185818
6.455,-4.323948118,-0.751777789,8.719680914,0.07023885588433461,0.9524814997505938,-0.0830096045541023,9.761891846008403,0.9586683987131887
6.46,-4.3669993115,-0.7326548214999999,8.686142170999998,0.07981687375342908,0.9844082841585505,-0.07662414295275587,9.749693938218432,0.9906067143619596
6.465,-4.429271539,-0.6799931109999999,8.681336912499999,0.08833076437758261,1.0195276248342553,-0.07662414295275587,9.769669778735507,1.0262115576327089
6.47,-4.4915437664999995,-0.6799931109999999,8.6430909775,0.0979087822466771,1.0557114418207514,-0.07875274650848814,9.764188531707813,1.0631626277832134
6.4750000000000005,-4.458005023499999,-0.718239046,8.647896236,0.10855092736071252,1.090830782496456,-0.07875274650848814,9.75580777923454,1.099043718400379
6.48,-4.510666734,-0.7278495629999999,8.662213945,0.11812894522980702,1.1355281410412552,-0.07662414295275587,9.793356411390631,1.1442245697768247
6.485,-4.438882056,-0.73746008,8.614357493,0.1277069630989015,1.1834184049196528,-0.07343158668500784,9.71877956812879,1.1925520481092626
6.49,-4.544205477,-0.7805112734999999,8.5760134915,0.13409242470024793,1.2334369232879323,-0.06385356881591334,9.736889065386716,1.2423464494023078
6.494,-4.6159901549999995,-0.775706015,8.623869943499999,0.13941340999080307,1.2887767760126172,-0.060660838015240116,9.812248352705243,1.2977139186058886
6.5,-4.6207954135,-0.718239046,8.4803005875,0.15005572963776367,1.344116454204377,-0.054275550946818865,9.684168298567227,1.3535551706120625
6.505,-4.673457124,-0.751777789,8.667019203499999,0.1660192091082046,1.4090341502652315,-0.03937637325424407,9.875403445314921,1.41932734532145
6.51,-4.7214116425,-0.6847003029999998,8.628675202,0.14686299883709047,1.4633097012120502,-0.03937637325424407,9.859745338723135,1.471188132381233
6.515,-4.951181451999999,-1.211513541,8.652603427999999,0.16176217652966526,1.5207778084266173,-0.03086248263009053,10.042385618611373,1.5296681460998565
6.5200000000000005,-4.7453398684999994,-0.48837116999999997,8.5616957825,0.16069804928472428,1.57931021741905,-0.03086248263009053,9.800989314316235,1.5877648184546147
6.525,-4.788391062,-0.8522959514999999,8.729291431,0.16176217652966526,1.6569986621496722,-0.02554132280661022,9.99277870459037,1.665071748391681
6.53,-4.6159901549999995,-0.521909913,8.499423555,0.15644119123911013,1.7463935537721957,-0.024477195561669274,9.68607019567964,1.7535573626419967
6.534,-4.8028068374999995,-0.5171046545,8.623869943499999,0.15750531848405108,1.8506876230872942,-0.0351195152086299,9.884608416343308,1.8577098761506734
6.54,-4.7214116425,-0.46924820249999993,8.552085265499999,0.16708333635314554,1.9507248343567782,-0.05214694739108658,9.780086101965882,1.95856159586197
6.545,-4.5825494785,-0.34950900599999996,8.647896236,0.17134019439875972,2.066725176030853,-0.08620216082185034,9.79326429628031,2.0756062314385937
6.55,-4.5968671875,-0.3303860385,8.638285718999999,0.16389060555247234,2.1976248699304275,-0.11706481798486607,9.790828516373331,2.2068346950179376
6.555,-4.53459496,-0.40226878299999996,8.6430909775,0.1308996938995747,2.3476805995681915,-0.155376889461244,9.768694553028855,2.356455156634753
6.5600000000000005,-4.6207954135,-0.37353529849999995,8.6909474295,0.09471605144600387,2.5158284122321284,-0.19794581898323607,9.850068329457455,2.5253804223223275
6.565,-4.592061929,-0.36873004,8.733998623,0.05959653623737397,2.69461802094425,-0.2362580649925392,9.874498799875134,2.7056119269405614
6.57,-4.57774422,-0.21064684199999997,8.8154918845,0.001064301777866142,2.8883071564147973,-0.2884050123836258,9.935442184496537,2.902670634726442
6.575,-4.8028068374999995,-0.05266171049999999,8.628675202,-0.06917455410646846,3.0990235495348757,-0.35757956649009426,9.875412017515991,3.1203517791875344
6.58,-4.7021906085,0.06227222749999999,8.710070396999999,-0.14473456981428337,3.3374100435502223,-0.44378190184486976,9.898474663789322,3.369895587535951
6.585,-4.5825494785,0.20593965,8.667019203499999,-0.2564782279756691,3.622622325133175,-0.545947542137161,9.806089574146286,3.6724967407397973
6.59,-4.673457124,0.34480181399999993,8.590429267,-0.3756714749833423,3.9206057044517455,-0.6449204516287791,9.785477237832307,3.9910149756452675
6.595,-4.788391062,0.268113811,8.5616957825,-0.46293793758305873,4.216460131148733,-0.7353796450291687,9.813419824422509,4.305070358768098
6.6000000000000005,-5.0134536794999995,0.11012867949999999,8.5760134915,-0.5193419175526847,4.525085655581339,-0.8215818058510191,9.934528349596196,4.628294813576672
6.605,-5.3390344595,0.20113439149999998,8.667019203499999,-0.5885164716591531,4.862444710022453,-0.9067198394279286,10.181501160291162,4.981150576187362
6.61,-5.9615606015,0.287334845,8.6430909775,-0.6459847534066453,5.212574862199186,-0.9844082841585505,10.503608321136605,5.343902381741707
6.615,-6.9767450095,0.268113811,8.638285718999999,-0.6640764873669681,5.592503544293993,-1.0663535869347867,11.107062442712358,5.731858638032101
6.619,-8.360561391,-0.11493393799999999,8.9782822745,-0.6534343422529327,5.955403921541717,-1.1408493008647353,12.268730544900924,6.098799015841852
6.625,-10.8648856015,0.023928225999999997,9.639054351499999,-0.6481131824294523,6.269350780330728,-1.1759688160733655,14.524382275499795,6.41152965839271
6.63,-13.704401108999999,0.4931764285,11.889582459999998,-0.5576539890290626,6.464104043046216,-1.1333998865513732,18.149821040966987,6.586365792577963
6.635,-16.132135382999998,0.17240090699999996,14.111377083999999,-0.369286187914921,6.44707626179791,-1.0514544092422118,21.433769554024213,6.542684539906974
6.64,-17.453777603499997,-0.9384964049999999,14.164136861,-0.10110133851442513,6.276800194644091,-0.9162978572970231,22.497508776568463,6.344134608236226
6.6450000000000005,-16.309341548499997,-1.4269656414999998,13.115413709999999,0.20539540782952348,6.053312878321319,-0.800297341090023,20.97724790033492,6.109440228905096
6.65,-14.595041062,-1.3263494125,12.028444624,0.46080950856025166,5.901128719660749,-0.6970675735527909,18.95937515948613,5.959997380140634
6.655,-12.8281769315,-0.359119523,11.137804671,0.760920967835779,5.818119115106646,-0.5821311845907319,16.992403688325496,5.896472460118379
6.659,-12.181722563499997,-0.3782424905,11.358062029999997,0.9205547153426371,5.811733828038225,-0.4969931510138225,16.659621996703052,5.905139563469948
6.665,-11.688448068499998,0.22986787599999997,11.616663390499998,0.9248115733882514,5.789385236032287,-0.45548834873677135,16.480883647991117,5.880453000687654
6.67,-11.841726007999998,0.541130947,11.750720295999999,0.8684077679515506,5.758522404336347,-0.5321126662224523,16.691276914160014,5.847893314881576
6.675,-13.311742843,2.4133184985,13.1202189685,0.739636503074783,5.6904119774748185,-0.6321497029590114,18.84586823350814,5.772994359690709
6.68,-15.710743632499998,1.896213844,14.858447680999998,0.6034156493517279,5.504172954449335,-0.7109024494674995,21.707062443300124,5.58259909460038
6.6850000000000005,-16.567844842499998,0.49798168699999995,15.7442823755,0.4618738103381178,5.142336180847776,-0.8524442884811096,22.860968833477312,5.232935130354322
6.69,-15.983662701999998,0.5937926575,13.733134593499999,0.2766985654917242,4.7538937826617405,-1.0120780359879678,21.081485926153146,4.868302593708036
6.695,-13.6995958505,1.0103791494999999,11.6502021335,0.18943210289200774,4.508057874333033,-1.1089226909897039,18.011857268038437,4.646308196249362
6.7,-11.1282922205,0.8763222439999999,10.5775507565,0.2032669788067164,4.358002144695269,-1.1451063334432747,15.378277160543822,4.5105175615148285
6.705,-8.360561391,0.7134337874999999,10.548817271999999,0.2788269945145313,4.267543125827804,-1.1365926173520464,13.47907713383494,4.425100179825235
6.71,-6.2296744125,0.31126307099999995,11.1186817035,0.427818596907354,4.1983682226554855,-1.1227575669044125,12.74875722605428,4.366910697381419
6.715,-5.712569758,0.2154521005,11.865654233999999,0.6012872203289209,4.112166061833635,-1.1099868182346448,13.170938586466347,4.301572593608284
6.72,-4.4053433129999995,0.483663978,11.7890642975,0.7449576628982633,3.937633136634202,-1.1099868182346448,12.594563015825429,4.158363545300629
6.7250000000000005,-2.2314051409999998,1.3598881554999998,10.70690047,0.8439305723898813,3.721595583690643,-1.0801884628494953,11.021169737066781,3.9660181057117185
6.73,-0.761388306,2.5714016964999997,9.06918992,0.9450319109043065,3.488530074965852,-1.0376195333275033,9.457379374980482,3.7602635137063842
6.735,1.3598881554999998,0.34480181399999993,6.98625746,1.0684820159575938,3.263978805931065,-1.011013908743027,7.125726446041311,3.580134157774515
6.74,-5.698153982499999,-1.7429359045,6.464347546999999,0.9311970349895977,3.170326881730002,-1.1557484785573102,8.791733252543594,3.5005506710631735
6.744,-14.1593316025,1.9010191024999998,13.828945564,0.7736917165055468,2.9021420323295057,-1.2398223848892789,19.883165755726637,3.2493363621015714
6.75,-15.5240250165,3.4620416494999997,20.6619250845,0.9450319109043065,2.097587833193869,-1.0652894596898457,26.074819909124603,2.535310959925168
6.755,-12.176917305,3.6152215224999997,21.5525650375,1.0993446731206096,1.0546471400428852,-0.838609412566401,25.01719811260292,1.7389954132096672
6.76,-8.7484143985,4.5297897014999995,18.315684072,1.0216562283899875,0.14899160239282275,-0.6513057386972003,20.79706787633805,1.2207289264417147
6.765,-6.545742741999999,5.329522009000001,15.3755523355,0.7939118794886766,-0.5289199354217792,-0.4682590974065391,17.540187071709372,1.0626941953279923
6.7700000000000005,-5.0038431625,5.76042621,13.244763423499998,0.4938004202131493,-1.0599682998663655,-0.29479029945204704,15.28544126481916,1.2059324078800204
6.775,-3.4907751339999997,5.300788524499999,11.0947534775,0.1915605319148148,-1.4803373079274322,-0.14367044256934242,12.781917882075518,1.4995783336316229
6.78,-3.4907751339999997,5.300788524499999,11.0947534775,0.1915605319148148,-1.4803373079274322,-0.14367044256934242,12.781917882075518,1.4995783336316229
6.784,-2.298482627,4.3766098285,9.208052084,-0.1053583710929645,-1.7719348765788059,-0.024477195561669274,10.45112238753333,1.7752331470255605
6.79,-0.90025047,2.5282524365,6.6797996475,-0.5917092024598264,-2.065661048785912,0.1532484604384369,7.198766187489668,2.1541960076496545
6.795,-0.196329133,1.6663459679999997,5.6359798215,-0.7353796450291687,-2.1305787448467663,0.22455144356771245,5.88043557586422,2.2650766788619747
6.8,0.30165255399999996,0.7709007564999999,4.9272532259999995,-0.8088110571812513,-2.1539916386305693,0.29479029945204704,4.996309297154691,2.3196457975648106
6.805,0.521909913,0.0765899365,4.4915437664999995,-0.8109396607369836,-2.1635698310325893,0.36183659906863364,4.522413225485454,2.338714020896133
6.8100000000000005,0.588987399,-0.44531997649999994,4.2377476645,-0.7715632874827397,-2.1720837216567426,0.42143313530600757,4.301595204761362,2.343259159378499
6.815,0.588987399,-0.44531997649999994,4.2377476645,-0.7715632874827397,-2.1720837216567426,0.42143313530600757,4.301595204761362,2.343259159378499
6.82,0.48837116999999997,-0.8522959514999999,4.1898912125,-0.6906821119514444,-2.1827258667707783,0.47783711527563355,4.303498944023941,2.3387309161113197
6.825,0.2393803265,-1.201903024,4.2616758905,-0.5736174684995036,-2.1976248699304275,0.5331767934673933,4.434383295959491,2.332995834157592
6.83,-0.670382594,-1.436478092,4.668651865499999,-0.30330419007620063,-2.275313489193975,0.6257644158905901,4.930435312664669,2.3792070128554874
6.835,-1.192292507,-1.331154671,5.0038431625,-0.18623937209133454,-2.3455521705453846,0.6576912002985468,5.313377511081954,2.443124598422537
6.84,-1.733423454,-1.1300202794999998,5.3390344595,-0.09897290949161804,-2.4370758402565653,0.680039966837409,5.725992635577433,2.5321114992179363
6.845,-1.733423454,-1.1300202794999998,5.3390344595,-0.09897290949161804,-2.4370758402565653,0.680039966837409,5.725992635577433,2.5321114992179363
6.8500000000000005,-2.2505281084999997,-0.9433016634999999,5.59763582,-0.05108282014614563,-2.5456267676172777,0.6917464137293106,6.106408237978978,2.6384348002994193
6.855,-2.77724328,-0.7039213369999999,5.861042438999999,-0.04044050049918502,-2.665884141869892,0.6938748427521177,6.523833532268285,2.7550019944381656
6.86,-3.3853536465,-0.48837116999999997,6.095617507,-0.06811042686152752,-2.7989122647922735,0.6917464137293106,6.989683719826163,2.8839316907928376
6.865,-3.9168740764999996,-0.30165255399999996,6.2440901879999995,-0.12132167603048023,-2.9425825328286908,0.6842968248830232,7.377096927001185,3.023536514766829
6.869,-4.319142859499999,-0.20113439149999998,6.3350959,-0.19901012076110225,-3.0862529753980334,0.6715260762132556,7.669999357653865,3.164729013257365
6.875,-4.788391062,-0.17240090699999996,6.2440901879999995,-0.2862765833608187,-3.2277949889445687,0.6576912002985468,7.870646308357006,3.306534815752974
6.88,-5.157121102,-0.1675956485,6.157889734499999,-0.3682218861370549,-3.3629517154226827,0.6481131824294523,8.033902684520786,3.4445728755440093
6.885,-5.401306687,-0.22025735899999999,6.014222312,-0.43846074202138946,-3.483209089675297,0.642792022605972,8.086624589368745,3.5690579946277747
6.89,-5.688641532,-0.36873004,5.8226984375,-0.48315827509911385,-3.583246300944781,0.6406635935831649,8.148645373070217,3.6719948001289575
6.8950000000000005,-5.865749631,-0.5602539145,5.607246336999999,-0.5033784380822438,-3.6673200327438242,0.6491773096743934,8.13400975325756,3.7581986714231017
6.9,-5.918509407999999,-0.761388306,5.329522009000001,-0.49592884923595637,-3.727980696226139,0.6704617744353893,8.000766876338384,3.8201183863747312
6.905,-6.0286380875,-0.9289839544999999,5.10926465,-0.4586810795374446,-3.7620359096569027,0.6906821119514444,7.956888439680032,3.852316744251877
6.909,-6.162694993,-1.0246968585,4.917642709,-0.4044055285906257,-3.776935261882403,0.7151593075131137,7.950598910896455,3.8652602291602562
6.915,-6.287141381499999,-1.120507829,4.8028068374999995,-0.3405521343076376,-3.7737423565488046,0.7417649320975901,7.990659426114765,3.8610001740846576
6.92,-6.4499317715,-1.1348255379999999,4.7357293515,-0.2681846748675707,-3.7620359096569027,0.7641136986364523,8.081867441956762,3.848208277864615
6.925,-6.593599193999999,-1.072651377,4.7596575775,-0.20007442253896837,-3.742879873918714,0.780077003573968,8.202467406991056,3.8285375349661925
6.93,-6.8618110715,-0.9529121805,4.836247513999999,-0.14686299883709047,-3.715210122089297,0.798168912067216,8.44877404250915,3.8028185078823777
6.9350000000000005,-7.182586592999999,-0.8140500165,4.979914936499999,-0.10322976753723222,-3.68328333768134,0.8088110571812513,8.777914351945045,3.7724538243384025
6.94,-7.422064985999999,-0.565059173,5.171438811,-0.077688444730622,-3.6556134113189978,0.8226461076288852,9.063670332779965,3.7478382470241347
6.945,-7.6614453125,-0.2825295865,5.396501428499999,-0.07556001570781491,-3.625815230466773,0.8375451107885349,9.37548904918984,3.7220595392960014
6.95,-7.900825639,0.0,5.621564046,-0.09578017869094482,-3.5938884460588163,0.8588297500824562,9.696650354692576,3.696322029392436
6.955,-8.1258882565,0.29684729549999994,5.980683568999999,-0.13622085372305504,-3.565154392451533,0.8843710728890664,10.093896880119038,3.675730425040506
6.96,-8.327022648,0.44051471799999997,6.3206801245,-0.18730367386920066,-3.5459981821804187,0.9131051264963498,10.463477272557574,3.6664624294141688
6.965,-8.537767556499999,0.4549304935,6.622332678499999,-0.23945062126028724,-3.5321633062657103,0.9450319109043065,10.814607099079886,3.66423246189148
6.97,-8.7867584,0.406975975,6.9192780405,-0.2777626927366652,-3.528970749997962,0.9790871243350703,11.191477169075728,3.6727916174017032
6.9750000000000005,-8.973477015999999,0.36392478149999996,7.187391851499999,-0.30543261909900765,-3.5342917352885173,1.0120780359879678,11.502796730807628,3.6890119416813576
6.98,-9.102728663,0.29214010349999997,7.3262540155,-0.3182033677687754,-3.548126785736151,1.0397479623503103,11.68841361570956,3.7110016028195627
6.985,-9.2560066025,0.18191335749999998,7.508167372999999,-0.3118179061674289,-3.564090090673667,1.0727390485361332,11.919703351851597,3.735068626852668
6.99,-9.279934828499998,0.1340569055,7.584855376,-0.29479029945204704,-3.583246300944781,1.1057299601890307,11.986041579685748,3.7615414551411126
6.994,-9.251201344,0.09100571199999999,7.6566400539999995,-0.2628636895770156,-3.5960168750816233,1.1397851736197944,12.00904431099166,3.7814739093603897
7.000000000000001,-9.2224678595,0.1005181625,7.6614453125,-0.2362580649925392,-3.6055948929507182,1.1685192272270781,11.990069290747702,3.7975741717240608
7.005,-9.294252537499998,0.17720616549999998,7.709301764499999,-0.20965244040806286,-3.6024023366829696,1.1993817098571684,12.076748981080925,3.8026008503454425
7.010000000000001,-9.418796992499999,0.196329133,7.8673849625,-0.1915605319148148,-3.5960168750816233,1.2206663491510898,12.273875837019155,3.802375460052458
7.015,-9.528925672,0.186718616,8.0109543185,-0.18304681582358648,-3.586438857212529,1.2387580831114127,12.45032840519299,3.7987591923917643
7.0200000000000005,-9.7061318375,0.17720616549999998,8.173842774999999,-0.1777256560001062,-3.5736681085427615,1.2547213880489283,12.6906305194991,3.791703564421103
7.0249999999999995,-9.9503174225,0.20593965,8.350950873999999,-0.17666135422224005,-3.56196166165086,1.2664278349408298,12.991905497189798,3.7845236918612506
7.03,-10.33817043,0.21064684199999997,8.571208233,-0.18198251404572036,-3.5555762000495137,1.2760060273428495,13.430850699237853,3.7819877222952774
7.034,-10.812223891,0.2586013605,8.848932561,-0.18836780111414161,-3.5534477710267063,1.2898409032575582,13.97407126079904,3.7849918157939944
7.04,-11.243128092,0.3543142645,9.1075339215,-0.20433128058458253,-3.567282646941415,1.3089969389957472,14.47344610044273,3.8053554028099557
7.045000000000001,-11.592735164499999,0.450125235,9.241590827,-0.22029458552209827,-3.585374555434663,1.3345384363352826,14.832434808051884,3.8320273022546276
7.05,-11.999711139499999,0.5171046545,9.5001921875,-0.2405149230381534,-3.6055948929507182,1.3654009189653733,15.313853736227925,3.8629628046083795
7.055000000000001,-12.406785180999998,0.5123974625,9.596003157999998,-0.2660562458447636,-3.623686801443966,1.401584561418944,15.693124172560529,3.8943974172803864
7.06,-12.765904703999999,0.5315204299999999,9.682105544999999,-0.29691890300777934,-3.6470996952277694,1.4420252364510542,16.031032551387213,3.933056547324936
7.065,-13.081874967,0.545838139,9.691716062,-0.3299098146606769,-3.6705127635444974,1.484593991440121,16.289958629555723,3.9731000179422384
7.069999999999999,-13.354892103,0.44531997649999994,9.658177318999998,-0.35970817004582656,-3.684347464926281,1.5207778084266173,16.487323678799044,4.002070882994115
7.075,-13.6421288815,0.277724328,9.653470127,-0.3895063508980509,-3.6907329265276276,1.555897323635247,16.71449361227258,4.024182055280356
7.080000000000001,-14.092254116499998,-0.0048052584999999995,9.686910803499998,-0.4033414013456848,-3.6907329265276276,1.5825027736867983,17.100523094030937,4.035902482682293
7.085,-14.518451125499999,-0.359119523,9.6055156085,-0.39908436876714537,-3.688604322971895,1.599530554935105,17.412073972404006,4.0402435794160025
7.090000000000001,-15.026043329499998,-0.6225261419999999,9.528925672,-0.3788642057840155,-3.6726410180343794,1.6037872384477943,17.803649665166564,4.0254147165206415
7.095,-15.720354149499999,-0.9672298894999999,9.43791996,-0.3416162615525785,-3.6556134113189978,1.5910166643109518,18.361356197629043,4.001442878423685
7.1000000000000005,-16.381126226499998,-1.1970977655,9.3374017975,-0.3043683173211415,-3.6481639970056357,1.5590898799029949,18.89342244900715,3.9790076495594944
7.1049999999999995,-16.8073232355,-1.4508938674999998,9.088410954,-0.26073508602128326,-3.6460355679828282,1.500557470910562,19.16221336448675,3.9513581047006983
7.11,-16.9605031085,-1.7286181955,8.604746976,-0.21923045827715734,-3.64284266264923,1.4175478663564596,19.096817983115223,3.9150742792526296
7.114999999999999,-16.931769624,-2.025465491,8.063714095499998,-0.17985408502291328,-3.6300720885123874,1.3079328117508062,18.86294828677125,3.862701010918459
7.119000000000001,-16.6445328455,-2.1835486889999998,7.3933315015,-0.1426061407914763,-3.6002737331272376,1.1738403870505583,18.343110674398552,3.789486603632262
7.125000000000001,-16.165674126,-2.312800336,6.6462609045,-0.10855092736071252,-3.550255214758958,1.0163350685665071,17.630962802777184,3.694459685170774
7.13,-15.705938374,-2.4803959845,5.8178931789999995,-0.07236728490714169,-3.4704381664726043,0.8481874304354955,16.931531102947076,3.573317787208875
7.135000000000001,-15.313280107999999,-2.662309342,5.113971842000001,-0.029798355385149588,-3.3597588100890845,0.6672692181676413,16.36267541385998,3.425509511513424
7.14,-15.140977267499999,-2.8251977985,4.496349025,0.03086248263009053,-3.2288591161895095,0.4799655442984406,16.045188991414822,3.2644832069943157
7.1450000000000005,-15.193638978,-2.9592547039999997,3.830673623,0.11174365816138576,-3.091574309754439,0.28946931416149196,15.9460940108509,3.1071065063357657
7.1499999999999995,-14.915914649999998,-2.796464314,3.0454551574999997,0.2085881386301967,-2.955353281498459,0.0979087822466771,15.478356489689187,2.964322546498938
7.155,-14.638190322,-2.7102638605,2.2936773684999996,0.310753778922488,-2.808490282661368,-0.08620216082185034,15.062639276282093,2.8269447096553364
7.159,-14.4274454135,-2.77724328,1.824429166,0.42994702593016115,-2.6467281061317034,-0.2649921185998227,14.805161369521738,2.694484168781425
7.165,-14.346050218499999,-3.0262341234999997,1.4892378689999999,0.5800027555679248,-2.478580293467766,-0.43207545495296823,14.73720052358735,2.5819474561667515
7.170000000000001,-14.317316733999998,-3.342302453,1.1157025704999999,0.7694348584599325,-2.3178825932488922,-0.5874523444142122,14.744535814152528,2.5119136080799476
7.175,-14.293388507999998,-3.67749375,0.7805112734999999,0.9907937457598971,-2.1656982600553962,-0.7247373253822081,14.779516675790722,2.4894106513482375
7.180000000000001,-14.3699784445,-3.9264845935,0.4788587195,1.228115763464452,-2.0145782286397664,-0.8460590014126884,14.904457971748878,2.5065134353620864
7.185,-14.580723353,-3.9648285949999997,0.17720616549999998,1.4643738284569912,-1.8741005168710971,-0.9567383577962081,15.111213098541773,2.563589620451152
7.19,-15.131366750499998,-3.7588889449999994,-0.06707748599999999,1.6708335380643808,-1.7453292519943295,-1.0514544092422118,15.591408057905102,2.6350361068688812
7.194999999999999,-15.782626377,-3.409379939,-0.24899084349999998,1.8272745547705658,-1.632521466588003,-1.1355281410412552,16.148596327996394,2.700644885296699
7.2,-16.141745899999997,-2.8539312829999997,-0.7996342409999999,1.8964492834099593,-1.5378054151419989,-1.207895600481322,16.411590397875287,2.7240369235838813
7.205000000000001,-16.146453091999998,-2.3654620465,-1.5131660949999999,1.8847428365180576,-1.4345754730718416,-1.2706848675193692,16.388808064549593,2.687917852220962
7.21,-15.9884679605,-2.035076008,-2.255333367,1.8006689301860894,-1.3058043827279993,-1.3324100073124756,16.274494483042346,2.592845947925869
7.215000000000001,-15.787333569,-1.9105315529999998,-3.0358446405,1.6633839492180933,-1.151491620511696,-1.3930708453277156,16.189699957538913,2.456303217179652
7.22,-15.600614952999997,-1.9679985219999998,-3.629637298,1.5037502017112352,-0.9609953903747475,-1.4516030797872235,16.13773441377054,2.300419159787156
7.2250000000000005,-15.404285819999998,-1.9824142974999999,-3.9264845935,1.343052152426511,-0.7481503936989364,-1.5026858999333692,16.0199647107657,2.1497867358386777
7.2299999999999995,-14.858447680999998,-1.790890423,-4.0653467574999995,1.1855468339424597,-0.5289199354217792,-1.5473834330110936,15.508313907544014,2.0198200618656026
7.235,-9.356524765,8.791465592,-7.781184509,0.5118923287063973,-0.19794581898323607,-1.6048517147585855,15.012703130898172,1.6961029832545471
7.239999999999999,-18.8663274695,13.2830093585,-11.1522204465,-1.7400080921708492,1.050390281997271,-1.7091456095407587,25.627108121903678,2.6555840449789567
7.244000000000001,-1.685567002,-2.7820485385,-3.2464914824999997,-2.7733707674527386,1.7591643024419632,-1.5239705392272904,4.595719436034613,3.6205981082108836
7.250000000000001,10.093984845,-7.048529687499999,-1.1012867949999998,-2.6307644521283367,1.9783945861861956,-1.6059158420035267,12.360547455978633,3.6625035744461534
7.255,-3.1603890955,-9.390063507999999,7.086873688999999,-1.4409607601402628,2.649920662399451,-1.2515288317811801,12.181343546713926,3.265696226848896
7.260000000000001,-2.499518952,-7.2687870465,17.2813766965,-0.5555255600062555,2.606287431099593,-0.6715260762132556,18.9137209624417,2.7481430261837447
7.265,3.830673623,2.2744563345,19.541515322,-0.28201972531520453,2.2274233998485027,-0.11174365816138576,20.04290480702475,2.247985047280968
7.2700000000000005,2.0206602325,7.2496640789999995,14.647702772499999,-0.34480899235325174,2.0763033684328724,0.20113854978390933,16.468026401031,2.1143286488109014
7.2749999999999995,1.297615928,2.681530376,5.980683568999999,-0.5917092024598264,1.9571101214251996,-0.08620216082185034,6.6815408557096,2.046418974743676
7.28,3.2800302254999996,-3.7158377515,-1.2210259915,-0.796040483044409,2.2050746333096405,-0.5714888649437712,5.104601154604022,2.413013491853276
7.284,3.768499462,-7.283202822,-1.1970977655,-0.683232523105157,2.972381062746766,-0.760920967835779,8.287320109760945,3.143382983681176
7.29,-1.0391126339999999,-7.359792758499999,5.631174562999999,-0.351194279421673,3.7971552503326076,-0.6151220962436295,9.3250432424298,3.8626546066551373
7.295000000000001,-9.208052084,-4.697385349999999,14.1736493115,-0.30330419007620063,4.126001112281268,-0.5342410952452595,17.542690418331954,4.171485605646134
7.3,-19.048240826999997,-2.6001351809999997,27.2747453125,-0.8556370192817828,3.902513621425572,-0.7779485745511608,33.369266000686984,4.070249532746577
7.305000000000001,-33.2746499155,10.213625975000001,43.133961625999994,-2.4817731988013647,3.0681612414377106,-1.1738403870505583,55.42615924010538,4.117124344493418
7.31,-29.396021773999998,18.3348070395,27.428023251999996,-2.552011880152774,1.2983546193487867,-1.0759316048038812,44.18809460505661,3.0587772348180384
7.315,-23.544589851999998,-0.34480181399999993,6.3972700609999995,-0.4799655442984406,0.35013015217673205,-0.3777999040061493,24.400648840209268,0.704053133395524
7.319999999999999,-4.9895254535,-5.018258937999999,8.3414384235,-0.20220285156177545,0.2841481543380116,-0.1681476381310117,10.938824525193894,0.3871689489130676
7.325,1.9105315529999998,-5.736497984,10.3765144315,-0.46932339918440524,0.36290072631357456,-0.18304681582358648,12.00956251004059,0.6208603119575921
7.330000000000001,-2.059004234,-6.086105056499999,13.675667624499999,-0.4735802572300194,0.5225346483533579,-0.07662414295275587,15.109733888132585,0.709360259706634
7.335,-7.536900857499999,-4.3669993115,14.618969287999999,-0.28734088513868483,0.4544242214918304,-0.04469753307772438,17.017338821505344,0.5395035002796306
7.340000000000001,-6.6894101645,-0.153179873,10.419565624999999,-0.17878978324504713,0.20220285156177545,-0.07343158668500784,12.383013374622909,0.2797212499893459
7.345,-3.9648285949999997,1.790890423,7.790696959499999,-0.16176217652966526,0.077688444730622,-0.06172513979310626,8.923122402482514,0.18976956837901068
7.3500000000000005,-2.973572413,2.0159530405,8.5424747485,-0.1734686234215668,0.07662414295275587,-0.028734053607283445,9.267150283966263,0.19180268098158576
7.3549999999999995,-3.2225632565,0.392658266,9.3374017975,-0.17666135422224005,0.07662414295275587,-0.014899177692574794,9.885654595622803,0.19313849656346366
7.36,-4.00307453,-1.316836962,9.619931384,-0.17134019439875972,0.07236728490714169,-0.020220337516055103,10.502463763807626,0.1870918175407449
7.364999999999999,-4.304727084,-1.4748220934999998,9.447530476999999,-0.15644119123911013,0.03192678440795667,-0.023412893783803134,10.486258035593186,0.16137326133618177
7.369000000000001,-3.9121668845,-0.49798168699999995,9.0836056955,-0.15750531848405108,-0.012770748669767708,-0.03937637325424407,9.902773749010215,0.16285427885998663
7.375000000000001,-3.4715540999999996,0.45973575199999994,8.8633483365,-0.15963374750685816,-0.024477195561669274,-0.050018518368279495,9.530057112369848,0.16906779298673494
7.38,-3.3567182284999997,0.43570945949999995,8.896887079499999,-0.14367044256934242,-0.019156035738188967,-0.04789008934547241,9.519033548843915,0.15264865027503788
7.385000000000001,-3.5816827795,-0.31126307099999995,8.9925999835,-0.12877126487676763,-0.015963304937515736,-0.04363323129985824,9.684636838600579,0.13689676634660766
7.39,-3.8450893985,-0.7805112734999999,9.078800437,-0.13409242470024793,-0.01702760671538188,-0.04576166032266532,9.890324954489062,0.14270545647568064
7.3950000000000005,-3.8354788815,-0.6033051079999999,9.0261387265,-0.1426061407914763,-0.0276699263623425,-0.04895439112333855,9.82578524158728,0.15329275464480577
7.3999999999999995,-3.6918114589999997,-0.36873004,9.054872211,-0.1383492827458621,-0.0351195152086299,-0.04895439112333855,9.785506857017786,0.15089876339798314
7.405,-3.6583707824999996,-0.670382594,9.160195631999999,-0.12132167603048023,-0.03831207147637793,-0.0425689295219921,9.886469219144907,0.1341598958567881
7.409,-3.7780119125,-1.072651377,9.2367855685,-0.11493638896205899,-0.04044050049918502,-0.03192678440795667,10.037039534943647,0.12595684638357077
7.415,-3.816355914,-1.177974798,9.275129569999999,-0.11493638896205899,-0.03618364245357084,-0.0276699263623425,10.098525913584332,0.12363354849612232
7.420000000000001,-3.8977511089999997,-1.120507829,9.294252537499998,-0.10855092736071252,-0.03405521343076376,-0.015963304937515736,10.14056860996395,0.11488206342686257
7.425,-3.7158377515,-0.9289839544999999,9.2128573425,-0.10429406931509835,-0.029798355385149588,-0.009578017869094483,9.977334403358805,0.10888954634978927
7.430000000000001,-3.6344425565,-0.7565830474999999,9.126656889,-0.10642249833790543,-0.02554132280661022,-0.011706446891901567,9.852789278868892,0.11006883401774484
7.435,-3.620026781,-0.6225261419999999,9.0979234045,-0.10429406931509835,-0.012770748669767708,-0.014899177692574794,9.811439393217464,0.10612412737829147
7.44,-3.6726884914999998,-0.6177208835,9.030943985,-0.10216564029229126,-0.013834875914708653,-0.013834875914708653,9.768734263235757,0.1040222362741958
7.444999999999999,-3.605709072,-0.636843851,9.1314621475,-0.09578017869094482,-0.014899177692574794,-0.011706446891901567,9.838206592346236,0.09763641239218672
7.45,-3.605709072,-0.636843851,9.1314621475,-0.09578017869094482,-0.014899177692574794,-0.011706446891901567,9.838206592346236,0.09763641239218672
7.455000000000001,-3.6152215224999997,-0.5506433974999999,9.0596774695,-0.09365174966813773,-0.01702760671538188,-0.009578017869094483,9.769892049522529,0.09566780039625636
7.46,-3.6487602655,-0.521909913,9.016528209499999,-0.09471605144600387,-0.02234876653886219,-0.009578017869094483,9.740822469642312,0.09778719851612128
7.465000000000001,-3.6871042669999996,-0.5745716235,9.016528209499999,-0.08833076437758261,-0.028734053607283445,-0.012770748669767708,9.758209435084405,0.09376066229405927
7.47,-3.7205449434999998,-0.5841821405,9.045261693999999,-0.0830096045541023,-0.0351195152086299,-0.014899177692574794,9.797983596782876,0.09135622744308429
7.4750000000000005,-3.7205449434999998,-0.588987399,9.002210500499999,-0.08726646259971647,-0.04150480227705115,-0.015963304937515736,9.758542653905687,0.09794340820725476
7.4799999999999995,-3.7205449434999998,-0.588987399,9.002210500499999,-0.08726646259971647,-0.04150480227705115,-0.015963304937515736,9.758542653905687,0.09794340820725476
7.485,-3.6726884914999998,-0.6225261419999999,9.030943985,-0.08726646259971647,-0.046825962100531464,-0.020220337516055103,9.769039298379225,0.10107901993277986
7.489999999999999,-3.6726884914999998,-0.627233334,9.0932162125,-0.08407373179904325,-0.04576166032266532,-0.019156035738188967,9.826934593155189,0.09761903318158416
7.494000000000001,-3.5769755874999998,-0.636843851,9.054872211,-0.07236728490714169,-0.03618364245357084,-0.01702760671538188,9.756589322179524,0.08268143259821391
7.500000000000001,-3.5482421029999998,-0.6751878524999999,9.073995178499999,-0.053211249168952715,-0.01809190849324802,-0.014899177692574794,9.766436871096165,0.0581441285682686
7.505,-3.5195086184999997,-0.670382594,8.9925999835,-0.04576166032266532,-0.009578017869094483,-0.00851371609122834,9.680041745843772,0.04752211425715122
7.510000000000001,-3.5195086184999997,-0.670382594,8.9925999835,-0.04576166032266532,-0.009578017869094483,-0.00851371609122834,9.680041745843772,0.04752211425715122
7.515,-3.5577545534999997,-0.6895055615,9.0596774695,-0.03937637325424407,0.00425685804561417,-0.006385287068421255,9.757601715260535,0.04011722201279901
7.5200000000000005,-3.51470336,-0.6751878524999999,9.045261693999999,-0.03192678440795667,0.014899177692574794,-0.0053211598234803115,9.727578190788424,0.035631724634293024
7.5249999999999995,-3.5577545534999997,-0.670382594,9.050066952499998,-0.02554132280661022,0.028734053607283445,-0.0031927308006732273,9.747345388874898,0.03857717637908811
7.53,-3.5625598119999995,-0.6895055615,9.0261387265,-0.019156035738188967,0.03831207147637793,0.001064301777866142,9.728228546011856,0.04284741840867701
7.534,-3.5434368444999995,-0.612915625,8.997405242,-0.012770748669767708,0.04469753307772438,0.00425685804561417,9.689422651690776,0.04668064186834998
7.54,-3.5195086184999997,-0.5985979159999999,9.007015759,-0.002128429022807085,0.06385356881591334,0.0,9.688735379997208,0.0638890323970688
7.545000000000001,-3.5195086184999997,-0.5985979159999999,9.007015759,-0.002128429022807085,0.06385356881591334,0.0,9.688735379997208,0.0638890323970688
7.55,-3.5625598119999995,-0.6033051079999999,8.973477015999999,0.0053211598234803115,0.07023885588433461,-0.002128429022807085,9.67362906173772,0.07047227701665723
7.555000000000001,-3.5386315859999997,-0.5985979159999999,8.987794724999999,0.00851371609122834,0.07662414295275587,-0.0031927308006732273,9.677845162287637,0.07716175331660093
7.56,-3.5816827795,-0.627233334,9.0261387265,0.01702760671538188,0.08194530277623617,-0.0031927308006732273,9.731035582006195,0.08375658521876538
7.565,-3.5577545534999997,-0.6081103664999999,9.007015759,0.019156035738188967,0.08620216082185034,-0.00425685804561417,9.703285452034743,0.08840750576721092
7.569999999999999,-3.5482421029999998,-0.6177208835,8.987794724999999,0.01702760671538188,0.09258762242319679,-0.00425685804561417,9.68256449140163,0.09423655371910987
7.575,-3.5338263275,-0.6416491095,9.021333468,0.019156035738188967,0.09578017869094482,-0.007449588846287397,9.709999981128279,0.09796066919560535
7.580000000000001,-3.5912932964999995,-0.627233334,9.016528209499999,0.020220337516055103,0.0979087822466771,-0.012770748669767708,9.725666565818296,0.10078731920175668
7.585,-3.6009038135,-0.6416491095,8.963866499,0.01809190849324802,0.10322976753723222,-0.013834875914708653,9.681380297545154,0.10571237321285738
7.590000000000001,-3.51470336,-0.627233334,9.0261387265,0.01809190849324802,0.10322976753723222,-0.015963304937515736,9.706582388982184,0.10601192934404682
7.595,-3.505092843,-0.5937926575,9.016528209499999,0.01809190849324802,0.10855092736071252,-0.02234876653886219,9.692061004289025,0.11229464969270492
7.6000000000000005,-3.5482421029999998,-0.5937926575,8.939938273,0.02234876653886219,0.11600051620699993,-0.028734053607283445,9.636654402159133,0.12157809409102142
7.6049999999999995,-3.5721703289999995,-0.5698644315,8.987794724999999,0.029798355385149588,0.12238597780834638,-0.032990911652897616,9.688426102748299,0.1302100986846029
7.61,-3.51470336,-0.5363256885,9.002210500499999,0.028734053607283445,0.12664283585396055,-0.03831207147637793,9.678872808765117,0.1353952308268298
7.614999999999999,-3.5195086184999997,-0.541130947,8.9351330145,0.024477195561669274,0.13196399567744085,-0.0425689295219921,9.618542800461238,0.14080391691415464
7.619000000000001,-3.6104162639999995,-0.555448656,8.954354048499999,0.0276699263623425,0.13941340999080307,-0.04576166032266532,9.6707851405507,0.14931796029161462
7.625000000000001,-3.620026781,-0.5506433974999999,8.94954879,0.03192678440795667,0.14154201354653534,-0.04895439112333855,9.669654884790772,0.1531339073219793
7.63,-3.5721703289999995,-0.5602539145,8.987794724999999,0.032990911652897616,0.14686299883709047,-0.05746810721456689,9.687865571261728,0.16112021606842974
7.635000000000001,-3.6248320394999998,-0.6416491095,8.983087532999999,0.03831207147637793,0.15963374750685816,-0.05853240899243303,9.70808851009548,0.17428938885185147
7.64,-3.6391497484999995,-0.6177208835,8.9686717575,0.04150480227705115,0.16708333635314554,-0.05746810721456689,9.698559845446011,0.18149951307312215
7.6450000000000005,-3.6391497484999995,-0.612915625,9.040554501999999,0.046825962100531464,0.1755972269772991,-0.05640397996962595,9.764768412973714,0.19028522224589978
7.6499999999999995,-3.5577545534999997,-0.627233334,9.016528209499999,0.0553396781917598,0.18304681582358648,-0.05959653623737397,9.713332078691638,0.20030068371579304
7.655,-3.6487602655,-0.627233334,9.0261387265,0.054275550946818865,0.19475326271548807,-0.060660838015240116,9.755924017764562,0.21107914638263026
7.659,-3.7062272344999996,-0.6559668185,9.002210500499999,0.0553396781917598,0.20220285156177545,-0.05959653623737397,9.757366790073794,0.21794545256456618
7.665,-3.7253502019999996,-0.6559668185,8.963866499,0.05853240899243303,0.213909298453677,-0.05959653623737397,9.729307745487803,0.22964097630626454
7.670000000000001,-3.7110324929999994,-0.6751878524999999,9.007015759,0.06172513979310626,0.22029458552209827,-0.05853240899243303,9.764935928265976,0.23614770842692723
7.675,-3.7205449434999998,-0.6225261419999999,8.997405242,0.060660838015240116,0.22455144356771245,-0.05853240899243303,9.756192626370488,0.23985231076542124
7.680000000000001,-3.7062272344999996,-0.5985979159999999,8.9208153055,0.06491769606085429,0.2309369051690589,-0.05853240899243303,9.678604522018249,0.2469255036106433
7.685,-3.5386315859999997,-0.6033051079999999,8.987794724999999,0.054275550946818865,0.2458360828616337,-0.0553396781917598,9.678137453741478,0.25776674543024414
7.69,-3.8115506555,-0.7134337874999999,9.050066952499998,0.05108282014614563,0.2681846748675707,-0.0553396781917598,9.845842676648946,0.2785587089471008
7.694999999999999,-3.8450893985,-0.627233334,9.011821017499999,0.0553396781917598,0.26924897664543684,-0.053211249168952715,9.817894488595432,0.27998022866820954
7.7,-3.6726884914999998,-0.6081103664999999,8.925620563999999,0.053211249168952715,0.27457013646891715,-0.054275550946818865,9.670839747712758,0.2848965291281396
7.705000000000001,-3.6871042669999996,-0.6799931109999999,8.959061240499999,0.05214694739108658,0.29479029945204704,-0.0553396781917598,9.711946602909554,0.30443900005683217
7.71,-3.830673623,-0.6033051079999999,8.954354048499999,0.05214694739108658,0.3182033677687754,-0.05214694739108658,9.757996407315138,0.326637400650642
7.715000000000001,-3.8354788815,-0.6655773355,8.9351330145,0.0553396781917598,0.32033179679158247,-0.05108282014614563,9.746306655691253,0.329065942528507
7.72,-3.782817171,-0.6559668185,8.94954879,0.060660838015240116,0.3245886548371967,-0.05108282014614563,9.73829665602645,0.3341361797707867
7.7250000000000005,-3.6726884914999998,-0.6416491095,8.8776660455,0.054275550946818865,0.3405521343076376,-0.04895439112333855,9.628775038951854,0.3483075135886746
7.7299999999999995,-3.8450893985,-0.6559668185,8.892081821,0.050018518368279495,0.36502915533638164,-0.04789008934547241,9.710001238969477,0.3715394959931817
7.735,-3.8786281414999997,-0.670382594,8.959061240499999,0.053211249168952715,0.3788642057840155,-0.04789008934547241,9.785598979796958,0.38556839097621903
7.739999999999999,-3.5721703289999995,-0.6559668185,8.8872765625,0.06385356881591334,0.39589181249939737,-0.04895439112333855,9.600748826249065,0.40398531887290584
7.744000000000001,-3.6822990085,-0.4549304935,8.848932561,0.06385356881591334,0.43846074202138946,-0.05108282014614563,9.59530589460504,0.4460208011500803
7.750000000000001,-3.9360951104999997,-0.6081103664999999,8.882471304,0.060660838015240116,0.46719479562867294,-0.05214694739108658,9.734523070142174,0.47399369030973126
7.755,-3.907361626,-0.6225261419999999,8.858543078,0.06704612508366137,0.47890141705349965,-0.05853240899243303,9.701999749463637,0.4871014196725785
7.760000000000001,-3.864212366,-0.5506433974999999,8.8298095935,0.07023885588433461,0.4906078639454013,-0.060660838015240116,9.654060431664092,0.49930883259734243
7.765,-3.9216793349999994,-0.660772077,8.844225369,0.07343158668500784,0.5108280269285311,-0.060660838015240116,9.697242439063391,0.5196318006891852
7.7700000000000005,-3.9743410455,-0.612915625,8.7962708505,0.07236728490714169,0.5267915063989721,-0.05959653623737397,9.671888811637112,0.535068278138802
7.7749999999999995,-4.0414185315,-0.6320385924999999,8.791465592,0.07130315766220074,0.5384979532908737,-0.05746810721456689,9.696515032963179,0.5462295939784713
7.78,-4.027002756,-0.6320385924999999,8.781953141499999,0.077688444730622,0.5523328292055822,-0.0553396781917598,9.681886435955684,0.5605082770533129
7.784,-3.9982692715,-0.6177208835,8.6909474295,0.08088117553129522,0.5661678796532162,-0.05214694739108658,9.586464597528424,0.5742883741018546
7.79,-4.0892749835,-0.612915625,8.705363205,0.08726646259971647,0.5810668828128657,-0.04576166032266532,9.637488468735821,0.5893626110910118
7.795000000000001,-4.137229501999999,-0.627233334,8.714875655499998,0.09684448046881096,0.5970303622833067,-0.04150480227705115,9.667427129196602,0.6062563447069791
7.8,-4.1228137264999996,-0.646454368,8.710070396999999,0.11174365816138576,0.6087368091752083,-0.0351195152086299,9.658199759479963,0.6199036443937008
7.805000000000001,-4.20901418,-0.5602539145,8.719680914,0.12345010505328732,0.6183148270443027,-0.028734053607283445,9.698583404710686,0.6311725593030799
7.81,-4.1898912125,-0.646454368,8.6909474295,0.12877126487676763,0.6257644158905901,-0.02128446476099605,9.669832410379389,0.6392309217278339
7.815,-4.266481149,-0.6799931109999999,8.719680914,0.13515655194518889,0.6364067355375508,-0.019156035738188967,9.731294223676297,0.6508823090824312
7.819999999999999,-4.300019892,-0.6033051079999999,8.662213945,0.13728498096799596,0.6459847534066453,-0.01809190849324802,9.68958711988736,0.6606593560876554
7.825,-4.232942406,-0.5985979159999999,8.7005579465,0.13941340999080307,0.6555627712757397,-0.013834875914708653,9.694113134163274,0.670365609022097
7.830000000000001,-4.2520653735,-0.545838139,8.705363205,0.1426061407914763,0.6715260762132556,-0.010642319646960623,9.703677021906312,0.6865836011683337
7.835,-4.2856041165,-0.5075922039999999,8.6574086865,0.14367044256934242,0.6842968248830232,-0.011706446891901567,9.673405690552267,0.6993142223005984
7.840000000000001,-4.314337601,-0.521909913,8.6574086865,0.1426061407914763,0.7013244315984051,-0.012770748669767708,9.686930579795426,0.7157901660192396
7.845,-4.443589248,-0.5171046545,8.6574086865,0.1457988715921495,0.7119665767124405,-0.01702760671538188,9.744927285194715,0.7269413021032918
7.8500000000000005,-4.429271539,-0.4931764285,8.6191627515,0.1479273006149566,0.7226088963594011,-0.023412893783803134,9.703176587729839,0.7379663047594456
7.8549999999999995,-4.371804569999999,-0.49798168699999995,8.5760134915,0.14686299883709047,0.739636503074783,-0.024477195561669274,9.63891427315599,0.7544733462559701
7.86,-4.4628102819999995,-0.5171046545,8.590429267,0.14473456981428337,0.7566641097901649,-0.0276699263623425,9.694304917226434,0.7708789110935426
7.864999999999999,-4.4628102819999995,-0.5171046545,8.5616957825,0.14367044256934242,0.7683705566820663,-0.032990911652897616,9.668852440124875,0.7823828402359477
7.869000000000001,-4.5250825095,-0.5267151715,8.509034072,0.14367044256934242,0.7843340361525074,-0.03831207147637793,9.651811302969406,0.7983037587010126
7.875000000000001,-4.5394002185,-0.5171046545,8.537767556499999,0.14154201354653534,0.800297341090023,-0.03937637325424407,9.683337565955624,0.8136709866556787
7.88,-4.5585231859999995,-0.555448656,8.5185465225,0.14047771176866922,0.8205176786060782,-0.03937637325424407,9.677514748257872,0.8333869132518977
7.885000000000001,-4.683067641,-0.5937926575,8.4467618445,0.13941340999080307,0.8311598237201135,-0.04044050049918502,9.67633700880572,0.8437405913741134
7.89,-4.750145127,-0.612915625,8.4946182965,0.1383492827458621,0.8439305723898813,-0.037247944231436986,9.751824664859575,0.856006275911617
7.8950000000000005,-4.7453398684999994,-0.6033051079999999,8.456274294999998,0.13728498096799596,0.8556370192817828,-0.03086248263009053,9.71549290943039,0.8671299600399525
7.8999999999999995,-4.7453398684999994,-0.588987399,8.4803005875,0.13941340999080307,0.873728927775031,-0.026605624584476358,9.73553566467245,0.8851814488429472
7.905,-4.750145127,-0.5698644315,8.475495329,0.1383492827458621,0.8918206617353538,-0.02234876653886219,9.732555947424677,0.9027646892187284
7.909,-4.836247513999999,-0.5506433974999999,8.427638877,0.13409242470024793,0.9109766974735427,-0.019156035738188967,9.732296502316569,0.9209920061580323
7.915,-4.845858031,-0.483663978,8.3892948755,0.14047771176866922,0.9280043041889245,-0.02128446476099605,9.700337077045958,0.9388178761277894
7.920000000000001,-4.8171245465,-0.5075922039999999,8.3748791,0.1383492827458621,0.9439677836593655,-0.02234876653886219,9.674757809974945,0.9543139776765704
7.925,-4.841052772499999,-0.46924820249999993,8.365366649499999,0.13728498096799596,0.9705734082438419,-0.023412893783803134,9.676535795533763,0.9805141867330538
7.930000000000001,-4.8890072909999995,-0.42619700899999996,8.336633164999999,0.14154201354653534,0.9982431600732592,-0.0276699263623425,9.673855938027483,1.008607541641818
7.935,-4.941669001499999,-0.45973575199999994,8.260043228499999,0.14154201354653534,1.0237846574127947,-0.029798355385149588,9.636377100276933,1.0339521789407384
7.94,-4.975109678,-0.4310022675,8.293483905,0.1426061407914763,1.0546471400428852,-0.037247944231436986,9.680875711691245,1.0648964788849402
7.944999999999999,-4.941669001499999,-0.41178123349999995,8.3318279065,0.14047771176866922,1.0844454954280347,-0.04363323129985824,9.695824491407677,1.0943764795222821
7.95,-4.994330711999999,-0.4165864919999999,8.3318279065,0.14047771176866922,1.1206291378816056,-0.04576166032266532,9.722974844648908,1.1303264049505872
7.955000000000001,-5.018258937999999,-0.44531997649999994,8.293483905,0.14154201354653534,1.1568127803351764,-0.053211249168952715,9.703767718406128,1.1666539278568129
7.96,-5.0230641965,-0.38304774899999994,8.231309743999999,0.13409242470024793,1.1983175826122276,-0.05853240899243303,9.650510846677676,1.2072165713168712
7.965000000000001,-5.1187771005,-0.43570945949999995,8.2072834515,0.1330281229223818,1.2408865121342196,-0.05959653623737397,9.682521540950308,1.2494188907713752
7.97,-5.1044593915,-0.4310022675,8.231309743999999,0.13196399567744085,1.285584045211944,-0.06704612508366137,9.69513943869463,1.2940772837614434
7.9750000000000005,-5.113971842000001,-0.38304774899999994,8.25523797,0.1255785340760944,1.3387952943808967,-0.07343158668500784,9.71845602552754,1.3466755386507214
7.9799999999999995,-5.113971842000001,-0.34950900599999996,8.1594269995,0.11812894522980702,1.3962634015954636,-0.08407373179904325,9.6359282638578,1.4037714652729834
7.985,-5.0996541330000005,-0.5075922039999999,8.231309743999999,0.11919324700767316,1.461181097656318,-0.0904591934003897,9.696317972480836,1.468822690439865
7.989999999999999,-5.037381905499999,-0.42619700899999996,8.279166196,0.10961522913857867,1.5292916990507706,-0.10429406931509835,9.700590355917956,1.536758228264615
7.994000000000001,-5.10926465,-0.37353529849999995,8.231309743999999,0.09578017869094482,1.6101727000491408,-0.11706481798486607,9.695286173426467,1.6172613079596754
